id,first_name,last_name,email,gender,Country,lon,lat
1,Laurel,Brydson,lbrydson0@naver.com,Female,IRE,-6.5899765,52.176031
2,Gareth,Ambler,gambler1@example.com,Male,IRE,-8.4627451,54.25645
3,Jason,Haile,jhaile2@sitemeter.com,Male,IRE,-6.1011147,53.2000455
4,Fitz,Kilkenny,fkilkenny3@tinyurl.com,Male,IRE,-8.334953,51.8610022
5,Ludvig,Joanaud,ljoanaud4@mac.com,Bigender,IRE,-8.445614,51.8885086
6,Prentice,Aldington,paldington5@google.it,Genderqueer,IRE,-6.1479779,53.450694
7,Tallie,Bassil,tbassil6@alibaba.com,Male,IRE,-6.124065,53.231395
8,Wendall,Hayer,whayer7@networksolutions.com,Male,IRE,-6.2057463,53.3870149
9,Bernadina,Whiffin,bwhiffin8@w3.org,Genderfluid,IRE,-6.5853664,53.378253
10,Brianne,McGeaney,bmcgeaney9@hexun.com,Female,IRE,-7.0472382,52.9480781
11,Gino,Clitherow,gclitherowa@soundcloud.com,Male,IRE,-6.1535181,53.5220275
12,Demetris,Andor,dandorb@paypal.com,Female,IRE,-6.124065,53.231395
13,Sonja,Bridden,sbriddenc@w3.org,Female,IRE,-8.5171384,51.876873
14,Heath,Cholomin,hcholomind@deliciousdays.com,Female,IRE,-7.086877,53.8363325
15,Gene,Skoof,gskoofe@live.com,Female,IRE,-8.3929404,51.8113447
16,Cobb,Fanner,cfannerf@washingtonpost.com,Male,IRE,-9.0248232,53.2760162
17,Allie,Yankeev,ayankeevg@imageshack.us,Male,IRE,-6.1072403,53.2780047
18,Viva,Kenna,vkennah@scientificamerican.com,Female,IRE,-7.2584,52.655184
19,Bevon,Guitonneau,bguitonneaui@ovh.net,Male,IRE,-6.9692181,52.7009338
20,Elset,Klesse,eklessej@yahoo.co.jp,Female,IRE,-8.4824714,51.8862378
21,Barthel,Beck,bbeckk@cornell.edu,Male,IRE,-6.4887534,53.3653866
22,Welbie,Pestor,wpestorl@clickbank.net,Genderqueer,IRE,-6.67045,53.213319
23,Conrado,Worthing,cworthingm@google.de,Male,IRE,-8.8562835,53.510243
24,Hildagarde,Pietasch,hpietaschn@jalbum.net,Female,IRE,-10.0320886,54.2223118
25,Vilma,Lathbury,vlathburyo@state.gov,Female,IRE,-8.9706844,52.6004448
26,Hildagard,Wayman,hwaymanp@fotki.com,Female,IRE,-9.5003786,52.4458588
27,Garrik,Agett,gagettq@shutterfly.com,Non-binary,IRE,-8.9706844,52.6004448
28,Gayla,Syncke,gsyncker@yale.edu,Female,IRE,-8.642661,52.1361219
29,Frannie,Mattek,fmatteks@cdc.gov,Male,IRE,-7.5011999,53.776647
30,Sonya,Wort,swortt@whitehouse.gov,Female,IRE,-6.3219759,53.2976886
31,Dory,Cavee,dcaveeu@addtoany.com,Genderqueer,IRE,-6.3660863,53.2874153
32,Othilia,Hawe,ohawev@google.com.br,Female,IRE,-6.9140788,53.169971
33,Bernadette,Dawkes,bdawkesw@bluehost.com,Female,IRE,-6.1011147,53.2000455
34,Carlita,Speers,cspeersx@e-recht24.de,Female,IRE,-6.2340942,53.2993199
35,Bendix,Hyder,bhydery@ihg.com,Male,IRE,-9.7850991,52.1058991
36,Sanson,Colhoun,scolhounz@mozilla.com,Male,IRE,-7.7655701,53.5650926
37,Margarette,Saltman,msaltman10@addtoany.com,Genderqueer,IRE,-7.185387,53.158984
38,Daria,Soulsby,dsoulsby11@ca.gov,Genderqueer,IRE,-8.334953,51.8610022
39,Huberto,Raistrick,hraistrick12@tiny.cc,Male,IRE,-6.3539424,53.3666338
40,Opal,Caras,ocaras13@alibaba.com,Female,IRE,-7.1111732,52.2513095
41,Lindsey,Pyott,lpyott14@wunderground.com,Female,IRE,-8.9480659,53.940892
42,Sherri,Dronsfield,sdronsfield15@amazon.de,Female,IRE,-6.2890702,53.3201497
43,Ogdon,Clough,oclough16@irs.gov,Agender,IRE,-6.2427004,53.3347733
44,Karim,Fetterplace,kfetterplace17@house.gov,Male,IRE,-6.3077823,53.3655256
45,Thorny,Stummeyer,tstummeyer18@arizona.edu,Male,IRE,-6.9711886,53.916791
46,Rurik,Van den Dael,rvandendael19@blogger.com,Male,IRE,-6.3025448,53.6920618
47,Goldi,Piwall,gpiwall1a@mashable.com,Female,IRE,-6.473025,54.0086093
48,Dorian,Cadwell,dcadwell1b@geocities.com,Male,IRE,-9.151825,54.11215
49,Homere,Brent,hbrent1c@bigcartel.com,Male,IRE,-9.7359765,54.1433253
50,Berrie,Bridat,bbridat1d@oaic.gov.au,Female,IRE,-6.1544115,53.4855448
51,Simon,Penwarden,spenwarden1e@bing.com,Polygender,IRE,-6.4887534,53.3653866
52,Lou,Bright,lbright1f@lulu.com,Female,IRE,-6.9692181,52.7009338
53,Dorian,Waldram,dwaldram1g@blogtalkradio.com,Male,IRE,-6.3828795,53.385304
54,Bibby,Nichols,bnichols1h@amazon.co.jp,Female,IRE,-8.9821467,52.8498651
55,Maura,Nurcombe,mnurcombe1i@plala.or.jp,Female,IRE,-6.3539424,53.3666338
56,Jade,MacMeeking,jmacmeeking1j@discovery.com,Female,IRE,-6.3422325,53.719155
57,Allix,Morrott,amorrott1k@barnesandnoble.com,Bigender,IRE,-9.0248232,53.2760162
58,Patten,Jursch,pjursch1l@rakuten.co.jp,Male,IRE,-8.1722173,51.9138694
59,Margalo,Patterfield,mpatterfield1m@hc360.com,Female,IRE,-6.313755,53.366736
60,Tatiania,Antonietti,tantonietti1n@deviantart.com,Female,IRE,-8.1722173,51.9138694
61,Megan,Stairs,mstairs1o@mayoclinic.com,Female,IRE,-7.7655701,53.5650926
62,Kylie,Wadeson,kwadeson1p@goodreads.com,Male,IRE,-8.1722173,51.9138694
63,Julita,Klees,jklees1q@opensource.org,Female,IRE,-6.1097188,53.3895926
64,Cilka,Acey,cacey1r@angelfire.com,Female,IRE,-6.4202878,54.0026343
65,Carlina,Kesterton,ckesterton1s@weibo.com,Female,IRE,-6.2633149,53.377533
66,Lia,Redsall,lredsall1t@flickr.com,Female,IRE,-9.0248232,53.2760162
67,Francklin,Blinerman,fblinerman1u@rambler.ru,Male,IRE,-8.5171384,51.876873
68,Moise,Rainforth,mrainforth1v@opensource.org,Male,IRE,-6.139018,53.171935
69,Husain,Streets,hstreets1w@google.com.hk,Bigender,IRE,-8.9791425,52.8638391
70,Iain,Moakson,imoakson1x@cnn.com,Male,IRE,-6.1535181,53.5220275
71,Janeva,Pinchback,jpinchback1y@bravesites.com,Female,IRE,-7.0943023,54.2694844
72,Fraze,Oakshott,foakshott1z@constantcontact.com,Male,IRE,-6.2755912,53.3500473
73,Biddy,Clemow,bclemow20@wikipedia.org,Polygender,IRE,-7.0943023,54.2694844
74,Jeni,Holstein,jholstein21@tinyurl.com,Female,IRE,-9.159604,53.302644
75,Gertie,Luberto,gluberto22@theatlantic.com,Female,IRE,-8.2969737,53.9735591
76,Mellicent,Seamans,mseamans23@seesaa.net,Female,IRE,-7.518792,53.284466
77,Sephira,Danielou,sdanielou24@cmu.edu,Female,IRE,-8.4523258,51.880525
78,Adena,Heppner,aheppner25@gov.uk,Female,IRE,-8.9791425,52.8638391
79,Sylvia,Prattington,sprattington26@economist.com,Female,IRE,-8.4977746,51.8895954
80,Cynthie,Grigoliis,cgrigoliis27@t-online.de,Female,IRE,-8.6346959,53.7423435
81,Brnaba,McMarquis,bmcmarquis28@addthis.com,Male,IRE,-8.445614,51.8885086
82,Emyle,Wimpeney,ewimpeney29@hexun.com,Female,IRE,-6.1215213,53.2724538
83,Gwynne,MacNair,gmacnair2a@nsw.gov.au,Female,IRE,-8.9706844,52.6004448
84,Jeannette,Gatecliffe,jgatecliffe2b@geocities.jp,Female,IRE,-6.1535181,53.5220275
85,Doyle,Creany,dcreany2c@jugem.jp,Male,IRE,-8.4977746,51.8895954
86,Iggy,Slyvester,islyvester2d@amazon.de,Male,IRE,-8.1722002,54.3051891
87,Kylen,Yeeles,kyeeles2e@php.net,Female,IRE,-6.1920933,53.3916434
88,Blondie,Summers,bsummers2f@ifeng.com,Female,IRE,-6.2427004,53.3347733
89,Dee dee,Rymell,drymell2g@nsw.gov.au,Female,IRE,-6.2398782,53.32112
90,Grace,Hutcheson,ghutcheson2h@admin.ch,Female,IRE,-6.1544115,53.4855448
91,Lemuel,McLelland,lmclelland2i@privacy.gov.au,Male,IRE,-6.2152673,53.3323703
92,Dominique,Sheers,dsheers2j@rakuten.co.jp,Male,IRE,-9.0248232,53.2760162
93,Rafe,Biset,rbiset2k@fotki.com,Male,IRE,-6.3422325,53.719155
94,Renae,Erangy,rerangy2l@mac.com,Female,IRE,-9.7850991,52.1058991
95,Josiah,Rizzardi,jrizzardi2m@meetup.com,Male,IRE,-6.1072403,53.2780047
96,Dennison,Frankes,dfrankes2n@yale.edu,Male,IRE,-7.8434254,51.949401
97,Seumas,Dudbridge,sdudbridge2o@surveymonkey.com,Male,IRE,-8.4627451,54.25645
98,Zoe,Ivannikov,zivannikov2p@wiley.com,Female,IRE,-6.2398782,53.32112
99,Faustine,Bladder,fbladder2q@seattletimes.com,Genderqueer,IRE,-7.74208,54.70972
100,Emerson,Bozward,ebozward2r@go.com,Male,IRE,-8.6340751,52.6638144
101,Carilyn,Priest,cpriest2s@linkedin.com,Female,IRE,-6.67045,53.213319
102,Dav,Tuberfield,dtuberfield2t@devhub.com,Male,IRE,-6.9140788,53.169971
103,Jonathon,Vaughten,jvaughten2u@over-blog.com,Male,IRE,-6.2387374,53.3141205
104,Deerdre,McInility,dmcinility2v@omniture.com,Female,IRE,-6.3422325,53.719155
105,Huberto,Matfield,hmatfield2w@angelfire.com,Polygender,IRE,-6.1191333,53.1915379
106,Hewe,Slayny,hslayny2x@nhs.uk,Male,IRE,-6.133718,53.291512
107,Garnet,Rottcher,grottcher2y@tmall.com,Female,IRE,-6.1136478,53.2121335
108,Burk,Millam,bmillam2z@google.co.uk,Male,IRE,-6.1822287,53.3788495
109,Adi,Ashbee,aashbee30@shop-pro.jp,Non-binary,IRE,-6.473025,54.0086093
110,Rab,Jerschke,rjerschke31@goo.ne.jp,Male,IRE,-6.7515223,53.2888321
111,Zerk,Gisbey,zgisbey32@etsy.com,Male,IRE,-9.0288689,53.2737147
112,Tulley,Crosdill,tcrosdill33@multiply.com,Male,IRE,-6.2152673,53.3323703
113,Angie,Stenhouse,astenhouse34@phpbb.com,Genderqueer,IRE,-8.9775014,52.8314927
114,Tomlin,Leys,tleys35@tinyurl.com,Genderfluid,IRE,-7.888894,52.516323
115,Megen,Noke,mnoke36@ihg.com,Female,IRE,-9.1115941,51.7203863
116,Lora,Lettington,llettington37@cbslocal.com,Female,IRE,-6.1644997,53.4266145
117,Lonnie,Syratt,lsyratt38@google.com.au,Male,IRE,-6.9898366,53.2265199
118,Costa,Davydychev,cdavydychev39@fema.gov,Male,IRE,-7.7655701,53.5650926
119,Bartolomeo,Ronisch,bronisch3a@huffingtonpost.com,Male,IRE,-7.0833118,52.2413206
120,Lexy,Cordobes,lcordobes3b@woothemes.com,Female,IRE,-6.2508196,53.2866372
121,Blondelle,Kinloch,bkinloch3c@ovh.net,Female,IRE,-6.5899765,52.176031
122,Ulick,MacArthur,umacarthur3d@jugem.jp,Male,IRE,-7.2314132,54.1794814
123,Timothea,Tonepohl,ttonepohl3e@addthis.com,Female,IRE,-6.366762,53.2987724
124,Karine,Simkovitz,ksimkovitz3f@parallels.com,Female,IRE,-80.7087609,35.7797381
125,Opaline,Springham,ospringham3g@google.co.uk,Female,IRE,-7.5717688,52.1045472
126,Antons,Foad,afoad3h@google.it,Male,IRE,-7.8004329,53.7283566
127,Kiersten,Shone,kshone3i@youtube.com,Female,IRE,-6.2755912,53.3500473
128,Gusella,Getty,ggetty3j@geocities.com,Female,IRE,-7.5011999,53.776647
129,Torre,Ringwood,tringwood3k@ucla.edu,Male,IRE,-6.2890702,53.3201497
130,Rozalie,Baigent,rbaigent3l@tumblr.com,Female,IRE,-6.2508196,53.2866372
131,Allen,Keese,akeese3m@i2i.jp,Male,IRE,-6.133718,53.291512
132,Halley,Meynell,hmeynell3n@artisteer.com,Female,IRE,-6.67045,53.213319
133,Jeramey,Warland,jwarland3o@nbcnews.com,Male,IRE,-9.0197835,53.2736466
134,Ross,Lebond,rlebond3p@cloudflare.com,Male,IRE,-8.489012,51.923707
135,Jeanna,Mandel,jmandel3q@chicagotribune.com,Female,IRE,-7.8434254,51.949401
136,Crysta,Glacken,cglacken3r@imageshack.us,Female,IRE,-7.9027266,53.4148582
137,Slade,Vittle,svittle3s@sun.com,Male,IRE,-6.1920933,53.3916434
138,Dan,Carff,dcarff3t@wikipedia.org,Male,IRE,-6.4008792,53.9215606
139,Ethelred,Boggis,eboggis3u@tinyurl.com,Male,IRE,-6.7434401,53.2229873
140,Oswell,Scheu,oscheu3v@hugedomains.com,Male,IRE,-7.7655701,53.5650926
141,Kimberly,Trimming,ktrimming3w@apple.com,Female,IRE,-6.1097188,53.3895926
142,Poppy,Raccio,praccio3x@ft.com,Female,IRE,-7.8434254,51.949401
143,Ava,Cottee,acottee3y@storify.com,Female,IRE,-8.2817353,54.4771768
144,Vaclav,Crombie,vcrombie3z@wikispaces.com,Male,IRE,-8.5369154,52.6681994
145,Jorgan,Ewins,jewins40@timesonline.co.uk,Male,IRE,-8.489012,51.923707
146,Becky,Bruno,bbruno41@opensource.org,Female,IRE,-6.2890702,53.3201497
147,Gary,Craine,gcraine42@issuu.com,Male,IRE,-8.5176583,51.8863277
148,Ingaberg,Redsull,iredsull43@forbes.com,Female,IRE,-6.1822287,53.3788495
149,Bailie,Sackey,bsackey44@amazon.com,Male,IRE,-6.124065,53.231395
150,Alida,Pickrill,apickrill45@auda.org.au,Genderqueer,IRE,-6.176659,53.4487975
151,Nancie,Fitzroy,nfitzroy46@sina.com.cn,Female,IRE,-6.0690645,53.1257486
152,Giselbert,Edeson,gedeson47@twitter.com,Male,IRE,-8.9342111,52.182304
153,Warren,Cockland,wcockland48@51.la,Male,IRE,-6.5028415,53.3806398
154,Philippine,Duckerin,pduckerin49@netscape.com,Female,IRE,-8.1722173,51.9138694
155,Barnebas,Greener,bgreener4a@bloomberg.com,Male,IRE,-7.5717688,52.1045472
156,Cassaundra,Fossick,cfossick4b@wix.com,Female,IRE,-9.0197835,53.2736466
157,Ruy,Spottiswood,rspottiswood4c@usda.gov,Male,IRE,-8.5111664,51.8858819
158,Bendick,Niesegen,bniesegen4d@economist.com,Male,IRE,-6.1603828,53.2599034
159,Kristos,Queenborough,kqueenborough4e@mtv.com,Male,IRE,-8.3929404,51.8113447
160,Martynne,Onslow,monslow4f@timesonline.co.uk,Female,IRE,-6.9711886,53.916791
161,Nickolaus,Boutton,nboutton4g@howstuffworks.com,Male,IRE,-6.6633404,53.2492381
162,Nedda,Kolinsky,nkolinsky4h@fema.gov,Female,IRE,-7.8004329,53.7283566
163,Arin,Maidlow,amaidlow4i@wikipedia.org,Male,IRE,-6.3539424,53.3666338
164,Jeanine,Comellini,jcomellini4j@mysql.com,Female,IRE,-7.086877,53.8363325
165,Keefer,Schleicher,kschleicher4k@vkontakte.ru,Male,IRE,-8.5171384,51.876873
166,Cosetta,Edgeson,cedgeson4l@eventbrite.com,Female,IRE,-8.4784945,51.8815586
167,Sid,Boatman,sboatman4m@seattletimes.com,Non-binary,IRE,-9.1327273,53.806868
168,Jackie,Quogan,jquogan4n@quantcast.com,Male,IRE,-9.0197835,53.2736466
169,Bibbye,Palfreyman,bpalfreyman4o@nytimes.com,Female,IRE,-9.268589,51.549106
170,Austine,McGilben,amcgilben4p@utexas.edu,Female,IRE,-8.5171384,51.876873
171,Leif,Roussel,lroussel4q@rediff.com,Male,IRE,-7.0472382,52.9480781
172,Iver,Syphus,isyphus4r@icio.us,Male,IRE,-6.2892907,53.310122
173,Neilla,Blackader,nblackader4s@reuters.com,Female,IRE,-6.4671298,53.5050031
174,Lonny,Rankine,lrankine4t@digg.com,Male,IRE,-8.4242597,51.8910459
175,Trefor,Episcopi,tepiscopi4u@facebook.com,Male,IRE,-7.0943023,54.2694844
176,Iona,Jordin,ijordin4v@netscape.com,Non-binary,IRE,-8.9775014,52.8314927
177,Armand,Lyddiard,alyddiard4w@bloglovin.com,Male,IRE,-8.5054897,52.7107501
178,Benedetta,Sparling,bsparling4x@feedburner.com,Female,IRE,-6.1535181,53.5220275
179,Pedro,Lesmonde,plesmonde4y@google.cn,Male,IRE,-6.2387374,53.3141205
180,Anita,Bohl,abohl4z@boston.com,Female,IRE,-6.7515223,53.2888321
181,Marcelo,Lambillion,mlambillion50@nhs.uk,Male,IRE,-9.4851741,52.4460804
182,Wilfred,Brodnecke,wbrodnecke51@ask.com,Male,IRE,-9.7359765,54.1433253
183,Bern,Athridge,bathridge52@va.gov,Male,IRE,-7.9027266,53.4148582
184,Cal,Nesterov,cnesterov53@photobucket.com,Female,IRE,-8.6340751,52.6638144
185,Hayward,Pickring,hpickring54@ask.com,Male,IRE,-7.7655701,53.5650926
186,Catherin,Keelin,ckeelin55@de.vu,Female,IRE,-7.0625888,53.1387595
187,Alie,Windley,awindley56@drupal.org,Female,IRE,-7.8434254,51.949401
188,Willem,Baseggio,wbaseggio57@prlog.org,Non-binary,IRE,-6.2387374,53.3141205
189,Fairleigh,Heintzsch,fheintzsch58@ted.com,Male,IRE,-6.1822287,53.3788495
190,Florina,Pletts,fpletts59@senate.gov,Female,IRE,-8.298942,51.848898
191,Koressa,Hendriksen,khendriksen5a@hibu.com,Female,IRE,-8.7683674,53.7942932
192,Claiborn,Neller,cneller5b@wisc.edu,Male,IRE,-6.308522,52.665267
193,Yettie,Blindermann,yblindermann5c@posterous.com,Female,IRE,-8.83565,53.49417
194,Risa,Loach,rloach5d@huffingtonpost.com,Female,IRE,-7.0472382,52.9480781
195,Brigg,Maylott,bmaylott5e@prnewswire.com,Male,IRE,-8.5054897,52.7107501
196,Zacharias,Tiddeman,ztiddeman5f@boston.com,Male,IRE,-6.9692181,52.7009338
197,Ban,Vescovini,bvescovini5g@prweb.com,Male,IRE,-6.2890702,53.3201497
198,Myrvyn,Swinfen,mswinfen5h@netvibes.com,Male,IRE,-7.518792,53.284466
199,Abie,Styant,astyant5i@booking.com,Male,IRE,-8.489012,51.923707
200,Corrina,Jodrellec,cjodrellec5j@newsvine.com,Female,IRE,-8.3929404,51.8113447
201,Louisette,Hinge,lhinge5k@wikipedia.org,Female,IRE,-8.83565,53.49417
202,Dick,Cawsey,dcawsey5l@noaa.gov,Male,IRE,-8.83565,53.49417
203,Waylon,Frotton,wfrotton5m@i2i.jp,Male,IRE,-6.2890702,53.3201497
204,Dasya,Waight,dwaight5n@biblegateway.com,Female,IRE,-6.1157412,53.2774963
205,Arlyne,Bizley,abizley5o@nydailynews.com,Bigender,IRE,-6.7434401,53.2229873
206,Jorry,Croutear,jcroutear5p@harvard.edu,Female,IRE,-8.5946591,54.632283
207,Ann-marie,Beams,abeams5q@hugedomains.com,Female,IRE,-9.4851741,52.4460804
208,Obie,Knowling,oknowling5r@mozilla.org,Male,IRE,-6.7434401,53.2229873
209,Barby,Odams,bodams5s@so-net.ne.jp,Female,IRE,-6.3049392,53.3021194
210,Drud,Abrahamowitcz,dabrahamowitcz5t@tripod.com,Male,IRE,-8.259128,51.908209
211,Humfrid,Rangall,hrangall5u@lulu.com,Male,IRE,-6.1215213,53.2724538
212,Felizio,Twelftree,ftwelftree5v@blog.com,Male,IRE,-6.3025448,53.6920618
213,Gerry,Gorey,ggorey5w@weather.com,Male,IRE,-6.1535181,53.5220275
214,Phebe,Ussher,pussher5x@sakura.ne.jp,Female,IRE,-8.4824714,51.8862378
215,Adela,Gerran,agerran5y@webnode.com,Female,IRE,-9.448724,51.680591
216,Devi,Skett,dskett5z@hc360.com,Female,IRE,-6.1979853,53.3046353
217,Berri,Rivenzon,brivenzon60@twitter.com,Female,IRE,-6.2633149,53.377533
218,Darda,Trenam,dtrenam61@java.com,Female,IRE,-6.391149,53.8996586
219,Nico,Gutridge,ngutridge62@sogou.com,Male,IRE,-8.445614,51.8885086
220,Sara,McCurdy,smccurdy63@adobe.com,Female,IRE,-8.8562835,53.510243
221,Perl,Witcher,pwitcher64@slate.com,Female,IRE,-6.1535181,53.5220275
222,Viki,Cutmare,vcutmare65@devhub.com,Female,IRE,-6.3048641,53.3284298
223,Marilyn,McNay,mmcnay66@sogou.com,Female,IRE,-8.5111664,51.8858819
224,Essa,Feckey,efeckey67@yahoo.co.jp,Female,IRE,-6.5924609,53.2482376
225,Broddie,Bissill,bbissill68@huffingtonpost.com,Male,IRE,-6.264963,53.3897152
226,Clerkclaude,Overstone,coverstone69@twitpic.com,Male,IRE,-6.1097188,53.3895926
227,Pacorro,Gregersen,pgregersen6a@xinhuanet.com,Male,IRE,-10.0320886,54.2223118
228,Sky,Serjent,sserjent6b@apache.org,Male,IRE,-7.086877,53.8363325
229,Xever,Cuffe,xcuffe6c@samsung.com,Male,IRE,-6.1822287,53.3788495
230,Brewer,Gow,bgow6d@gizmodo.com,Male,IRE,-8.958931,51.904635
231,Lydie,Longmuir,llongmuir6e@parallels.com,Female,IRE,-9.7359765,54.1433253
232,Gilly,Meachan,gmeachan6f@bbb.org,Female,IRE,-8.2755058,52.2627273
233,Gisele,Hattiff,ghattiff6g@photobucket.com,Female,IRE,-7.2314132,54.1794814
234,Athene,Kellock,akellock6h@toplist.cz,Agender,IRE,-6.9858993,53.0018699
235,Vasili,Golden of Ireland,vgoldenofireland6i@g.co,Male,IRE,-9.5003786,52.4458588
236,Ruddie,Storres,rstorres6j@seattletimes.com,Male,IRE,-8.5054897,52.7107501
237,Nye,Aldwich,naldwich6k@skyrock.com,Male,IRE,-6.1157412,53.2774963
238,Giorgia,Santora,gsantora6l@amazonaws.com,Female,IRE,-6.5899765,52.176031
239,Shawn,Tidd,stidd6m@facebook.com,Female,IRE,-7.74208,54.70972
240,Abeu,Traut,atraut6n@miibeian.gov.cn,Male,IRE,-8.5047067,51.8830697
241,Standford,Ledgard,sledgard6o@infoseek.co.jp,Polygender,IRE,-8.5171384,51.876873
242,Berkeley,Denman,bdenman6p@infoseek.co.jp,Male,IRE,-8.1722173,51.9138694
243,Kelwin,Browne,kbrowne6q@spotify.com,Male,IRE,-7.0472382,52.9480781
244,My,Cordsen,mcordsen6r@alibaba.com,Male,IRE,-6.124065,53.231395
245,Sayres,Mullis,smullis6s@yandex.ru,Male,IRE,-8.2817353,54.4771768
246,Lothaire,Newark,lnewark6t@twitpic.com,Male,IRE,-8.642661,52.1361219
247,Derek,Sertin,dsertin6u@dropbox.com,Male,IRE,-6.1349155,53.5834008
248,Davy,Micheau,dmicheau6v@goo.ne.jp,Male,IRE,-6.1191333,53.1915379
249,Nanete,O'Dare,nodare6w@ebay.co.uk,Female,IRE,-6.1191333,53.1915379
250,Fran,Pillinger,fpillinger6x@ask.com,Female,IRE,-6.2755912,53.3500473
251,Boy,Goolding,bgoolding6y@youtu.be,Male,IRE,-6.336393,53.3122864
252,Benito,Duckers,bduckers6z@taobao.com,Bigender,IRE,-6.9711886,53.916791
253,Cobby,Imbrey,cimbrey70@jalbum.net,Male,IRE,-8.337871,52.0097259
254,Miles,Mertel,mmertel71@freewebs.com,Male,IRE,-6.3077823,53.3655256
255,Brena,Littley,blittley72@ustream.tv,Female,IRE,-8.5369154,52.6681994
256,Care,Teague,cteague73@census.gov,Male,IRE,-7.518792,53.284466
257,Derick,Braunes,dbraunes74@stanford.edu,Male,IRE,-6.366762,53.2987724
258,Catarina,Abramcik,cabramcik75@jalbum.net,Female,IRE,-6.1535181,53.5220275
259,Yolanda,Mc Ilwrick,ymcilwrick76@taobao.com,Female,IRE,-6.2611953,53.3881832
260,Dorthea,Trumble,dtrumble77@godaddy.com,Female,IRE,-8.9791425,52.8638391
261,Minni,Candie,mcandie78@ibm.com,Female,IRE,-8.4784945,51.8815586
262,Rosaleen,Ringham,rringham79@businessweek.com,Female,IRE,-6.1406578,53.2886387
263,Estella,Liddiard,eliddiard7a@myspace.com,Female,IRE,-6.9711886,53.916791
264,Morris,Roggero,mroggero7b@webeden.co.uk,Male,IRE,-6.218069,53.374266
265,Tobit,Gerner,tgerner7c@cbc.ca,Male,IRE,-8.5054897,52.7107501
266,Lanie,Segges,lsegges7d@lulu.com,Male,IRE,-6.2387374,53.3141205
267,Ulrich,Boggas,uboggas7e@imgur.com,Male,IRE,-8.5111664,51.8858819
268,Dilly,Klain,dklain7f@histats.com,Male,IRE,-7.5717688,52.1045472
269,Edwin,Cleall,ecleall7g@cdc.gov,Male,IRE,-6.1097188,53.3895926
270,Donn,Longland,dlongland7h@tripadvisor.com,Male,IRE,-6.1979853,53.3046353
271,Pat,Dyte,pdyte7i@themeforest.net,Female,IRE,-8.337871,52.0097259
272,Tris,Skrine,tskrine7j@slideshare.net,Male,IRE,-6.1979853,53.3046353
273,Kial,De Moreno,kdemoreno7k@theatlantic.com,Female,IRE,-6.3506335,53.2911347
274,Adel,Jermey,ajermey7l@netscape.com,Female,IRE,-6.3506335,53.2911347
275,Alister,Tamburo,atamburo7m@jigsy.com,Male,IRE,-10.022186,53.488087
276,Tom,Ingall,tingall7n@sun.com,Male,IRE,-9.0248232,53.2760162
277,Tuck,Skym,tskym7o@businessinsider.com,Male,IRE,-8.4784945,51.8815586
278,Addy,Parramore,aparramore7p@github.com,Male,IRE,-7.1297243,52.2509369
279,Lauritz,Nunson,lnunson7q@creativecommons.org,Male,IRE,-8.337871,52.0097259
280,Orsa,Pinwell,opinwell7r@list-manage.com,Female,IRE,-6.1942058,53.3604483
281,Sydney,Quemby,squemby7s@nsw.gov.au,Female,IRE,-80.7087609,35.7797381
282,Cameron,Blaydon,cblaydon7t@mlb.com,Male,IRE,-6.2057463,53.3870149
283,Anthia,Manford,amanford7u@upenn.edu,Genderqueer,IRE,-6.4887534,53.3653866
284,Meade,Tigner,mtigner7v@google.com.hk,Female,IRE,-6.590926,53.1936864
285,Harley,Lehmann,hlehmann7w@uiuc.edu,Bigender,IRE,-6.4671298,53.5050031
286,Catina,Snookes,csnookes7x@alibaba.com,Female,IRE,-6.4671298,53.5050031
287,Ker,Spybey,kspybey7y@bbc.co.uk,Male,IRE,-8.5054897,52.7107501
288,Clement,O'Flannery,coflannery7z@youtu.be,Male,IRE,-6.3539424,53.3666338
289,Emmanuel,McFadyen,emcfadyen80@hao123.com,Male,IRE,-8.9706844,52.6004448
290,Townsend,Vynoll,tvynoll81@nature.com,Male,IRE,-6.3660863,53.2874153
291,Roch,Lintot,rlintot82@odnoklassniki.ru,Female,IRE,-7.0943023,54.2694844
292,Renaud,Perigoe,rperigoe83@twitpic.com,Agender,IRE,-6.7434401,53.2229873
293,Tommy,Stather,tstather84@comsenz.com,Male,IRE,-7.888894,52.516323
294,Sherry,Fingleton,sfingleton85@hud.gov,Female,IRE,-6.4008792,53.9215606
295,Berkley,Worthing,bworthing86@miibeian.gov.cn,Male,IRE,-7.7655701,53.5650926
296,Myrwyn,McCurrie,mmccurrie87@npr.org,Male,IRE,-6.391149,53.8996586
297,Shepard,Agney,sagney88@tinypic.com,Male,IRE,-6.2387374,53.3141205
298,Allyn,Sarchwell,asarchwell89@msn.com,Genderqueer,IRE,-6.4008792,53.9215606
299,Goober,Strachan,gstrachan8a@slideshare.net,Male,IRE,-6.366762,53.2987724
300,Wade,Dmitrievski,wdmitrievski8b@weibo.com,Male,IRE,-7.606287,53.6972399
301,Dniren,O'Flannery,doflannery8c@cnn.com,Female,IRE,-6.4202878,54.0026343
302,Douglas,Eades,deades8d@elegantthemes.com,Male,IRE,-7.8434254,51.949401
303,Brandy,Shadwick,bshadwick8e@sitemeter.com,Male,IRE,-7.145971,53.508326
304,Anabella,Donisi,adonisi8f@cnet.com,Polygender,IRE,-6.2429997,53.7902634
305,Twila,Killeen,tkilleen8g@state.tx.us,Female,IRE,-6.3077823,53.3655256
306,Louisette,Cartmill,lcartmill8h@columbia.edu,Female,IRE,-7.269174,55.0650892
307,Konstance,Fain,kfain8i@bloomberg.com,Female,IRE,-6.163027,53.2339841
308,Jillian,Storch,jstorch8j@g.co,Female,IRE,-7.606287,53.6972399
309,Dukey,Tubridy,dtubridy8k@de.vu,Male,IRE,-6.1979853,53.3046353
310,Emma,Oldaker,eoldaker8l@intel.com,Female,IRE,-6.1349155,53.5834008
311,Kathe,Fancy,kfancy8m@webnode.com,Female,IRE,-6.3422325,53.719155
312,Jenda,Perryn,jperryn8n@meetup.com,Female,IRE,-6.64937,54.10269
313,Elise,Danielsohn,edanielsohn8o@virginia.edu,Genderqueer,IRE,-8.5176583,51.8863277
314,Alexandrina,Attock,aattock8p@shareasale.com,Female,IRE,-8.2969737,53.9735591
315,Godiva,Mulkerrins,gmulkerrins8q@psu.edu,Female,IRE,-8.259128,51.908209
316,Karoly,O'Longain,kolongain8r@blogtalkradio.com,Female,IRE,-6.4887534,53.3653866
317,Elysee,Ucceli,eucceli8s@symantec.com,Female,IRE,-9.1115941,51.7203863
318,Karissa,Baggott,kbaggott8t@amazon.co.uk,Female,IRE,-8.8950821,52.7604883
319,Arron,Taylour,ataylour8u@ebay.co.uk,Male,IRE,-9.151825,54.11215
320,Lisle,Shelf,lshelf8v@adobe.com,Agender,IRE,-6.3506335,53.2911347
321,Euphemia,Mordin,emordin8w@netvibes.com,Agender,IRE,-6.1191333,53.1915379
322,Hermon,Loutheane,hloutheane8x@phoca.cz,Male,IRE,-7.9139891,53.0949398
323,Zilvia,Bath,zbath8y@domainmarket.com,Female,IRE,-8.5047067,51.8830697
324,Rowe,Lutwyche,rlutwyche8z@dedecms.com,Female,IRE,-6.5028415,53.3806398
325,Janaya,Tummond,jtummond90@army.mil,Female,IRE,-6.6633404,53.2492381
326,Krisha,Jarrette,kjarrette91@forbes.com,Male,IRE,-6.1349155,53.5834008
327,Kassie,Wildgoose,kwildgoose92@princeton.edu,Female,IRE,-8.9342111,52.182304
328,Midge,Dane,mdane93@yelp.com,Female,IRE,-6.264963,53.3897152
329,Marji,McKintosh,mmckintosh94@networksolutions.com,Female,IRE,-6.9692181,52.7009338
330,Enrico,Dufore,edufore95@livejournal.com,Male,IRE,-9.5003786,52.4458588
331,Duane,Matthieson,dmatthieson96@buzzfeed.com,Male,IRE,-6.4202878,54.0026343
332,Konrad,Pierce,kpierce97@t.co,Male,IRE,-6.313755,53.366736
333,Ashlee,Kernaghan,akernaghan98@live.com,Female,IRE,-6.1097188,53.3895926
334,Dyane,Conaghy,dconaghy99@ifeng.com,Female,IRE,-6.218069,53.374266
335,Nadiya,Cockshoot,ncockshoot9a@twitter.com,Female,IRE,-9.0248232,53.2760162
336,Catherina,Huggett,chuggett9b@geocities.com,Female,IRE,-6.2071246,53.4562426
337,Merna,Kynforth,mkynforth9c@marketwatch.com,Female,IRE,-6.124065,53.231395
338,Rennie,Waind,rwaind9d@chicagotribune.com,Female,IRE,-6.64937,54.10269
339,Linnell,Gillie,lgillie9e@imageshack.us,Female,IRE,-6.163027,53.2339841
340,Adham,Armal,aarmal9f@craigslist.org,Male,IRE,-8.4523258,51.880525
341,Germayne,Tezure,gtezure9g@umich.edu,Male,IRE,-80.7087609,35.7797381
342,Sancho,Rolse,srolse9h@engadget.com,Male,IRE,-8.9480659,53.940892
343,Heidie,Cordeix,hcordeix9i@globo.com,Female,IRE,-6.1820563,53.3786861
344,Dennis,Patis,dpatis9j@dot.gov,Male,IRE,-7.0625888,53.1387595
345,Erina,Greder,egreder9k@furl.net,Agender,IRE,-6.2340942,53.2993199
346,Reinaldos,Emmitt,remmitt9l@yolasite.com,Male,IRE,-9.5003786,52.4458588
347,Florida,Guilfoyle,fguilfoyle9m@geocities.com,Genderqueer,IRE,-8.9791425,52.8638391
348,Dorry,Drysdell,ddrysdell9n@pbs.org,Female,IRE,-6.391149,53.8996586
349,Harland,Puddle,hpuddle9o@altervista.org,Male,IRE,-6.2429997,53.7902634
350,Enid,Ingreda,eingreda9p@ycombinator.com,Female,IRE,-6.1157412,53.2774963
351,Eldredge,Wheeldon,ewheeldon9q@creativecommons.org,Genderfluid,IRE,-8.9342111,52.182304
352,Harlin,Drugan,hdrugan9r@wisc.edu,Male,IRE,-7.8434254,51.949401
353,Chastity,Hampstead,champstead9s@wiley.com,Female,IRE,-8.4784945,51.8815586
354,Trev,Abrahamian,tabrahamian9t@imageshack.us,Male,IRE,-7.269174,55.0650892
355,Gerrilee,Beyer,gbeyer9u@uiuc.edu,Female,IRE,-9.0197835,53.2736466
356,Pennie,Morrant,pmorrant9v@mediafire.com,Bigender,IRE,-6.1072403,53.2780047
357,Wanda,Wofenden,wwofenden9w@time.com,Female,IRE,-6.1535181,53.5220275
358,Hew,Maycock,hmaycock9x@irs.gov,Polygender,IRE,-6.2427004,53.3347733
359,Betteann,Ferreli,bferreli9y@census.gov,Female,IRE,-6.2387374,53.3141205
360,Ruthy,Peschmann,rpeschmann9z@typepad.com,Female,IRE,-8.8562835,53.510243
361,Darlene,Marriner,dmarrinera0@scribd.com,Female,IRE,-6.2398782,53.32112
362,Adda,Shrimptone,ashrimptonea1@gov.uk,Female,IRE,-6.1920933,53.3916434
363,Alberto,Speeks,aspeeksa2@theguardian.com,Male,IRE,-6.1942058,53.3604483
364,Marcie,Style,mstylea3@bravesites.com,Female,IRE,-8.1722173,51.9138694
365,Marna,Merrill,mmerrilla4@1688.com,Female,IRE,-8.5054897,52.7107501
366,Nathanial,Gerrett,ngerretta5@aol.com,Male,IRE,-6.308522,52.665267
367,Huey,Androsik,handrosika6@nih.gov,Male,IRE,-6.2508196,53.2866372
368,Ebonee,Ruff,eruffa7@sciencedaily.com,Female,IRE,-8.4627451,54.25645
369,Fredric,Illes,fillesa8@slideshare.net,Male,IRE,-9.0248232,53.2760162
370,Wood,Stanyon,wstanyona9@infoseek.co.jp,Male,IRE,-6.2398782,53.32112
371,Milka,Woolley,mwoolleyaa@berkeley.edu,Female,IRE,-6.1157412,53.2774963
372,Deeann,Robertucci,drobertucciab@newyorker.com,Female,IRE,-8.4824714,51.8862378
373,Thornton,Spleving,tsplevingac@uol.com.br,Male,IRE,-9.5003786,52.4458588
374,Cos,Vasyunin,cvasyuninad@gov.uk,Bigender,IRE,-10.022186,53.488087
375,Bruce,Gennings,bgenningsae@mlb.com,Male,IRE,-8.05,51.9166667
376,Ewan,Utton,euttonaf@nydailynews.com,Male,IRE,-8.4242597,51.8910459
377,Arthur,Daffey,adaffeyag@cnbc.com,Male,IRE,-6.266734,53.3829319
378,Kort,Haresnape,kharesnapeah@istockphoto.com,Male,IRE,-8.5369154,52.6681994
379,Sherill,Manifould,smanifouldai@miitbeian.gov.cn,Female,IRE,-9.1115941,51.7203863
380,Waiter,Seward,wsewardaj@cbsnews.com,Genderqueer,IRE,-8.5054897,52.7107501
381,Rivalee,Parnaby,rparnabyak@flavors.me,Female,IRE,-6.5924609,53.2482376
382,Amalee,McPhelimy,amcphelimyal@loc.gov,Female,IRE,-6.313755,53.366736
383,Alicea,Lazar,alazaram@myspace.com,Female,IRE,-9.7850991,52.1058991
384,Vitoria,Blockey,vblockeyan@wsj.com,Female,IRE,-6.1349155,53.5834008
385,Enrika,Elsby,eelsbyao@gizmodo.com,Female,IRE,-8.2817353,54.4771768
386,Bail,Schimank,bschimankap@free.fr,Male,IRE,-8.83565,53.49417
387,Roley,Drane,rdraneaq@1und1.de,Male,IRE,-8.5070436,54.2109904
388,Babbie,Langston,blangstonar@paypal.com,Genderfluid,IRE,-7.9139891,53.0949398
389,Katee,Legister,klegisteras@princeton.edu,Genderqueer,IRE,-8.489012,51.923707
390,Tammi,Gilbank,tgilbankat@omniture.com,Female,IRE,-7.185387,53.158984
391,Amby,Isoldi,aisoldiau@chronoengine.com,Male,IRE,-6.1011147,53.2000455
392,Paolina,Nitto,pnittoav@gravatar.com,Female,IRE,-6.1535181,53.5220275
393,Oran,Simoni,osimoniaw@constantcontact.com,Male,IRE,-6.5899765,52.176031
394,Kirbie,Angell,kangellax@redcross.org,Female,IRE,-6.1097188,53.3895926
395,Nydia,Berthod,nberthoday@businessinsider.com,Female,IRE,-9.5003786,52.4458588
396,Silvana,Climie,sclimieaz@buzzfeed.com,Female,IRE,-6.2508196,53.2866372
397,Andrea,Sollowaye,asollowayeb0@sbwire.com,Polygender,IRE,-9.7850991,52.1058991
398,Zenia,Ownsworth,zownsworthb1@who.int,Female,IRE,-6.124065,53.231395
399,Warren,Merman,wmermanb2@businessweek.com,Male,IRE,-6.2427004,53.3347733
400,Janek,Fenech,jfenechb3@webeden.co.uk,Male,IRE,-6.1215213,53.2724538
401,Loria,Bourrel,lbourrelb4@mac.com,Female,IRE,-8.9775014,52.8314927
402,Boothe,O'Carran,bocarranb5@purevolume.com,Male,IRE,-6.9140788,53.169971
403,Catriona,Jentin,cjentinb6@cpanel.net,Female,IRE,-9.448724,51.680591
404,Rees,Ciobotaru,rciobotarub7@friendfeed.com,Polygender,IRE,-6.4671298,53.5050031
405,Galvin,Huxton,ghuxtonb8@narod.ru,Male,IRE,-6.266734,53.3829319
406,Shaylynn,Longstaff,slongstaffb9@dot.gov,Female,IRE,-6.3048641,53.3284298
407,Thayne,Brussels,tbrusselsba@unc.edu,Male,IRE,-6.4496384,53.3582341
408,Saundra,McElwee,smcelweebb@vimeo.com,Male,IRE,-9.0288689,53.2737147
409,Harmonie,Steet,hsteetbc@prweb.com,Female,IRE,-6.4202878,54.0026343
410,Teresina,Ohanessian,tohanessianbd@umn.edu,Female,IRE,-8.5176583,51.8863277
411,Ferdie,Dulanty,fdulantybe@cnbc.com,Male,IRE,-8.1722173,51.9138694
412,Tedmund,Marrable,tmarrablebf@time.com,Male,IRE,-7.5717688,52.1045472
413,Ky,Hammor,khammorbg@macromedia.com,Male,IRE,-6.4202878,54.0026343
414,Dare,Waulker,dwaulkerbh@cloudflare.com,Bigender,IRE,-8.6340751,52.6638144
415,Sharia,Slinn,sslinnbi@ebay.co.uk,Genderfluid,IRE,-6.2755912,53.3500473
416,Malvin,Dils,mdilsbj@hc360.com,Male,IRE,-6.1942058,53.3604483
417,Timoteo,Menel,tmenelbk@ocn.ne.jp,Male,IRE,-7.185387,53.158984
418,Val,Aggus,vaggusbl@mozilla.org,Male,IRE,-7.1111732,52.2513095
419,Mac,Handscomb,mhandscombbm@economist.com,Male,IRE,-9.151825,54.11215
420,Shell,Mordan,smordanbn@etsy.com,Female,IRE,-6.176659,53.4487975
421,Winonah,Snar,wsnarbo@engadget.com,Female,IRE,-7.9027266,53.4148582
422,Darryl,Brader,dbraderbp@istockphoto.com,Male,IRE,-6.2429997,53.7902634
423,Dirk,Lalevee,dlaleveebq@flickr.com,Male,IRE,-7.5717688,52.1045472
424,Gwennie,Boow,gboowbr@bandcamp.com,Female,IRE,-6.2508196,53.2866372
425,Edythe,Flag,eflagbs@yellowpages.com,Polygender,IRE,-80.7087609,35.7797381
426,Jethro,Fincke,jfinckebt@simplemachines.org,Male,IRE,-7.9428197,53.4231032
427,Legra,Oakinfold,loakinfoldbu@google.co.uk,Female,IRE,-6.4496384,53.3582341
428,Woodrow,Mouland,wmoulandbv@msn.com,Male,IRE,-9.159604,53.302644
429,Sammy,Archer,sarcherbw@booking.com,Female,IRE,-8.2755058,52.2627273
430,Lucie,Maleck,lmaleckbx@creativecommons.org,Female,IRE,-6.3539424,53.3666338
431,Inglis,Hamsley,ihamsleyby@amazonaws.com,Male,IRE,-6.1136478,53.2121335
432,Ramsey,McKew,rmckewbz@amazon.com,Male,IRE,-6.1644997,53.4266145
433,Max,Twells,mtwellsc0@dailymail.co.uk,Male,IRE,-8.4242597,51.8910459
434,Bernarr,Mignot,bmignotc1@techcrunch.com,Male,IRE,-8.445614,51.8885086
435,Noreen,Harriss,nharrissc2@columbia.edu,Female,IRE,-8.2755058,52.2627273
436,Ford,Mongin,fmonginc3@linkedin.com,Male,IRE,-8.4627451,54.25645
437,Percival,Easey,peaseyc4@cyberchimps.com,Male,IRE,-6.5028415,53.3806398
438,Ariela,Swateridge,aswateridgec5@livejournal.com,Female,IRE,-7.2314132,54.1794814
439,John,Meachem,jmeachemc6@devhub.com,Male,IRE,-6.133718,53.291512
440,Marta,Avramovich,mavramovichc7@wunderground.com,Female,IRE,-6.5924609,53.2482376
441,Winfred,Brushfield,wbrushfieldc8@zdnet.com,Male,IRE,-8.4627451,54.25645
442,Emelen,Lillicrop,elillicropc9@webmd.com,Male,IRE,-8.6340751,52.6638144
443,Ursuline,Beatson,ubeatsonca@slideshare.net,Female,IRE,-6.7515223,53.2888321
444,Cybil,Landes,clandescb@technorati.com,Female,IRE,-8.5054897,52.7107501
445,Zelig,Dallison,zdallisoncc@earthlink.net,Male,IRE,-6.9858993,53.0018699
446,Timotheus,Cashmore,tcashmorecd@answers.com,Male,IRE,-8.6340751,52.6638144
447,Isador,Shotboult,ishotboultce@scientificamerican.com,Male,IRE,-6.2152673,53.3323703
448,Clareta,Eastment,ceastmentcf@bing.com,Female,IRE,-8.2001004,52.86326
449,Valaree,Mannin,vmannincg@bravesites.com,Female,IRE,-8.5047067,51.8830697
450,Osgood,MacConnulty,omacconnultych@cam.ac.uk,Bigender,IRE,-6.3219759,53.2976886
451,Vivianne,Kingswell,vkingswellci@baidu.com,Female,IRE,-6.3025448,53.6920618
452,Laurent,Petroff,lpetroffcj@mapy.cz,Male,IRE,-6.9711886,53.916791
453,Jackie,Grieswood,jgrieswoodck@rediff.com,Male,IRE,-7.7655701,53.5650926
454,Edythe,Bewsy,ebewsycl@bizjournals.com,Female,IRE,-6.0704904,53.1286984
455,Costa,Kauscher,ckauschercm@artisteer.com,Agender,IRE,-8.5176583,51.8863277
456,Law,Greason,lgreasoncn@ca.gov,Male,IRE,-6.2387374,53.3141205
457,Walden,Cosgrove,wcosgroveco@paginegialle.it,Male,IRE,-9.7359765,54.1433253
458,Tuesday,Poplee,tpopleecp@ftc.gov,Female,IRE,-8.2969737,53.9735591
459,Quent,Trustram,qtrustramcq@home.pl,Male,IRE,-9.4851741,52.4460804
460,Rosita,Quenby,rquenbycr@earthlink.net,Female,IRE,-6.1479779,53.450694
461,Audre,Perrie,aperriecs@harvard.edu,Female,IRE,-6.3077823,53.3655256
462,Barnabe,Barlas,bbarlasct@theatlantic.com,Male,IRE,-8.2969737,53.9735591
463,Rutherford,Van Dale,rvandalecu@vimeo.com,Non-binary,IRE,-6.2890702,53.3201497
464,Temp,D' Angelo,tdangelocv@independent.co.uk,Male,IRE,-6.3049392,53.3021194
465,Kyrstin,Baumler,kbaumlercw@drupal.org,Female,IRE,-8.6346959,53.7423435
466,Rosco,Romaines,rromainescx@sun.com,Male,IRE,-6.2611953,53.3881832
467,Tito,Norton,tnortoncy@xrea.com,Male,IRE,-9.0197835,53.2736466
468,Marsiella,Grimsdell,mgrimsdellcz@hubpages.com,Female,IRE,-8.8562835,53.510243
469,Coreen,Shearer,cshearerd0@pen.io,Bigender,IRE,-6.133718,53.291512
470,Josefina,Gerault,jgeraultd1@goo.ne.jp,Female,IRE,-9.4904891,52.6396679
471,Nikolos,Maghull,nmaghulld2@uol.com.br,Male,IRE,-8.5171384,51.876873
472,Benjamen,Whitcombe,bwhitcombed3@virginia.edu,Male,IRE,-6.1942058,53.3604483
473,Em,Pfaffe,epfaffed4@tamu.edu,Female,IRE,-8.4977746,51.8895954
474,Alano,O'Scanlan,aoscanland5@uiuc.edu,Male,IRE,-8.6346959,53.7423435
475,Jonis,Breed,jbreedd6@dot.gov,Female,IRE,-9.1327273,53.806868
476,Donetta,Whopples,dwhopplesd7@pcworld.com,Female,IRE,-8.6340751,52.6638144
477,Dario,Hallsworth,dhallsworthd8@gravatar.com,Male,IRE,-8.4242597,51.8910459
478,Athena,Shimoni,ashimonid9@microsoft.com,Female,IRE,-7.74208,54.70972
479,Collen,Chaney,cchaneyda@alexa.com,Female,IRE,-6.4008792,53.9215606
480,Elvina,Sorrill,esorrilldb@infoseek.co.jp,Female,IRE,-6.590926,53.1936864
481,Astrix,Addison,aaddisondc@accuweather.com,Female,IRE,-8.9480659,53.940892
482,Dredi,Paniman,dpanimandd@apache.org,Female,IRE,-8.4242597,51.8910459
483,Oralle,Teligin,oteliginde@google.ru,Female,IRE,-6.3660863,53.2874153
484,Drew,Climo,dclimodf@behance.net,Male,IRE,-10.0320886,54.2223118
485,Janice,Hollyman,jhollymandg@boston.com,Female,IRE,-6.2057463,53.3870149
486,Pippo,Smallthwaite,psmallthwaitedh@marketwatch.com,Male,IRE,-6.64937,54.10269
487,Heinrick,Jagson,hjagsondi@weebly.com,Male,IRE,-6.1349155,53.5834008
488,Martha,Clemencet,mclemencetdj@sohu.com,Female,IRE,-6.1644997,53.4266145
489,Keith,Goldsby,kgoldsbydk@apple.com,Male,IRE,-6.2387374,53.3141205
490,Ninetta,Gillis,ngillisdl@nature.com,Female,IRE,-8.5176583,51.8863277
491,Claudia,Skyram,cskyramdm@goodreads.com,Female,IRE,-6.4202878,54.0026343
492,Annaliese,Willett,awillettdn@hugedomains.com,Female,IRE,-8.298942,51.848898
493,Reidar,Thirsk,rthirskdo@acquirethisname.com,Male,IRE,-6.2890702,53.3201497
494,Kain,Balducci,kbalduccidp@ibm.com,Male,IRE,-8.6346959,53.7423435
495,Milo,Klimt,mklimtdq@baidu.com,Male,IRE,-8.9791425,52.8638391
496,Pierrette,Hrihorovich,phrihorovichdr@ftc.gov,Female,IRE,-7.0625888,53.1387595
497,Chantal,Earngy,cearngyds@freewebs.com,Female,IRE,-6.308522,52.665267
498,Johann,Rubbert,jrubbertdt@parallels.com,Genderfluid,IRE,-6.1011147,53.2000455
499,Kennith,Dudgeon,kdudgeondu@abc.net.au,Male,IRE,-7.297914,54.026345
500,Bastian,Partington,bpartingtondv@wufoo.com,Male,IRE,-9.159604,53.302644
501,Irwin,Bater,ibaterdw@yahoo.co.jp,Male,IRE,-6.124065,53.231395
502,Carry,Manis,cmanisdx@yale.edu,Female,IRE,-7.8004329,53.7283566
503,Maddi,McCartney,mmccartneydy@kickstarter.com,Female,IRE,-6.1822287,53.3788495
504,Layne,Butfield,lbutfielddz@xinhuanet.com,Female,IRE,-8.4523258,51.880525
505,Elden,Croal,ecroale0@wordpress.org,Male,IRE,-6.2340942,53.2993199
506,Gianni,Bondesen,gbondesene1@instagram.com,Male,IRE,-6.6633404,53.2492381
507,Rana,Stoade,rstoadee2@army.mil,Female,IRE,-6.1822287,53.3788495
508,Fifi,Petras,fpetrase3@cnn.com,Female,IRE,-6.7515223,53.2888321
509,Mickie,Boriston,mboristone4@unicef.org,Male,IRE,-6.1822287,53.3788495
510,Charlton,Covington,ccovingtone5@reddit.com,Male,IRE,-6.1011147,53.2000455
511,Daisey,Dimitriou,ddimitrioue6@netlog.com,Non-binary,IRE,-6.2755912,53.3500473
512,Andra,Lukianov,alukianove7@exblog.jp,Female,IRE,-6.2508196,53.2866372
513,Meridith,Janus,mjanuse8@washington.edu,Female,IRE,-9.1327273,53.806868
514,Genovera,Domenichelli,gdomenichellie9@boston.com,Female,IRE,-8.2215941,53.0917381
515,Tucky,Kloss,tklossea@vinaora.com,Male,IRE,-6.0690645,53.1257486
516,Elladine,Cordey,ecordeyeb@cisco.com,Female,IRE,-6.7449927,53.1310185
517,Franciska,Feaster,ffeasterec@newyorker.com,Female,IRE,-6.5028415,53.3806398
518,Broderic,Ricciardello,bricciardelloed@techcrunch.com,Male,IRE,-7.185387,53.158984
519,Keven,McIlory,kmciloryee@umn.edu,Male,IRE,-6.3048641,53.3284298
520,Julian,Canavan,jcanavanef@ifeng.com,Male,IRE,-7.0472382,52.9480781
521,Tiertza,Sawood,tsawoodeg@weibo.com,Female,IRE,-6.3695384,53.3734053
522,Zaneta,Rickersey,zrickerseyeh@ustream.tv,Female,IRE,-8.4977746,51.8895954
523,Alleen,Maudsley,amaudsleyei@typepad.com,Female,IRE,-6.1349155,53.5834008
524,Percy,Theriot,ptheriotej@chicagotribune.com,Male,IRE,-8.5111664,51.8858819
525,Neddie,Borit,nboritek@rakuten.co.jp,Male,IRE,-8.4627451,54.25645
526,Buiron,MacKean,bmackeanel@fotki.com,Male,IRE,-6.4008792,53.9215606
527,Alon,Wagstaffe,awagstaffeem@arstechnica.com,Male,IRE,-6.1191333,53.1915379
528,Petra,Shorrock,pshorrocken@dell.com,Genderqueer,IRE,-6.0690645,53.1257486
529,Erhart,Ince,einceeo@artisteer.com,Male,IRE,-10.022186,53.488087
530,Everett,Palatini,epalatiniep@economist.com,Male,IRE,-6.1157412,53.2774963
531,Debi,Cowden,dcowdeneq@google.pl,Female,IRE,-6.1191333,53.1915379
532,Valaria,Veneur,vveneurer@narod.ru,Female,IRE,-6.64937,54.10269
533,Leese,Laffoley-Lane,llaffoleylanees@businessweek.com,Female,IRE,-6.2890702,53.3201497
534,Natalina,Mailes,nmaileset@mozilla.org,Female,IRE,-9.7359765,54.1433253
535,Roderic,Froom,rfroomeu@prlog.org,Male,IRE,-10.022186,53.488087
536,Cletus,Bernt,cberntev@twitpic.com,Male,IRE,-6.1097188,53.3895926
537,Julia,Richmont,jrichmontew@marketwatch.com,Female,IRE,-6.4008792,53.9215606
538,Nealson,Peiro,npeiroex@mashable.com,Male,IRE,-6.9692181,52.7009338
539,Berrie,Godley,bgodleyey@techcrunch.com,Female,IRE,-9.7359765,54.1433253
540,Clair,Guesford,cguesfordez@netscape.com,Female,IRE,-6.374155,53.3223974
541,Elsworth,Braitling,ebraitlingf0@linkedin.com,Male,IRE,-8.6340751,52.6638144
542,Wade,Elms,welmsf1@independent.co.uk,Male,IRE,-9.5003786,52.4458588
543,Roseann,Welling,rwellingf2@comsenz.com,Female,IRE,-6.1822287,53.3788495
544,Neil,Flatt,nflattf3@bing.com,Male,IRE,-6.4202878,54.0026343
545,Lucienne,Camsey,lcamseyf4@time.com,Female,IRE,-9.5003786,52.4458588
546,Denys,McFaell,dmcfaellf5@nymag.com,Male,IRE,-6.308522,52.665267
547,Emmie,Ohm,eohmf6@samsung.com,Female,IRE,-7.5011999,53.776647
548,Belvia,McTurlough,bmcturloughf7@adobe.com,Female,IRE,-6.3422325,53.719155
549,Chad,Woodroff,cwoodrofff8@surveymonkey.com,Male,IRE,-6.3049392,53.3021194
550,Pearl,Trevascus,ptrevascusf9@netlog.com,Female,IRE,-6.1072403,53.2780047
551,Alicia,Rustich,arustichfa@vinaora.com,Female,IRE,-6.2890702,53.3201497
552,Salomon,Carlick,scarlickfb@feedburner.com,Male,IRE,-9.7359765,54.1433253
553,Hedda,MacCumiskey,hmaccumiskeyfc@ucsd.edu,Female,IRE,-6.3695384,53.3734053
554,Suellen,Hurch,shurchfd@soundcloud.com,Female,IRE,-7.5011999,53.776647
555,Kerr,Forsdike,kforsdikefe@umich.edu,Male,IRE,-6.1603828,53.2599034
556,Fredrika,Knewstub,fknewstubff@simplemachines.org,Female,IRE,-8.9949917,53.8533151
557,Gael,Vango,gvangofg@youtube.com,Male,IRE,-7.1111732,52.2513095
558,Alidia,Kobpa,akobpafh@rambler.ru,Female,IRE,-6.2429997,53.7902634
559,Neddie,Chesswas,nchesswasfi@pcworld.com,Male,IRE,-8.05,51.9166667
560,Catlee,Gori,cgorifj@goo.gl,Female,IRE,-7.185387,53.158984
561,Billy,Rudeforth,brudeforthfk@wisc.edu,Female,IRE,-6.163027,53.2339841
562,Cristi,Paddison,cpaddisonfl@digg.com,Female,IRE,-6.7515223,53.2888321
563,Rubetta,Barthelmes,rbarthelmesfm@paypal.com,Female,IRE,-6.124065,53.231395
564,Caryl,Vannucci,cvannuccifn@twitter.com,Male,IRE,-6.2324705,53.3177535
565,Etti,Revie,ereviefo@sbwire.com,Female,IRE,-6.1535181,53.5220275
566,Victoir,Demchen,vdemchenfp@elpais.com,Male,IRE,-8.8562835,53.510243
567,Riley,Cissen,rcissenfq@hibu.com,Male,IRE,-8.958931,51.904635
568,Francyne,Sheaf,fsheaffr@lycos.com,Non-binary,IRE,-6.1644997,53.4266145
569,Harmon,Snead,hsneadfs@list-manage.com,Male,IRE,-6.0690645,53.1257486
570,Richmound,Scottesmoor,rscottesmoorft@barnesandnoble.com,Male,IRE,-8.9342111,52.182304
571,Nanon,Starsmeare,nstarsmearefu@umich.edu,Female,IRE,-8.8562835,53.510243
572,Enriqueta,Deacock,edeacockfv@facebook.com,Female,IRE,-7.8004329,53.7283566
573,Cornelle,Hamshere,chamsherefw@newyorker.com,Female,IRE,-6.1157412,53.2774963
574,Allister,Coneron,aconeronfx@free.fr,Male,IRE,-6.1884248,53.5879156
575,Spencer,Outlaw,soutlawfy@dyndns.org,Male,IRE,-6.4671298,53.5050031
576,Shea,Basil,sbasilfz@cargocollective.com,Male,IRE,-8.4824714,51.8862378
577,Maridel,Chomley,mchomleyg0@msn.com,Non-binary,IRE,-6.163027,53.2339841
578,Joanne,Plews,jplewsg1@hao123.com,Female,IRE,-6.1820563,53.3786861
579,Chrisse,Wakeman,cwakemang2@chronoengine.com,Genderqueer,IRE,-7.0625888,53.1387595
580,Liza,Wickey,lwickeyg3@cam.ac.uk,Female,IRE,-7.2979911,53.6785169
581,Lilia,Colleford,lcollefordg4@spiegel.de,Female,IRE,-8.298942,51.848898
582,Harmon,Formigli,hformiglig5@sina.com.cn,Male,IRE,-8.9342111,52.182304
583,Hervey,Ruppele,hruppeleg6@umn.edu,Male,IRE,-8.334953,51.8610022
584,Loralee,Warry,lwarryg7@bloglovin.com,Female,IRE,-9.7850991,52.1058991
585,Fayre,Ummfrey,fummfreyg8@xinhuanet.com,Female,IRE,-6.2611953,53.3881832
586,Robby,McTrustrie,rmctrustrieg9@amazon.de,Male,IRE,-7.606287,53.6972399
587,Linnet,Reeman,lreemanga@seattletimes.com,Female,IRE,-7.269174,55.0650892
588,Ernestine,Daburn,edaburngb@dailymail.co.uk,Female,IRE,-6.1136478,53.2121335
589,Dulcia,Rex,drexgc@nationalgeographic.com,Female,IRE,-9.5003786,52.4458588
590,Tasha,Dufty,tduftygd@cocolog-nifty.com,Female,IRE,-6.4887534,53.3653866
591,Jessi,McCreery,jmccreeryge@intel.com,Female,IRE,-6.1544115,53.4855448
592,Lauryn,Durling,ldurlinggf@soup.io,Female,IRE,-6.251714,53.3169419
593,Josh,Rennebeck,jrennebeckgg@msn.com,Male,IRE,-8.5047067,51.8830697
594,Coralyn,Bater,cbatergh@apple.com,Female,IRE,-8.05,51.9166667
595,Ronnie,Penylton,rpenyltongi@bandcamp.com,Male,IRE,-6.2152673,53.3323703
596,Pen,Gillebride,pgillebridegj@dmoz.org,Male,IRE,-7.7655701,53.5650926
597,Matt,Critchell,mcritchellgk@columbia.edu,Male,IRE,-6.2890702,53.3201497
598,Adrien,Duggon,aduggongl@gmpg.org,Male,IRE,-9.7850991,52.1058991
599,Patricio,Goring,pgoringgm@timesonline.co.uk,Male,IRE,-7.8434254,51.949401
600,Lucky,Byford,lbyfordgn@moonfruit.com,Female,IRE,-8.7683674,53.7942932
601,Perice,Leeder,pleedergo@ucsd.edu,Male,IRE,-8.489012,51.923707
602,Karil,Claydon,kclaydongp@moonfruit.com,Female,IRE,-6.264963,53.3897152
603,Tallie,Casely,tcaselygq@sphinn.com,Polygender,IRE,-8.958931,51.904635
604,Tuckie,Goldston,tgoldstongr@nsw.gov.au,Male,IRE,-6.1820563,53.3786861
605,Lulu,Yabsley,lyabsleygs@delicious.com,Female,IRE,-7.1111732,52.2513095
606,Antin,Sprionghall,asprionghallgt@hud.gov,Male,IRE,-8.1722002,54.3051891
607,Tim,Relph,trelphgu@deliciousdays.com,Male,IRE,-8.445614,51.8885086
608,Sibilla,Bubbins,sbubbinsgv@gravatar.com,Female,IRE,-8.958931,51.904635
609,Cash,Fidler,cfidlergw@oracle.com,Male,IRE,-6.1136478,53.2121335
610,Ulrica,Espinho,uespinhogx@chron.com,Female,IRE,-6.5924609,53.2482376
611,Normy,Gerleit,ngerleitgy@vinaora.com,Male,IRE,-7.9139891,53.0949398
612,Laraine,MacMychem,lmacmychemgz@ifeng.com,Female,IRE,-9.4904891,52.6396679
613,Paula,Le Hucquet,plehucqueth0@howstuffworks.com,Female,IRE,-7.0472382,52.9480781
614,Alon,Lie,alieh1@etsy.com,Male,IRE,-6.1406578,53.2886387
615,Frasier,Teodori,fteodorih2@booking.com,Male,IRE,-8.2755058,52.2627273
616,Theresa,Meecher,tmeecherh3@weebly.com,Female,IRE,-6.3506335,53.2911347
617,Krispin,MacGilfoyle,kmacgilfoyleh4@hatena.ne.jp,Male,IRE,-9.7359765,54.1433253
618,Salome,Royste,sroysteh5@shop-pro.jp,Female,IRE,-7.145971,53.508326
619,Sibel,McCuthais,smccuthaish6@topsy.com,Female,IRE,-7.74208,54.70972
620,Claiborn,Bettaney,cbettaneyh7@naver.com,Male,IRE,-6.1097188,53.3895926
621,Virginie,Stuchburie,vstuchburieh8@behance.net,Female,IRE,-6.4202878,54.0026343
622,Timmy,Dami,tdamih9@vk.com,Female,IRE,-6.2633149,53.377533
623,Cindra,Kinnier,ckinnierha@icio.us,Female,IRE,-6.2890702,53.3201497
624,Lurlene,Leven,llevenhb@vkontakte.ru,Female,IRE,-6.4671298,53.5050031
625,Leonie,Wardale,lwardalehc@zimbio.com,Female,IRE,-8.4824714,51.8862378
626,Cobb,Ivimy,civimyhd@walmart.com,Bigender,IRE,-6.2340942,53.2993199
627,Raviv,Sneath,rsneathhe@dyndns.org,Male,IRE,-8.3545704,52.5593605
628,Rob,Caze,rcazehf@woothemes.com,Bigender,IRE,-7.8434254,51.949401
629,Aida,Neiland,aneilandhg@hp.com,Non-binary,IRE,-6.308522,52.665267
630,Maddy,Soeiro,msoeirohh@delicious.com,Male,IRE,-6.1191333,53.1915379
631,Phillip,Lewson,plewsonhi@cyberchimps.com,Male,IRE,-6.4887534,53.3653866
632,Tyson,Hanmore,thanmorehj@discovery.com,Male,IRE,-8.9949917,53.8533151
633,Mahala,Van Leijs,mvanleijshk@simplemachines.org,Female,IRE,-8.958931,51.904635
634,Upton,Dresche,udreschehl@marketwatch.com,Male,IRE,-6.313755,53.366736
635,Jermaine,Templman,jtemplmanhm@amazon.co.uk,Female,IRE,-6.473025,54.0086093
636,Ingamar,Ethridge,iethridgehn@comsenz.com,Bigender,IRE,-6.7449927,53.1310185
637,Serge,Fumagalli,sfumagalliho@abc.net.au,Male,IRE,-6.590926,53.1936864
638,Harlan,Berthelmot,hberthelmothp@latimes.com,Male,IRE,-8.4784945,51.8815586
639,Olimpia,Eke,oekehq@accuweather.com,Female,IRE,-6.251714,53.3169419
640,Daveen,Bradnocke,dbradnockehr@usda.gov,Female,IRE,-8.05,51.9166667
641,Beret,Cussen,bcussenhs@paginegialle.it,Female,IRE,-8.3545704,52.5593605
642,Kalli,Woollhead,kwoollheadht@blogger.com,Female,IRE,-7.2979911,53.6785169
643,Gilles,Muschette,gmuschettehu@hibu.com,Male,IRE,-6.2071246,53.4562426
644,Ezechiel,Rydings,erydingshv@amazon.com,Male,IRE,-6.2890702,53.3201497
645,Conrado,Rosenvasser,crosenvasserhw@dion.ne.jp,Male,IRE,-6.2387374,53.3141205
646,Dedie,Silbersak,dsilbersakhx@pcworld.com,Female,IRE,-7.086877,53.8363325
647,Angel,Arsmith,aarsmithhy@npr.org,Male,IRE,-8.1722002,54.3051891
648,Rheta,Brunini,rbruninihz@sohu.com,Female,IRE,-6.1406578,53.2886387
649,Ola,Dorot,odoroti0@behance.net,Female,IRE,-6.9140788,53.169971
650,Chloette,Stanlack,cstanlacki1@dedecms.com,Female,IRE,-6.2340942,53.2993199
651,Colet,Veare,cvearei2@mac.com,Male,IRE,-6.2427004,53.3347733
652,Onofredo,Bailiss,obailissi3@washington.edu,Male,IRE,-7.2314132,54.1794814
653,Breanne,Surmeyers,bsurmeyersi4@addtoany.com,Female,IRE,-8.489012,51.923707
654,Kristin,Ilyin,kilyini5@marketwatch.com,Female,IRE,-8.9775014,52.8314927
655,Antin,Moriarty,amoriartyi6@dion.ne.jp,Male,IRE,-8.5054897,52.7107501
656,Seana,Moreland,smorelandi7@wordpress.org,Female,IRE,-7.185387,53.158984
657,Mahmoud,Mateo,mmateoi8@fda.gov,Male,IRE,-8.958931,51.904635
658,Norma,Vasishchev,nvasishchevi9@angelfire.com,Female,IRE,-8.5946591,54.632283
659,Francine,Ivatts,fivattsia@samsung.com,Female,IRE,-8.5054897,52.7107501
660,Shirley,Gliddon,sgliddonib@mozilla.com,Female,IRE,-7.145971,53.508326
661,Stephen,Bernardoux,sbernardouxic@istockphoto.com,Male,IRE,-9.268589,51.549106
662,Mellicent,Redholes,mredholesid@github.com,Female,IRE,-7.7655701,53.5650926
663,Titus,Gledstane,tgledstaneie@independent.co.uk,Male,IRE,-6.2387374,53.3141205
664,Lucius,Orsman,lorsmanif@ameblo.jp,Male,IRE,-6.1136478,53.2121335
665,Farrell,Ruthen,fruthenig@salon.com,Male,IRE,-6.9858993,53.0018699
666,Son,Crowthe,scrowtheih@lulu.com,Male,IRE,-7.0472382,52.9480781
667,Malinda,Withinshaw,mwithinshawii@cisco.com,Genderfluid,IRE,-7.0833118,52.2413206
668,Vally,Crothers,vcrothersij@deviantart.com,Female,IRE,-6.0704904,53.1286984
669,Vivi,Scarr,vscarrik@bbb.org,Female,IRE,-8.5047067,51.8830697
670,Catlee,Insall,cinsallil@icq.com,Female,IRE,-6.67045,53.213319
671,Codee,Kilbey,ckilbeyim@mtv.com,Polygender,IRE,-6.264963,53.3897152
672,Gian,Cancellario,gcancellarioin@vkontakte.ru,Male,IRE,-8.2755058,52.2627273
673,Lorrie,Lempel,llempelio@cbc.ca,Female,IRE,-8.2817353,54.4771768
674,Orville,Rainville,orainvilleip@barnesandnoble.com,Male,IRE,-6.2324705,53.3177535
675,Margarete,Arington,maringtoniq@usnews.com,Agender,IRE,-6.2554371,53.2767301
676,Etheline,Sicha,esichair@google.es,Female,IRE,-6.2398782,53.32112
677,Valenka,Geare,vgeareis@sfgate.com,Female,IRE,-8.9706844,52.6004448
678,Lothaire,Ling,llingit@tumblr.com,Male,IRE,-6.264963,53.3897152
679,Kiri,Vereker,kverekeriu@storify.com,Female,IRE,-8.9480659,53.940892
680,Germana,Sterrick,gsterrickiv@topsy.com,Female,IRE,-7.0472382,52.9480781
681,Roderigo,Orys,rorysiw@drupal.org,Genderfluid,IRE,-9.0288689,53.2737147
682,Kermy,Norsister,knorsisterix@dropbox.com,Male,IRE,-6.1820563,53.3786861
683,Nicolis,Beranek,nberanekiy@europa.eu,Male,IRE,-8.5176583,51.8863277
684,Jeanelle,Schellig,jschelligiz@abc.net.au,Female,IRE,-6.3077823,53.3655256
685,Marielle,Yellowlee,myellowleej0@bing.com,Female,IRE,-8.8950821,52.7604883
686,Anet,Teresi,ateresij1@ezinearticles.com,Female,IRE,-6.1535181,53.5220275
687,Celestyn,Lewzey,clewzeyj2@howstuffworks.com,Female,IRE,-8.9949917,53.8533151
688,Zitella,Shearsby,zshearsbyj3@themeforest.net,Female,IRE,-8.6346959,53.7423435
689,Cicily,Ivanin,civaninj4@technorati.com,Female,IRE,-6.163027,53.2339841
690,Shirley,Burger,sburgerj5@fc2.com,Female,IRE,-9.4904891,52.6396679
691,Eveline,Stigger,estiggerj6@blinklist.com,Female,IRE,-6.4202878,54.0026343
692,Hurlee,Bronot,hbronotj7@etsy.com,Male,IRE,-6.1136478,53.2121335
693,Tallia,Rape,trapej8@1und1.de,Female,IRE,-6.4202878,54.0026343
694,Lanny,Giacopello,lgiacopelloj9@google.it,Female,IRE,-6.3660863,53.2874153
695,Lauree,Furzey,lfurzeyja@zdnet.com,Female,IRE,-6.590926,53.1936864
696,Lara,Crossley,lcrossleyjb@prnewswire.com,Female,IRE,-6.2340942,53.2993199
697,Louella,Clail,lclailjc@webnode.com,Female,IRE,-7.5717688,52.1045472
698,Lucy,MacCarroll,lmaccarrolljd@prnewswire.com,Female,IRE,-9.0288689,53.2737147
699,Willa,Saintpierre,wsaintpierreje@fastcompany.com,Female,IRE,-8.642661,52.1361219
700,Britte,Lebarree,blebarreejf@blogspot.com,Female,IRE,-6.264963,53.3897152
701,Mahala,Bleackly,mbleacklyjg@stanford.edu,Female,IRE,-6.374155,53.3223974
702,Cindee,Tetford,ctetfordjh@who.int,Female,IRE,-6.2429997,53.7902634
703,Robby,Fissenden,rfissendenji@mac.com,Male,IRE,-6.9692181,52.7009338
704,Garvin,Ager,gagerjj@gov.uk,Male,IRE,-6.1535181,53.5220275
705,Hildy,Lindner,hlindnerjk@t-online.de,Female,IRE,-6.266734,53.3829319
706,Delmor,Dagger,ddaggerjl@skype.com,Male,IRE,-6.163027,53.2339841
707,Timmy,Gruby,tgrubyjm@craigslist.org,Male,IRE,-6.313755,53.366736
708,Bobbette,Bradick,bbradickjn@hud.gov,Female,IRE,-6.251714,53.3169419
709,Harold,Cumberlidge,hcumberlidgejo@theglobeandmail.com,Male,IRE,-8.4242597,51.8910459
710,Martita,Tofpik,mtofpikjp@csmonitor.com,Female,IRE,-6.4887534,53.3653866
711,Martie,Pace,mpacejq@usa.gov,Non-binary,IRE,-6.3049392,53.3021194
712,Jessamyn,Anthill,janthilljr@youtube.com,Female,IRE,-6.1406578,53.2886387
713,Noellyn,Dorcey,ndorceyjs@msu.edu,Female,IRE,-9.1097137,53.2582868
714,Horatio,Castagnaro,hcastagnarojt@sourceforge.net,Male,IRE,-6.251714,53.3169419
715,Diannne,Dearle,ddearleju@gmpg.org,Female,IRE,-6.336393,53.3122864
716,Ingeberg,Moquin,imoquinjv@cocolog-nifty.com,Female,IRE,-6.124065,53.231395
717,Cherice,Sloan,csloanjw@ezinearticles.com,Female,IRE,-8.2969737,53.9735591
718,Celina,Jean,cjeanjx@ning.com,Female,IRE,-8.5946591,54.632283
719,Gennie,Brelsford,gbrelsfordjy@artisteer.com,Female,IRE,-8.9821467,52.8498651
720,Anette,Allanson,aallansonjz@wikispaces.com,Female,IRE,-8.9821467,52.8498651
721,Kate,Handley,khandleyk0@tumblr.com,Female,IRE,-6.6633404,53.2492381
722,Bjorn,Heiner,bheinerk1@ocn.ne.jp,Male,IRE,-6.67045,53.213319
723,Uri,Questier,uquestierk2@myspace.com,Male,IRE,-6.1072403,53.2780047
724,Terza,Cummings,tcummingsk3@so-net.ne.jp,Female,IRE,-9.151825,54.11215
725,Bettine,Dormand,bdormandk4@whitehouse.gov,Female,IRE,-8.6346959,53.7423435
726,Ethan,Serot,eserotk5@nyu.edu,Male,IRE,-6.366762,53.2987724
727,Nerissa,Cadogan,ncadogank6@ehow.com,Female,IRE,-10.022186,53.488087
728,Rubie,Ruxton,rruxtonk7@ibm.com,Female,IRE,-9.4904891,52.6396679
729,Bianka,Beddo,bbeddok8@myspace.com,Female,IRE,-7.74208,54.70972
730,Libby,Orcas,lorcask9@cpanel.net,Female,IRE,-6.3025448,53.6920618
731,Carney,McIlwaine,cmcilwaineka@mac.com,Male,IRE,-8.9480659,53.940892
732,Kellen,Coils,kcoilskb@blogtalkradio.com,Female,IRE,-6.1920933,53.3916434
733,Jaquelin,Fridaye,jfridayekc@wisc.edu,Female,IRE,-6.1820563,53.3786861
734,Lucky,Pietzker,lpietzkerkd@altervista.org,Agender,IRE,-6.176659,53.4487975
735,Evan,Hanton,ehantonke@auda.org.au,Male,IRE,-7.9139891,53.0949398
736,Giulietta,Opdenorth,gopdenorthkf@dell.com,Female,IRE,-8.83565,53.49417
737,Benny,Taylorson,btaylorsonkg@accuweather.com,Female,IRE,-80.7087609,35.7797381
738,Artemus,Granger,agrangerkh@macromedia.com,Male,IRE,-8.334953,51.8610022
739,Xylina,Stickney,xstickneyki@exblog.jp,Female,IRE,-6.308522,52.665267
740,Orren,Golsworthy,ogolsworthykj@unblog.fr,Male,IRE,-8.334953,51.8610022
741,Merilee,Bevis,mbeviskk@google.co.jp,Female,IRE,-8.9775014,52.8314927
742,Fidelio,Crumby,fcrumbykl@google.ca,Male,IRE,-7.0833118,52.2413206
743,Spenser,Jouhan,sjouhankm@feedburner.com,Male,IRE,-6.4202878,54.0026343
744,Maxie,Paal,mpaalkn@slate.com,Female,IRE,-8.298942,51.848898
745,Tobias,Tzuker,ttzukerko@ibm.com,Male,IRE,-6.3049392,53.3021194
746,Pinchas,McConnell,pmcconnellkp@sohu.com,Male,IRE,-6.1544115,53.4855448
747,Marsiella,Cordaroy,mcordaroykq@typepad.com,Non-binary,IRE,-6.0704904,53.1286984
748,Krispin,Marson,kmarsonkr@macromedia.com,Male,IRE,-6.590926,53.1936864
749,Mick,Summerside,msummersideks@about.com,Male,IRE,-6.1979853,53.3046353
750,Vinita,Mussington,vmussingtonkt@edublogs.org,Female,IRE,-8.1722173,51.9138694
751,Petr,Musgrave,pmusgraveku@wiley.com,Male,IRE,-7.8004329,53.7283566
752,Abner,Castree,acastreekv@cyberchimps.com,Male,IRE,-8.05,51.9166667
753,Sharl,Collman,scollmankw@spotify.com,Female,IRE,-6.2427004,53.3347733
754,Timmie,Alesi,talesikx@forbes.com,Female,IRE,-6.2324705,53.3177535
755,Celisse,Gohier,cgohierky@shareasale.com,Female,IRE,-8.2755058,52.2627273
756,Isis,McGrann,imcgrannkz@netvibes.com,Female,IRE,-7.297914,54.026345
757,Corinne,Otson,cotsonl0@a8.net,Female,IRE,-6.9858993,53.0018699
758,Neil,Crosier,ncrosierl1@tinypic.com,Male,IRE,-6.139018,53.171935
759,Lloyd,Bowditch,lbowditchl2@columbia.edu,Male,IRE,-8.6340751,52.6638144
760,Gypsy,Fink,gfinkl3@addtoany.com,Female,IRE,-8.8950821,52.7604883
761,Godiva,Giuron,ggiuronl4@narod.ru,Bigender,IRE,-7.5011999,53.776647
762,Billy,Rama,bramal5@nih.gov,Male,IRE,-7.606287,53.6972399
763,Mirella,Droogan,mdrooganl6@wordpress.com,Female,IRE,-8.642661,52.1361219
764,Trev,Milburn,tmilburnl7@gnu.org,Male,IRE,-7.2314132,54.1794814
765,Auroora,Geraud,ageraudl8@slideshare.net,Female,IRE,-6.218069,53.374266
766,Vail,Baltrushaitis,vbaltrushaitisl9@sogou.com,Male,IRE,-6.4496384,53.3582341
767,Ivor,Cheyney,icheyneyla@reference.com,Male,IRE,-6.218069,53.374266
768,Collie,Maxwaile,cmaxwailelb@hexun.com,Female,IRE,-6.139018,53.171935
769,Randolph,Vearnals,rvearnalslc@netvibes.com,Male,IRE,-8.337871,52.0097259
770,Stearne,Ricards,sricardsld@cbc.ca,Male,IRE,-6.251714,53.3169419
771,Hailey,McFaul,hmcfaulle@ucoz.ru,Male,IRE,-9.0197835,53.2736466
772,Ulla,Jelphs,ujelphslf@ebay.com,Female,IRE,-6.0690645,53.1257486
773,Muire,Depke,mdepkelg@cbsnews.com,Female,IRE,-8.6340751,52.6638144
774,Urson,Pallis,upallislh@aboutads.info,Male,IRE,-7.7655701,53.5650926
775,Alain,Missenden,amissendenli@free.fr,Male,IRE,-6.2429997,53.7902634
776,Barty,Plank,bplanklj@elegantthemes.com,Male,IRE,-9.1097137,53.2582868
777,Philippine,Copperwaite,pcopperwaitelk@t.co,Female,IRE,-6.2429997,53.7902634
778,Dame,Leverentz,dleverentzll@forbes.com,Male,IRE,-6.0704904,53.1286984
779,Adair,Ackenhead,aackenheadlm@pagesperso-orange.fr,Male,IRE,-6.1535181,53.5220275
780,Giuseppe,Venner,gvennerln@nature.com,Agender,IRE,-7.7655701,53.5650926
781,Conney,Castel,ccastello@constantcontact.com,Genderfluid,IRE,-6.1644997,53.4266145
782,Alexine,Malarkey,amalarkeylp@youku.com,Female,IRE,-8.334953,51.8610022
783,Blithe,Tedman,btedmanlq@prnewswire.com,Female,IRE,-6.3506335,53.2911347
784,Jayme,Andryushin,jandryushinlr@google.it,Male,IRE,-8.337871,52.0097259
785,Ezechiel,Neligan,eneliganls@earthlink.net,Male,IRE,-8.4627451,54.25645
786,Symon,Guerra,sguerralt@msu.edu,Male,IRE,-8.2001004,52.86326
787,Caddric,Norcop,cnorcoplu@noaa.gov,Male,IRE,-6.133718,53.291512
788,Di,Gibben,dgibbenlv@biblegateway.com,Female,IRE,-7.5011999,53.776647
789,Rafaela,Muldownie,rmuldownielw@dell.com,Female,IRE,-6.264963,53.3897152
790,Lorne,Tabert,ltabertlx@scribd.com,Female,IRE,-8.9706844,52.6004448
791,Johnna,Fiddiman,jfiddimanly@g.co,Female,IRE,-8.5171384,51.876873
792,Loren,Tie,ltielz@mashable.com,Female,IRE,-8.5070436,54.2109904
793,Missy,Spall,mspallm0@cnn.com,Female,IRE,-8.9821467,52.8498651
794,Bethany,Blincowe,bblincowem1@theglobeandmail.com,Female,IRE,-8.6346959,53.7423435
795,Erie,Rudsdell,erudsdellm2@devhub.com,Male,IRE,-6.1920933,53.3916434
796,Chase,Wogan,cwoganm3@irs.gov,Male,IRE,-6.3219759,53.2976886
797,Hamish,De Biasio,hdebiasiom4@reddit.com,Male,IRE,-6.2427004,53.3347733
798,Dalenna,Farlambe,dfarlambem5@slashdot.org,Non-binary,IRE,-6.5899765,52.176031
799,Giulio,Cockshtt,gcockshttm6@tinypic.com,Male,IRE,-7.0625888,53.1387595
800,Agatha,Seven,asevenm7@reddit.com,Female,IRE,-6.3422325,53.719155
801,Herculie,Wilby,hwilbym8@google.nl,Male,IRE,-8.1722002,54.3051891
802,Willamina,Cavaney,wcavaneym9@webnode.com,Female,IRE,-6.2611953,53.3881832
803,Jinny,McIlvenna,jmcilvennama@google.ru,Female,IRE,-6.3539424,53.3666338
804,Miquela,Merryman,mmerrymanmb@hexun.com,Female,IRE,-7.9027266,53.4148582
805,Viola,Flott,vflottmc@istockphoto.com,Female,IRE,-8.9342111,52.182304
806,Everett,Travis,etravismd@blogger.com,Male,IRE,-6.3828795,53.385304
807,Quintus,Lankham,qlankhamme@deviantart.com,Male,IRE,-9.1097137,53.2582868
808,Gabbie,Ehrat,gehratmf@weibo.com,Male,IRE,-7.9139891,53.0949398
809,Jeffie,Furlow,jfurlowmg@freewebs.com,Agender,IRE,-6.3025448,53.6920618
810,Vania,Heape,vheapemh@wufoo.com,Female,IRE,-6.1979853,53.3046353
811,Sindee,McCullagh,smccullaghmi@paginegialle.it,Female,IRE,-8.9480659,53.940892
812,Reginauld,Dodds,rdoddsmj@wikimedia.org,Male,IRE,-6.266734,53.3829319
813,Weston,Gilham,wgilhammk@patch.com,Male,IRE,-6.2427004,53.3347733
814,Dori,Groome,dgroomeml@networksolutions.com,Female,IRE,-6.266734,53.3829319
815,Had,Astill,hastillmm@redcross.org,Male,IRE,-6.4008792,53.9215606
816,Emelda,Fawdry,efawdrymn@github.com,Female,IRE,-6.3660863,53.2874153
817,Edmon,Farnish,efarnishmo@freewebs.com,Male,IRE,-6.3219759,53.2976886
818,Cecile,Johnikin,cjohnikinmp@booking.com,Female,IRE,-6.0704904,53.1286984
819,Earle,Gilchrest,egilchrestmq@virginia.edu,Male,IRE,-8.83565,53.49417
820,Jolynn,Leve,jlevemr@usnews.com,Female,IRE,-9.448724,51.680591
821,Emmalynne,Brabyn,ebrabynms@i2i.jp,Female,IRE,-6.336393,53.3122864
822,Gale,Casetti,gcasettimt@flickr.com,Female,IRE,-8.334953,51.8610022
823,Rozanne,Swynley,rswynleymu@paypal.com,Female,IRE,-6.3048641,53.3284298
824,Carry,Scutt,cscuttmv@friendfeed.com,Female,IRE,-8.9821467,52.8498651
825,Franklyn,Di Dello,fdidellomw@ucoz.ru,Male,IRE,-6.1215213,53.2724538
826,Twila,Baxstare,tbaxstaremx@scribd.com,Female,IRE,-9.1115941,51.7203863
827,Yuri,Darrigone,ydarrigonemy@skype.com,Male,IRE,-8.489012,51.923707
828,Tobias,Barrett,tbarrettmz@instagram.com,Genderqueer,IRE,-8.5047067,51.8830697
829,Melesa,Costi,mcostin0@xing.com,Female,IRE,-6.1979853,53.3046353
830,Elvin,Fahey,efaheyn1@sina.com.cn,Non-binary,IRE,-6.7449927,53.1310185
831,Dorotea,Andresser,dandressern2@apache.org,Female,IRE,-8.642661,52.1361219
832,Philippa,Bloxholm,pbloxholmn3@networksolutions.com,Agender,IRE,-7.9428197,53.4231032
833,Zorine,Lethby,zlethbyn4@discuz.net,Female,IRE,-7.8434254,51.949401
834,Adrien,Chellam,achellamn5@cloudflare.com,Male,IRE,-6.0704904,53.1286984
835,Ramona,Brunker,rbrunkern6@cloudflare.com,Female,IRE,-6.1535181,53.5220275
836,Red,Tift,rtiftn7@drupal.org,Male,IRE,-6.473025,54.0086093
837,Toddie,Bruffell,tbruffelln8@archive.org,Male,IRE,-9.159604,53.302644
838,Bartel,Beccera,bbecceran9@mtv.com,Male,IRE,-6.3077823,53.3655256
839,Arty,Daouze,adaouzena@istockphoto.com,Male,IRE,-6.264963,53.3897152
840,Baird,Blenkhorn,bblenkhornnb@mapy.cz,Male,IRE,-7.8434254,51.949401
841,Katha,Whitloe,kwhitloenc@g.co,Female,IRE,-8.2969737,53.9735591
842,Kaycee,Trickey,ktrickeynd@cdbaby.com,Female,IRE,-8.2001004,52.86326
843,Sallyann,Daft,sdaftne@amazon.de,Female,IRE,-7.086877,53.8363325
844,Carver,Coverly,ccoverlynf@feedburner.com,Male,IRE,-6.1544115,53.4855448
845,Hammad,Lowry,hlowryng@businessinsider.com,Male,IRE,-6.2755912,53.3500473
846,Kelci,Dyhouse,kdyhousenh@huffingtonpost.com,Female,IRE,-8.5946591,54.632283
847,Abbey,Tinner,atinnerni@sbwire.com,Female,IRE,-6.218069,53.374266
848,Christopher,Shepland,csheplandnj@vistaprint.com,Male,IRE,-6.2755912,53.3500473
849,Oona,Kinver,okinvernk@guardian.co.uk,Female,IRE,-9.4851741,52.4460804
850,Eadmund,Gatecliff,egatecliffnl@meetup.com,Male,IRE,-7.606287,53.6972399
851,Hayley,Wittke,hwittkenm@redcross.org,Female,IRE,-8.6346959,53.7423435
852,Olivie,Pherps,opherpsnn@merriam-webster.com,Female,IRE,-6.1136478,53.2121335
853,Lissie,Vignaux,lvignauxno@sogou.com,Female,IRE,-6.2755912,53.3500473
854,Thane,Mountfort,tmountfortnp@ning.com,Male,IRE,-6.4241156,53.7369009
855,Ginger,Eschalette,geschalettenq@imgur.com,Female,IRE,-9.1327273,53.806868
856,Benjie,Armsden,barmsdennr@furl.net,Male,IRE,-7.0472382,52.9480781
857,Tripp,Harbard,tharbardns@go.com,Male,IRE,-6.7449927,53.1310185
858,Malcolm,Lingley,mlingleynt@ucoz.com,Male,IRE,-7.0943023,54.2694844
859,Ofella,Cockayme,ocockaymenu@sciencedaily.com,Female,IRE,-6.1215213,53.2724538
860,Rosabelle,Neising,rneisingnv@salon.com,Female,IRE,-8.9342111,52.182304
861,Taber,Attock,tattocknw@cornell.edu,Male,IRE,-6.2340942,53.2993199
862,Fowler,Fairbeard,ffairbeardnx@e-recht24.de,Male,IRE,-6.3695384,53.3734053
863,Thatcher,Mcimmie,tmcimmieny@archive.org,Male,IRE,-9.7359765,54.1433253
864,Halsey,Bagenal,hbagenalnz@alibaba.com,Male,IRE,-6.2398782,53.32112
865,Meredeth,Middiff,mmiddiffo0@e-recht24.de,Male,IRE,-7.8004329,53.7283566
866,Lorianne,Bradwell,lbradwello1@unc.edu,Polygender,IRE,-6.0690645,53.1257486
867,Charyl,Milborn,cmilborno2@nasa.gov,Female,IRE,-6.2057463,53.3870149
868,Rowney,Finn,rfinno3@etsy.com,Male,IRE,-8.445614,51.8885086
869,Edmund,Gumbley,egumbleyo4@wordpress.org,Male,IRE,-8.958931,51.904635
870,Kellen,Rayworth,kraywortho5@mozilla.com,Male,IRE,-6.163027,53.2339841
871,Kynthia,Adanez,kadanezo6@salon.com,Genderfluid,IRE,-6.2633149,53.377533
872,Burgess,Trott,btrotto7@buzzfeed.com,Male,IRE,-7.7655701,53.5650926
873,Pammie,Duchesne,pduchesneo8@indiegogo.com,Female,IRE,-8.5047067,51.8830697
874,Jedediah,Vardie,jvardieo9@adobe.com,Non-binary,IRE,-8.259128,51.908209
875,Brittaney,Cersey,bcerseyoa@sbwire.com,Female,IRE,-8.4784945,51.8815586
876,Freeman,Bloor,fbloorob@wordpress.org,Male,IRE,-8.3545704,52.5593605
877,Rebeka,Klisch,rklischoc@123-reg.co.uk,Female,IRE,-9.7359765,54.1433253
878,Ingelbert,Simakov,isimakovod@facebook.com,Male,IRE,-8.259128,51.908209
879,Hazlett,Oldacres,holdacresoe@skype.com,Male,IRE,-6.124065,53.231395
880,Flemming,MacRury,fmacruryof@yandex.ru,Male,IRE,-8.489012,51.923707
881,Kirk,Balog,kbalogog@diigo.com,Male,IRE,-6.374155,53.3223974
882,Baily,Scain,bscainoh@uiuc.edu,Male,IRE,-7.269174,55.0650892
883,Vanya,Ratter,vratteroi@vimeo.com,Male,IRE,-6.2429997,53.7902634
884,Joshia,Jakeman,jjakemanoj@oaic.gov.au,Male,IRE,-8.259128,51.908209
885,Kizzee,Aldersey,kalderseyok@independent.co.uk,Female,IRE,-6.4671298,53.5050031
886,Antoinette,Chick,achickol@abc.net.au,Female,IRE,-6.9711886,53.916791
887,Marin,Garken,mgarkenom@clickbank.net,Female,IRE,-6.2508196,53.2866372
888,Tessi,Bortolini,tbortolinion@washingtonpost.com,Genderfluid,IRE,-7.2979911,53.6785169
889,Calhoun,Tale,ctaleoo@opensource.org,Male,IRE,-8.958931,51.904635
890,Sonia,Hendonson,shendonsonop@clickbank.net,Female,IRE,-8.5369154,52.6681994
891,Lia,Breem,lbreemoq@unc.edu,Female,IRE,-6.2071246,53.4562426
892,Agace,Fadian,afadianor@imgur.com,Female,IRE,-6.1544115,53.4855448
893,Bert,Ottawell,bottawellos@zimbio.com,Female,IRE,-10.022186,53.488087
894,Brandie,Schwier,bschwierot@privacy.gov.au,Agender,IRE,-6.3049392,53.3021194
895,Micah,Lamp,mlampou@yandex.ru,Male,IRE,-8.5047067,51.8830697
896,Carmelle,Caseri,ccaseriov@craigslist.org,Female,IRE,-8.334953,51.8610022
897,Cam,Reinger,creingerow@flavors.me,Male,IRE,-6.3077823,53.3655256
898,Odella,Demeter,odemeterox@marriott.com,Female,IRE,-9.1115941,51.7203863
899,Lorenza,Bizley,lbizleyoy@issuu.com,Female,IRE,-8.5111664,51.8858819
900,Thibaud,Marin,tmarinoz@fc2.com,Male,IRE,-6.1191333,53.1915379
901,Jack,Huet,jhuetp0@exblog.jp,Male,IRE,-8.5111664,51.8858819
902,Correy,Bratten,cbrattenp1@xing.com,Male,IRE,-7.888894,52.516323
903,Meg,Lasseter,mlasseterp2@vistaprint.com,Female,IRE,-10.022186,53.488087
904,Royce,Spriggin,rsprigginp3@ft.com,Male,IRE,-6.308522,52.665267
905,Wynne,Duffell,wduffellp4@ted.com,Female,IRE,-6.313755,53.366736
906,Josselyn,Itzak,jitzakp5@mapy.cz,Female,IRE,-6.1072403,53.2780047
907,Quintus,Fearnill,qfearnillp6@vistaprint.com,Genderfluid,IRE,-6.4202878,54.0026343
908,Ferdinanda,Glavin,fglavinp7@slate.com,Female,IRE,-6.9140788,53.169971
909,Timmy,Mostin,tmostinp8@free.fr,Female,IRE,-6.4241156,53.7369009
910,Jorgan,Stolberger,jstolbergerp9@icio.us,Male,IRE,-6.1097188,53.3895926
911,Jeri,Spatarul,jspatarulpa@vistaprint.com,Polygender,IRE,-7.7655701,53.5650926
912,Alfy,Maron,amaronpb@wix.com,Male,IRE,-8.298942,51.848898
913,Ole,Ybarra,oybarrapc@oracle.com,Male,IRE,-10.0320886,54.2223118
914,Fitzgerald,Burgher,fburgherpd@redcross.org,Male,IRE,-6.1535181,53.5220275
915,Cindy,Kisar,ckisarpe@amazon.co.uk,Female,IRE,-6.1979853,53.3046353
916,Cortie,Seefeldt,cseefeldtpf@edublogs.org,Male,IRE,-6.163027,53.2339841
917,Andriana,Dahmke,adahmkepg@aboutads.info,Female,IRE,-6.5853664,53.378253
918,Rossie,Gaucher,rgaucherph@tinypic.com,Bigender,IRE,-6.7449927,53.1310185
919,Ravid,Witsey,rwitseypi@furl.net,Male,IRE,-8.259128,51.908209
920,Krisha,Colgrave,kcolgravepj@example.com,Genderqueer,IRE,-8.2969737,53.9735591
921,Romona,Bello,rbellopk@wired.com,Female,IRE,-8.2969737,53.9735591
922,Howey,Forten,hfortenpl@washingtonpost.com,Male,IRE,-80.7087609,35.7797381
923,Layton,Choldcroft,lcholdcroftpm@cdbaby.com,Male,IRE,-6.2633149,53.377533
924,Luz,Jandak,ljandakpn@independent.co.uk,Female,IRE,-9.5003786,52.4458588
925,Vonnie,Giannotti,vgiannottipo@msn.com,Genderfluid,IRE,-6.266734,53.3829319
926,Esmeralda,Letty,elettypp@yolasite.com,Female,IRE,-7.518792,53.284466
927,Chrissy,Newvill,cnewvillpq@tmall.com,Female,IRE,-6.1072403,53.2780047
928,Tedd,Duer,tduerpr@tripod.com,Male,IRE,-9.151825,54.11215
929,Rafaelita,Knivett,rknivettps@alibaba.com,Female,IRE,-8.5070436,54.2109904
930,Bernhard,Meadus,bmeaduspt@squarespace.com,Male,IRE,-7.297914,54.026345
931,Marleah,Linder,mlinderpu@chron.com,Female,IRE,-8.337871,52.0097259
932,Terri,Proger,tprogerpv@exblog.jp,Male,IRE,-8.298942,51.848898
933,Keary,Torrie,ktorriepw@odnoklassniki.ru,Male,IRE,-8.642661,52.1361219
934,Roman,Petrovsky,rpetrovskypx@freewebs.com,Male,IRE,-8.7683674,53.7942932
935,Pauly,Ormston,pormstonpy@adobe.com,Male,IRE,-9.151825,54.11215
936,Fanni,Burdis,fburdispz@hibu.com,Female,IRE,-8.9706844,52.6004448
937,Peggie,Ranyelld,pranyelldq0@yahoo.com,Genderqueer,IRE,-7.8434254,51.949401
938,Wren,Tarpey,wtarpeyq1@mail.ru,Female,IRE,-6.1136478,53.2121335
939,Irving,Turbitt,iturbittq2@acquirethisname.com,Male,IRE,-8.4523258,51.880525
940,Igor,Gauntley,igauntleyq3@indiatimes.com,Male,IRE,-8.9480659,53.940892
941,Ellswerth,Rogliero,eroglieroq4@prnewswire.com,Male,IRE,-6.1535181,53.5220275
942,Elita,Baitman,ebaitmanq5@ucla.edu,Female,IRE,-6.473025,54.0086093
943,Clerc,Harrad,charradq6@go.com,Male,IRE,-8.2001004,52.86326
944,Goran,Matzke,gmatzkeq7@oakley.com,Male,IRE,-8.5070436,54.2109904
945,Christie,Colbeck,ccolbeckq8@virginia.edu,Male,IRE,-6.2152673,53.3323703
946,Ramona,De Hoogh,rdehooghq9@eepurl.com,Non-binary,IRE,-6.1979853,53.3046353
947,Davidde,Cuffe,dcuffeqa@homestead.com,Male,IRE,-6.1820563,53.3786861
948,Konstanze,Buxsy,kbuxsyqb@wikispaces.com,Female,IRE,-9.0197835,53.2736466
949,Jacklin,Liddle,jliddleqc@uol.com.br,Female,IRE,-6.2890702,53.3201497
950,Raf,Hawtry,rhawtryqd@globo.com,Female,IRE,-6.3048641,53.3284298
951,Perla,Croucher,pcroucherqe@flickr.com,Female,IRE,-6.2324705,53.3177535
952,Berton,Taberner,btabernerqf@fotki.com,Male,IRE,-10.0320886,54.2223118
953,Mara,Danilovich,mdanilovichqg@rambler.ru,Female,IRE,-6.5924609,53.2482376
954,Jacinda,Coping,jcopingqh@bizjournals.com,Female,IRE,-6.7515223,53.2888321
955,Matthiew,Josupeit,mjosupeitqi@chron.com,Agender,IRE,-10.0320886,54.2223118
956,Dorita,Avon,davonqj@bloglovin.com,Female,IRE,-6.5853664,53.378253
957,Corine,Hattoe,chattoeqk@amazon.com,Female,IRE,-8.8562835,53.510243
958,Sharon,MacKeague,smackeagueql@twitter.com,Female,IRE,-8.2755058,52.2627273
959,Sonni,Coode,scoodeqm@webnode.com,Female,IRE,-7.297914,54.026345
960,Susann,Ubanks,subanksqn@hc360.com,Female,IRE,-7.8004329,53.7283566
961,Cyndia,Lundberg,clundbergqo@twitpic.com,Female,IRE,-8.4977746,51.8895954
962,Allie,Ickowicz,aickowiczqp@booking.com,Genderfluid,IRE,-6.9711886,53.916791
963,Gennie,Blackey,gblackeyqq@geocities.com,Genderfluid,IRE,-7.74208,54.70972
964,Philis,Ales0,palesqr@army.mil,Female,IRE,-6.7434401,53.2229873
965,Ezekiel,Lillecrop,elillecropqs@google.ru,Male,IRE,-6.3219759,53.2976886
966,Shermie,Bignall,sbignallqt@oracle.com,Male,IRE,-6.251714,53.3169419
967,Ogden,Ygoe,oygoequ@discovery.com,Male,IRE,-8.2755058,52.2627273
968,Brocky,Guirau,bguirauqv@hao123.com,Male,IRE,-8.298942,51.848898
969,Bart,Rochewell,brochewellqw@soundcloud.com,Male,IRE,-7.1111732,52.2513095
970,Dermot,Glenn,dglennqx@va.gov,Male,IRE,-6.2633149,53.377533
971,Devin,Ponnsett,dponnsettqy@parallels.com,Non-binary,IRE,-8.3545704,52.5593605
972,Bobbye,Kingzet,bkingzetqz@pbs.org,Female,IRE,-6.1072403,53.2780047
973,Elizabeth,Kirkland,ekirklandr0@canalblog.com,Female,IRE,-9.151825,54.11215
974,Mathilde,Ozintsev,mozintsevr1@nytimes.com,Agender,IRE,-6.374155,53.3223974
975,Darrick,Cosley,dcosleyr2@4shared.com,Male,IRE,-6.67045,53.213319
976,Carolee,Ruger,crugerr3@sciencedirect.com,Female,IRE,-8.4627451,54.25645
977,Buddie,Ferraretto,bferrarettor4@adobe.com,Male,IRE,-6.2890702,53.3201497
978,Haley,Shepstone,hshepstoner5@wordpress.com,Female,IRE,-6.64937,54.10269
979,Clywd,Freckelton,cfreckeltonr6@blinklist.com,Male,IRE,-6.1406578,53.2886387
980,Ricki,Greenleaf,rgreenleafr7@naver.com,Male,IRE,-6.7515223,53.2888321
981,Keven,Petkens,kpetkensr8@marketwatch.com,Male,IRE,-8.5946591,54.632283
982,Danita,Hendriks,dhendriksr9@army.mil,Female,IRE,-7.0833118,52.2413206
983,Emilio,Fairbairn,efairbairnra@icq.com,Male,IRE,-6.0690645,53.1257486
984,Carolan,Shorrock,cshorrockrb@gov.uk,Genderqueer,IRE,-9.4904891,52.6396679
985,Chris,Noseworthy,cnoseworthyrc@apache.org,Male,IRE,-7.0625888,53.1387595
986,Rad,Vassano,rvassanord@list-manage.com,Male,IRE,-6.9692181,52.7009338
987,Prue,Louthe,plouthere@ftc.gov,Female,IRE,-6.5899765,52.176031
988,Amabelle,Ewbank,aewbankrf@jalbum.net,Female,IRE,-6.9711886,53.916791
989,Elvis,Leupoldt,eleupoldtrg@toplist.cz,Male,IRE,-7.606287,53.6972399
990,Blane,McMechan,bmcmechanrh@ovh.net,Male,IRE,-6.3539424,53.3666338
991,Standford,Yousef,syousefri@sitemeter.com,Male,IRE,-6.308522,52.665267
992,Ellynn,Scathard,escathardrj@virginia.edu,Female,IRE,-6.64937,54.10269
993,Jehu,Behne,jbehnerk@samsung.com,Genderfluid,IRE,-9.1097137,53.2582868
994,Hal,Klewer,hklewerrl@edublogs.org,Male,IRE,-9.448724,51.680591
995,Joellyn,Creaven,jcreavenrm@wikispaces.com,Female,IRE,-7.9027266,53.4148582
996,Natty,Musgrove,nmusgrovern@thetimes.co.uk,Male,IRE,-9.151825,54.11215
997,Huntley,Longmead,hlongmeadro@people.com.cn,Male,IRE,-8.8950821,52.7604883
998,Carlie,Eshmade,ceshmaderp@pbs.org,Male,IRE,-8.445614,51.8885086
999,Howey,Chidlow,hchidlowrq@cdbaby.com,Male,IRE,-6.67045,53.213319
1000,Aloisia,Falconer,afalconerrr@wordpress.org,Female,IRE,-8.5070436,54.2109904
