id,first_name,last_name,email,gender,country,city,lon,lat
1,Morgan,Crossdale,mcrossdale0@adobe.com,Male,Ireland,Tullamore,-7.518792,53.284466
2,Benjie,Cridlan,bcridlan1@spiegel.de,Male,Ireland,Annacotty,-8.5369154,52.6681994
3,Randi,Oakeby,roakeby2@devhub.com,Male,Ireland,Naas,-6.67045,53.213319
4,Octavius,Brettoner,obrettoner3@furl.net,Male,Ireland,Bantry,-9.448724,51.680591
5,Ossie,Gregoletti,ogregoletti4@xrea.com,Male,Ireland,Castleknock,-9.0248232,53.2760162
6,Pearle,Stemp,pstemp5@xing.com,Female,Ireland,Kill,-6.5924609,53.2482376
7,Jory,Di Antonio,jdiantonio6@ed.gov,Male,Ireland,Bayside,-9.1097137,53.2582868
8,Clair,Fellibrand,cfellibrand7@mayoclinic.com,Male,Ireland,Farranacoush,-8.5171384,51.876873
9,Teresita,McMillan,tmcmillan8@chron.com,Female,Ireland,Castlebridge,-6.5853664,53.378253
10,Paige,Senchenko,psenchenko9@businessinsider.com,Female,Ireland,Bailieborough,-6.9711886,53.916791
11,Rosalyn,Lawtie,rlawtiea@t.co,Female,Ireland,Kilkenny,-7.2584,52.655184
12,Davie,Wallege,dwallegeb@time.com,Male,Ireland,Ashford,-6.3828795,53.385304
13,Jay,Samworth,jsamworthc@fastcompany.com,Male,Ireland,Castlebellingham,-6.391149,53.8996586
14,Georas,Flatman,gflatmand@123-reg.co.uk,Male,Ireland,Clifden,-10.022186,53.488087
15,Teresita,Piercey,tpierceye@facebook.com,Agender,Ireland,Castlerea,-8.6346959,53.7423435
16,Tabina,Bealton,tbealtonf@ucoz.ru,Female,Ireland,Raheny,-6.1820563,53.3786861
17,Sandra,Basset,sbassetg@examiner.com,Female,Ireland,Monkstown,-8.9775014,52.8314927
18,Cori,Kerford,ckerfordh@sphinn.com,Male,Ireland,Kinnegad,-9.1327273,53.806868
19,Jaquelin,Packer,jpackeri@live.com,Female,Ireland,Mallow,-8.642661,52.1361219
20,Emerson,Huller,ehullerj@mit.edu,Male,Ireland,Kinlough,-6.1136478,53.2121335
21,Archambault,Theunissen,atheunissenk@networkadvertising.org,Bigender,Ireland,Sandymount,-6.2152673,53.3323703
22,Vevay,Worsam,vworsaml@imdb.com,Female,Ireland,Cluain Meala,-6.2611953,53.3881832
23,Josiah,Sudlow,jsudlowm@pbs.org,Male,Ireland,Tallaght,-6.3660863,53.2874153
24,Marchelle,Deakins,mdeakinsn@earthlink.net,Non-binary,Ireland,Gort,-8.9791425,52.8638391
25,Ashly,Lander,alandero@ovh.net,Female,Ireland,Dún Laoghaire,-6.133718,53.291512
26,Mackenzie,Crispe,mcrispep@cloudflare.com,Non-binary,Ireland,Moville,-8.4242597,51.8910459
27,Patty,Sysland,psyslandq@posterous.com,Female,Ireland,Bundoran,-8.2817353,54.4771768
28,Maudie,Tidgewell,mtidgewellr@toplist.cz,Female,Ireland,Newmarket on Fergus,-8.8950821,52.7604883
29,June,Kennion,jkennions@list-manage.com,Female,Ireland,Dalkey,-6.1072403,53.2780047
30,Wynnie,Millbank,wmillbankt@gov.uk,Female,Ireland,Ballylinan,-7.0472382,52.9480781
31,Guillema,Stratley,gstratleyu@google.es,Female,Ireland,Blarney,-8.8562835,53.510243
32,Rock,Blizard,rblizardv@sakura.ne.jp,Male,Ireland,Bailieborough,-6.9711886,53.916791
33,Anstice,Szabo,aszabow@bloglovin.com,Female,Ireland,Macroom,-8.958931,51.904635
34,Bo,Hellmer,bhellmerx@bluehost.com,Male,Ireland,Loughrea,-6.3506335,53.2911347
35,Binni,Woodberry,bwoodberryy@youtube.com,Female,Ireland,Trá Mhór,-9.0197835,53.2736466
36,Giustina,Cantu,gcantuz@npr.org,Female,Ireland,Crumlin,-6.3048641,53.3284298
37,Raffarty,Slatford,rslatford10@baidu.com,Male,Ireland,Tullamore,-7.518792,53.284466
38,Tana,Dickson,tdickson11@yolasite.com,Female,Ireland,Donegal,-8.5946591,54.632283
39,Ryley,Leftbridge,rleftbridge12@wufoo.com,Male,Ireland,Dublin,-6.2427004,53.3347733
40,Rhys,Lundbeck,rlundbeck13@surveymonkey.com,Male,Ireland,Ballyjamesduff,-7.086877,53.8363325
41,Troy,Casseldine,tcasseldine14@admin.ch,Male,Ireland,Donabate,-6.1544115,53.4855448
42,Mendie,Carwithen,mcarwithen15@whitehouse.gov,Male,Ireland,Sutton,-6.1097188,53.3895926
43,Bunni,Wight,bwight16@noaa.gov,Female,Ireland,Rathwire,-7.145971,53.508326
44,Jedd,Burling,jburling17@elpais.com,Male,Ireland,Sandyford,-6.3422325,53.719155
45,Eli,Fairebrother,efairebrother18@scribd.com,Male,Ireland,Castlebridge,-6.5853664,53.378253
46,Korrie,Hrycek,khrycek19@mac.com,Female,Ireland,Dromiskin,-6.4008792,53.9215606
47,Natal,Staddart,nstaddart1a@weibo.com,Male,Ireland,Tralee,-7.0833118,52.2413206
48,Joanna,Sotworth,jsotworth1b@delicious.com,Female,Ireland,Donnybrook,-6.2324705,53.3177535
49,Isidro,Mocher,imocher1c@admin.ch,Male,Ireland,Fermoy,-9.5003786,52.4458588
50,Myer,Cleobury,mcleobury1d@nasa.gov,Genderqueer,Ireland,Monkstown,-8.9775014,52.8314927
51,Erika,Radbond,eradbond1e@china.com.cn,Female,Ireland,Virginia,-6.2633149,53.377533
52,Trix,Bartozzi,tbartozzi1f@apple.com,Female,Ireland,Donnybrook,-6.2324705,53.3177535
53,Sayers,Rapps,srapps1g@prlog.org,Male,Ireland,Kilcullen,-8.5047067,51.8830697
54,Wandis,Orum,worum1h@fema.gov,Female,Ireland,Athlone,-7.9428197,53.4231032
55,Charlean,Bullan,cbullan1i@etsy.com,Female,Ireland,Naas,-6.67045,53.213319
56,Domini,Boays,dboays1j@ovh.net,Female,Ireland,Ballinteer,-6.2554371,53.2767301
57,Nat,Blaydes,nblaydes1k@chicagotribune.com,Female,Ireland,Caherconlish,-8.3545704,52.5593605
58,Cherianne,Ashbe,cashbe1l@cbsnews.com,Polygender,Ireland,Greenhills,-6.336393,53.3122864
59,Perle,Stanesby,pstanesby1m@creativecommons.org,Female,Ireland,Athlone,-7.9428197,53.4231032
60,Freedman,Cains,fcains1n@toplist.cz,Male,Ireland,Ballinteer,-6.2554371,53.2767301
61,Weider,Glencros,wglencros1o@google.com,Genderqueer,Ireland,Balally,-6.5899765,52.176031
62,Shalne,Le Prevost,sleprevost1p@miibeian.gov.cn,Genderqueer,Ireland,Athlone,-7.9428197,53.4231032
63,Mattie,Chalker,mchalker1q@upenn.edu,Male,Ireland,Dungloe,-6.3695384,53.3734053
64,Land,Eeles,leeles1r@lycos.com,Male,Ireland,Cashel,-7.888894,52.516323
65,Tanner,Marty,tmarty1s@infoseek.co.jp,Male,Ireland,Tower,-80.7087609,35.7797381
66,Yard,Sturgis,ysturgis1t@bloglovin.com,Bigender,Ireland,Clondalkin,-6.4496384,53.3582341
67,Brigitta,Drepp,bdrepp1u@addthis.com,Female,Ireland,Castlemartyr,-8.05,51.9166667
68,Marie,Greystock,mgreystock1v@angelfire.com,Female,Ireland,Tralee,-7.0833118,52.2413206
69,Marietta,Palmer,mpalmer1w@wiley.com,Male,Ireland,Bailieborough,-6.9711886,53.916791
70,Rubia,Mensler,rmensler1x@godaddy.com,Female,Ireland,Askeaton,-8.9706844,52.6004448
71,Thain,Ox,tox1y@xinhuanet.com,Male,Ireland,Farranacoush,-8.5171384,51.876873
72,Lockwood,Vawton,lvawton1z@wired.com,Male,Ireland,Valleymount,-6.3077823,53.3655256
73,Daphne,Woolger,dwoolger20@samsung.com,Polygender,Ireland,Ferbane,-8.4824714,51.8862378
74,Delmar,Glossop,dglossop21@flickr.com,Male,Ireland,Dungloe,-6.3695384,53.3734053
75,Charlie,Dagworthy,cdagworthy22@independent.co.uk,Male,Ireland,Cavan,-7.297914,54.026345
76,Nicolai,Georgiades,ngeorgiades23@fastcompany.com,Male,Ireland,Birr,-7.9139891,53.0949398
77,Rikki,Gravenell,rgravenell24@com.com,Female,Ireland,Lucan,-9.4904891,52.6396679
78,Filip,Serridge,fserridge25@hhs.gov,Male,Ireland,Tallaght,-6.3660863,53.2874153
79,Molli,Wiggall,mwiggall26@bing.com,Agender,Ireland,Foxrock,-6.1011147,53.2000455
80,Decca,Fieller,dfieller27@wordpress.org,Male,Ireland,Skerries,-6.1349155,53.5834008
81,Ainsley,Harriday,aharriday28@goo.gl,Female,Ireland,Arklow,-8.4523258,51.880525
82,Atlanta,De Michetti,ademichetti29@printfriendly.com,Female,Ireland,Claremorris,-8.334953,51.8610022
83,Belvia,Caygill,bcaygill2a@gnu.org,Female,Ireland,Boyle,-8.2969737,53.9735591
84,Ugo,Cammock,ucammock2b@ca.gov,Male,Ireland,Charlesland,-6.0690645,53.1257486
85,Tanner,Gadsdon,tgadsdon2c@paginegialle.it,Male,Ireland,Castleblayney,-6.64937,54.10269
86,Daron,Jessop,djessop2d@biblegateway.com,Female,Ireland,Bagenalstown,-6.9692181,52.7009338
87,Skipp,Rummer,srummer2e@unc.edu,Male,Ireland,Bantry,-9.448724,51.680591
88,Ahmad,Cohrs,acohrs2f@ucsd.edu,Genderfluid,Ireland,Lusk,-6.1535181,53.5220275
89,Josi,Murkin,jmurkin2g@yelp.com,Agender,Ireland,Donnybrook,-6.2324705,53.3177535
90,Zechariah,Adiscot,zadiscot2h@people.com.cn,Male,Ireland,Athy,-6.9858993,53.0018699
91,Ker,Dugget,kdugget2i@tripadvisor.com,Male,Ireland,Dunleer,-8.5176583,51.8863277
92,Allsun,Chable,achable2j@unesco.org,Female,Ireland,Castlebridge,-6.5853664,53.378253
93,Wolfgang,Gayden,wgayden2k@soup.io,Male,Ireland,Castlebellingham,-6.391149,53.8996586
94,Hernando,Ghione,hghione2l@digg.com,Male,Ireland,Ferbane,-8.4824714,51.8862378
95,Korney,Findon,kfindon2m@spotify.com,Agender,Ireland,Kilkenny,-7.2584,52.655184
96,Carin,Tenby,ctenby2n@hugedomains.com,Female,Ireland,Cashel,-7.888894,52.516323
97,Luce,Rizzini,lrizzini2o@dyndns.org,Male,Ireland,Mallow,-8.642661,52.1361219
98,Shanta,Sharrier,ssharrier2p@ftc.gov,Female,Ireland,Leixlip,-6.4887534,53.3653866
99,Gothart,Dinwoodie,gdinwoodie2q@omniture.com,Genderqueer,Ireland,Eadestown,-6.590926,53.1936864
100,Raleigh,Muzzi,rmuzzi2r@nifty.com,Agender,Ireland,Youghal,-7.8434254,51.949401
101,Alyss,Fortin,afortin2s@dropbox.com,Female,Ireland,Granard,-7.5011999,53.776647
102,Erny,Reddings,ereddings2t@quantcast.com,Male,Ireland,Greenhills,-6.336393,53.3122864
103,Dennet,Paulich,dpaulich2u@vinaora.com,Male,Ireland,Ballinteer,-6.2554371,53.2767301
104,Rivalee,Haggarth,rhaggarth2v@privacy.gov.au,Female,Ireland,Bayside,-9.1097137,53.2582868
105,Justine,Batstone,jbatstone2w@bizjournals.com,Female,Ireland,Kilmacanoge,-6.139018,53.171935
106,Lidia,Barford,lbarford2x@hud.gov,Female,Ireland,Skerries,-6.1349155,53.5834008
107,Lucian,Stonnell,lstonnell2y@dmoz.org,Male,Ireland,Glasnevin,-6.266734,53.3829319
108,Darb,Richmond,drichmond2z@fotki.com,Agender,Ireland,Fairview,-6.4202878,54.0026343
109,Demetris,Hartley,dhartley30@list-manage.com,Female,Ireland,Moate,-6.1942058,53.3604483
110,Margaretha,Meddemmen,mmeddemmen31@plala.or.jp,Female,Ireland,Whitegate,-6.3539424,53.3666338
111,Bendix,Brockhouse,bbrockhouse32@over-blog.com,Male,Ireland,Naas,-6.67045,53.213319
112,Torey,Beadnall,tbeadnall33@liveinternet.ru,Male,Ireland,Kingscourt,-6.2755912,53.3500473
113,Glyn,Isac,gisac34@themeforest.net,Male,Ireland,Dalkey,-6.1072403,53.2780047
114,Rosabelle,Fullard,rfullard35@yellowbook.com,Female,Ireland,Killorglin,-9.7850991,52.1058991
115,Aretha,Colston,acolston36@example.com,Female,Ireland,Raheny,-6.1820563,53.3786861
116,Martie,Gawne,mgawne37@ebay.co.uk,Female,Ireland,Tullamore,-7.518792,53.284466
117,Alexis,Weatherdon,aweatherdon38@abc.net.au,Male,Ireland,Oughterard,-6.1406578,53.2886387
118,Cassey,McCobb,cmccobb39@reverbnation.com,Female,Ireland,Dundrum,-6.2508196,53.2866372
119,Tye,Nibley,tnibley3a@apache.org,Male,Ireland,Cloyne,-6.2398782,53.32112
120,Stearn,Spurway,sspurway3b@redcross.org,Male,Ireland,Donabate,-6.1544115,53.4855448
121,Kimble,Clemenceau,kclemenceau3c@joomla.org,Male,Ireland,Trá Mhór,-9.0197835,53.2736466
122,Morten,Esseby,messeby3d@samsung.com,Male,Ireland,Naas,-6.67045,53.213319
123,Juanita,Cansdall,jcansdall3e@godaddy.com,Female,Ireland,Tallaght,-6.3660863,53.2874153
124,Georgette,Rollo,grollo3f@gravatar.com,Female,Ireland,Prosperous,-6.7515223,53.2888321
125,Clementius,Ferenc,cferenc3g@paypal.com,Non-binary,Ireland,Daingean,-7.1297243,52.2509369
126,Amargo,Illingsworth,aillingsworth3h@miitbeian.gov.cn,Female,Ireland,Longford,-7.8004329,53.7283566
127,Cheryl,Cosham,ccosham3i@seattletimes.com,Female,Ireland,Rathwire,-7.145971,53.508326
128,Sibel,Jochen,sjochen3j@rambler.ru,Female,Ireland,Portarlington,-7.185387,53.158984
129,Maggee,Durtnell,mdurtnell3k@answers.com,Female,Ireland,Rathwire,-7.145971,53.508326
130,Ring,Skarin,rskarin3l@hostgator.com,Male,Ireland,Raphoe,-8.2755058,52.2627273
131,Shari,Renol,srenol3m@arizona.edu,Female,Ireland,Sandyford,-6.3422325,53.719155
132,Sigfried,Curtis,scurtis3n@jugem.jp,Genderqueer,Ireland,Kinlough,-6.1136478,53.2121335
133,Meghan,Steinson,msteinson3o@friendfeed.com,Female,Ireland,Charlesland,-6.0690645,53.1257486
134,Raeann,Clues,rclues3p@usa.gov,Female,Ireland,Newmarket on Fergus,-8.8950821,52.7604883
135,Constantin,Tourle,ctourle3q@storify.com,Male,Ireland,Drumcondra,-8.445614,51.8885086
136,Nerissa,Gonzales,ngonzales3r@wordpress.org,Female,Ireland,Muff,-7.269174,55.0650892
137,Marten,Ruckledge,mruckledge3s@chron.com,Male,Ireland,Dungarvan,-6.1822287,53.3788495
138,Tyler,Langfield,tlangfield3t@angelfire.com,Male,Ireland,Listowel,-9.4851741,52.4460804
139,Berni,Binnell,bbinnell3u@stumbleupon.com,Female,Ireland,Cluain Meala,-6.2611953,53.3881832
140,Dorothy,Clift,dclift3v@flavors.me,Female,Ireland,Carrigtwohill,-8.259128,51.908209
141,Lyell,Vercruysse,lvercruysse3w@usgs.gov,Male,Ireland,Sandymount,-6.2152673,53.3323703
142,Bradan,Neillans,bneillans3x@woothemes.com,Male,Ireland,Blarney,-8.8562835,53.510243
143,Ardys,Curzon,acurzon3y@e-recht24.de,Female,Ireland,Oughterard,-6.1406578,53.2886387
144,Etan,Gong,egong3z@barnesandnoble.com,Male,Ireland,Tullamore,-7.518792,53.284466
145,Olag,Duckfield,oduckfield40@istockphoto.com,Male,Ireland,Drumcondra,-8.445614,51.8885086
146,Shaina,Gaymar,sgaymar41@geocities.jp,Female,Ireland,Shankill,-6.124065,53.231395
147,Christabella,Plaid,cplaid42@census.gov,Female,Ireland,Sallins,-6.6633404,53.2492381
148,Emmeline,Rogans,erogans43@webs.com,Female,Ireland,Kilkenny,-7.2584,52.655184
149,Garrek,Sindall,gsindall44@tamu.edu,Male,Ireland,Rathnew,-6.374155,53.3223974
150,Nikolia,Ollarenshaw,nollarenshaw45@elpais.com,Female,Ireland,Kilkenny,-7.2584,52.655184
151,Merry,Purviss,mpurviss46@ed.gov,Male,Ireland,Ballyhaunis,-8.7683674,53.7942932
152,Tobit,Mensler,tmensler47@woothemes.com,Genderqueer,Ireland,Tullamore,-7.518792,53.284466
153,Justine,Dursley,jdursley48@last.fm,Female,Ireland,Claremorris,-8.334953,51.8610022
154,Cammy,Shearwood,cshearwood49@1688.com,Male,Ireland,Carrigtwohill,-8.259128,51.908209
155,Hastings,Thorneywork,hthorneywork4a@auda.org.au,Male,Ireland,Watergrasshill,-8.337871,52.0097259
156,Isak,Leander,ileander4b@zimbio.com,Male,Ireland,Macroom,-8.958931,51.904635
157,Torie,Hark,thark4c@t.co,Bigender,Ireland,Farranacoush,-8.5171384,51.876873
158,Hobie,Lawranson,hlawranson4d@guardian.co.uk,Male,Ireland,Charlesland,-6.0690645,53.1257486
159,Renelle,Kewzick,rkewzick4e@g.co,Female,Ireland,Tuam,-8.83565,53.49417
160,Lancelot,Grinval,lgrinval4f@nhs.uk,Male,Ireland,Athlone,-7.9428197,53.4231032
161,Codi,Etches,cetches4g@cmu.edu,Female,Ireland,Annacotty,-8.5369154,52.6681994
162,Wendy,Klaus,wklaus4h@skype.com,Female,Ireland,Clones,-7.2314132,54.1794814
163,Tito,McDuffy,tmcduffy4i@slate.com,Male,Ireland,Drumcondra,-8.445614,51.8885086
164,Cornall,Lightbowne,clightbowne4j@t.co,Male,Ireland,Athlone,-7.9428197,53.4231032
165,Tonya,Ricciardello,tricciardello4k@phpbb.com,Female,Ireland,Virginia,-6.2633149,53.377533
166,Simeon,Gossart,sgossart4l@dropbox.com,Male,Ireland,Raheny,-6.1820563,53.3786861
167,Karilynn,Gossop,kgossop4m@engadget.com,Genderfluid,Ireland,Confey,-6.5028415,53.3806398
168,Kip,Lodevick,klodevick4n@posterous.com,Male,Ireland,Castleblayney,-6.64937,54.10269
169,Koenraad,Worstall,kworstall4o@hhs.gov,Male,Ireland,Rathwire,-7.145971,53.508326
170,Alexandra,Dallender,adallender4p@sohu.com,Female,Ireland,Donnycarney,-6.218069,53.374266
171,Natalee,Lawlance,nlawlance4q@creativecommons.org,Female,Ireland,Milltown,-7.9027266,53.4148582
172,Ines,Flounders,iflounders4r@rediff.com,Female,Ireland,Dublin,-6.2427004,53.3347733
173,Wendel,Ortet,wortet4s@reverbnation.com,Male,Ireland,Ballymahon,-7.7655701,53.5650926
174,Kristofor,Bartolomivis,kbartolomivis4t@barnesandnoble.com,Male,Ireland,Oranmore,-9.7359765,54.1433253
175,Tommy,Bamforth,tbamforth4u@jalbum.net,Male,Ireland,Crossmolina,-6.473025,54.0086093
176,Michele,Baxster,mbaxster4v@51.la,Male,Ireland,Nenagh,-8.2001004,52.86326
177,Matty,Titchard,mtitchard4w@creativecommons.org,Male,Ireland,Ardee,-8.4784945,51.8815586
178,Tommy,McAlpin,tmcalpin4x@friendfeed.com,Male,Ireland,Aghada,-8.4627451,54.25645
179,Lois,Hazle,lhazle4y@odnoklassniki.ru,Female,Ireland,Rathnew,-6.374155,53.3223974
180,Sigfrid,Castleton,scastleton4z@army.mil,Male,Ireland,Watergrasshill,-8.337871,52.0097259
181,Palmer,Padfield,ppadfield50@mashable.com,Male,Ireland,Aghada,-8.4627451,54.25645
182,Asher,Mewe,amewe51@yellowbook.com,Male,Ireland,Donegal,-8.5946591,54.632283
183,Vachel,Allawy,vallawy52@arstechnica.com,Male,Ireland,Dunleer,-8.5176583,51.8863277
184,Jelene,Orpwood,jorpwood53@deviantart.com,Female,Ireland,Sutton,-6.1097188,53.3895926
185,Jazmin,Olech,jolech54@sourceforge.net,Female,Ireland,Askeaton,-8.9706844,52.6004448
186,Janeta,Creus,jcreus55@sitemeter.com,Female,Ireland,Annacotty,-8.5369154,52.6681994
187,Blanch,Haulkham,bhaulkham56@bluehost.com,Female,Ireland,Fermoy,-9.5003786,52.4458588
188,Gino,Cubbon,gcubbon57@google.es,Male,Ireland,Booterstown,-6.1979853,53.3046353
189,Prent,Lacer,placer58@amazon.com,Male,Ireland,Prosperous,-6.7515223,53.2888321
190,Archibald,Proudler,aproudler59@forbes.com,Male,Ireland,Gorey,-6.308522,52.665267
191,Clarance,Kidner,ckidner5a@squidoo.com,Male,Ireland,Dromiskin,-6.4008792,53.9215606
192,Grata,Kumar,gkumar5b@vinaora.com,Female,Ireland,Dunlewy,-6.1157412,53.2774963
193,Gasparo,Riggert,griggert5c@imdb.com,Male,Ireland,Ballymahon,-7.7655701,53.5650926
194,Vivie,Colliard,vcolliard5d@businesswire.com,Female,Ireland,Clogherhead,-6.2429997,53.7902634
195,Avram,Bunford,abunford5e@usatoday.com,Male,Ireland,Ballylinan,-7.0472382,52.9480781
196,Keely,Seyler,kseyler5f@bravesites.com,Agender,Ireland,Ballina,-9.151825,54.11215
197,Kristin,Mulvin,kmulvin5g@cloudflare.com,Female,Ireland,Cobh,-8.298942,51.848898
198,Flor,Hearnshaw,fhearnshaw5h@sourceforge.net,Female,Ireland,Cashel,-7.888894,52.516323
199,Luciano,Osgarby,losgarby5i@ucla.edu,Male,Ireland,Templeogue,-6.3219759,53.2976886
200,Manda,Dooney,mdooney5j@epa.gov,Female,Ireland,Bagenalstown,-6.9692181,52.7009338
201,Trevor,Maylam,tmaylam5k@dailymail.co.uk,Male,Ireland,Beaumont,-6.2057463,53.3870149
202,Clareta,Gealy,cgealy5l@mayoclinic.com,Female,Ireland,Edgeworthstown,-7.606287,53.6972399
203,Willi,Antonijevic,wantonijevic5m@csmonitor.com,Male,Ireland,Cobh,-8.298942,51.848898
204,Donnie,Wahner,dwahner5n@blogger.com,Female,Ireland,Old Kilcullen,-6.7449927,53.1310185
205,Josiah,Kestell,jkestell5o@cnn.com,Male,Ireland,Castleblayney,-6.64937,54.10269
206,Andrei,Booth-Jarvis,aboothjarvis5p@newsvine.com,Female,Ireland,Enniskerry,-8.9821467,52.8498651
207,Stavro,Rothon,srothon5q@sogou.com,Bigender,Ireland,Sallins,-6.6633404,53.2492381
208,Ketty,Zapater,kzapater5r@weather.com,Female,Ireland,Clondalkin,-6.4496384,53.3582341
209,Elaine,Claire,eclaire5s@mayoclinic.com,Female,Ireland,Castlemartyr,-8.05,51.9166667
210,Gwenore,Spellacy,gspellacy5t@sbwire.com,Polygender,Ireland,Blessington,-8.5111664,51.8858819
211,Esme,Westnedge,ewestnedge5u@domainmarket.com,Male,Ireland,Leixlip,-6.4887534,53.3653866
212,Mada,Shead,mshead5v@china.com.cn,Female,Ireland,Birr,-7.9139891,53.0949398
213,Ingrid,Rucklidge,irucklidge5w@usa.gov,Female,Ireland,Kinnegad,-9.1327273,53.806868
214,Wylma,Osborn,wosborn5x@umich.edu,Female,Ireland,Oughterard,-6.1406578,53.2886387
215,Lesly,Varley,lvarley5y@earthlink.net,Female,Ireland,Claremorris,-8.334953,51.8610022
216,Avrit,Rutherfoord,arutherfoord5z@facebook.com,Female,Ireland,Greenhills,-6.336393,53.3122864
217,Maure,Casbourne,mcasbourne60@amazon.de,Female,Ireland,Farranacoush,-8.5171384,51.876873
218,Winifred,Caren,wcaren61@xing.com,Female,Ireland,Ardee,-8.4784945,51.8815586
219,Minnnie,Lefeuvre,mlefeuvre62@chron.com,Female,Ireland,Muff,-7.269174,55.0650892
220,Erna,Whyard,ewhyard63@who.int,Female,Ireland,Kiltamagh,-8.9949917,53.8533151
221,Korney,Dunbleton,kdunbleton64@hud.gov,Female,Ireland,Adare,-6.176659,53.4487975
222,Dewie,Sauvage,dsauvage65@multiply.com,Male,Ireland,Clondalkin,-6.4496384,53.3582341
223,Fielding,Hinnerk,fhinnerk66@blog.com,Male,Ireland,Clones,-7.2314132,54.1794814
224,Brynna,Cicero,bcicero67@over-blog.com,Female,Ireland,Leixlip,-6.4887534,53.3653866
225,Paddie,McMyler,pmcmyler68@exblog.jp,Male,Ireland,Ballyjamesduff,-7.086877,53.8363325
226,Bail,Pheazey,bpheazey69@hexun.com,Male,Ireland,Old Kilcullen,-6.7449927,53.1310185
227,Tabby,Heminsley,theminsley6a@webs.com,Female,Ireland,Ballylinan,-7.0472382,52.9480781
228,Anson,Wicklen,awicklen6b@posterous.com,Male,Ireland,Bundoran,-8.2817353,54.4771768
229,Rochester,Shiers,rshiers6c@webeden.co.uk,Male,Ireland,Moville,-8.4242597,51.8910459
230,Barbee,Mence,bmence6d@cisco.com,Female,Ireland,Ashford,-6.3828795,53.385304
231,Elnore,Pundy,epundy6e@zimbio.com,Female,Ireland,Arklow,-8.4523258,51.880525
232,Burton,Rillstone,brillstone6f@redcross.org,Male,Ireland,Manorhamilton,-8.1722002,54.3051891
233,Christy,Rand,crand6g@amazon.de,Male,Ireland,Navan,-6.313755,53.366736
234,Eben,Pawelke,epawelke6h@wikispaces.com,Male,Ireland,Moate,-6.1942058,53.3604483
235,Arch,Cosson,acosson6i@shareasale.com,Male,Ireland,Ballivor,-6.1191333,53.1915379
236,Lavinie,Culshaw,lculshaw6j@eepurl.com,Female,Ireland,Milltown,-7.9027266,53.4148582
237,Pru,Mort,pmort6k@youku.com,Female,Ireland,Shankill,-6.124065,53.231395
238,Liva,Springall,lspringall6l@senate.gov,Female,Ireland,Bayside,-9.1097137,53.2582868
239,Janith,Redford,jredford6m@reference.com,Female,Ireland,Bantry,-9.448724,51.680591
240,Bengt,MacSorley,bmacsorley6n@sina.com.cn,Genderfluid,Ireland,Granard,-7.5011999,53.776647
241,Aleksandr,Debrick,adebrick6o@quantcast.com,Male,Ireland,Sandyford,-6.3422325,53.719155
242,Lindsey,Mellings,lmellings6p@slate.com,Male,Ireland,Clonskeagh,-6.2387374,53.3141205
243,Berny,Batey,bbatey6q@illinois.edu,Female,Ireland,Kinlough,-6.1136478,53.2121335
244,Brandtr,Adolthine,badolthine6r@discuz.net,Male,Ireland,Piltown,-6.3025448,53.6920618
245,Silvanus,Eldred,seldred6s@netscape.com,Male,Ireland,Ratoath,-6.4671298,53.5050031
246,Kynthia,Casebourne,kcasebourne6t@phpbb.com,Female,Ireland,Ratoath,-6.4671298,53.5050031
247,Leontyne,Maxwale,lmaxwale6u@webs.com,Female,Ireland,Malahide,-6.1479779,53.450694
248,Loni,Borland,lborland6v@moonfruit.com,Female,Ireland,Dungloe,-6.3695384,53.3734053
249,Aline,Krochmann,akrochmann6w@earthlink.net,Female,Ireland,Monasterevin,-7.0625888,53.1387595
250,Iolanthe,Everwin,ieverwin6x@google.de,Female,Ireland,Lusk,-6.1535181,53.5220275
251,Emelda,Etheredge,eetheredge6y@va.gov,Female,Ireland,Oughterard,-6.1406578,53.2886387
252,Liam,Cubbini,lcubbini6z@lycos.com,Male,Ireland,Daingean,-7.1297243,52.2509369
253,Darin,Cheers,dcheers70@wunderground.com,Bigender,Ireland,Tower,-80.7087609,35.7797381
254,Luke,O'Cannavan,locannavan71@yahoo.co.jp,Male,Ireland,Midleton,-8.1722173,51.9138694
255,Carola,Arrington,carrington72@jimdo.com,Female,Ireland,Granard,-7.5011999,53.776647
256,Inigo,Manilove,imanilove73@github.io,Male,Ireland,Ballymahon,-7.7655701,53.5650926
257,Nanice,de Mullett,ndemullett74@bizjournals.com,Non-binary,Ireland,Lusk,-6.1535181,53.5220275
258,Percival,Pilpovic,ppilpovic75@dot.gov,Male,Ireland,Sandymount,-6.2152673,53.3323703
259,Aharon,Bowness,abowness76@google.com.hk,Non-binary,Ireland,Moycullen,-9.159604,53.302644
260,Della,Pridding,dpridding77@odnoklassniki.ru,Female,Ireland,Youghal,-7.8434254,51.949401
261,Valentin,Orrah,vorrah78@latimes.com,Male,Ireland,Castleknock,-9.0248232,53.2760162
262,Dorey,Really,dreally79@census.gov,Polygender,Ireland,Tullyallen,-6.4241156,53.7369009
263,Addy,Florentine,aflorentine7a@jalbum.net,Female,Ireland,Kiltamagh,-8.9949917,53.8533151
264,Grete,Cicco,gcicco7b@sina.com.cn,Female,Ireland,Birr,-7.9139891,53.0949398
265,Ronnica,Cranson,rcranson7c@aol.com,Female,Ireland,Dublin,-6.2427004,53.3347733
266,Jamey,Latehouse,jlatehouse7d@purevolume.com,Male,Ireland,Longwood,-6.2892907,53.310122
267,Xerxes,Gearing,xgearing7e@amazon.com,Male,Ireland,Clondalkin,-6.4496384,53.3582341
268,Gottfried,Calbreath,gcalbreath7f@cnn.com,Genderqueer,Ireland,Portumna,-8.2215941,53.0917381
269,Elset,Stalf,estalf7g@go.com,Female,Ireland,Dublin,-6.2427004,53.3347733
270,Goran,Stalf,gstalf7h@studiopress.com,Male,Ireland,Glasnevin,-6.266734,53.3829319
271,Mischa,Gainsborough,mgainsborough7i@friendfeed.com,Non-binary,Ireland,Dungarvan,-6.1822287,53.3788495
272,Allyn,Belin,abelin7j@godaddy.com,Female,Ireland,Eadestown,-6.590926,53.1936864
273,Carlos,Gerrad,cgerrad7k@zdnet.com,Male,Ireland,Clondalkin,-6.4496384,53.3582341
274,Dian,Bakey,dbakey7l@ftc.gov,Female,Ireland,Cill Airne,-6.2890702,53.3201497
275,Arvie,Armor,aarmor7m@mtv.com,Male,Ireland,Watergrasshill,-8.337871,52.0097259
276,Dorian,Leser,dleser7n@hp.com,Female,Ireland,Gweedore,-9.0288689,53.2737147
277,Hy,Tomblett,htomblett7o@wired.com,Male,Ireland,Oughterard,-6.1406578,53.2886387
278,Bogart,Hiscocks,bhiscocks7p@deviantart.com,Genderqueer,Ireland,Listowel,-9.4851741,52.4460804
279,Niles,Dyers,ndyers7q@cyberchimps.com,Male,Ireland,Stradbally,-8.5054897,52.7107501
280,Horatia,Kubas,hkubas7r@angelfire.com,Female,Ireland,Dungarvan,-6.1822287,53.3788495
281,Alfredo,Crosen,acrosen7s@tripod.com,Male,Ireland,Manorhamilton,-8.1722002,54.3051891
282,Nolan,Coombe,ncoombe7t@scientificamerican.com,Male,Ireland,Athy,-6.9858993,53.0018699
283,Audre,Dabinett,adabinett7u@skype.com,Female,Ireland,Sandymount,-6.2152673,53.3323703
284,Kerry,Steuhlmeyer,ksteuhlmeyer7v@istockphoto.com,Male,Ireland,Old Kilcullen,-6.7449927,53.1310185
285,Gail,Scoles,gscoles7w@devhub.com,Female,Ireland,Clones,-7.2314132,54.1794814
286,Philippa,O'Doherty,podoherty7x@shop-pro.jp,Female,Ireland,Dunlewy,-6.1157412,53.2774963
287,Eleonore,Skynner,eskynner7y@163.com,Female,Ireland,Charlesland,-6.0690645,53.1257486
288,Avrom,Clappison,aclappison7z@reddit.com,Male,Ireland,Oranmore,-9.7359765,54.1433253
289,Osbourn,Shrimpling,oshrimpling80@psu.edu,Male,Ireland,Tower,-80.7087609,35.7797381
290,Brigit,Sincock,bsincock81@fotki.com,Female,Ireland,Ballyboden,-6.3049392,53.3021194
291,Florida,Normanvell,fnormanvell82@chron.com,Female,Ireland,Monasterevin,-7.0625888,53.1387595
292,Kayla,Walaron,kwalaron83@google.es,Polygender,Ireland,Aghada,-8.4627451,54.25645
293,Westleigh,Pankethman,wpankethman84@odnoklassniki.ru,Male,Ireland,Dalkey,-6.1072403,53.2780047
294,Teirtza,Dullard,tdullard85@miibeian.gov.cn,Female,Ireland,Moate,-6.1942058,53.3604483
295,Arlinda,Gwyllt,agwyllt86@java.com,Female,Ireland,Birr,-7.9139891,53.0949398
296,Hillard,Hully,hhully87@sakura.ne.jp,Male,Ireland,Killorglin,-9.7850991,52.1058991
297,Odette,Dahlbom,odahlbom88@google.fr,Female,Ireland,Raheny,-6.1820563,53.3786861
298,Donna,Chaize,dchaize89@homestead.com,Female,Ireland,Moycullen,-9.159604,53.302644
299,Elinor,Meus,emeus8a@51.la,Genderfluid,Ireland,Kilmacanoge,-6.139018,53.171935
300,Gayle,O'Caherny,gocaherny8b@toplist.cz,Non-binary,Ireland,Ballinteer,-6.2554371,53.2767301
301,Sly,McKie,smckie8c@mac.com,Male,Ireland,Athy,-6.9858993,53.0018699
302,Hedda,Lee,hlee8d@time.com,Non-binary,Ireland,Coolock,-6.1920933,53.3916434
303,Ardella,Swadden,aswadden8e@ezinearticles.com,Female,Ireland,Birr,-7.9139891,53.0949398
304,Olympe,Cleere,ocleere8f@tinypic.com,Female,Ireland,Ballymahon,-7.7655701,53.5650926
305,Austin,Prichard,aprichard8g@sogou.com,Female,Ireland,Tullyallen,-6.4241156,53.7369009
306,Malena,Doll,mdoll8h@msu.edu,Female,Ireland,Sandyford,-6.3422325,53.719155
307,Law,Kolakowski,lkolakowski8i@google.com.br,Male,Ireland,Boyle,-8.2969737,53.9735591
308,Lenora,Sawfoot,lsawfoot8j@reddit.com,Female,Ireland,Portumna,-8.2215941,53.0917381
309,Ilaire,Laidel,ilaidel8k@networksolutions.com,Male,Ireland,Donegal,-8.5946591,54.632283
310,Lalo,Fellgate,lfellgate8l@themeforest.net,Male,Ireland,Killumney,-8.6340751,52.6638144
311,Tabb,Haycock,thaycock8m@jigsy.com,Male,Ireland,Castlebridge,-6.5853664,53.378253
312,Clayson,Seid,cseid8n@wikimedia.org,Male,Ireland,Boyle,-8.2969737,53.9735591
313,Rafi,Selvey,rselvey8o@amazon.co.jp,Male,Ireland,Dún Laoghaire,-6.133718,53.291512
314,Barrett,L'Episcopio,blepiscopio8p@ezinearticles.com,Male,Ireland,Killumney,-8.6340751,52.6638144
315,Andros,Aronsohn,aaronsohn8q@intel.com,Male,Ireland,Ballymahon,-7.7655701,53.5650926
316,Shepherd,Cleef,scleef8r@newsvine.com,Male,Ireland,Kanturk,-8.9342111,52.182304
317,Dani,MacColm,dmaccolm8s@infoseek.co.jp,Female,Ireland,Mallow,-8.642661,52.1361219
318,Mona,Kosel,mkosel8t@eepurl.com,Female,Ireland,Dromiskin,-6.4008792,53.9215606
319,Marybeth,Blaydon,mblaydon8u@dailymotion.com,Female,Ireland,Naas,-6.67045,53.213319
320,Faustina,Dentith,fdentith8v@huffingtonpost.com,Female,Ireland,Kildare,-6.9140788,53.169971
321,Lorant,Gregor,lgregor8w@miibeian.gov.cn,Polygender,Ireland,Monasterevin,-7.0625888,53.1387595
322,Waring,Pinnocke,wpinnocke8x@gizmodo.com,Male,Ireland,Rathdrum,-6.163027,53.2339841
323,Bronnie,Jizhaki,bjizhaki8y@gnu.org,Male,Ireland,Oughterard,-6.1406578,53.2886387
324,Noak,Catford,ncatford8z@fc2.com,Male,Ireland,Monasterevin,-7.0625888,53.1387595
325,Iorgo,Taill,itaill90@columbia.edu,Male,Ireland,Aghada,-8.4627451,54.25645
326,Clementine,Comiam,ccomiam91@goodreads.com,Female,Ireland,Donnybrook,-6.2324705,53.3177535
327,Tomasina,Romanetti,tromanetti92@webeden.co.uk,Female,Ireland,Crossmolina,-6.473025,54.0086093
328,Essy,Risman,erisman93@wikipedia.org,Polygender,Ireland,Rathwire,-7.145971,53.508326
329,Robbyn,Jillett,rjillett94@yahoo.com,Female,Ireland,Kill,-6.5924609,53.2482376
330,Wainwright,Rashleigh,wrashleigh95@drupal.org,Male,Ireland,Caherconlish,-8.3545704,52.5593605
331,Ignazio,Halligan,ihalligan96@wordpress.com,Male,Ireland,Castlerea,-8.6346959,53.7423435
332,Giselbert,Di Claudio,gdiclaudio97@yolasite.com,Male,Ireland,Boyle,-8.2969737,53.9735591
333,Siegfried,Nerger,snerger98@slideshare.net,Genderfluid,Ireland,Ballybofey,-7.74208,54.70972
334,Boot,Lepick,blepick99@toplist.cz,Male,Ireland,Eadestown,-6.590926,53.1936864
335,Calida,Cairney,ccairney9a@wiley.com,Female,Ireland,Dunleer,-8.5176583,51.8863277
336,Nerita,Rosling,nrosling9b@springer.com,Female,Ireland,Greystones,-6.0704904,53.1286984
337,Donaugh,Couroy,dcouroy9c@businessweek.com,Male,Ireland,Ballyjamesduff,-7.086877,53.8363325
338,Yulma,Sharrem,ysharrem9d@twitter.com,Non-binary,Ireland,Moate,-6.1942058,53.3604483
339,Anthony,Quernel,aquernel9e@altervista.org,Male,Ireland,Adare,-6.176659,53.4487975
340,Pascal,Keenlayside,pkeenlayside9f@ow.ly,Male,Ireland,Granard,-7.5011999,53.776647
341,Dido,Grew,dgrew9g@stumbleupon.com,Female,Ireland,Ballymahon,-7.7655701,53.5650926
342,Ermin,Gun,egun9h@ocn.ne.jp,Male,Ireland,Thomastown,-6.7434401,53.2229873
343,Claudie,Cicetti,ccicetti9i@ucoz.com,Female,Ireland,Dalkey,-6.1072403,53.2780047
344,Barnaby,Giovannetti,bgiovannetti9j@jimdo.com,Male,Ireland,Castlepollard,-7.2979911,53.6785169
345,Eduard,Detoile,edetoile9k@unc.edu,Male,Ireland,Kilmacanoge,-6.139018,53.171935
346,Olenolin,Delamere,odelamere9l@bloglovin.com,Male,Ireland,Cork,-8.489012,51.923707
347,Hercules,Hawkwood,hhawkwood9m@furl.net,Male,Ireland,Kinlough,-6.1136478,53.2121335
348,Brucie,Tibbetts,btibbetts9n@marriott.com,Male,Ireland,Portarlington,-7.185387,53.158984
349,Newton,Clyne,nclyne9o@npr.org,Bigender,Ireland,Midleton,-8.1722173,51.9138694
350,Brandie,Meran,bmeran9p@nymag.com,Female,Ireland,Castleblayney,-6.64937,54.10269
351,Clyde,Dixcey,cdixcey9q@businessinsider.com,Male,Ireland,Kilcullen,-8.5047067,51.8830697
352,Booth,Smolan,bsmolan9r@admin.ch,Genderqueer,Ireland,Gort,-8.9791425,52.8638391
353,Rhett,Conant,rconant9s@godaddy.com,Male,Ireland,Milltown,-7.9027266,53.4148582
354,Neall,Empringham,nempringham9t@ca.gov,Polygender,Ireland,Killumney,-8.6340751,52.6638144
355,Tracy,Soffe,tsoffe9u@sourceforge.net,Male,Ireland,Kinsale,-6.251714,53.3169419
356,Kelsey,New,knew9v@statcounter.com,Female,Ireland,Moville,-8.4242597,51.8910459
357,Marvin,Dedam,mdedam9w@senate.gov,Male,Ireland,Granard,-7.5011999,53.776647
358,Gusti,Sherred,gsherred9x@rediff.com,Female,Ireland,Rathangan,-6.9898366,53.2265199
359,Suki,Gilburt,sgilburt9y@pcworld.com,Non-binary,Ireland,Donnybrook,-6.2324705,53.3177535
360,Robers,Nield,rnield9z@macromedia.com,Male,Ireland,Dromiskin,-6.4008792,53.9215606
361,Klaus,Blasl,kblasla0@dailymotion.com,Male,Ireland,Donnybrook,-6.2324705,53.3177535
362,Sophie,Fiddiman,sfiddimana1@newsvine.com,Female,Ireland,Watergrasshill,-8.337871,52.0097259
363,Beth,Olanda,bolandaa2@discovery.com,Female,Ireland,Booterstown,-6.1979853,53.3046353
364,Leigh,Harrie,lharriea3@paypal.com,Female,Ireland,Listowel,-9.4851741,52.4460804
365,Milissent,Leel,mleela4@cbsnews.com,Female,Ireland,Carrigaline,-8.3929404,51.8113447
366,Findley,Nand,fnanda5@virginia.edu,Male,Ireland,Mullagh,-8.4977746,51.8895954
367,Renata,Duckinfield,rduckinfielda6@apache.org,Female,Ireland,Cabinteely,-6.1603828,53.2599034
368,Tamarah,Gealy,tgealya7@uol.com.br,Female,Ireland,Balrothery,-6.1884248,53.5879156
369,Tandie,Klesl,tklesla8@marketwatch.com,Female,Ireland,Killumney,-8.6340751,52.6638144
370,Hanna,Sevier,hseviera9@mit.edu,Female,Ireland,Carrigaline,-8.3929404,51.8113447
371,El,Mutimer,emutimeraa@prlog.org,Male,Ireland,Kanturk,-8.9342111,52.182304
372,Gypsy,Brabbs,gbrabbsab@t.co,Female,Ireland,Thomastown,-6.7434401,53.2229873
373,Paola,Rispine,prispineac@mtv.com,Female,Ireland,Donegal,-8.5946591,54.632283
374,Selena,Espadate,sespadatead@hubpages.com,Female,Ireland,Boyle,-8.2969737,53.9735591
375,Kienan,Mewis,kmewisae@canalblog.com,Male,Ireland,Belmullet,-10.0320886,54.2223118
376,Kaycee,Kitter,kkitteraf@archive.org,Female,Ireland,Old Kilcullen,-6.7449927,53.1310185
377,Adelina,Rraundl,arraundlag@uiuc.edu,Female,Ireland,Cork,-8.489012,51.923707
378,Nissa,Duggary,nduggaryah@flickr.com,Female,Ireland,Navan,-6.313755,53.366736
379,Beau,Schimann,bschimannai@walmart.com,Male,Ireland,Askeaton,-8.9706844,52.6004448
380,Corabel,Oulner,coulneraj@patch.com,Female,Ireland,Boyle,-8.2969737,53.9735591
381,Dorotea,Coils,dcoilsak@nature.com,Female,Ireland,Drumcondra,-8.445614,51.8885086
382,Dode,Withur,dwithural@newsvine.com,Female,Ireland,Clifden,-10.022186,53.488087
383,Katrina,Guise,kguiseam@wp.com,Female,Ireland,Castleblayney,-6.64937,54.10269
384,Darin,Iddons,diddonsan@bloomberg.com,Male,Ireland,Stradbally,-8.5054897,52.7107501
385,Leonardo,Carrol,lcarrolao@bizjournals.com,Agender,Ireland,Sallins,-6.6633404,53.2492381
386,Aurora,Casacchia,acasacchiaap@nature.com,Female,Ireland,Kanturk,-8.9342111,52.182304
387,Wynn,Prene,wpreneaq@ucsd.edu,Male,Ireland,Dunlewy,-6.1157412,53.2774963
388,Charlena,Enbury,cenburyar@soup.io,Female,Ireland,Carrigtwohill,-8.259128,51.908209
389,Lind,Mossbee,lmossbeeas@ocn.ne.jp,Male,Ireland,Monasterevin,-7.0625888,53.1387595
390,Salvidor,Churly,schurlyat@bloglines.com,Male,Ireland,Virginia,-6.2633149,53.377533
391,Tudor,Filipovic,tfilipovicau@vk.com,Male,Ireland,Gort,-8.9791425,52.8638391
392,Pacorro,Portail,pportailav@unesco.org,Male,Ireland,Ballyhaunis,-8.7683674,53.7942932
393,Rahel,Pellamonuten,rpellamonutenaw@pagesperso-orange.fr,Female,Ireland,Sandymount,-6.2152673,53.3323703
394,Cyb,Stickens,cstickensax@wordpress.org,Female,Ireland,Confey,-6.5028415,53.3806398
395,Karoly,Scrimshaw,kscrimshaway@businessweek.com,Male,Ireland,Piltown,-6.3025448,53.6920618
396,Lavinie,Pleager,lpleageraz@gravatar.com,Female,Ireland,Bailieborough,-6.9711886,53.916791
397,Ailsun,Damerell,adamerellb0@dailymail.co.uk,Female,Ireland,Belmullet,-10.0320886,54.2223118
398,Carolee,Coton,ccotonb1@narod.ru,Polygender,Ireland,Greystones,-6.0704904,53.1286984
399,Far,Lorek,florekb2@de.vu,Male,Ireland,Castlepollard,-7.2979911,53.6785169
400,Bary,Selbie,bselbieb3@addthis.com,Male,Ireland,Kinlough,-6.1136478,53.2121335
401,Kylynn,Sherewood,ksherewoodb4@bloomberg.com,Female,Ireland,Fairview,-6.4202878,54.0026343
402,Manon,Wheble,mwhebleb5@washington.edu,Female,Ireland,Kinlough,-6.1136478,53.2121335
403,Sidoney,Dearth,sdearthb6@comsenz.com,Female,Ireland,Tuam,-8.83565,53.49417
404,Orazio,Willoway,owillowayb7@jugem.jp,Male,Ireland,Cluain Meala,-6.2611953,53.3881832
405,Faythe,Pegden,fpegdenb8@imgur.com,Female,Ireland,Caherconlish,-8.3545704,52.5593605
406,Lolita,Bagger,lbaggerb9@loc.gov,Female,Ireland,Beaumont,-6.2057463,53.3870149
407,Courtnay,Percifull,cpercifullba@omniture.com,Female,Ireland,Crossmolina,-6.473025,54.0086093
408,Tristan,Arnott,tarnottbb@slashdot.org,Male,Ireland,Ballybofey,-7.74208,54.70972
409,Carla,Linklet,clinkletbc@jiathis.com,Female,Ireland,Carrigtwohill,-8.259128,51.908209
410,Chickie,Chiommienti,cchiommientibd@qq.com,Female,Ireland,Cobh,-8.298942,51.848898
411,Madalena,Scipsey,mscipseybe@va.gov,Female,Ireland,Shankill,-6.124065,53.231395
412,Hilario,Neeves,hneevesbf@scribd.com,Male,Ireland,Ballyhaunis,-8.7683674,53.7942932
413,Egor,Chesshire,echesshirebg@1und1.de,Male,Ireland,Mallow,-8.642661,52.1361219
414,Corrie,Geratt,cgerattbh@w3.org,Female,Ireland,Granard,-7.5011999,53.776647
415,Kippy,Mowett,kmowettbi@cam.ac.uk,Female,Ireland,Rathnew,-6.374155,53.3223974
416,Paxton,Tupie,ptupiebj@biglobe.ne.jp,Male,Ireland,Donnycarney,-6.218069,53.374266
417,Gerard,Arden,gardenbk@altervista.org,Male,Ireland,Donnycarney,-6.218069,53.374266
418,Tann,Sconce,tsconcebl@state.gov,Male,Ireland,Balrothery,-6.1884248,53.5879156
419,Ben,Ludman,bludmanbm@mayoclinic.com,Male,Ireland,Greenhills,-6.336393,53.3122864
420,Gerick,Aleveque,galevequebn@multiply.com,Genderqueer,Ireland,Rathwire,-7.145971,53.508326
421,Yevette,Mathys,ymathysbo@guardian.co.uk,Female,Ireland,Foxrock,-6.1011147,53.2000455
422,Gram,Bassindale,gbassindalebp@typepad.com,Male,Ireland,Donnycarney,-6.218069,53.374266
423,Cherye,Girdwood,cgirdwoodbq@lulu.com,Female,Ireland,Cloyne,-6.2398782,53.32112
424,Maura,Boomes,mboomesbr@foxnews.com,Female,Ireland,Cherryville,-7.1111732,52.2513095
425,Kittie,Landman,klandmanbs@un.org,Female,Ireland,Kildare,-6.9140788,53.169971
426,Sonny,Stoffersen,sstoffersenbt@multiply.com,Female,Ireland,Cavan,-7.297914,54.026345
427,Rainer,D'Ambrosi,rdambrosibu@nyu.edu,Male,Ireland,Ballinroad,-7.5717688,52.1045472
428,Manuel,Kuna,mkunabv@psu.edu,Male,Ireland,Leixlip,-6.4887534,53.3653866
429,Mitchel,Thornber,mthornberbw@merriam-webster.com,Male,Ireland,Castlepollard,-7.2979911,53.6785169
430,Percival,Mayhow,pmayhowbx@berkeley.edu,Male,Ireland,Castleknock,-9.0248232,53.2760162
431,Esta,Fasse,efasseby@woothemes.com,Female,Ireland,Farranacoush,-8.5171384,51.876873
432,Cleve,Hummerston,chummerstonbz@fda.gov,Polygender,Ireland,Longford,-7.8004329,53.7283566
433,Shepard,Pretti,sprettic0@google.nl,Male,Ireland,Youghal,-7.8434254,51.949401
434,Cherilynn,Ruffell,cruffellc1@hhs.gov,Agender,Ireland,Monkstown,-8.9775014,52.8314927
435,Madelyn,Cool,mcoolc2@skype.com,Female,Ireland,Kildare,-6.9140788,53.169971
436,Jesus,Francecione,jfrancecionec3@slashdot.org,Male,Ireland,Kingscourt,-6.2755912,53.3500473
437,Sharl,Gossan,sgossanc4@histats.com,Female,Ireland,Castleblayney,-6.64937,54.10269
438,Ynes,McCartan,ymccartanc5@ibm.com,Female,Ireland,Blessington,-8.5111664,51.8858819
439,Georas,Everil,geverilc6@biblegateway.com,Male,Ireland,Monkstown,-8.9775014,52.8314927
440,Glynnis,Kristof,gkristofc7@hhs.gov,Female,Ireland,Cork,-8.489012,51.923707
441,Aubree,Donalson,adonalsonc8@yahoo.com,Female,Ireland,Shankill,-6.124065,53.231395
442,Oriana,Illem,oillemc9@microsoft.com,Female,Ireland,Dublin,-6.2427004,53.3347733
443,Breena,Dewberry,bdewberryca@boston.com,Female,Ireland,Stradbally,-8.5054897,52.7107501
444,Oby,Casaccio,ocasacciocb@icio.us,Male,Ireland,Glasnevin,-6.266734,53.3829319
445,Brewer,Votier,bvotiercc@utexas.edu,Male,Ireland,Charlesland,-6.0690645,53.1257486
446,Francesca,Matoshin,fmatoshincd@sina.com.cn,Agender,Ireland,Beaumont,-6.2057463,53.3870149
447,Bibi,Southan,bsouthance@bluehost.com,Female,Ireland,Granard,-7.5011999,53.776647
448,Andi,Fullard,afullardcf@noaa.gov,Agender,Ireland,Castlebellingham,-6.391149,53.8996586
449,Pamella,Lilburne,plilburnecg@marketwatch.com,Female,Ireland,Sutton,-6.1097188,53.3895926
450,Valina,Pargiter,vpargiterch@sun.com,Female,Ireland,Donegal,-8.5946591,54.632283
451,Belita,Chalder,bchalderci@guardian.co.uk,Female,Ireland,Fairview,-6.4202878,54.0026343
452,Abbe,Bridgstock,abridgstockcj@yale.edu,Female,Ireland,Old Kilcullen,-6.7449927,53.1310185
453,Ford,Langfat,flangfatck@bloomberg.com,Male,Ireland,Dublin,-6.2427004,53.3347733
454,Beauregard,Midgely,bmidgelycl@ucsd.edu,Male,Ireland,Ballina,-9.151825,54.11215
455,Murielle,Powlett,mpowlettcm@cdbaby.com,Female,Ireland,Gorey,-6.308522,52.665267
456,Luke,Hardan,lhardancn@ning.com,Male,Ireland,Shankill,-6.124065,53.231395
457,Nixie,Corke,ncorkeco@kickstarter.com,Female,Ireland,Tower,-80.7087609,35.7797381
458,Brooks,Doddridge,bdoddridgecp@cdc.gov,Male,Ireland,Edgeworthstown,-7.606287,53.6972399
459,Hal,Winspear,hwinspearcq@indiegogo.com,Male,Ireland,Dunlewy,-6.1157412,53.2774963
460,Hollyanne,Tatters,htatterscr@imgur.com,Female,Ireland,Bagenalstown,-6.9692181,52.7009338
461,Merrill,Bellsham,mbellshamcs@reference.com,Female,Ireland,Tuam,-8.83565,53.49417
462,Egor,Rohlfs,erohlfsct@cargocollective.com,Male,Ireland,Longford,-7.8004329,53.7283566
463,Fawn,Pietersma,fpietersmacu@springer.com,Female,Ireland,Kingscourt,-6.2755912,53.3500473
464,Rabi,Gosdin,rgosdincv@example.com,Non-binary,Ireland,Ballinroad,-7.5717688,52.1045472
465,Gran,Skeermer,gskeermercw@bandcamp.com,Male,Ireland,Dungloe,-6.3695384,53.3734053
466,Harri,Orhtmann,horhtmanncx@nbcnews.com,Female,Ireland,Greystones,-6.0704904,53.1286984
467,Ceciley,Sushams,csushamscy@mac.com,Female,Ireland,Tralee,-7.0833118,52.2413206
468,Fabian,Beales,fbealescz@blogs.com,Male,Ireland,Enniskerry,-8.9821467,52.8498651
469,Shelley,Johnston,sjohnstond0@telegraph.co.uk,Female,Ireland,Ardee,-8.4784945,51.8815586
470,Davin,Dreigher,ddreigherd1@gov.uk,Non-binary,Ireland,Monasterevin,-7.0625888,53.1387595
471,Quincey,Rannigan,qrannigand2@arizona.edu,Male,Ireland,Bantry,-9.448724,51.680591
472,Cris,Kynder,ckynderd3@trellian.com,Female,Ireland,Kilcullen,-8.5047067,51.8830697
473,Irwin,Leopard,ileopardd4@engadget.com,Male,Ireland,Thomastown,-6.7434401,53.2229873
474,Chickie,Spain,cspaind5@ted.com,Female,Ireland,Sutton,-6.1097188,53.3895926
475,Deborah,Orans,doransd6@discovery.com,Female,Ireland,Donabate,-6.1544115,53.4855448
476,Alf,Gusney,agusneyd7@ezinearticles.com,Male,Ireland,Cabinteely,-6.1603828,53.2599034
477,Orelia,Poff,opoffd8@state.tx.us,Female,Ireland,Askeaton,-8.9706844,52.6004448
478,Cordie,Fice,cficed9@sohu.com,Genderqueer,Ireland,Ferbane,-8.4824714,51.8862378
479,Bonny,Scally,bscallyda@goo.gl,Female,Ireland,Mallow,-8.642661,52.1361219
480,Seth,Corkhill,scorkhilldb@washingtonpost.com,Male,Ireland,Ballina,-9.151825,54.11215
481,Billy,Manktelow,bmanktelowdc@storify.com,Female,Ireland,Ashford,-6.3828795,53.385304
482,Karola,Budd,kbudddd@yellowpages.com,Female,Ireland,Granard,-7.5011999,53.776647
483,Wilbur,Acom,wacomde@taobao.com,Male,Ireland,Moycullen,-9.159604,53.302644
484,Juieta,Lucia,jluciadf@comcast.net,Female,Ireland,Virginia,-6.2633149,53.377533
485,Emilie,Wimlett,ewimlettdg@dell.com,Female,Ireland,Lucan,-9.4904891,52.6396679
486,Joanna,Firsby,jfirsbydh@livejournal.com,Female,Ireland,Ballyjamesduff,-7.086877,53.8363325
487,Margalit,McKeaveney,mmckeaveneydi@google.com.au,Female,Ireland,Moate,-6.1942058,53.3604483
488,Paulie,Phlippi,pphlippidj@answers.com,Male,Ireland,Skerries,-6.1349155,53.5834008
489,Linnell,Dews,ldewsdk@moonfruit.com,Female,Ireland,Kanturk,-8.9342111,52.182304
490,Laraine,Want,lwantdl@dmoz.org,Female,Ireland,Youghal,-7.8434254,51.949401
491,Rochester,Riggs,rriggsdm@marketwatch.com,Male,Ireland,Kingscourt,-6.2755912,53.3500473
492,Evangeline,Meiklam,emeiklamdn@e-recht24.de,Female,Ireland,Clonskeagh,-6.2387374,53.3141205
493,Mart,Luckham,mluckhamdo@bigcartel.com,Male,Ireland,Kilmacanoge,-6.139018,53.171935
494,Vergil,Tordiffe,vtordiffedp@blogger.com,Male,Ireland,Ballymahon,-7.7655701,53.5650926
495,Farlay,Bastie,fbastiedq@google.com,Male,Ireland,Birr,-7.9139891,53.0949398
496,Ana,Fadell,afadelldr@nydailynews.com,Genderqueer,Ireland,Oughterard,-6.1406578,53.2886387
497,Waldo,Woffinden,wwoffindends@pagesperso-orange.fr,Male,Ireland,Castlebridge,-6.5853664,53.378253
498,Ebba,Hendrik,ehendrikdt@about.com,Female,Ireland,Dublin,-6.2427004,53.3347733
499,Valentijn,Manhare,vmanharedu@studiopress.com,Male,Ireland,Bailieborough,-6.9711886,53.916791
500,Lindon,Tarbett,ltarbettdv@vinaora.com,Male,Ireland,Cavan,-7.297914,54.026345
501,Tamas,Sally,tsallydw@eventbrite.com,Male,Ireland,Castlerea,-8.6346959,53.7423435
502,Liana,Lum,llumdx@mit.edu,Female,Ireland,Kinnegad,-9.1327273,53.806868
503,Melosa,Kesey,mkeseydy@answers.com,Female,Ireland,Cork,-8.489012,51.923707
504,Broderick,Rogier,brogierdz@ebay.co.uk,Male,Ireland,Ballymahon,-7.7655701,53.5650926
505,Fremont,Bremond,fbremonde0@home.pl,Male,Ireland,Farranacoush,-8.5171384,51.876873
506,Tish,Huffadine,thuffadinee1@nsw.gov.au,Female,Ireland,Listowel,-9.4851741,52.4460804
507,Laurel,Kick,lkicke2@comsenz.com,Female,Ireland,Dundrum,-6.2508196,53.2866372
508,Yvette,Rhoddie,yrhoddiee3@weather.com,Female,Ireland,Kilmacanoge,-6.139018,53.171935
509,Stephanie,Hundal,shundale4@scientificamerican.com,Female,Ireland,Ballinteer,-6.2554371,53.2767301
510,Julianna,Cromie,jcromiee5@artisteer.com,Female,Ireland,Moycullen,-9.159604,53.302644
511,Rici,De Caroli,rdecarolie6@icio.us,Genderfluid,Ireland,Tullamore,-7.518792,53.284466
512,Rubi,Kingaby,rkingabye7@disqus.com,Female,Ireland,Blessington,-8.5111664,51.8858819
513,Ollie,Beningfield,obeningfielde8@addtoany.com,Genderqueer,Ireland,Cork,-8.489012,51.923707
514,Harold,Caso,hcasoe9@twitter.com,Male,Ireland,Ferbane,-8.4824714,51.8862378
515,Barry,Udy,budyea@japanpost.jp,Female,Ireland,Midleton,-8.1722173,51.9138694
516,Erick,Oswell,eoswelleb@wikipedia.org,Male,Ireland,Clones,-7.2314132,54.1794814
517,Amby,Brede,abredeec@theatlantic.com,Genderfluid,Ireland,Kingscourt,-6.2755912,53.3500473
518,Gino,Forestel,gforesteled@mac.com,Male,Ireland,Balally,-6.5899765,52.176031
519,Yorker,McAline,ymcalineee@goo.ne.jp,Male,Ireland,Killorglin,-9.7850991,52.1058991
520,Kean,Iliffe,kiliffeef@nymag.com,Male,Ireland,Clondalkin,-6.4496384,53.3582341
521,Gae,Menilove,gmeniloveeg@nba.com,Female,Ireland,Gort,-8.9791425,52.8638391
522,Edee,Whitebread,ewhitebreadeh@wikispaces.com,Female,Ireland,Athlone,-7.9428197,53.4231032
523,Rickey,Bodycote,rbodycoteei@wikia.com,Male,Ireland,Longford,-7.8004329,53.7283566
524,Gare,O'Corr,gocorrej@wp.com,Male,Ireland,Prosperous,-6.7515223,53.2888321
525,Gael,Stride,gstrideek@chicagotribune.com,Male,Ireland,Moycullen,-9.159604,53.302644
526,Lona,Baxill,lbaxillel@amazonaws.com,Female,Ireland,Gorey,-6.308522,52.665267
527,Cross,Terron,cterronem@upenn.edu,Male,Ireland,Skerries,-6.1349155,53.5834008
528,Robin,Slight,rslighten@intel.com,Male,Ireland,Bundoran,-8.2817353,54.4771768
529,Cash,Skains,cskainseo@shinystat.com,Male,Ireland,Longford,-7.8004329,53.7283566
530,Zaccaria,Lowther,zlowtherep@seesaa.net,Male,Ireland,Adare,-6.176659,53.4487975
531,Ania,Gore,agoreeq@bizjournals.com,Female,Ireland,Skibbereen,-9.268589,51.549106
532,Adaline,Paulet,apauleter@last.fm,Bigender,Ireland,Bearna,-6.2340942,53.2993199
533,Krissie,Greenslade,kgreensladees@etsy.com,Female,Ireland,Dunlewy,-6.1157412,53.2774963
534,Chrisse,Snugg,csnugget@apple.com,Male,Ireland,Ballybofey,-7.74208,54.70972
535,Dillon,Jencey,djenceyeu@yale.edu,Male,Ireland,Cill Airne,-6.2890702,53.3201497
536,Hillary,Zapatero,hzapateroev@sfgate.com,Female,Ireland,Blarney,-8.8562835,53.510243
537,Currie,Farfoot,cfarfootew@ebay.com,Male,Ireland,Stradbally,-8.5054897,52.7107501
538,Jolee,Lokier,jlokierex@spotify.com,Female,Ireland,Tullyallen,-6.4241156,53.7369009
539,Conchita,Tarver,ctarverey@comcast.net,Female,Ireland,Kinsealy-Drinan,-6.1644997,53.4266145
540,Garvey,Jordison,gjordisonez@cdc.gov,Male,Ireland,Sutton,-6.1097188,53.3895926
541,Bale,Simek,bsimekf0@wikispaces.com,Male,Ireland,Tuam,-8.83565,53.49417
542,Victoria,Stigell,vstigellf1@bandcamp.com,Genderfluid,Ireland,Sandymount,-6.2152673,53.3323703
543,Kala,Tosdevin,ktosdevinf2@aol.com,Female,Ireland,Sutton,-6.1097188,53.3895926
544,Adelbert,Marshalleck,amarshalleckf3@gmpg.org,Male,Ireland,Clonskeagh,-6.2387374,53.3141205
545,Louella,Bear,lbearf4@meetup.com,Female,Ireland,Edgeworthstown,-7.606287,53.6972399
546,Evaleen,Westerman,ewestermanf5@w3.org,Non-binary,Ireland,Dalkey,-6.1072403,53.2780047
547,Garey,Tripet,gtripetf6@discuz.net,Male,Ireland,Sutton,-6.1097188,53.3895926
548,Myca,Shimon,mshimonf7@ft.com,Male,Ireland,Dunlewy,-6.1157412,53.2774963
549,Marcellus,Ventum,mventumf8@gravatar.com,Male,Ireland,Gweedore,-9.0288689,53.2737147
550,Patience,Crust,pcrustf9@jugem.jp,Female,Ireland,Tower,-80.7087609,35.7797381
551,Myrta,Botright,mbotrightfa@usda.gov,Female,Ireland,Fairview,-6.4202878,54.0026343
552,Farica,Domegan,fdomeganfb@weebly.com,Female,Ireland,Killumney,-8.6340751,52.6638144
553,Elsi,Kissock,ekissockfc@rediff.com,Female,Ireland,Cavan,-7.297914,54.026345
554,Maddie,Peabody,mpeabodyfd@ox.ac.uk,Genderqueer,Ireland,Mullagh,-8.4977746,51.8895954
555,Minerva,Ancell,mancellfe@intel.com,Genderqueer,Ireland,Rathnew,-6.374155,53.3223974
556,Sayer,Eatock,seatockff@narod.ru,Male,Ireland,Swords,-6.2071246,53.4562426
557,Emelia,Ladson,eladsonfg@whitehouse.gov,Female,Ireland,Dunmanway,-9.1115941,51.7203863
558,Lauren,Ineson,linesonfh@google.com,Female,Ireland,Balally,-6.5899765,52.176031
559,Heda,Saundercock,hsaundercockfi@pagesperso-orange.fr,Female,Ireland,Annacotty,-8.5369154,52.6681994
560,Mannie,Costi,mcostifj@posterous.com,Male,Ireland,Coolock,-6.1920933,53.3916434
561,Andy,Fenney,afenneyfk@princeton.edu,Female,Ireland,Sandyford,-6.3422325,53.719155
562,Rance,Mattingley,rmattingleyfl@bing.com,Male,Ireland,Rathdrum,-6.163027,53.2339841
563,Augustina,Dance,adancefm@google.es,Female,Ireland,Portumna,-8.2215941,53.0917381
564,Justinn,Shortan,jshortanfn@chron.com,Female,Ireland,Oughterard,-6.1406578,53.2886387
565,Clevie,Doak,cdoakfo@mlb.com,Male,Ireland,Oughterard,-6.1406578,53.2886387
566,Culley,Beaty,cbeatyfp@trellian.com,Male,Ireland,Nenagh,-8.2001004,52.86326
567,Nessy,Brahams,nbrahamsfq@amazon.de,Female,Ireland,Dromiskin,-6.4008792,53.9215606
568,Chev,Belderson,cbeldersonfr@narod.ru,Male,Ireland,Sallins,-6.6633404,53.2492381
569,Tilly,Chastey,tchasteyfs@wikimedia.org,Female,Ireland,Trá Mhór,-9.0197835,53.2736466
570,Walliw,Heavens,wheavensft@mysql.com,Female,Ireland,Rathwire,-7.145971,53.508326
571,Shauna,Novak,snovakfu@so-net.ne.jp,Female,Ireland,Gorey,-6.308522,52.665267
572,Mendy,Caton,mcatonfv@diigo.com,Male,Ireland,Raphoe,-8.2755058,52.2627273
573,Ulysses,Ducarel,uducarelfw@barnesandnoble.com,Male,Ireland,Killumney,-8.6340751,52.6638144
574,Lisabeth,Cubbinelli,lcubbinellifx@illinois.edu,Female,Ireland,Ballymahon,-7.7655701,53.5650926
575,Tonye,Fergusson,tfergussonfy@behance.net,Female,Ireland,Drumcondra,-8.445614,51.8885086
576,Aurilia,Kelwaybamber,akelwaybamberfz@ovh.net,Female,Ireland,Granard,-7.5011999,53.776647
577,Gisela,Sauven,gsauveng0@sourceforge.net,Female,Ireland,Rathangan,-6.9898366,53.2265199
578,Fey,Woolfenden,fwoolfendeng1@microsoft.com,Female,Ireland,Ballyjamesduff,-7.086877,53.8363325
579,Horatia,O'Heffernan,hoheffernang2@netscape.com,Female,Ireland,Leixlip,-6.4887534,53.3653866
580,Pearline,Schieferstein,pschiefersteing3@sciencedaily.com,Female,Ireland,Bantry,-9.448724,51.680591
581,Florida,Shorte,fshorteg4@mtv.com,Female,Ireland,Ballivor,-6.1191333,53.1915379
582,Harlen,Massen,hmasseng5@discovery.com,Male,Ireland,Drumcondra,-8.445614,51.8885086
583,Carlee,Antoniewski,cantoniewskig6@mtv.com,Female,Ireland,Cill Airne,-6.2890702,53.3201497
584,Stinky,Wanstall,swanstallg7@nsw.gov.au,Male,Ireland,Kilmacanoge,-6.139018,53.171935
585,Tamqrah,Freeberne,tfreeberneg8@newsvine.com,Female,Ireland,Clifden,-10.022186,53.488087
586,Eduardo,Croan,ecroang9@behance.net,Male,Ireland,Gort,-8.9791425,52.8638391
587,Todd,Patrono,tpatronoga@amazon.com,Male,Ireland,Charlesland,-6.0690645,53.1257486
588,Erny,Cheater,echeatergb@theatlantic.com,Male,Ireland,Ballyjamesduff,-7.086877,53.8363325
589,Anny,O'Dogherty,aodoghertygc@tripadvisor.com,Female,Ireland,Enniskerry,-8.9821467,52.8498651
590,Mada,Bellefonte,mbellefontegd@thetimes.co.uk,Female,Ireland,Castleblayney,-6.64937,54.10269
591,Lorelei,Gainforth,lgainforthge@is.gd,Female,Ireland,Cill Airne,-6.2890702,53.3201497
592,Nadean,Clissett,nclissettgf@dyndns.org,Female,Ireland,Askeaton,-8.9706844,52.6004448
593,Zola,Dawby,zdawbygg@java.com,Female,Ireland,Listowel,-9.4851741,52.4460804
594,Elsbeth,Hawkes,ehawkesgh@irs.gov,Female,Ireland,Foxrock,-6.1011147,53.2000455
595,Mervin,Keller,mkellergi@posterous.com,Male,Ireland,Lusk,-6.1535181,53.5220275
596,Thaddus,Flucker,tfluckergj@yahoo.co.jp,Male,Ireland,Whitegate,-6.3539424,53.3666338
597,Cinnamon,Pacey,cpaceygk@google.com.hk,Female,Ireland,Kinsealy-Drinan,-6.1644997,53.4266145
598,Udale,Isson,uissongl@freewebs.com,Male,Ireland,Sandymount,-6.2152673,53.3323703
599,Fabe,Dilleston,fdillestongm@purevolume.com,Male,Ireland,Clondalkin,-6.4496384,53.3582341
600,Harv,Comelini,hcomelinign@ucoz.com,Male,Ireland,Monasterevin,-7.0625888,53.1387595
601,Lucky,Daugherty,ldaughertygo@jigsy.com,Female,Ireland,Dunmanway,-9.1115941,51.7203863
602,Freddy,Trevascus,ftrevascusgp@usgs.gov,Male,Ireland,Tullyallen,-6.4241156,53.7369009
603,Jammie,Bezley,jbezleygq@livejournal.com,Female,Ireland,Monaghan,-7.0943023,54.2694844
604,Padraic,Velde,pveldegr@reverbnation.com,Male,Ireland,Bearna,-6.2340942,53.2993199
605,Cacilie,Rutty,cruttygs@pinterest.com,Female,Ireland,Watergrasshill,-8.337871,52.0097259
606,Estrella,Ambrosio,eambrosiogt@trellian.com,Polygender,Ireland,Old Kilcullen,-6.7449927,53.1310185
607,Brinna,Cobden,bcobdengu@bloglovin.com,Female,Ireland,Prosperous,-6.7515223,53.2888321
608,Gillan,Kobus,gkobusgv@livejournal.com,Female,Ireland,Listowel,-9.4851741,52.4460804
609,Danyelle,Keniwell,dkeniwellgw@youtu.be,Female,Ireland,Portarlington,-7.185387,53.158984
610,Geoff,Ranyelld,granyelldgx@delicious.com,Male,Ireland,Navan,-6.313755,53.366736
611,Leena,Flintoff,lflintoffgy@aboutads.info,Female,Ireland,Tralee,-7.0833118,52.2413206
612,Mariann,Dur,mdurgz@ox.ac.uk,Female,Ireland,Thomastown,-6.7434401,53.2229873
613,Warden,Trye,wtryeh0@hatena.ne.jp,Bigender,Ireland,Claremorris,-8.334953,51.8610022
614,Normand,Duerden,nduerdenh1@symantec.com,Male,Ireland,Cloyne,-6.2398782,53.32112
615,Trever,McGinney,tmcginneyh2@addthis.com,Male,Ireland,Navan,-6.313755,53.366736
616,Cos,Fillingham,cfillinghamh3@vkontakte.ru,Male,Ireland,Bagenalstown,-6.9692181,52.7009338
617,Shelli,Andrzejowski,sandrzejowskih4@google.ru,Female,Ireland,Prosperous,-6.7515223,53.2888321
618,Simmonds,Eddleston,seddlestonh5@ezinearticles.com,Male,Ireland,Loughrea,-6.3506335,53.2911347
619,Neda,Royston,nroystonh6@comcast.net,Female,Ireland,Shankill,-6.124065,53.231395
620,Maia,Brideaux,mbrideauxh7@networkadvertising.org,Female,Ireland,Swords,-6.2071246,53.4562426
621,Heinrik,Hewertson,hhewertsonh8@ameblo.jp,Male,Ireland,Kinsale,-6.251714,53.3169419
622,Natalya,Stolze,nstolzeh9@unblog.fr,Female,Ireland,Monkstown,-8.9775014,52.8314927
623,Maxy,McInnery,mmcinneryha@washington.edu,Male,Ireland,Piltown,-6.3025448,53.6920618
624,Sybilla,Cordero,scorderohb@live.com,Female,Ireland,Longwood,-6.2892907,53.310122
625,Ulberto,Gentil,ugentilhc@baidu.com,Male,Ireland,Balally,-6.5899765,52.176031
626,Toby,Tring,ttringhd@eventbrite.com,Male,Ireland,Kiltamagh,-8.9949917,53.8533151
627,Alida,Bayly,abaylyhe@netlog.com,Female,Ireland,Castlemartyr,-8.05,51.9166667
628,Zedekiah,Frazier,zfrazierhf@domainmarket.com,Male,Ireland,Dungloe,-6.3695384,53.3734053
629,Rolland,Stilliard,rstilliardhg@last.fm,Male,Ireland,Thomastown,-6.7434401,53.2229873
630,Jacklyn,Jennens,jjennenshh@java.com,Female,Ireland,Cherryville,-7.1111732,52.2513095
631,Bartolomeo,Tremblay,btremblayhi@comsenz.com,Male,Ireland,Kingscourt,-6.2755912,53.3500473
632,Christie,Maneylaws,cmaneylawshj@w3.org,Male,Ireland,Castleblayney,-6.64937,54.10269
633,Michaela,Bygott,mbygotthk@cnbc.com,Female,Ireland,Dungarvan,-6.1822287,53.3788495
634,Ethelyn,Scarce,escarcehl@github.io,Female,Ireland,Gorey,-6.308522,52.665267
635,Bax,Bariball,bbariballhm@redcross.org,Male,Ireland,Caherconlish,-8.3545704,52.5593605
636,Melantha,Craney,mcraneyhn@cdc.gov,Female,Ireland,Tower,-80.7087609,35.7797381
637,Hurleigh,Ashbolt,hashboltho@hostgator.com,Male,Ireland,Thomastown,-6.7434401,53.2229873
638,Georgena,Piele,gpielehp@forbes.com,Female,Ireland,Shankill,-6.124065,53.231395
639,Estrella,Mowat,emowathq@blinklist.com,Female,Ireland,Ashford,-6.3828795,53.385304
640,Nonah,Nabbs,nnabbshr@slashdot.org,Female,Ireland,Ballyjamesduff,-7.086877,53.8363325
641,Barnie,Tebbitt,btebbitths@unesco.org,Male,Ireland,Rathnew,-6.374155,53.3223974
642,Dari,Woffinden,dwoffindenht@stumbleupon.com,Female,Ireland,Bagenalstown,-6.9692181,52.7009338
643,Land,Turgoose,lturgoosehu@live.com,Male,Ireland,Sandymount,-6.2152673,53.3323703
644,Ardella,Robertucci,arobertuccihv@google.es,Female,Ireland,Carrigtwohill,-8.259128,51.908209
645,Isabelle,Gentle,igentlehw@multiply.com,Female,Ireland,Farranacoush,-8.5171384,51.876873
646,Haskell,Peperell,hpeperellhx@shutterfly.com,Male,Ireland,Prosperous,-6.7515223,53.2888321
647,Bo,Gaskamp,bgaskamphy@auda.org.au,Male,Ireland,Monaghan,-7.0943023,54.2694844
648,Jeffy,Cholmondeley,jcholmondeleyhz@gov.uk,Male,Ireland,Belmullet,-10.0320886,54.2223118
649,Daphene,Verrills,dverrillsi0@opensource.org,Female,Ireland,Kinsealy-Drinan,-6.1644997,53.4266145
650,Giorgia,Sands,gsandsi1@cyberchimps.com,Female,Ireland,Confey,-6.5028415,53.3806398
651,Aylmar,Empson,aempsoni2@loc.gov,Male,Ireland,Cabinteely,-6.1603828,53.2599034
652,Ogdon,Lissemore,olissemorei3@surveymonkey.com,Male,Ireland,Kiltamagh,-8.9949917,53.8533151
653,Celestia,Seivwright,cseivwrighti4@friendfeed.com,Female,Ireland,Sandyford,-6.3422325,53.719155
654,Gaspar,Petrina,gpetrinai5@soundcloud.com,Agender,Ireland,Midleton,-8.1722173,51.9138694
655,Clemens,Yell,cyelli6@hp.com,Male,Ireland,Longwood,-6.2892907,53.310122
656,Trina,Horrell,thorrelli7@google.com.au,Female,Ireland,Dalkey,-6.1072403,53.2780047
657,Archibaldo,Canham,acanhami8@slideshare.net,Agender,Ireland,Carrigaline,-8.3929404,51.8113447
658,Dasha,Durban,ddurbani9@vk.com,Agender,Ireland,Aghada,-8.4627451,54.25645
659,Annecorinne,Alentyev,aalentyevia@psu.edu,Female,Ireland,Shankill,-6.124065,53.231395
660,Fania,Beauly,fbeaulyib@taobao.com,Female,Ireland,Tower,-80.7087609,35.7797381
661,Moss,Luthwood,mluthwoodic@bandcamp.com,Male,Ireland,Old Kilcullen,-6.7449927,53.1310185
662,Edeline,A'field,eafieldid@nba.com,Female,Ireland,Fairview,-6.4202878,54.0026343
663,Clari,Eayrs,ceayrsie@omniture.com,Female,Ireland,Tallaght,-6.3660863,53.2874153
664,Thane,Amaya,tamayaif@cdc.gov,Male,Ireland,Cherryville,-7.1111732,52.2513095
665,Wandis,Haking,whakingig@feedburner.com,Female,Ireland,Leixlip,-6.4887534,53.3653866
666,Norbie,Truwert,ntruwertih@engadget.com,Male,Ireland,Rathnew,-6.374155,53.3223974
667,Beverlie,Rosenthaler,brosenthalerii@sfgate.com,Female,Ireland,Nenagh,-8.2001004,52.86326
668,Rollins,Livingston,rlivingstonij@unicef.org,Male,Ireland,Castlepollard,-7.2979911,53.6785169
669,Fina,Gotobed,fgotobedik@merriam-webster.com,Female,Ireland,Dunlewy,-6.1157412,53.2774963
670,Zorina,Melato,zmelatoil@skyrock.com,Female,Ireland,Birr,-7.9139891,53.0949398
671,Mischa,Jovey,mjoveyim@dmoz.org,Male,Ireland,Dungarvan,-6.1822287,53.3788495
672,Vinnie,Prettyjohn,vprettyjohnin@usnews.com,Female,Ireland,Skibbereen,-9.268589,51.549106
673,Rossy,Alvarez,ralvarezio@instagram.com,Male,Ireland,Tuam,-8.83565,53.49417
674,Lauritz,Tilby,ltilbyip@barnesandnoble.com,Male,Ireland,Kinlough,-6.1136478,53.2121335
675,Brett,Price,bpriceiq@berkeley.edu,Female,Ireland,Castlebellingham,-6.391149,53.8996586
676,Hermie,Longmuir,hlongmuirir@kickstarter.com,Male,Ireland,Crossmolina,-6.473025,54.0086093
677,Nye,Wait,nwaitis@yahoo.com,Male,Ireland,Mallow,-8.642661,52.1361219
678,Britney,Betonia,bbetoniait@wordpress.org,Female,Ireland,Tralee,-7.0833118,52.2413206
679,Mabel,Gooley,mgooleyiu@histats.com,Female,Ireland,Tallaght,-6.3660863,53.2874153
680,Rosy,Beckey,rbeckeyiv@hc360.com,Female,Ireland,Dalkey,-6.1072403,53.2780047
681,Rance,Brookwood,rbrookwoodiw@odnoklassniki.ru,Male,Ireland,Dungloe,-6.3695384,53.3734053
682,Darlene,Elion,delionix@bloglines.com,Non-binary,Ireland,Monasterevin,-7.0625888,53.1387595
683,Jojo,O'Gavin,jogaviniy@drupal.org,Female,Ireland,Moycullen,-9.159604,53.302644
684,Donna,Ordelt,dordeltiz@umn.edu,Female,Ireland,Ballina,-9.151825,54.11215
685,Jillana,Heymes,jheymesj0@ebay.co.uk,Female,Ireland,Cork,-8.489012,51.923707
686,Melanie,Pickhaver,mpickhaverj1@barnesandnoble.com,Female,Ireland,Youghal,-7.8434254,51.949401
687,Manfred,McGirr,mmcgirrj2@homestead.com,Male,Ireland,Nenagh,-8.2001004,52.86326
688,Carlos,Holt,choltj3@imageshack.us,Male,Ireland,Annacotty,-8.5369154,52.6681994
689,Rosaleen,Tayspell,rtayspellj4@jugem.jp,Female,Ireland,Cabinteely,-6.1603828,53.2599034
690,Georges,Verbeke,gverbekej5@accuweather.com,Male,Ireland,Rathnew,-6.374155,53.3223974
691,Selby,Beardwell,sbeardwellj6@live.com,Male,Ireland,Moville,-8.4242597,51.8910459
692,Roosevelt,Lascelles,rlascellesj7@google.co.jp,Male,Ireland,Booterstown,-6.1979853,53.3046353
693,Veradis,Lackner,vlacknerj8@tinyurl.com,Bigender,Ireland,Cluain Meala,-6.2611953,53.3881832
694,Randi,Vedeniktov,rvedeniktovj9@icq.com,Female,Ireland,Cork,-8.489012,51.923707
695,Sada,Bullin,sbullinja@msn.com,Female,Ireland,Old Kilcullen,-6.7449927,53.1310185
696,Hyacintha,Arnaudon,harnaudonjb@hc360.com,Female,Ireland,Bayside,-9.1097137,53.2582868
697,Merwin,Steffan,msteffanjc@time.com,Male,Ireland,Cabinteely,-6.1603828,53.2599034
698,Sully,Giblett,sgiblettjd@flickr.com,Male,Ireland,Prosperous,-6.7515223,53.2888321
699,Almeda,Gambie,agambieje@tumblr.com,Female,Ireland,Bundoran,-8.2817353,54.4771768
700,Terry,Gilks,tgilksjf@feedburner.com,Female,Ireland,Ballivor,-6.1191333,53.1915379
701,Ondrea,Muriel,omurieljg@wsj.com,Female,Ireland,Booterstown,-6.1979853,53.3046353
702,Risa,Greves,rgrevesjh@foxnews.com,Female,Ireland,Shankill,-6.124065,53.231395
703,Ernesta,Grantham,egranthamji@webeden.co.uk,Female,Ireland,Mullagh,-8.4977746,51.8895954
704,Taddeusz,Rawsthorne,trawsthornejj@last.fm,Male,Ireland,Stradbally,-8.5054897,52.7107501
705,Raina,Jurisic,rjurisicjk@hubpages.com,Female,Ireland,Blarney,-8.8562835,53.510243
706,Carissa,McGonnell,cmcgonnelljl@census.gov,Female,Ireland,Ballyhaunis,-8.7683674,53.7942932
707,Doralynne,Chorley,dchorleyjm@imgur.com,Female,Ireland,Booterstown,-6.1979853,53.3046353
708,Roxine,Ugolini,rugolinijn@csmonitor.com,Female,Ireland,Dromiskin,-6.4008792,53.9215606
709,Fern,Clousley,fclousleyjo@aboutads.info,Female,Ireland,Ballyhaunis,-8.7683674,53.7942932
710,Farris,Gilbody,fgilbodyjp@topsy.com,Male,Ireland,Ballisodare,-8.5070436,54.2109904
711,Lorne,Gofton,lgoftonjq@adobe.com,Male,Ireland,Bayside,-9.1097137,53.2582868
712,Gerhardt,Prewer,gprewerjr@hugedomains.com,Male,Ireland,Balally,-6.5899765,52.176031
713,Chelsie,Collyns,ccollynsjs@freewebs.com,Female,Ireland,Tallaght,-6.3660863,53.2874153
714,Lida,Olligan,lolliganjt@java.com,Female,Ireland,Rathnew,-6.374155,53.3223974
715,Maddy,MacCartney,mmaccartneyju@salon.com,Male,Ireland,Mallow,-8.642661,52.1361219
716,Bea,Plaxton,bplaxtonjv@usgs.gov,Female,Ireland,Manorhamilton,-8.1722002,54.3051891
717,Sybille,Cocher,scocherjw@zdnet.com,Female,Ireland,Greenhills,-6.336393,53.3122864
718,Idette,Rochell,irochelljx@cbslocal.com,Female,Ireland,Moville,-8.4242597,51.8910459
719,Baron,Eaglen,beaglenjy@sohu.com,Male,Ireland,Gorey,-6.308522,52.665267
720,Jewell,Firsby,jfirsbyjz@sfgate.com,Female,Ireland,Fermoy,-9.5003786,52.4458588
721,Symon,Poker,spokerk0@cargocollective.com,Male,Ireland,Monkstown,-8.9775014,52.8314927
722,Wilbur,Monkhouse,wmonkhousek1@nydailynews.com,Male,Ireland,Tallaght,-6.3660863,53.2874153
723,Etienne,Strete,estretek2@youtube.com,Non-binary,Ireland,Moate,-6.1942058,53.3604483
724,Ravid,Kett,rkettk3@mit.edu,Male,Ireland,Raheny,-6.1820563,53.3786861
725,Herbert,Chaudret,hchaudretk4@squarespace.com,Male,Ireland,Valleymount,-6.3077823,53.3655256
726,Cammy,Essery,cesseryk5@whitehouse.gov,Female,Ireland,Skerries,-6.1349155,53.5834008
727,Vonny,Smeall,vsmeallk6@furl.net,Genderfluid,Ireland,Dungloe,-6.3695384,53.3734053
728,Dorotea,Rogerson,drogersonk7@dedecms.com,Female,Ireland,Beaumont,-6.2057463,53.3870149
729,Rani,Virgin,rvirgink8@latimes.com,Female,Ireland,Portumna,-8.2215941,53.0917381
730,Davidson,Crownshaw,dcrownshawk9@google.com.au,Male,Ireland,Nenagh,-8.2001004,52.86326
731,Nixie,Fredson,nfredsonka@mtv.com,Female,Ireland,Greystones,-6.0704904,53.1286984
732,Benedick,Morritt,bmorrittkb@blogger.com,Non-binary,Ireland,Cavan,-7.297914,54.026345
733,Keven,Brunke,kbrunkekc@icio.us,Male,Ireland,Kiltamagh,-8.9949917,53.8533151
734,Waring,Kristufek,wkristufekkd@163.com,Male,Ireland,Clones,-7.2314132,54.1794814
735,Berky,Ibbison,bibbisonke@wikispaces.com,Male,Ireland,Castlepollard,-7.2979911,53.6785169
736,Arda,Wiltshear,awiltshearkf@dailymotion.com,Female,Ireland,Leixlip,-6.4887534,53.3653866
737,Edwin,Archell,earchellkg@moonfruit.com,Genderqueer,Ireland,Cloyne,-6.2398782,53.32112
738,Rafa,Cymper,rcymperkh@tamu.edu,Female,Ireland,Kildare,-6.9140788,53.169971
739,Gnni,Corneille,gcorneilleki@barnesandnoble.com,Female,Ireland,Manorhamilton,-8.1722002,54.3051891
740,Rorie,Sissens,rsissenskj@time.com,Non-binary,Ireland,Dún Laoghaire,-6.133718,53.291512
741,Ilaire,Coleridge,icoleridgekk@nature.com,Male,Ireland,Booterstown,-6.1979853,53.3046353
742,Alick,Schurcke,aschurckekl@aol.com,Genderfluid,Ireland,Dungarvan,-6.1822287,53.3788495
743,Tersina,Banister,tbanisterkm@i2i.jp,Female,Ireland,Kilkenny,-7.2584,52.655184
744,Lissi,Reach,lreachkn@harvard.edu,Female,Ireland,Gort,-8.9791425,52.8638391
745,Marinna,Duling,mdulingko@blogtalkradio.com,Female,Ireland,Cobh,-8.298942,51.848898
746,Gale,Vallerine,gvallerinekp@un.org,Male,Ireland,Watergrasshill,-8.337871,52.0097259
747,Marna,Rudsdale,mrudsdalekq@chronoengine.com,Female,Ireland,Ballinteer,-6.2554371,53.2767301
748,Stephie,Fetherston,sfetherstonkr@drupal.org,Female,Ireland,Bantry,-9.448724,51.680591
749,Chrysa,Carlet,ccarletks@cbsnews.com,Female,Ireland,Ballina,-9.151825,54.11215
750,Dyana,Rigate,drigatekt@networkadvertising.org,Female,Ireland,Tallaght,-6.3660863,53.2874153
751,Barde,Ewles,bewlesku@pbs.org,Male,Ireland,Dromiskin,-6.4008792,53.9215606
752,Lindy,Pulbrook,lpulbrookkv@nifty.com,Male,Ireland,Whitegate,-6.3539424,53.3666338
753,Rosamund,Santino,rsantinokw@mail.ru,Female,Ireland,Moate,-6.1942058,53.3604483
754,Rhianon,Swain,rswainkx@weebly.com,Female,Ireland,Enniskerry,-8.9821467,52.8498651
755,Tawsha,Reyner,treynerky@bing.com,Agender,Ireland,Bundoran,-8.2817353,54.4771768
756,Darill,Whistance,dwhistancekz@hud.gov,Male,Ireland,Monasterevin,-7.0625888,53.1387595
757,Bernard,Niezen,bniezenl0@godaddy.com,Male,Ireland,Castlepollard,-7.2979911,53.6785169
758,Terri-jo,Deppen,tdeppenl1@hhs.gov,Female,Ireland,Dalkey,-6.1072403,53.2780047
759,Gavrielle,Kornacki,gkornackil2@intel.com,Female,Ireland,Dún Laoghaire,-6.133718,53.291512
760,Thia,Laxston,tlaxstonl3@theguardian.com,Female,Ireland,Portarlington,-7.185387,53.158984
761,Frank,Thebes,fthebesl4@marketwatch.com,Genderfluid,Ireland,Donegal,-8.5946591,54.632283
762,Adeline,Cowterd,acowterdl5@ning.com,Female,Ireland,Bundoran,-8.2817353,54.4771768
763,Filia,Eddies,feddiesl6@eventbrite.com,Female,Ireland,Ballymahon,-7.7655701,53.5650926
764,Deena,Rennicks,drennicksl7@histats.com,Female,Ireland,Rathangan,-6.9898366,53.2265199
765,Bil,McIlrath,bmcilrathl8@plala.or.jp,Male,Ireland,Cill Airne,-6.2890702,53.3201497
766,Opaline,Canaan,ocanaanl9@blogspot.com,Female,Ireland,Valleymount,-6.3077823,53.3655256
767,Arte,O'Lahy,aolahyla@ifeng.com,Male,Ireland,Milltown,-7.9027266,53.4148582
768,Elvin,Forty,efortylb@issuu.com,Non-binary,Ireland,Moate,-6.1942058,53.3604483
769,Berk,Cordle,bcordlelc@nih.gov,Male,Ireland,Templeogue,-6.3219759,53.2976886
770,Newton,Mose,nmoseld@ow.ly,Male,Ireland,Clondalkin,-6.4496384,53.3582341
771,Lacie,Mellhuish,lmellhuishle@dyndns.org,Female,Ireland,Clondalkin,-6.4496384,53.3582341
772,Helaine,Winspear,hwinspearlf@reference.com,Female,Ireland,Muff,-7.269174,55.0650892
773,Silvanus,Cawdery,scawderylg@deliciousdays.com,Male,Ireland,Belmullet,-10.0320886,54.2223118
774,Putnam,Hyde-Chambers,phydechamberslh@examiner.com,Male,Ireland,Donegal,-8.5946591,54.632283
775,Jandy,Souten,jsoutenli@admin.ch,Female,Ireland,Farranacoush,-8.5171384,51.876873
776,Danit,Licciardo,dlicciardolj@sakura.ne.jp,Female,Ireland,Greystones,-6.0704904,53.1286984
777,Ambrosius,Silliman,asillimanlk@ehow.com,Male,Ireland,Dungarvan,-6.1822287,53.3788495
778,Verine,Radeliffe,vradeliffell@diigo.com,Female,Ireland,Old Kilcullen,-6.7449927,53.1310185
779,Crissy,Isworth,cisworthlm@g.co,Female,Ireland,Kingscourt,-6.2755912,53.3500473
780,Roley,Hebbes,rhebbesln@dailymail.co.uk,Male,Ireland,Adare,-6.176659,53.4487975
781,Gregoor,Gandy,ggandylo@studiopress.com,Male,Ireland,Gweedore,-9.0288689,53.2737147
782,Brander,Alesbrook,balesbrooklp@imageshack.us,Male,Ireland,Eadestown,-6.590926,53.1936864
783,Papagena,Yurinov,pyurinovlq@accuweather.com,Female,Ireland,Kingscourt,-6.2755912,53.3500473
784,Engracia,Machon,emachonlr@ft.com,Female,Ireland,Raheny,-6.1820563,53.3786861
785,Rozella,Buzin,rbuzinls@state.tx.us,Female,Ireland,Edgeworthstown,-7.606287,53.6972399
786,Nefen,Rainton,nraintonlt@quantcast.com,Male,Ireland,Navan,-6.313755,53.366736
787,Dyanna,Sieur,dsieurlu@mac.com,Female,Ireland,Crossmolina,-6.473025,54.0086093
788,Basile,MacInherney,bmacinherneylv@constantcontact.com,Male,Ireland,Cavan,-7.297914,54.026345
789,Amanda,Francescuzzi,afrancescuzzilw@desdev.cn,Female,Ireland,Carrigaline,-8.3929404,51.8113447
790,Davin,Mullineux,dmullineuxlx@elpais.com,Male,Ireland,Cabinteely,-6.1603828,53.2599034
791,Bailie,Hickenbottom,bhickenbottomly@cisco.com,Male,Ireland,Ballybofey,-7.74208,54.70972
792,Stephannie,McAlpin,smcalpinlz@biblegateway.com,Female,Ireland,Blessington,-8.5111664,51.8858819
793,Bay,Sleany,bsleanym0@studiopress.com,Polygender,Ireland,Thomastown,-6.7434401,53.2229873
794,Reinald,Childers,rchildersm1@topsy.com,Male,Ireland,Portumna,-8.2215941,53.0917381
795,Sholom,Aubin,saubinm2@usa.gov,Male,Ireland,Claremorris,-8.334953,51.8610022
796,Nettle,Conduit,nconduitm3@state.tx.us,Female,Ireland,Sandymount,-6.2152673,53.3323703
797,Griffie,Summergill,gsummergillm4@free.fr,Male,Ireland,Kill,-6.5924609,53.2482376
798,Ricard,Wallsworth,rwallsworthm5@samsung.com,Male,Ireland,Clifden,-10.022186,53.488087
799,Berny,Tomley,btomleym6@opera.com,Male,Ireland,Crumlin,-6.3048641,53.3284298
800,Glynnis,Lenz,glenzm7@photobucket.com,Female,Ireland,Cashel,-7.888894,52.516323
801,Kristofer,Balffye,kbalffyem8@columbia.edu,Male,Ireland,Beaumont,-6.2057463,53.3870149
802,Damon,Sneath,dsneathm9@barnesandnoble.com,Male,Ireland,Clondalkin,-6.4496384,53.3582341
803,Theresita,Danjoie,tdanjoiema@bravesites.com,Female,Ireland,Bundoran,-8.2817353,54.4771768
804,Jakob,Davidofski,jdavidofskimb@goodreads.com,Polygender,Ireland,Muff,-7.269174,55.0650892
805,Kirby,Iglesia,kiglesiamc@altervista.org,Male,Ireland,Mallow,-8.642661,52.1361219
806,Aliza,Bon,abonmd@wired.com,Female,Ireland,Clones,-7.2314132,54.1794814
807,Doll,Duigenan,dduigenanme@google.es,Female,Ireland,Booterstown,-6.1979853,53.3046353
808,Max,Perryn,mperrynmf@bizjournals.com,Female,Ireland,Manorhamilton,-8.1722002,54.3051891
809,Christie,Skerm,cskermmg@devhub.com,Female,Ireland,Tralee,-7.0833118,52.2413206
810,Angelique,Slaght,aslaghtmh@mapy.cz,Female,Ireland,Greystones,-6.0704904,53.1286984
811,Lou,Espinheira,lespinheirami@istockphoto.com,Male,Ireland,Tralee,-7.0833118,52.2413206
812,Dalis,Audiss,daudissmj@pagesperso-orange.fr,Bigender,Ireland,Templeogue,-6.3219759,53.2976886
813,Mohammed,Glastonbury,mglastonburymk@discuz.net,Male,Ireland,Kilcullen,-8.5047067,51.8830697
814,Chip,Bates,cbatesml@blogtalkradio.com,Male,Ireland,Oughterard,-6.1406578,53.2886387
815,Aloysius,Lowey,aloweymm@spotify.com,Male,Ireland,Newmarket on Fergus,-8.8950821,52.7604883
816,Wendye,Cocks,wcocksmn@360.cn,Female,Ireland,Birr,-7.9139891,53.0949398
817,Arty,Kaaskooper,akaaskoopermo@soup.io,Male,Ireland,Balrothery,-6.1884248,53.5879156
818,Joshia,Turn,jturnmp@ihg.com,Male,Ireland,Dublin,-6.2427004,53.3347733
819,Arnie,Digg,adiggmq@pagesperso-orange.fr,Bigender,Ireland,Kanturk,-8.9342111,52.182304
820,Marten,Passe,mpassemr@furl.net,Male,Ireland,Cherryville,-7.1111732,52.2513095
821,Rhiamon,Swift,rswiftms@csmonitor.com,Female,Ireland,Dunmanway,-9.1115941,51.7203863
822,Gerry,Poleykett,gpoleykettmt@freewebs.com,Male,Ireland,Naas,-6.67045,53.213319
823,Jacky,Templeton,jtempletonmu@senate.gov,Bigender,Ireland,Longwood,-6.2892907,53.310122
824,Maurie,Stonehouse,mstonehousemv@weibo.com,Male,Ireland,Coolock,-6.1920933,53.3916434
825,Brand,Roistone,broistonemw@multiply.com,Male,Ireland,Crossmolina,-6.473025,54.0086093
826,Alfy,Larne,alarnemx@nasa.gov,Male,Ireland,Cill Airne,-6.2890702,53.3201497
827,Anna,Kelshaw,akelshawmy@dell.com,Genderfluid,Ireland,Oughterard,-6.1406578,53.2886387
828,Joe,Dowdeswell,jdowdeswellmz@cpanel.net,Male,Ireland,Ratoath,-6.4671298,53.5050031
829,Dexter,Kenningham,dkenninghamn0@bravesites.com,Male,Ireland,Ballyboden,-6.3049392,53.3021194
830,Myrtie,Swales,mswalesn1@mit.edu,Female,Ireland,Bundoran,-8.2817353,54.4771768
831,Hadria,Goodinson,hgoodinsonn2@redcross.org,Female,Ireland,Castlepollard,-7.2979911,53.6785169
832,Saul,McKelvey,smckelveyn3@bbc.co.uk,Male,Ireland,Ballylinan,-7.0472382,52.9480781
833,Erroll,North,enorthn4@ox.ac.uk,Male,Ireland,Kinlough,-6.1136478,53.2121335
834,Reggis,Raun,rraunn5@boston.com,Male,Ireland,Askeaton,-8.9706844,52.6004448
835,Lionel,Just,ljustn6@yellowbook.com,Male,Ireland,Macroom,-8.958931,51.904635
836,Sergent,Lydall,slydalln7@thetimes.co.uk,Male,Ireland,Dalkey,-6.1072403,53.2780047
837,Elmer,Belison,ebelisonn8@yale.edu,Male,Ireland,Dún Laoghaire,-6.133718,53.291512
838,Arron,Downse,adownsen9@g.co,Male,Ireland,Castleknock,-9.0248232,53.2760162
839,Griffin,Giacopini,ggiacopinina@rediff.com,Male,Ireland,Cluain Meala,-6.2611953,53.3881832
840,Alonzo,Mattiazzi,amattiazzinb@stumbleupon.com,Male,Ireland,Longford,-7.8004329,53.7283566
841,Alvin,Chazier,achaziernc@unicef.org,Male,Ireland,Kilmacanoge,-6.139018,53.171935
842,Arlette,McAw,amcawnd@paginegialle.it,Female,Ireland,Ferbane,-8.4824714,51.8862378
843,Roshelle,Arunowicz,rarunowiczne@psu.edu,Female,Ireland,Ballinroad,-7.5717688,52.1045472
844,Klarika,Eastham,keasthamnf@indiegogo.com,Female,Ireland,Dublin,-6.2427004,53.3347733
845,Celle,Harrigan,charriganng@tripadvisor.com,Female,Ireland,Raheny,-6.1820563,53.3786861
846,Grady,Shaul,gshaulnh@jiathis.com,Male,Ireland,Dún Laoghaire,-6.133718,53.291512
847,Lyman,Aldcorne,laldcorneni@creativecommons.org,Male,Ireland,Athlone,-7.9428197,53.4231032
848,Almeria,Kitcat,akitcatnj@blogger.com,Non-binary,Ireland,Greystones,-6.0704904,53.1286984
849,Annmarie,Salerno,asalernonk@simplemachines.org,Agender,Ireland,Greenhills,-6.336393,53.3122864
850,Verge,Rising,vrisingnl@eventbrite.com,Male,Ireland,Cluain Meala,-6.2611953,53.3881832
851,Clive,Schober,cschobernm@pinterest.com,Male,Ireland,Greystones,-6.0704904,53.1286984
852,Grazia,McLaggan,gmclaggannn@google.nl,Female,Ireland,Mullagh,-8.4977746,51.8895954
853,Kristina,Devita,kdevitano@vk.com,Female,Ireland,Donnycarney,-6.218069,53.374266
854,Howie,Reekie,hreekienp@columbia.edu,Male,Ireland,Youghal,-7.8434254,51.949401
855,Arleta,Clee,acleenq@nifty.com,Female,Ireland,Rathnew,-6.374155,53.3223974
856,Bordie,McLeman,bmclemannr@booking.com,Male,Ireland,Bailieborough,-6.9711886,53.916791
857,Clo,Stiven,cstivenns@umich.edu,Bigender,Ireland,Watergrasshill,-8.337871,52.0097259
858,Lek,Carthy,lcarthynt@nydailynews.com,Male,Ireland,Gorey,-6.308522,52.665267
859,Maud,Kuschel,mkuschelnu@answers.com,Female,Ireland,Moycullen,-9.159604,53.302644
860,Lethia,Jeaneau,ljeaneaunv@cmu.edu,Female,Ireland,Donegal,-8.5946591,54.632283
861,Tina,Hitchens,thitchensnw@constantcontact.com,Female,Ireland,Kilkenny,-7.2584,52.655184
862,Alyson,Thome,athomenx@cpanel.net,Female,Ireland,Booterstown,-6.1979853,53.3046353
863,Christal,Lammiman,clammimanny@nydailynews.com,Female,Ireland,Athy,-6.9858993,53.0018699
864,Nichole,Amys,namysnz@tumblr.com,Agender,Ireland,Thomastown,-6.7434401,53.2229873
865,Karissa,Sworn,ksworno0@free.fr,Female,Ireland,Stradbally,-8.5054897,52.7107501
866,Carole,Roscoe,croscoeo1@usda.gov,Female,Ireland,Macroom,-8.958931,51.904635
867,Elsy,Vispo,evispoo2@jimdo.com,Female,Ireland,Monkstown,-8.9775014,52.8314927
868,Delmore,Shankle,dshankleo3@whitehouse.gov,Male,Ireland,Confey,-6.5028415,53.3806398
869,Brina,Setchell,bsetchello4@reverbnation.com,Female,Ireland,Oranmore,-9.7359765,54.1433253
870,Rodie,Karolovsky,rkarolovskyo5@cbslocal.com,Female,Ireland,Thomastown,-6.7434401,53.2229873
871,Tobiah,Smiz,tsmizo6@unicef.org,Male,Ireland,Adare,-6.176659,53.4487975
872,Selena,Harries,sharrieso7@apple.com,Female,Ireland,Cill Airne,-6.2890702,53.3201497
873,Archaimbaud,Everard,aeverardo8@hubpages.com,Non-binary,Ireland,Cluain Meala,-6.2611953,53.3881832
874,Emilia,Smallcombe,esmallcombeo9@opera.com,Female,Ireland,Castlepollard,-7.2979911,53.6785169
875,Elton,Tather,etatheroa@theglobeandmail.com,Agender,Ireland,Askeaton,-8.9706844,52.6004448
876,Opaline,Holsall,oholsallob@ox.ac.uk,Female,Ireland,Askeaton,-8.9706844,52.6004448
877,Claudine,Pullman,cpullmanoc@timesonline.co.uk,Female,Ireland,Ratoath,-6.4671298,53.5050031
878,Gayle,Luety,gluetyod@hud.gov,Agender,Ireland,Trá Mhór,-9.0197835,53.2736466
879,Cornie,Elies,celiesoe@hp.com,Male,Ireland,Nenagh,-8.2001004,52.86326
880,Paulita,Toe,ptoeof@uol.com.br,Female,Ireland,Carrigaline,-8.3929404,51.8113447
881,Walliw,Jerche,wjercheog@columbia.edu,Female,Ireland,Skibbereen,-9.268589,51.549106
882,Felicdad,Charlson,fcharlsonoh@purevolume.com,Female,Ireland,Dromiskin,-6.4008792,53.9215606
883,Sayre,Nickless,snicklessoi@cdc.gov,Female,Ireland,Donnycarney,-6.218069,53.374266
884,Letitia,Dingsdale,ldingsdaleoj@wired.com,Bigender,Ireland,Swinford,-8.9480659,53.940892
885,Olvan,Thomesson,othomessonok@moonfruit.com,Male,Ireland,Lusk,-6.1535181,53.5220275
886,Fanchette,Wakeford,fwakefordol@constantcontact.com,Polygender,Ireland,Rathdrum,-6.163027,53.2339841
887,Emmery,Lunnon,elunnonom@bigcartel.com,Male,Ireland,Skibbereen,-9.268589,51.549106
888,Rand,Belfrage,rbelfrageon@trellian.com,Male,Ireland,Ashford,-6.3828795,53.385304
889,Amity,Shaudfurth,ashaudfurthoo@stumbleupon.com,Female,Ireland,Old Kilcullen,-6.7449927,53.1310185
890,Melisa,McIlvenna,mmcilvennaop@cafepress.com,Female,Ireland,Cluain Meala,-6.2611953,53.3881832
891,Ody,Antusch,oantuschoq@princeton.edu,Male,Ireland,Ballylinan,-7.0472382,52.9480781
892,Dennis,Villa,dvillaor@g.co,Male,Ireland,Raphoe,-8.2755058,52.2627273
893,Shandra,McColgan,smccolganos@auda.org.au,Female,Ireland,Portarlington,-7.185387,53.158984
894,Sigismund,Blaver,sblaverot@xing.com,Male,Ireland,Ballyjamesduff,-7.086877,53.8363325
895,Elmer,Janczak,ejanczakou@nationalgeographic.com,Male,Ireland,Arklow,-8.4523258,51.880525
896,Leeanne,Igonet,ligonetov@comcast.net,Agender,Ireland,Cobh,-8.298942,51.848898
897,Marven,Hanne,mhanneow@smh.com.au,Male,Ireland,Dunleer,-8.5176583,51.8863277
898,Randee,Kubal,rkubalox@newsvine.com,Female,Ireland,Clones,-7.2314132,54.1794814
899,Reggis,Taffarello,rtaffarellooy@hhs.gov,Male,Ireland,Valleymount,-6.3077823,53.3655256
900,Margarete,Reis,mreisoz@live.com,Female,Ireland,Kiltamagh,-8.9949917,53.8533151
901,Standford,Ilyushkin,silyushkinp0@google.ca,Male,Ireland,Sutton,-6.1097188,53.3895926
902,Putnem,Molen,pmolenp1@fotki.com,Male,Ireland,Edgeworthstown,-7.606287,53.6972399
903,Lynnet,Banting,lbantingp2@amazon.com,Female,Ireland,Oranmore,-9.7359765,54.1433253
904,Jarrad,Nattriss,jnattrissp3@histats.com,Male,Ireland,Sandymount,-6.2152673,53.3323703
905,Gavin,Edmenson,gedmensonp4@macromedia.com,Male,Ireland,Caherconlish,-8.3545704,52.5593605
906,Austin,Riall,ariallp5@ameblo.jp,Bigender,Ireland,Bailieborough,-6.9711886,53.916791
907,Ron,Stamp,rstampp6@merriam-webster.com,Male,Ireland,Glasnevin,-6.266734,53.3829319
908,Cord,Form,cformp7@hexun.com,Male,Ireland,Farranacoush,-8.5171384,51.876873
909,Wynny,Attenborough,wattenboroughp8@loc.gov,Female,Ireland,Ballylinan,-7.0472382,52.9480781
910,Shepherd,Rakestraw,srakestrawp9@hud.gov,Male,Ireland,Cavan,-7.297914,54.026345
911,Iormina,Hovie,ihoviepa@histats.com,Female,Ireland,Ballinteer,-6.2554371,53.2767301
912,Parrnell,Schulke,pschulkepb@tinypic.com,Male,Ireland,Charlesland,-6.0690645,53.1257486
913,Nicko,Winram,nwinrampc@tmall.com,Agender,Ireland,Boyle,-8.2969737,53.9735591
914,Rudiger,Chesser,rchesserpd@cafepress.com,Male,Ireland,Kanturk,-8.9342111,52.182304
915,Josefina,Boyd,jboydpe@mozilla.org,Female,Ireland,Mullagh,-8.4977746,51.8895954
916,Rockey,Shedd,rsheddpf@creativecommons.org,Male,Ireland,Rathdrum,-6.163027,53.2339841
917,Cristobal,Strowthers,cstrowtherspg@ibm.com,Male,Ireland,Oranmore,-9.7359765,54.1433253
918,Glynnis,Pandya,gpandyaph@cpanel.net,Genderqueer,Ireland,Dún Laoghaire,-6.133718,53.291512
919,Selinda,Bridson,sbridsonpi@eventbrite.com,Genderfluid,Ireland,Watergrasshill,-8.337871,52.0097259
920,Karlene,De Ruel,kderuelpj@marketwatch.com,Female,Ireland,Bearna,-6.2340942,53.2993199
921,Alexandro,Bettinson,abettinsonpk@theguardian.com,Male,Ireland,Mullagh,-8.4977746,51.8895954
922,Neddie,Saxon,nsaxonpl@netvibes.com,Male,Ireland,Dún Laoghaire,-6.133718,53.291512
923,Ruben,Gohn,rgohnpm@theatlantic.com,Male,Ireland,Templeogue,-6.3219759,53.2976886
924,Tim,Tarply,ttarplypn@nytimes.com,Female,Ireland,Templeogue,-6.3219759,53.2976886
925,Dulcie,Stote,dstotepo@people.com.cn,Female,Ireland,Virginia,-6.2633149,53.377533
926,Ganny,Haton,ghatonpp@myspace.com,Male,Ireland,Confey,-6.5028415,53.3806398
927,Lucina,Chappelow,lchappelowpq@admin.ch,Female,Ireland,Portarlington,-7.185387,53.158984
928,Urban,Gossage,ugossagepr@istockphoto.com,Male,Ireland,Confey,-6.5028415,53.3806398
929,Poppy,Growden,pgrowdenps@pbs.org,Female,Ireland,Boyle,-8.2969737,53.9735591
930,Ivory,Dickerline,idickerlinept@sfgate.com,Female,Ireland,Lusk,-6.1535181,53.5220275
931,Temp,Swetmore,tswetmorepu@google.co.jp,Male,Ireland,Dublin,-6.2427004,53.3347733
932,Hal,Carlos,hcarlospv@cdc.gov,Male,Ireland,Moville,-8.4242597,51.8910459
933,Virginie,Etchells,vetchellspw@e-recht24.de,Polygender,Ireland,Ratoath,-6.4671298,53.5050031
934,Herman,Banaszczyk,hbanaszczykpx@hostgator.com,Polygender,Ireland,Donnycarney,-6.218069,53.374266
935,Kristine,Spriggen,kspriggenpy@sogou.com,Female,Ireland,Charlesland,-6.0690645,53.1257486
936,Boyce,Autie,bautiepz@aol.com,Genderqueer,Ireland,Tralee,-7.0833118,52.2413206
937,Laetitia,Adiscot,ladiscotq0@microsoft.com,Female,Ireland,Fairview,-6.4202878,54.0026343
938,Stevy,Beceril,sbecerilq1@narod.ru,Male,Ireland,Dundrum,-6.2508196,53.2866372
939,Cullan,Oakeby,coakebyq2@wix.com,Male,Ireland,Coolock,-6.1920933,53.3916434
940,Meyer,Soltan,msoltanq3@businessweek.com,Male,Ireland,Askeaton,-8.9706844,52.6004448
941,Pippo,Galia,pgaliaq4@live.com,Genderfluid,Ireland,Kildare,-6.9140788,53.169971
942,Griffith,Portigall,gportigallq5@sciencedaily.com,Male,Ireland,Moycullen,-9.159604,53.302644
943,Everard,Persse,epersseq6@wikimedia.org,Male,Ireland,Portarlington,-7.185387,53.158984
944,Bradford,Saggs,bsaggsq7@zimbio.com,Male,Ireland,Ardee,-8.4784945,51.8815586
945,Iris,Hynd,ihyndq8@photobucket.com,Female,Ireland,Clogherhead,-6.2429997,53.7902634
946,Jaquenette,Dinzey,jdinzeyq9@networksolutions.com,Female,Ireland,Naas,-6.67045,53.213319
947,Victoria,Harring,vharringqa@thetimes.co.uk,Female,Ireland,Enniskerry,-8.9821467,52.8498651
948,Isidro,Elsegood,ielsegoodqb@ask.com,Male,Ireland,Dublin,-6.2427004,53.3347733
949,Rivkah,Snook,rsnookqc@tumblr.com,Female,Ireland,Rathwire,-7.145971,53.508326
950,Christophorus,Stealfox,cstealfoxqd@mapy.cz,Male,Ireland,Moville,-8.4242597,51.8910459
951,Pennie,Turl,pturlqe@admin.ch,Female,Ireland,Farranacoush,-8.5171384,51.876873
952,Tammy,Cicetti,tcicettiqf@apache.org,Male,Ireland,Listowel,-9.4851741,52.4460804
953,Fedora,Foukx,ffoukxqg@answers.com,Female,Ireland,Old Kilcullen,-6.7449927,53.1310185
954,Christal,Braundt,cbraundtqh@utexas.edu,Female,Ireland,Kinsealy-Drinan,-6.1644997,53.4266145
955,Noah,Rushbury,nrushburyqi@nyu.edu,Male,Ireland,Farranacoush,-8.5171384,51.876873
956,Miltie,Farquharson,mfarquharsonqj@photobucket.com,Male,Ireland,Fermoy,-9.5003786,52.4458588
957,Alaine,Ginner,aginnerqk@nasa.gov,Female,Ireland,Bayside,-9.1097137,53.2582868
958,Travers,Brendeke,tbrendekeql@nps.gov,Male,Ireland,Ashford,-6.3828795,53.385304
959,Deena,Deacon,ddeaconqm@chronoengine.com,Female,Ireland,Old Kilcullen,-6.7449927,53.1310185
960,Fredek,Putman,fputmanqn@arizona.edu,Male,Ireland,Ballyhaunis,-8.7683674,53.7942932
961,Moses,Lovelock,mlovelockqo@phoca.cz,Polygender,Ireland,Castleblayney,-6.64937,54.10269
962,L;urette,Mair,lmairqp@engadget.com,Female,Ireland,Bailieborough,-6.9711886,53.916791
963,Ysabel,Raithmill,yraithmillqq@usnews.com,Female,Ireland,Blessington,-8.5111664,51.8858819
964,Bobbi,Shenton,bshentonqr@nsw.gov.au,Female,Ireland,Kinnegad,-9.1327273,53.806868
965,Lothario,Coveley,lcoveleyqs@booking.com,Male,Ireland,Ballinroad,-7.5717688,52.1045472
966,Griswold,Cumberledge,gcumberledgeqt@uol.com.br,Male,Ireland,Cavan,-7.297914,54.026345
967,Malanie,State,mstatequ@theguardian.com,Female,Ireland,Tower,-80.7087609,35.7797381
968,Tabor,Duval,tduvalqv@de.vu,Male,Ireland,Clones,-7.2314132,54.1794814
969,Dina,Polin,dpolinqw@histats.com,Female,Ireland,Bailieborough,-6.9711886,53.916791
970,Bambi,Carleman,bcarlemanqx@apple.com,Genderfluid,Ireland,Ballymun,-6.264963,53.3897152
971,Sheridan,Codman,scodmanqy@vinaora.com,Male,Ireland,Naas,-6.67045,53.213319
972,Fallon,Martel,fmartelqz@histats.com,Female,Ireland,Longford,-7.8004329,53.7283566
973,Goran,Chevin,gchevinr0@illinois.edu,Male,Ireland,Old Kilcullen,-6.7449927,53.1310185
974,Eilis,Snawdon,esnawdonr1@theatlantic.com,Female,Ireland,Monasterevin,-7.0625888,53.1387595
975,Jane,Baitman,jbaitmanr2@mac.com,Female,Ireland,Dromiskin,-6.4008792,53.9215606
976,Leif,Gilluley,lgilluleyr3@cargocollective.com,Male,Ireland,Granard,-7.5011999,53.776647
977,Blithe,Cockburn,bcockburnr4@facebook.com,Female,Ireland,Fairview,-6.4202878,54.0026343
978,Farlay,Tafani,ftafanir5@dyndns.org,Male,Ireland,Newmarket on Fergus,-8.8950821,52.7604883
979,Glyn,Catford,gcatfordr6@shop-pro.jp,Female,Ireland,Clones,-7.2314132,54.1794814
980,Nessa,Franceschi,nfranceschir7@nba.com,Female,Ireland,Kanturk,-8.9342111,52.182304
981,Dyan,Bellis,dbellisr8@miitbeian.gov.cn,Agender,Ireland,Ashford,-6.3828795,53.385304
982,Georgine,Brooksby,gbrooksbyr9@delicious.com,Female,Ireland,Athy,-6.9858993,53.0018699
983,Janaye,Davidescu,jdavidescura@rambler.ru,Female,Ireland,Adare,-6.176659,53.4487975
984,Fidelity,Enticknap,fenticknaprb@feedburner.com,Bigender,Ireland,Aughrim,-6.366762,53.2987724
985,Angelico,McGuggy,amcguggyrc@amazonaws.com,Male,Ireland,Crossmolina,-6.473025,54.0086093
986,Wilton,Fusedale,wfusedalerd@addthis.com,Male,Ireland,Longford,-7.8004329,53.7283566
987,Coriss,Ornelas,cornelasre@studiopress.com,Female,Ireland,Kildare,-6.9140788,53.169971
988,Thorpe,Dunbavin,tdunbavinrf@mashable.com,Male,Ireland,Kanturk,-8.9342111,52.182304
989,Lane,McPharlain,lmcpharlainrg@google.co.jp,Female,Ireland,Manorhamilton,-8.1722002,54.3051891
990,Ruperto,Sommerlie,rsommerlierh@tripadvisor.com,Male,Ireland,Virginia,-6.2633149,53.377533
991,Jilli,Burth,jburthri@tmall.com,Female,Ireland,Youghal,-7.8434254,51.949401
992,Kania,Rawes,krawesrj@dmoz.org,Female,Ireland,Templeogue,-6.3219759,53.2976886
993,Odessa,Riccardi,oriccardirk@google.it,Female,Ireland,Cill Airne,-6.2890702,53.3201497
994,Gayle,Barnby,gbarnbyrl@sfgate.com,Male,Ireland,Clondalkin,-6.4496384,53.3582341
995,Christye,Pfertner,cpfertnerrm@naver.com,Genderfluid,Ireland,Castlemartyr,-8.05,51.9166667
996,Kenyon,Edmed,kedmedrn@dailymotion.com,Male,Ireland,Dungloe,-6.3695384,53.3734053
997,Roch,Quinnelly,rquinnellyro@fastcompany.com,Female,Ireland,Cherryville,-7.1111732,52.2513095
998,Lexis,Pickford,lpickfordrp@ucsd.edu,Female,Ireland,Tullamore,-7.518792,53.284466
999,Rriocard,Tanzig,rtanzigrq@nydailynews.com,Male,Ireland,Mallow,-8.642661,52.1361219
1000,Alyss,Jan,ajanrr@360.cn,Female,Ireland,Listowel,-9.4851741,52.4460804
