id,first_name,last_name,email,gender,country,city,lon,lat
1,Fredi,Edwins,fedwins0@washingtonpost.com,Female,Ireland,Tullyallen,-6.4241156,53.7369009
2,Otis,Conochie,oconochie1@aol.com,Male,Ireland,Navan,-6.313755,53.366736
3,Maxie,Blabber,mblabber2@netvibes.com,Bigender,Ireland,Cloyne,-6.2398782,53.32112
4,Theresita,Bracken,tbracken3@samsung.com,Female,Ireland,Coolock,-6.1920933,53.3916434
5,Gelya,Tamblyn,gtamblyn4@businessinsider.com,Female,Ireland,Athlone,-7.9428197,53.4231032
6,Mac,Compson,mcompson5@geocities.jp,Polygender,Ireland,Blarney,-8.8562835,53.510243
7,Deloris,Medgewick,dmedgewick6@indiatimes.com,Female,Ireland,Newmarket on Fergus,-8.8950821,52.7604883
8,Boony,Toffalo,btoffalo7@cocolog-nifty.com,Male,Ireland,Oranmore,-9.7359765,54.1433253
9,Timothee,Huntington,thuntington8@so-net.ne.jp,Male,Ireland,Athlone,-7.9428197,53.4231032
10,Stella,Flemmich,sflemmich9@quantcast.com,Female,Ireland,Sandymount,-6.2152673,53.3323703
11,Dwain,Fearneley,dfearneleya@xing.com,Male,Ireland,Cork,-8.489012,51.923707
12,Ysabel,Atrill,yatrillb@flickr.com,Female,Ireland,Portumna,-8.2215941,53.0917381
13,Ella,Hobbing,ehobbingc@ucoz.com,Female,Ireland,Macroom,-8.958931,51.904635
14,Toinette,Dobie,tdobied@springer.com,Female,Ireland,Greenhills,-6.336393,53.3122864
15,Danila,O'Doherty,dodohertye@google.com.br,Female,Ireland,Crossmolina,-6.473025,54.0086093
16,Cirilo,Mathiassen,cmathiassenf@vkontakte.ru,Male,Ireland,Fairview,-6.4202878,54.0026343
17,Carry,Fitzsymon,cfitzsymong@mashable.com,Female,Ireland,Manorhamilton,-8.1722002,54.3051891
18,Darby,Spellworth,dspellworthh@jimdo.com,Male,Ireland,Cloyne,-6.2398782,53.32112
19,Hermy,Wearden,hweardeni@amazon.de,Male,Ireland,Skerries,-6.1349155,53.5834008
20,Pietro,Asals,pasalsj@reverbnation.com,Male,Ireland,Cherryville,-7.1111732,52.2513095
21,Marcela,Fairleigh,mfairleighk@spotify.com,Female,Ireland,Birr,-7.9139891,53.0949398
22,Winnah,O'Noland,wonolandl@pcworld.com,Female,Ireland,Mullagh,-8.4977746,51.8895954
23,Clem,Tiptaft,ctiptaftm@typepad.com,Genderqueer,Ireland,Virginia,-6.2633149,53.377533
24,Ralph,Hearson,rhearsonn@barnesandnoble.com,Male,Ireland,Crumlin,-6.3048641,53.3284298
25,Delmar,Folcarelli,dfolcarellio@woothemes.com,Male,Ireland,Muff,-7.269174,55.0650892
26,Emilio,Thornley,ethornleyp@dmoz.org,Male,Ireland,Portumna,-8.2215941,53.0917381
27,Lonny,Dabbs,ldabbsq@ebay.com,Polygender,Ireland,Stradbally,-8.5054897,52.7107501
28,Karolina,Durek,kdurekr@1688.com,Agender,Ireland,Swords,-6.2071246,53.4562426
29,Felicio,Rexworthy,frexworthys@ovh.net,Male,Ireland,Aghada,-8.4627451,54.25645
30,Briney,Fluit,bfluitt@cbslocal.com,Female,Ireland,Kanturk,-8.9342111,52.182304
31,Bobby,Pavic,bpavicu@amazonaws.com,Male,Ireland,Manorhamilton,-8.1722002,54.3051891
32,Chev,Verna,cvernav@google.com.br,Male,Ireland,Kingscourt,-6.2755912,53.3500473
33,Rolfe,Tigner,rtignerw@accuweather.com,Male,Ireland,Gort,-8.9791425,52.8638391
34,Ethe,Wasling,ewaslingx@mozilla.com,Male,Ireland,Trá Mhór,-9.0197835,53.2736466
35,Bing,Pullar,bpullary@usda.gov,Male,Ireland,Castlepollard,-7.2979911,53.6785169
36,Bat,Grene,bgrenez@hugedomains.com,Male,Ireland,Ballyjamesduff,-7.086877,53.8363325
37,Sollie,Gres,sgres10@dell.com,Male,Ireland,Moate,-6.1942058,53.3604483
38,Isidore,Petera,ipetera11@nyu.edu,Male,Ireland,Castlepollard,-7.2979911,53.6785169
39,Xymenes,Lean,xlean12@cnbc.com,Male,Ireland,Kinlough,-6.1136478,53.2121335
40,Alessandro,Britzius,abritzius13@instagram.com,Male,Ireland,Listowel,-9.4851741,52.4460804
41,Ashley,MacChaell,amacchaell14@seattletimes.com,Male,Ireland,Bailieborough,-6.9711886,53.916791
42,Allan,Scrammage,ascrammage15@marketwatch.com,Male,Ireland,Ratoath,-6.4671298,53.5050031
43,Dore,Mosten,dmosten16@youku.com,Bigender,Ireland,Ratoath,-6.4671298,53.5050031
44,Cherice,Casaletto,ccasaletto17@privacy.gov.au,Female,Ireland,Balrothery,-6.1884248,53.5879156
45,Aloysius,Kennion,akennion18@feedburner.com,Male,Ireland,Edgeworthstown,-7.606287,53.6972399
46,Sayres,Hammerson,shammerson19@gnu.org,Male,Ireland,Tralee,-7.0833118,52.2413206
47,Pyotr,Lawrey,plawrey1a@telegraph.co.uk,Male,Ireland,Fermoy,-9.5003786,52.4458588
48,Sonnnie,McAughtrie,smcaughtrie1b@godaddy.com,Female,Ireland,Stradbally,-8.5054897,52.7107501
49,My,Dullingham,mdullingham1c@pen.io,Male,Ireland,Moate,-6.1942058,53.3604483
50,Olivette,Mansford,omansford1d@a8.net,Female,Ireland,Sandyford,-6.3422325,53.719155
51,Brucie,Nason,bnason1e@ihg.com,Male,Ireland,Clondalkin,-6.4496384,53.3582341
52,Ainslie,Bampkin,abampkin1f@time.com,Female,Ireland,Thomastown,-6.7434401,53.2229873
53,Nicolai,Lilburn,nlilburn1g@yale.edu,Male,Ireland,Carrigaline,-8.3929404,51.8113447
54,Jaine,Pawlick,jpawlick1h@sfgate.com,Female,Ireland,Mallow,-8.642661,52.1361219
55,Cecilia,Lightbody,clightbody1i@ezinearticles.com,Female,Ireland,Bagenalstown,-6.9692181,52.7009338
56,Jard,Leyrroyd,jleyrroyd1j@wordpress.org,Male,Ireland,Rathangan,-6.9898366,53.2265199
57,Fidel,Ateridge,fateridge1k@angelfire.com,Male,Ireland,Ballina,-9.151825,54.11215
58,Elmore,Prichet,eprichet1l@disqus.com,Male,Ireland,Sallins,-6.6633404,53.2492381
59,Matthus,Orringe,morringe1m@flavors.me,Male,Ireland,Carrigaline,-8.3929404,51.8113447
60,Shayna,Juggins,sjuggins1n@flavors.me,Female,Ireland,Ballinteer,-6.2554371,53.2767301
61,Rooney,Gettens,rgettens1o@google.ru,Male,Ireland,Thomastown,-6.7434401,53.2229873
62,Veronique,Parlatt,vparlatt1p@imdb.com,Polygender,Ireland,Donabate,-6.1544115,53.4855448
63,Nalani,Casse,ncasse1q@vkontakte.ru,Female,Ireland,Sutton,-6.1097188,53.3895926
64,Lock,Smitten,lsmitten1r@wiley.com,Male,Ireland,Tallaght,-6.3660863,53.2874153
65,Ferdinande,Tumbridge,ftumbridge1s@joomla.org,Female,Ireland,Tullyallen,-6.4241156,53.7369009
66,Ashil,Whyard,awhyard1t@ask.com,Female,Ireland,Sallins,-6.6633404,53.2492381
67,Juan,Brenstuhl,jbrenstuhl1u@senate.gov,Male,Ireland,Ballyhaunis,-8.7683674,53.7942932
68,Lexy,Rubi,lrubi1v@loc.gov,Female,Ireland,Ardee,-8.4784945,51.8815586
69,Gerti,Snasdell,gsnasdell1w@nymag.com,Genderqueer,Ireland,Nenagh,-8.2001004,52.86326
70,Aleta,Haycraft,ahaycraft1x@typepad.com,Female,Ireland,Dún Laoghaire,-6.133718,53.291512
71,Symon,Niave,sniave1y@sphinn.com,Male,Ireland,Ardee,-8.4784945,51.8815586
72,Dalli,Piggford,dpiggford1z@narod.ru,Male,Ireland,Claremorris,-8.334953,51.8610022
73,Rebe,Good,rgood20@un.org,Female,Ireland,Kiltamagh,-8.9949917,53.8533151
74,Oby,Pitbladdo,opitbladdo21@domainmarket.com,Bigender,Ireland,Youghal,-7.8434254,51.949401
75,Claudianus,Dell Casa,cdellcasa22@wufoo.com,Male,Ireland,Clondalkin,-6.4496384,53.3582341
76,Abie,Helgass,ahelgass23@yahoo.co.jp,Male,Ireland,Monaghan,-7.0943023,54.2694844
77,Pearla,Coldbath,pcoldbath24@howstuffworks.com,Female,Ireland,Confey,-6.5028415,53.3806398
78,Preston,Bernocchi,pbernocchi25@netlog.com,Male,Ireland,Cabinteely,-6.1603828,53.2599034
79,Korey,Lillico,klillico26@skyrock.com,Male,Ireland,Crossmolina,-6.473025,54.0086093
80,Dallas,Schimon,dschimon27@smugmug.com,Female,Ireland,Dublin,-6.2427004,53.3347733
81,Knox,Gowrie,kgowrie28@google.com.hk,Male,Ireland,Swinford,-8.9480659,53.940892
82,Davie,Toffanini,dtoffanini29@si.edu,Male,Ireland,Ballivor,-6.1191333,53.1915379
83,Cora,Armin,carmin2a@shop-pro.jp,Female,Ireland,Longford,-7.8004329,53.7283566
84,Darcey,Garmanson,dgarmanson2b@forbes.com,Female,Ireland,Dunmanway,-9.1115941,51.7203863
85,Jada,Daysh,jdaysh2c@sohu.com,Female,Ireland,Bayside,-9.1097137,53.2582868
86,Marion,Easey,measey2d@arstechnica.com,Female,Ireland,Fairview,-6.4202878,54.0026343
87,Cate,Spackman,cspackman2e@yolasite.com,Female,Ireland,Castlerea,-8.6346959,53.7423435
88,Reina,Ramstead,rramstead2f@discovery.com,Genderfluid,Ireland,Sallins,-6.6633404,53.2492381
89,Reynold,Dyerson,rdyerson2g@cdc.gov,Male,Ireland,Castlepollard,-7.2979911,53.6785169
90,Melinda,Benit,mbenit2h@hostgator.com,Female,Ireland,Blarney,-8.8562835,53.510243
91,Lev,Le Blond,lleblond2i@elpais.com,Male,Ireland,Booterstown,-6.1979853,53.3046353
92,Katheryn,Honsch,khonsch2j@baidu.com,Female,Ireland,Eadestown,-6.590926,53.1936864
93,Thomasine,Splain,tsplain2k@cornell.edu,Female,Ireland,Templeogue,-6.3219759,53.2976886
94,Marlin,Soggee,msoggee2l@ustream.tv,Polygender,Ireland,Greenhills,-6.336393,53.3122864
95,Brnaby,Bosdet,bbosdet2m@trellian.com,Male,Ireland,Ballina,-9.151825,54.11215
96,Kristyn,Gallagher,kgallagher2n@hubpages.com,Female,Ireland,Tullamore,-7.518792,53.284466
97,Kip,Roome,kroome2o@unicef.org,Female,Ireland,Ardee,-8.4784945,51.8815586
98,Lura,Dessaur,ldessaur2p@t-online.de,Non-binary,Ireland,Rathdrum,-6.163027,53.2339841
99,Gleda,Di Franceschi,gdifranceschi2q@gmpg.org,Female,Ireland,Foxrock,-6.1011147,53.2000455
100,Hamnet,Adcock,hadcock2r@mozilla.com,Male,Ireland,Kinnegad,-9.1327273,53.806868
101,Brigitte,Georgelin,bgeorgelin2s@clickbank.net,Female,Ireland,Dundrum,-6.2508196,53.2866372
102,Maddi,Duigan,mduigan2t@miibeian.gov.cn,Female,Ireland,Dublin,-6.2427004,53.3347733
103,Karleen,Parkin,kparkin2u@who.int,Female,Ireland,Crumlin,-6.3048641,53.3284298
104,Quint,Luckham,qluckham2v@domainmarket.com,Male,Ireland,Dundrum,-6.2508196,53.2866372
105,Niven,Corser,ncorser2w@illinois.edu,Genderfluid,Ireland,Longford,-7.8004329,53.7283566
106,Chelsy,Hinstock,chinstock2x@lulu.com,Female,Ireland,Ballylinan,-7.0472382,52.9480781
107,Milt,Licence,mlicence2y@auda.org.au,Male,Ireland,Donnycarney,-6.218069,53.374266
108,Ringo,Dolling,rdolling2z@phpbb.com,Male,Ireland,Virginia,-6.2633149,53.377533
109,Clayson,Tompkins,ctompkins30@typepad.com,Male,Ireland,Killumney,-8.6340751,52.6638144
110,Lydon,Elsworth,lelsworth31@oakley.com,Male,Ireland,Killorglin,-9.7850991,52.1058991
111,Zoe,Leggate,zleggate32@liveinternet.ru,Female,Ireland,Gort,-8.9791425,52.8638391
112,Minnnie,Bourgaize,mbourgaize33@slashdot.org,Female,Ireland,Clondalkin,-6.4496384,53.3582341
113,Olenolin,Parell,oparell34@dedecms.com,Male,Ireland,Dunleer,-8.5176583,51.8863277
114,Sissie,Wikey,swikey35@apple.com,Female,Ireland,Youghal,-7.8434254,51.949401
115,Evangeline,McCrystal,emccrystal36@so-net.ne.jp,Female,Ireland,Raheny,-6.1820563,53.3786861
116,Blithe,Tiltman,btiltman37@fda.gov,Female,Ireland,Piltown,-6.3025448,53.6920618
117,Giffard,Kerwood,gkerwood38@cmu.edu,Male,Ireland,Killorglin,-9.7850991,52.1058991
118,Bernardine,Bjorkan,bbjorkan39@about.me,Female,Ireland,Aughrim,-6.366762,53.2987724
119,Prinz,Worman,pworman3a@blinklist.com,Male,Ireland,Virginia,-6.2633149,53.377533
120,Missy,Babin,mbabin3b@istockphoto.com,Female,Ireland,Birr,-7.9139891,53.0949398
121,Cece,Howett,chowett3c@simplemachines.org,Male,Ireland,Bailieborough,-6.9711886,53.916791
122,Alyss,Tanton,atanton3d@newsvine.com,Female,Ireland,Cork,-8.489012,51.923707
123,Roch,Branigan,rbranigan3e@army.mil,Female,Ireland,Monaghan,-7.0943023,54.2694844
124,Lula,Mahady,lmahady3f@hhs.gov,Female,Ireland,Dungloe,-6.3695384,53.3734053
125,Saunder,Deeley,sdeeley3g@bigcartel.com,Male,Ireland,Tower,-80.7087609,35.7797381
126,Maressa,Buttel,mbuttel3h@goo.gl,Female,Ireland,Eadestown,-6.590926,53.1936864
127,Oneida,Grigs,ogrigs3i@newyorker.com,Female,Ireland,Cluain Meala,-6.2611953,53.3881832
128,Melessa,Tucker,mtucker3j@dmoz.org,Female,Ireland,Arklow,-8.4523258,51.880525
129,Roselle,Scrigmour,rscrigmour3k@over-blog.com,Female,Ireland,Claremorris,-8.334953,51.8610022
130,Agatha,Bodle,abodle3l@macromedia.com,Genderfluid,Ireland,Kiltamagh,-8.9949917,53.8533151
131,Lora,Callinan,lcallinan3m@si.edu,Female,Ireland,Youghal,-7.8434254,51.949401
132,Gasper,Berford,gberford3n@stumbleupon.com,Male,Ireland,Gort,-8.9791425,52.8638391
133,Lancelot,Ganniclifft,lganniclifft3o@angelfire.com,Male,Ireland,Foxrock,-6.1011147,53.2000455
134,Way,Domino,wdomino3p@google.cn,Male,Ireland,Gweedore,-9.0288689,53.2737147
135,Carolina,De Mattia,cdemattia3q@google.cn,Female,Ireland,Valleymount,-6.3077823,53.3655256
136,Read,Kensall,rkensall3r@imdb.com,Male,Ireland,Thomastown,-6.7434401,53.2229873
137,Keven,Gillingwater,kgillingwater3s@is.gd,Male,Ireland,Monaghan,-7.0943023,54.2694844
138,Early,Birdseye,ebirdseye3t@prlog.org,Genderfluid,Ireland,Castlebellingham,-6.391149,53.8996586
139,Rustie,Alvey,ralvey3u@fotki.com,Male,Ireland,Malahide,-6.1479779,53.450694
140,Asia,Caneo,acaneo3v@php.net,Female,Ireland,Boyle,-8.2969737,53.9735591
141,Garald,Heaton,gheaton3w@printfriendly.com,Male,Ireland,Adare,-6.176659,53.4487975
142,Arnaldo,Hamal,ahamal3x@salon.com,Male,Ireland,Bagenalstown,-6.9692181,52.7009338
143,Vaughn,Le Friec,vlefriec3y@addtoany.com,Male,Ireland,Milltown,-7.9027266,53.4148582
144,Brandais,Messruther,bmessruther3z@usatoday.com,Female,Ireland,Templeogue,-6.3219759,53.2976886
145,Demetrius,Leve,dleve40@noaa.gov,Male,Ireland,Ballyhaunis,-8.7683674,53.7942932
146,Arlan,Dacre,adacre41@wikimedia.org,Non-binary,Ireland,Cabinteely,-6.1603828,53.2599034
147,Worth,Edmons,wedmons42@microsoft.com,Male,Ireland,Cavan,-7.297914,54.026345
148,Georgy,Lagde,glagde43@home.pl,Male,Ireland,Clifden,-10.022186,53.488087
149,Joni,Ronayne,jronayne44@yelp.com,Female,Ireland,Glasnevin,-6.266734,53.3829319
150,Gussi,Rasor,grasor45@discuz.net,Female,Ireland,Monkstown,-8.9775014,52.8314927
151,Pen,Duthy,pduthy46@independent.co.uk,Male,Ireland,Arklow,-8.4523258,51.880525
152,Moshe,Moryson,mmoryson47@imgur.com,Male,Ireland,Kill,-6.5924609,53.2482376
153,Alexio,Lampen,alampen48@typepad.com,Male,Ireland,Dungarvan,-6.1822287,53.3788495
154,Goran,Nelhams,gnelhams49@bloomberg.com,Male,Ireland,Fairview,-6.4202878,54.0026343
155,Kin,Conrad,kconrad4a@about.me,Male,Ireland,Swinford,-8.9480659,53.940892
156,Woodie,Fergyson,wfergyson4b@tinypic.com,Male,Ireland,Macroom,-8.958931,51.904635
157,Bill,Hiorn,bhiorn4c@vkontakte.ru,Male,Ireland,Askeaton,-8.9706844,52.6004448
158,Tessa,Taillant,ttaillant4d@answers.com,Female,Ireland,Cobh,-8.298942,51.848898
159,Bekki,Weepers,bweepers4e@istockphoto.com,Female,Ireland,Farranacoush,-8.5171384,51.876873
160,Andrus,Lamzed,alamzed4f@sbwire.com,Male,Ireland,Cill Airne,-6.2890702,53.3201497
161,Betta,Trenoweth,btrenoweth4g@microsoft.com,Agender,Ireland,Prosperous,-6.7515223,53.2888321
162,Wade,Angeau,wangeau4h@nps.gov,Agender,Ireland,Ballinroad,-7.5717688,52.1045472
163,Ranice,Goodbanne,rgoodbanne4i@naver.com,Female,Ireland,Dungarvan,-6.1822287,53.3788495
164,Robyn,Elphinston,relphinston4j@huffingtonpost.com,Female,Ireland,Bundoran,-8.2817353,54.4771768
165,Ansley,Blenkhorn,ablenkhorn4k@samsung.com,Female,Ireland,Castlebellingham,-6.391149,53.8996586
166,Tremayne,Galler,tgaller4l@webnode.com,Male,Ireland,Sandymount,-6.2152673,53.3323703
167,Ave,Illing,ailling4m@yolasite.com,Male,Ireland,Ballisodare,-8.5070436,54.2109904
168,Perkin,Bosche,pbosche4n@amazon.com,Male,Ireland,Tullyallen,-6.4241156,53.7369009
169,Lev,Linge,llinge4o@seesaa.net,Male,Ireland,Dungarvan,-6.1822287,53.3788495
170,Wilek,Grzesiewicz,wgrzesiewicz4p@google.co.jp,Male,Ireland,Monaghan,-7.0943023,54.2694844
171,Aarika,Coysh,acoysh4q@deliciousdays.com,Female,Ireland,Dublin,-6.2427004,53.3347733
172,Orv,Darrigoe,odarrigoe4r@histats.com,Male,Ireland,Rathdrum,-6.163027,53.2339841
173,Rooney,Bownass,rbownass4s@netlog.com,Male,Ireland,Milltown,-7.9027266,53.4148582
174,Barny,Scholcroft,bscholcroft4t@phoca.cz,Genderqueer,Ireland,Blessington,-8.5111664,51.8858819
175,Buckie,Shyre,bshyre4u@nydailynews.com,Male,Ireland,Castleblayney,-6.64937,54.10269
176,Moina,Aikett,maikett4v@amazon.com,Female,Ireland,Cavan,-7.297914,54.026345
177,Constance,Huffadine,chuffadine4w@illinois.edu,Female,Ireland,Sandyford,-6.3422325,53.719155
178,Elicia,Towhey,etowhey4x@skyrock.com,Female,Ireland,Carrigaline,-8.3929404,51.8113447
179,Kizzee,Percy,kpercy4y@cyberchimps.com,Female,Ireland,Castlebridge,-6.5853664,53.378253
180,Guenna,Kilmary,gkilmary4z@google.com.au,Female,Ireland,Foxrock,-6.1011147,53.2000455
181,Collin,Mutlow,cmutlow50@naver.com,Male,Ireland,Kildare,-6.9140788,53.169971
182,Dulcinea,Hastelow,dhastelow51@senate.gov,Female,Ireland,Greenhills,-6.336393,53.3122864
183,Martina,Laban,mlaban52@photobucket.com,Female,Ireland,Birr,-7.9139891,53.0949398
184,Jeffry,Witter,jwitter53@youku.com,Male,Ireland,Donabate,-6.1544115,53.4855448
185,Aarika,Cussons,acussons54@nps.gov,Female,Ireland,Cork,-8.489012,51.923707
186,Yankee,McComiskie,ymccomiskie55@senate.gov,Male,Ireland,Moycullen,-9.159604,53.302644
187,Myrtle,Sowten,msowten56@taobao.com,Female,Ireland,Rathangan,-6.9898366,53.2265199
188,Augusta,Licciardello,alicciardello57@cdc.gov,Female,Ireland,Carrigaline,-8.3929404,51.8113447
189,Abelard,Bockh,abockh58@devhub.com,Male,Ireland,Lusk,-6.1535181,53.5220275
190,Melamie,Kasper,mkasper59@wsj.com,Female,Ireland,Nenagh,-8.2001004,52.86326
191,Mathew,Samper,msamper5a@youku.com,Male,Ireland,Caherconlish,-8.3545704,52.5593605
192,Sheba,Giacopetti,sgiacopetti5b@netlog.com,Bigender,Ireland,Blarney,-8.8562835,53.510243
193,Odella,Sutliff,osutliff5c@example.com,Female,Ireland,Listowel,-9.4851741,52.4460804
194,Aldo,Swynfen,aswynfen5d@blinklist.com,Male,Ireland,Raheny,-6.1820563,53.3786861
195,Sheri,Ffrench,sffrench5e@booking.com,Female,Ireland,Crumlin,-6.3048641,53.3284298
196,Barry,Bargery,bbargery5f@goo.gl,Male,Ireland,Clifden,-10.022186,53.488087
197,Aldo,Hutfield,ahutfield5g@china.com.cn,Male,Ireland,Ballinteer,-6.2554371,53.2767301
198,Suzette,Ruegg,sruegg5h@soup.io,Female,Ireland,Farranacoush,-8.5171384,51.876873
199,Wilt,Kither,wkither5i@infoseek.co.jp,Male,Ireland,Mullagh,-8.4977746,51.8895954
200,Cullan,Seckom,cseckom5j@theguardian.com,Male,Ireland,Clones,-7.2314132,54.1794814
201,Nerty,Callam,ncallam5k@dmoz.org,Female,Ireland,Clondalkin,-6.4496384,53.3582341
202,Rhys,Aynsley,raynsley5l@mashable.com,Male,Ireland,Raheny,-6.1820563,53.3786861
203,Rocky,Darragon,rdarragon5m@google.es,Male,Ireland,Mallow,-8.642661,52.1361219
204,Lockwood,Welham,lwelham5n@hhs.gov,Male,Ireland,Dungarvan,-6.1822287,53.3788495
205,Sharia,Talby,stalby5o@yelp.com,Female,Ireland,Bearna,-6.2340942,53.2993199
206,Dorena,Pablo,dpablo5p@unc.edu,Female,Ireland,Bagenalstown,-6.9692181,52.7009338
207,Giffie,Seabon,gseabon5q@hc360.com,Male,Ireland,Clones,-7.2314132,54.1794814
208,Hubie,Varney,hvarney5r@netvibes.com,Male,Ireland,Kilkenny,-7.2584,52.655184
209,Krissy,Feige,kfeige5s@amazon.co.uk,Female,Ireland,Moate,-6.1942058,53.3604483
210,Francyne,Goodrich,fgoodrich5t@wordpress.org,Female,Ireland,Piltown,-6.3025448,53.6920618
211,Meredithe,Ianinotti,mianinotti5u@slate.com,Female,Ireland,Tower,-80.7087609,35.7797381
212,Danell,Pitcaithley,dpitcaithley5v@wired.com,Female,Ireland,Monasterevin,-7.0625888,53.1387595
213,Eugenio,Tomsu,etomsu5w@geocities.com,Male,Ireland,Cavan,-7.297914,54.026345
214,Callie,Bullough,cbullough5x@icio.us,Female,Ireland,Ardee,-8.4784945,51.8815586
215,Lucretia,Hender,lhender5y@yellowpages.com,Female,Ireland,Gorey,-6.308522,52.665267
216,Gwenni,Soldan,gsoldan5z@webnode.com,Bigender,Ireland,Castlemartyr,-8.05,51.9166667
217,Abbey,Lowndsbrough,alowndsbrough60@vkontakte.ru,Female,Ireland,Aghada,-8.4627451,54.25645
218,Justine,Cecely,jcecely61@nytimes.com,Polygender,Ireland,Kilmacanoge,-6.139018,53.171935
219,Gabie,Gravett,ggravett62@nbcnews.com,Female,Ireland,Templeogue,-6.3219759,53.2976886
220,Vida,Gibb,vgibb63@nasa.gov,Female,Ireland,Prosperous,-6.7515223,53.2888321
221,Mercie,Seczyk,mseczyk64@tinypic.com,Female,Ireland,Castlemartyr,-8.05,51.9166667
222,Christopher,Jeduch,cjeduch65@lulu.com,Male,Ireland,Coolock,-6.1920933,53.3916434
223,Starla,Leadstone,sleadstone66@cyberchimps.com,Female,Ireland,Trá Mhór,-9.0197835,53.2736466
224,Thomas,Berrycloth,tberrycloth67@geocities.jp,Male,Ireland,Annacotty,-8.5369154,52.6681994
225,Dniren,Kaemena,dkaemena68@posterous.com,Female,Ireland,Castlebellingham,-6.391149,53.8996586
226,Hayyim,Poppleton,hpoppleton69@patch.com,Male,Ireland,Carrigtwohill,-8.259128,51.908209
227,Shelba,Witter,switter6a@lycos.com,Female,Ireland,Lucan,-9.4904891,52.6396679
228,Pall,St. Quentin,pstquentin6b@xing.com,Male,Ireland,Rathangan,-6.9898366,53.2265199
229,Ahmad,Kilmurray,akilmurray6c@webnode.com,Genderqueer,Ireland,Gorey,-6.308522,52.665267
230,Armando,Wyatt,awyatt6d@naver.com,Male,Ireland,Longwood,-6.2892907,53.310122
231,Moritz,Ranald,mranald6e@soup.io,Male,Ireland,Kildare,-6.9140788,53.169971
232,Heall,Skells,hskells6f@unc.edu,Male,Ireland,Fairview,-6.4202878,54.0026343
233,Billy,Rentelll,brentelll6g@cocolog-nifty.com,Male,Ireland,Cavan,-7.297914,54.026345
234,Lonni,Hause,lhause6h@latimes.com,Female,Ireland,Ferbane,-8.4824714,51.8862378
235,Cherice,Faveryear,cfaveryear6i@nba.com,Female,Ireland,Cabinteely,-6.1603828,53.2599034
236,Hayyim,Jery,hjery6j@yellowbook.com,Male,Ireland,Dungarvan,-6.1822287,53.3788495
237,Ronny,Kimblin,rkimblin6k@delicious.com,Female,Ireland,Skibbereen,-9.268589,51.549106
238,Hillary,Binnell,hbinnell6l@upenn.edu,Male,Ireland,Sandymount,-6.2152673,53.3323703
239,Gayler,Kowal,gkowal6m@tripod.com,Male,Ireland,Old Kilcullen,-6.7449927,53.1310185
240,Nora,Brayson,nbrayson6n@un.org,Female,Ireland,Cork,-8.489012,51.923707
241,Charmaine,Catteroll,ccatteroll6o@1688.com,Female,Ireland,Tullamore,-7.518792,53.284466
242,Ruperto,Dougher,rdougher6p@unblog.fr,Genderfluid,Ireland,Tullamore,-7.518792,53.284466
243,Kimbell,Wootton,kwootton6q@canalblog.com,Male,Ireland,Listowel,-9.4851741,52.4460804
244,Oby,Kornalik,okornalik6r@ask.com,Non-binary,Ireland,Dalkey,-6.1072403,53.2780047
245,Boniface,Gohn,bgohn6s@360.cn,Male,Ireland,Swinford,-8.9480659,53.940892
246,Ilyssa,Cristofanini,icristofanini6t@geocities.com,Female,Ireland,Tullamore,-7.518792,53.284466
247,Camilla,Chetwind,cchetwind6u@vk.com,Female,Ireland,Daingean,-7.1297243,52.2509369
248,Bentley,Fussey,bfussey6v@state.tx.us,Male,Ireland,Confey,-6.5028415,53.3806398
249,Dallas,Fitch,dfitch6w@senate.gov,Male,Ireland,Clones,-7.2314132,54.1794814
250,Jessalin,Geroldi,jgeroldi6x@bravesites.com,Female,Ireland,Greystones,-6.0704904,53.1286984
251,Jeramie,Nobriga,jnobriga6y@seesaa.net,Male,Ireland,Whitegate,-6.3539424,53.3666338
252,Jefferson,McMillam,jmcmillam6z@netvibes.com,Male,Ireland,Ballivor,-6.1191333,53.1915379
253,Weidar,Ostrich,wostrich70@opera.com,Male,Ireland,Tullamore,-7.518792,53.284466
254,Anita,Beane,abeane71@cnbc.com,Female,Ireland,Cloyne,-6.2398782,53.32112
255,Tanny,Pentin,tpentin72@goo.gl,Male,Ireland,Blarney,-8.8562835,53.510243
256,Tedda,MacKonochie,tmackonochie73@indiegogo.com,Female,Ireland,Donegal,-8.5946591,54.632283
257,Adorne,McCosh,amccosh74@cam.ac.uk,Female,Ireland,Thomastown,-6.7434401,53.2229873
258,Rafi,Lardiner,rlardiner75@microsoft.com,Male,Ireland,Ashbourne,-6.1215213,53.2724538
259,Fonz,Durward,fdurward76@github.io,Male,Ireland,Skerries,-6.1349155,53.5834008
260,Rhodia,Cruikshanks,rcruikshanks77@cocolog-nifty.com,Female,Ireland,Coolock,-6.1920933,53.3916434
261,Wilden,Fuentez,wfuentez78@ucsd.edu,Male,Ireland,Aghada,-8.4627451,54.25645
262,Idell,Wellman,iwellman79@chron.com,Female,Ireland,Rathangan,-6.9898366,53.2265199
263,Tobit,Breinl,tbreinl7a@a8.net,Male,Ireland,Gort,-8.9791425,52.8638391
264,Bettina,Cloy,bcloy7b@wikispaces.com,Female,Ireland,Raphoe,-8.2755058,52.2627273
265,Eleni,Biggin,ebiggin7c@bloglines.com,Female,Ireland,Caherconlish,-8.3545704,52.5593605
266,Timothee,Edgeon,tedgeon7d@forbes.com,Male,Ireland,Kinsealy-Drinan,-6.1644997,53.4266145
267,Terrijo,Standell,tstandell7e@xinhuanet.com,Female,Ireland,Templeogue,-6.3219759,53.2976886
268,Opalina,Manley,omanley7f@geocities.com,Female,Ireland,Aughrim,-6.366762,53.2987724
269,Glori,Toffaloni,gtoffaloni7g@live.com,Female,Ireland,Monasterevin,-7.0625888,53.1387595
270,Jodi,Bagworth,jbagworth7h@blogs.com,Female,Ireland,Killumney,-8.6340751,52.6638144
271,Harrison,Klaiser,hklaiser7i@parallels.com,Male,Ireland,Kingscourt,-6.2755912,53.3500473
272,Vick,Galbraith,vgalbraith7j@cocolog-nifty.com,Male,Ireland,Portumna,-8.2215941,53.0917381
273,Martainn,Hallums,mhallums7k@twitter.com,Male,Ireland,Rathangan,-6.9898366,53.2265199
274,Carl,Haggart,chaggart7l@google.ru,Polygender,Ireland,Boyle,-8.2969737,53.9735591
275,Goldia,Cornhill,gcornhill7m@diigo.com,Agender,Ireland,Stradbally,-8.5054897,52.7107501
276,Gregg,Vela,gvela7n@alibaba.com,Bigender,Ireland,Boyle,-8.2969737,53.9735591
277,Christiano,Geharke,cgeharke7o@jugem.jp,Male,Ireland,Ballyboden,-6.3049392,53.3021194
278,Laraine,Bills,lbills7p@naver.com,Female,Ireland,Kiltamagh,-8.9949917,53.8533151
279,Rea,McGorman,rmcgorman7q@devhub.com,Female,Ireland,Ballybofey,-7.74208,54.70972
280,Charyl,Driffill,cdriffill7r@vk.com,Female,Ireland,Gorey,-6.308522,52.665267
281,Bobinette,Courtney,bcourtney7s@oracle.com,Female,Ireland,Ballymahon,-7.7655701,53.5650926
282,Dianne,Hammill,dhammill7t@apache.org,Female,Ireland,Kinsealy-Drinan,-6.1644997,53.4266145
283,Merralee,Ragate,mragate7u@godaddy.com,Female,Ireland,Clogherhead,-6.2429997,53.7902634
284,Trumann,Threader,tthreader7v@hhs.gov,Male,Ireland,Moycullen,-9.159604,53.302644
285,Karin,Flintoft,kflintoft7w@webs.com,Female,Ireland,Daingean,-7.1297243,52.2509369
286,Janet,Clutheram,jclutheram7x@hibu.com,Female,Ireland,Ratoath,-6.4671298,53.5050031
287,Ira,Piwell,ipiwell7y@mapy.cz,Female,Ireland,Skibbereen,-9.268589,51.549106
288,Maxie,Wrassell,mwrassell7z@sohu.com,Female,Ireland,Foxrock,-6.1011147,53.2000455
289,Markus,Wareham,mwareham80@yolasite.com,Male,Ireland,Cluain Meala,-6.2611953,53.3881832
290,Chrisse,Bettington,cbettington81@shutterfly.com,Male,Ireland,Kilmacanoge,-6.139018,53.171935
291,Dirk,Dwyr,ddwyr82@guardian.co.uk,Male,Ireland,Foxrock,-6.1011147,53.2000455
292,Terrill,Glaum,tglaum83@adobe.com,Male,Ireland,Enniskerry,-8.9821467,52.8498651
293,Manon,Casford,mcasford84@etsy.com,Female,Ireland,Carrigaline,-8.3929404,51.8113447
294,Allyn,Mowne,amowne85@drupal.org,Male,Ireland,Dalkey,-6.1072403,53.2780047
295,Vonny,Sima,vsima86@fema.gov,Female,Ireland,Midleton,-8.1722173,51.9138694
296,Johnette,Quibell,jquibell87@vk.com,Female,Ireland,Birr,-7.9139891,53.0949398
297,Field,Marple,fmarple88@usnews.com,Male,Ireland,Fermoy,-9.5003786,52.4458588
298,Hilliard,Weatherill,hweatherill89@odnoklassniki.ru,Male,Ireland,Rathnew,-6.374155,53.3223974
299,Jennica,Rymill,jrymill8a@ameblo.jp,Female,Ireland,Malahide,-6.1479779,53.450694
300,Zorah,Waycot,zwaycot8b@geocities.jp,Female,Ireland,Virginia,-6.2633149,53.377533
301,Raeann,Alvares,ralvares8c@china.com.cn,Female,Ireland,Castlepollard,-7.2979911,53.6785169
302,Hurley,Cranmer,hcranmer8d@ehow.com,Male,Ireland,Castlemartyr,-8.05,51.9166667
303,Kaja,Durkin,kdurkin8e@indiegogo.com,Female,Ireland,Ballyjamesduff,-7.086877,53.8363325
304,Darsey,Vernham,dvernham8f@51.la,Female,Ireland,Clifden,-10.022186,53.488087
305,Merrily,Giblin,mgiblin8g@delicious.com,Female,Ireland,Portumna,-8.2215941,53.0917381
306,Phoebe,Boomes,pboomes8h@marketwatch.com,Female,Ireland,Carrigaline,-8.3929404,51.8113447
307,Bev,Salvatore,bsalvatore8i@google.es,Female,Ireland,Gweedore,-9.0288689,53.2737147
308,Jammal,Gabbot,jgabbot8j@netvibes.com,Male,Ireland,Skerries,-6.1349155,53.5834008
309,Morganica,Sandlin,msandlin8k@xrea.com,Female,Ireland,Youghal,-7.8434254,51.949401
310,Marianna,Critzen,mcritzen8l@tinyurl.com,Agender,Ireland,Aughrim,-6.366762,53.2987724
311,Riordan,Mangan,rmangan8m@who.int,Male,Ireland,Leixlip,-6.4887534,53.3653866
312,Gerianne,Blunden,gblunden8n@delicious.com,Female,Ireland,Cork,-8.489012,51.923707
313,Levon,Verlinden,lverlinden8o@liveinternet.ru,Male,Ireland,Portarlington,-7.185387,53.158984
314,Ches,Gebhard,cgebhard8p@4shared.com,Male,Ireland,Kildare,-6.9140788,53.169971
315,Miller,Feldmesser,mfeldmesser8q@linkedin.com,Male,Ireland,Newmarket on Fergus,-8.8950821,52.7604883
316,Billy,Buckel,bbuckel8r@rediff.com,Male,Ireland,Athy,-6.9858993,53.0018699
317,Mordy,Simic,msimic8s@trellian.com,Male,Ireland,Askeaton,-8.9706844,52.6004448
318,Dahlia,Benditt,dbenditt8t@npr.org,Female,Ireland,Annacotty,-8.5369154,52.6681994
319,Morgen,Baccus,mbaccus8u@prnewswire.com,Male,Ireland,Birr,-7.9139891,53.0949398
320,Antone,Dickie,adickie8v@nbcnews.com,Polygender,Ireland,Ballinteer,-6.2554371,53.2767301
321,Artur,Durant,adurant8w@slideshare.net,Male,Ireland,Clones,-7.2314132,54.1794814
322,Felice,Bruntje,fbruntje8x@youtu.be,Male,Ireland,Bundoran,-8.2817353,54.4771768
323,Abbye,Grimsey,agrimsey8y@craigslist.org,Female,Ireland,Claremorris,-8.334953,51.8610022
324,Jehu,Taffee,jtaffee8z@ft.com,Male,Ireland,Dunlewy,-6.1157412,53.2774963
325,Swen,Impy,simpy90@topsy.com,Male,Ireland,Birr,-7.9139891,53.0949398
326,Kylen,D'Errico,kderrico91@simplemachines.org,Female,Ireland,Moville,-8.4242597,51.8910459
327,Juliann,Martugin,jmartugin92@newyorker.com,Female,Ireland,Belmullet,-10.0320886,54.2223118
328,Daryle,Giacoppo,dgiacoppo93@skyrock.com,Male,Ireland,Dundrum,-6.2508196,53.2866372
329,Miltie,Sangwine,msangwine94@wp.com,Male,Ireland,Tower,-80.7087609,35.7797381
330,Mariejeanne,Roskilly,mroskilly95@paypal.com,Female,Ireland,Castlerea,-8.6346959,53.7423435
331,Riccardo,Ivanitsa,rivanitsa96@networkadvertising.org,Male,Ireland,Fermoy,-9.5003786,52.4458588
332,Donnell,Jude,djude97@woothemes.com,Male,Ireland,Oughterard,-6.1406578,53.2886387
333,Benedikt,Gregoretti,bgregoretti98@chronoengine.com,Male,Ireland,Kinsealy-Drinan,-6.1644997,53.4266145
334,Boy,Durman,bdurman99@princeton.edu,Male,Ireland,Clogherhead,-6.2429997,53.7902634
335,Geri,Hillock,ghillock9a@sitemeter.com,Female,Ireland,Portumna,-8.2215941,53.0917381
336,Ulrich,McDade,umcdade9b@hud.gov,Male,Ireland,Virginia,-6.2633149,53.377533
337,Felice,Bediss,fbediss9c@wikia.com,Genderfluid,Ireland,Rathnew,-6.374155,53.3223974
338,Suzanne,Pierro,spierro9d@google.nl,Female,Ireland,Castlemartyr,-8.05,51.9166667
339,Carmina,Robens,crobens9e@adobe.com,Female,Ireland,Ballinteer,-6.2554371,53.2767301
340,Kittie,Prosek,kprosek9f@gmpg.org,Female,Ireland,Milltown,-7.9027266,53.4148582
341,Teddi,Scoon,tscoon9g@technorati.com,Female,Ireland,Clondalkin,-6.4496384,53.3582341
342,Brigitta,Bauman,bbauman9h@uol.com.br,Female,Ireland,Greystones,-6.0704904,53.1286984
343,Samara,Gowers,sgowers9i@lulu.com,Female,Ireland,Cherryville,-7.1111732,52.2513095
344,Avrit,Woolmer,awoolmer9j@ustream.tv,Female,Ireland,Malahide,-6.1479779,53.450694
345,Misti,Skerme,mskerme9k@google.es,Female,Ireland,Piltown,-6.3025448,53.6920618
346,Xavier,Tunney,xtunney9l@accuweather.com,Male,Ireland,Farranacoush,-8.5171384,51.876873
347,Dino,Booy,dbooy9m@bing.com,Male,Ireland,Bundoran,-8.2817353,54.4771768
348,Luelle,Rosensaft,lrosensaft9n@last.fm,Female,Ireland,Longwood,-6.2892907,53.310122
349,Andromache,Canon,acanon9o@google.fr,Female,Ireland,Oranmore,-9.7359765,54.1433253
350,Dante,Letch,dletch9p@newsvine.com,Male,Ireland,Edgeworthstown,-7.606287,53.6972399
351,Madge,Godfroy,mgodfroy9q@wikia.com,Bigender,Ireland,Mallow,-8.642661,52.1361219
352,Kettie,Walklett,kwalklett9r@hao123.com,Female,Ireland,Nenagh,-8.2001004,52.86326
353,Celene,Gorler,cgorler9s@freewebs.com,Female,Ireland,Gort,-8.9791425,52.8638391
354,Hermie,Flowitt,hflowitt9t@blogs.com,Male,Ireland,Drumcondra,-8.445614,51.8885086
355,Jinny,Vella,jvella9u@goodreads.com,Female,Ireland,Ashbourne,-6.1215213,53.2724538
356,Fonzie,Clinning,fclinning9v@angelfire.com,Male,Ireland,Rathwire,-7.145971,53.508326
357,Ardath,Fereday,afereday9w@va.gov,Female,Ireland,Templeogue,-6.3219759,53.2976886
358,Jo-anne,Tilly,jtilly9x@topsy.com,Female,Ireland,Cluain Meala,-6.2611953,53.3881832
359,Leonelle,Tumbelty,ltumbelty9y@smh.com.au,Female,Ireland,Ashford,-6.3828795,53.385304
360,Babette,Brettle,bbrettle9z@google.co.uk,Genderfluid,Ireland,Birr,-7.9139891,53.0949398
361,Worth,Sallier,wsalliera0@omniture.com,Male,Ireland,Sandymount,-6.2152673,53.3323703
362,Markos,Warret,mwarreta1@uol.com.br,Male,Ireland,Kill,-6.5924609,53.2482376
363,Perkin,Francois,pfrancoisa2@cbslocal.com,Male,Ireland,Bailieborough,-6.9711886,53.916791
364,Virgie,Casol,vcasola3@youku.com,Female,Ireland,Athlone,-7.9428197,53.4231032
365,Cheston,Langdale,clangdalea4@tuttocitta.it,Male,Ireland,Bayside,-9.1097137,53.2582868
366,Ruthanne,McGaw,rmcgawa5@trellian.com,Female,Ireland,Swords,-6.2071246,53.4562426
367,Lucais,Arnli,larnlia6@creativecommons.org,Male,Ireland,Rathnew,-6.374155,53.3223974
368,Kelbee,Balcombe,kbalcombea7@cpanel.net,Male,Ireland,Listowel,-9.4851741,52.4460804
369,Thaddeus,Dougill,tdougilla8@unblog.fr,Male,Ireland,Macroom,-8.958931,51.904635
370,Claire,Turri,cturria9@gov.uk,Male,Ireland,Lusk,-6.1535181,53.5220275
371,Valentina,Bruton,vbrutonaa@chron.com,Bigender,Ireland,Bailieborough,-6.9711886,53.916791
372,Ramon,McReynold,rmcreynoldab@homestead.com,Male,Ireland,Balally,-6.5899765,52.176031
373,Joanne,Jewster,jjewsterac@squarespace.com,Female,Ireland,Listowel,-9.4851741,52.4460804
374,Lotty,Pearsey,lpearseyad@pen.io,Female,Ireland,Leixlip,-6.4887534,53.3653866
375,Ludovico,Landsborough,llandsboroughae@ted.com,Male,Ireland,Kill,-6.5924609,53.2482376
376,Stephenie,Kelner,skelneraf@cnbc.com,Genderfluid,Ireland,Skibbereen,-9.268589,51.549106
377,Marion,Waterstone,mwaterstoneag@moonfruit.com,Agender,Ireland,Ferbane,-8.4824714,51.8862378
378,Devin,Redborn,dredbornah@51.la,Female,Ireland,Oranmore,-9.7359765,54.1433253
379,Niccolo,Rustedge,nrustedgeai@geocities.com,Male,Ireland,Castlemartyr,-8.05,51.9166667
380,Noah,Cartwright,ncartwrightaj@wufoo.com,Male,Ireland,Kilkenny,-7.2584,52.655184
381,Lionello,Joules,ljoulesak@va.gov,Polygender,Ireland,Annacotty,-8.5369154,52.6681994
382,Lawry,Tocher,ltocheral@columbia.edu,Bigender,Ireland,Drumcondra,-8.445614,51.8885086
383,Gabrielle,Antoshin,gantoshinam@msn.com,Female,Ireland,Valleymount,-6.3077823,53.3655256
384,Florance,Lerven,flervenan@redcross.org,Female,Ireland,Skibbereen,-9.268589,51.549106
385,Cobb,Sear,csearao@mit.edu,Male,Ireland,Prosperous,-6.7515223,53.2888321
386,Kin,Blake,kblakeap@amazon.co.jp,Male,Ireland,Kilcullen,-8.5047067,51.8830697
387,Mikaela,Wildblood,mwildbloodaq@webmd.com,Female,Ireland,Castlepollard,-7.2979911,53.6785169
388,Kort,Adamo,kadamoar@shinystat.com,Male,Ireland,Ballina,-9.151825,54.11215
389,Alberto,Arkill,aarkillas@printfriendly.com,Male,Ireland,Monaghan,-7.0943023,54.2694844
390,Byrom,Lampbrecht,blampbrechtat@cnet.com,Male,Ireland,Fairview,-6.4202878,54.0026343
391,Jens,Morley,jmorleyau@drupal.org,Male,Ireland,Moate,-6.1942058,53.3604483
392,Shea,Rown,srownav@harvard.edu,Female,Ireland,Balrothery,-6.1884248,53.5879156
393,Deana,Orbon,dorbonaw@sciencedirect.com,Female,Ireland,Bantry,-9.448724,51.680591
394,Serena,Rannells,srannellsax@simplemachines.org,Female,Ireland,Prosperous,-6.7515223,53.2888321
395,Cathee,Artinstall,cartinstallay@hugedomains.com,Female,Ireland,Castlebridge,-6.5853664,53.378253
396,Wilmer,Isgate,wisgateaz@over-blog.com,Male,Ireland,Raheny,-6.1820563,53.3786861
397,Lisa,Reinger,lreingerb0@canalblog.com,Female,Ireland,Confey,-6.5028415,53.3806398
398,Cristie,Caldwell,ccaldwellb1@mashable.com,Female,Ireland,Raheny,-6.1820563,53.3786861
399,Brittni,Guilleton,bguilletonb2@fda.gov,Female,Ireland,Tullamore,-7.518792,53.284466
400,Prescott,Ellerington,pelleringtonb3@examiner.com,Male,Ireland,Dunleer,-8.5176583,51.8863277
401,Jake,McCague,jmccagueb4@quantcast.com,Male,Ireland,Eadestown,-6.590926,53.1936864
402,Jecho,Gallanders,jgallandersb5@bizjournals.com,Male,Ireland,Whitegate,-6.3539424,53.3666338
403,Rivkah,Larkin,rlarkinb6@google.nl,Female,Ireland,Carrigaline,-8.3929404,51.8113447
404,Coraline,Haworth,chaworthb7@quantcast.com,Female,Ireland,Kilkenny,-7.2584,52.655184
405,Traci,Vlasenkov,tvlasenkovb8@blinklist.com,Female,Ireland,Dunlewy,-6.1157412,53.2774963
406,Janel,Galilee,jgalileeb9@nydailynews.com,Female,Ireland,Kingscourt,-6.2755912,53.3500473
407,Ivar,Charlwood,icharlwoodba@scribd.com,Male,Ireland,Moycullen,-9.159604,53.302644
408,Tate,Assinder,tassinderbb@columbia.edu,Female,Ireland,Crossmolina,-6.473025,54.0086093
409,Hamel,Deeble,hdeeblebc@netlog.com,Male,Ireland,Bailieborough,-6.9711886,53.916791
410,Laurice,Fontenot,lfontenotbd@uiuc.edu,Female,Ireland,Aughrim,-6.366762,53.2987724
411,Jamison,Baake,jbaakebe@google.co.jp,Male,Ireland,Belmullet,-10.0320886,54.2223118
412,Walden,Kaszper,wkaszperbf@tripod.com,Male,Ireland,Adare,-6.176659,53.4487975
413,Benjie,Ellis,bellisbg@csmonitor.com,Male,Ireland,Swords,-6.2071246,53.4562426
414,Mattheus,Gidney,mgidneybh@mozilla.com,Male,Ireland,Cherryville,-7.1111732,52.2513095
415,Rikki,Eskrigge,reskriggebi@omniture.com,Genderqueer,Ireland,Ashford,-6.3828795,53.385304
416,Arthur,Hamsley,ahamsleybj@vinaora.com,Male,Ireland,Monaghan,-7.0943023,54.2694844
417,Alberta,Coursor,acoursorbk@domainmarket.com,Female,Ireland,Sutton,-6.1097188,53.3895926
418,Theo,Topper,ttopperbl@blogspot.com,Female,Ireland,Dunlewy,-6.1157412,53.2774963
419,Donavon,Aylett,daylettbm@bing.com,Male,Ireland,Athy,-6.9858993,53.0018699
420,Patrick,Franks,pfranksbn@liveinternet.ru,Bigender,Ireland,Dunlewy,-6.1157412,53.2774963
421,Drud,McReynold,dmcreynoldbo@addthis.com,Male,Ireland,Aughrim,-6.366762,53.2987724
422,Burk,Frazier,bfrazierbp@geocities.com,Male,Ireland,Charlesland,-6.0690645,53.1257486
423,Agustin,Kearton,akeartonbq@archive.org,Male,Ireland,Lucan,-9.4904891,52.6396679
424,Englebert,Uzielli,euziellibr@indiatimes.com,Male,Ireland,Kill,-6.5924609,53.2482376
425,Bartholomeo,Mawby,bmawbybs@domainmarket.com,Male,Ireland,Thomastown,-6.7434401,53.2229873
426,Stella,Verson,sversonbt@miibeian.gov.cn,Female,Ireland,Daingean,-7.1297243,52.2509369
427,Oran,Sandison,osandisonbu@xinhuanet.com,Male,Ireland,Edgeworthstown,-7.606287,53.6972399
428,Shalom,Sadgrove,ssadgrovebv@oracle.com,Bigender,Ireland,Coolock,-6.1920933,53.3916434
429,Mikey,Fahy,mfahybw@arstechnica.com,Male,Ireland,Cherryville,-7.1111732,52.2513095
430,Wesley,Stanworth,wstanworthbx@last.fm,Male,Ireland,Clifden,-10.022186,53.488087
431,Jessamyn,Bowers,jbowersby@mozilla.com,Female,Ireland,Arklow,-8.4523258,51.880525
432,Mort,Spatarul,mspatarulbz@theguardian.com,Male,Ireland,Belmullet,-10.0320886,54.2223118
433,Lexis,Hounihan,lhounihanc0@epa.gov,Female,Ireland,Ballisodare,-8.5070436,54.2109904
434,Francine,Fuller,ffullerc1@theglobeandmail.com,Female,Ireland,Newmarket on Fergus,-8.8950821,52.7604883
435,Malva,Ansett,mansettc2@vkontakte.ru,Genderqueer,Ireland,Gweedore,-9.0288689,53.2737147
436,Quill,Windrum,qwindrumc3@yolasite.com,Male,Ireland,Birr,-7.9139891,53.0949398
437,Dixie,DelaField,ddelafieldc4@digg.com,Female,Ireland,Templeogue,-6.3219759,53.2976886
438,Hillary,Yegorchenkov,hyegorchenkovc5@illinois.edu,Female,Ireland,Coolock,-6.1920933,53.3916434
439,Leigh,Ellyatt,lellyattc6@bravesites.com,Male,Ireland,Farranacoush,-8.5171384,51.876873
440,Antonella,Lippett,alippettc7@sakura.ne.jp,Female,Ireland,Donnycarney,-6.218069,53.374266
441,Ainsley,Supple,asupplec8@latimes.com,Polygender,Ireland,Cobh,-8.298942,51.848898
442,Talbot,Motherwell,tmotherwellc9@craigslist.org,Male,Ireland,Kingscourt,-6.2755912,53.3500473
443,Sebastian,Jandel,sjandelca@cbc.ca,Male,Ireland,Sallins,-6.6633404,53.2492381
444,Andree,Reef,areefcb@oaic.gov.au,Female,Ireland,Caherconlish,-8.3545704,52.5593605
445,Cyndy,Brolechan,cbrolechancc@ox.ac.uk,Female,Ireland,Oughterard,-6.1406578,53.2886387
446,Franny,Bavidge,fbavidgecd@infoseek.co.jp,Female,Ireland,Tralee,-7.0833118,52.2413206
447,Jermayne,Dusting,jdustingce@archive.org,Non-binary,Ireland,Sandyford,-6.3422325,53.719155
448,Zola,Edkins,zedkinscf@answers.com,Female,Ireland,Bailieborough,-6.9711886,53.916791
449,Matty,Duberry,mduberrycg@forbes.com,Female,Ireland,Clogherhead,-6.2429997,53.7902634
450,Sharona,Stephenson,sstephensonch@slideshare.net,Female,Ireland,Boyle,-8.2969737,53.9735591
451,Donnajean,Atling,datlingci@loc.gov,Female,Ireland,Kildare,-6.9140788,53.169971
452,Adena,Clayton,aclaytoncj@un.org,Female,Ireland,Enniskerry,-8.9821467,52.8498651
453,Elianore,Chestney,echestneyck@bbc.co.uk,Female,Ireland,Claremorris,-8.334953,51.8610022
454,Cindie,Boucher,cbouchercl@nsw.gov.au,Female,Ireland,Dunlewy,-6.1157412,53.2774963
455,Rina,Cowpertwait,rcowpertwaitcm@comsenz.com,Female,Ireland,Boyle,-8.2969737,53.9735591
456,Germaine,Stodd,gstoddcn@sphinn.com,Male,Ireland,Watergrasshill,-8.337871,52.0097259
457,Thomasa,Mackiewicz,tmackiewiczco@simplemachines.org,Non-binary,Ireland,Daingean,-7.1297243,52.2509369
458,Jerrylee,Napoleon,jnapoleoncp@slate.com,Female,Ireland,Kanturk,-8.9342111,52.182304
459,Gennifer,Hallihane,ghallihanecq@imdb.com,Female,Ireland,Bayside,-9.1097137,53.2582868
460,Ursula,Voff,uvoffcr@wufoo.com,Female,Ireland,Raheny,-6.1820563,53.3786861
461,Beverley,Esselen,besselencs@yale.edu,Female,Ireland,Castlerea,-8.6346959,53.7423435
462,Inglebert,Macro,imacroct@behance.net,Male,Ireland,Listowel,-9.4851741,52.4460804
463,Gussi,Hanratty,ghanrattycu@tumblr.com,Agender,Ireland,Ashford,-6.3828795,53.385304
464,Con,Stokoe,cstokoecv@xrea.com,Male,Ireland,Muff,-7.269174,55.0650892
465,Robers,Rigmond,rrigmondcw@acquirethisname.com,Male,Ireland,Moycullen,-9.159604,53.302644
466,Suzi,Margeram,smargeramcx@nasa.gov,Female,Ireland,Longford,-7.8004329,53.7283566
467,Donn,Ragat,dragatcy@epa.gov,Non-binary,Ireland,Drumcondra,-8.445614,51.8885086
468,Feodor,Massard,fmassardcz@theglobeandmail.com,Male,Ireland,Ballyjamesduff,-7.086877,53.8363325
469,Alano,Hehnke,ahehnked0@quantcast.com,Male,Ireland,Donnycarney,-6.218069,53.374266
470,Briggs,Beacroft,bbeacroftd1@illinois.edu,Male,Ireland,Moville,-8.4242597,51.8910459
471,Arri,Binns,abinnsd2@skyrock.com,Male,Ireland,Donnybrook,-6.2324705,53.3177535
472,Cherilynn,Scimonelli,cscimonellid3@opera.com,Female,Ireland,Dunlewy,-6.1157412,53.2774963
473,Delcine,O'Daly,dodalyd4@example.com,Female,Ireland,Greenhills,-6.336393,53.3122864
474,Guenevere,Wenderoth,gwenderothd5@163.com,Female,Ireland,Monasterevin,-7.0625888,53.1387595
475,Hastings,Luker,hlukerd6@economist.com,Male,Ireland,Kilcullen,-8.5047067,51.8830697
476,Abeu,Reedy,areedyd7@washingtonpost.com,Polygender,Ireland,Aughrim,-6.366762,53.2987724
477,Gian,Orr,gorrd8@gov.uk,Male,Ireland,Ferbane,-8.4824714,51.8862378
478,Ingra,Cawsy,icawsyd9@china.com.cn,Male,Ireland,Crossmolina,-6.473025,54.0086093
479,Erie,Mum,emumda@smh.com.au,Male,Ireland,Crossmolina,-6.473025,54.0086093
480,Michael,Ripper,mripperdb@foxnews.com,Male,Ireland,Dalkey,-6.1072403,53.2780047
481,Alexandra,Kirkby,akirkbydc@symantec.com,Female,Ireland,Tullyallen,-6.4241156,53.7369009
482,Del,Meffan,dmeffandd@liveinternet.ru,Female,Ireland,Tullyallen,-6.4241156,53.7369009
483,Fayre,Woodruffe,fwoodruffede@forbes.com,Female,Ireland,Longford,-7.8004329,53.7283566
484,Jeanette,Doeg,jdoegdf@facebook.com,Female,Ireland,Dublin,-6.2427004,53.3347733
485,Hamish,Snartt,hsnarttdg@usatoday.com,Male,Ireland,Shankill,-6.124065,53.231395
486,Collette,Coales,ccoalesdh@amazonaws.com,Female,Ireland,Gorey,-6.308522,52.665267
487,Reece,Perrinchief,rperrinchiefdi@apple.com,Male,Ireland,Kilcullen,-8.5047067,51.8830697
488,Orly,Gerald,ogeralddj@spiegel.de,Female,Ireland,Listowel,-9.4851741,52.4460804
489,Tait,Pavey,tpaveydk@google.ca,Male,Ireland,Clifden,-10.022186,53.488087
490,Hunt,Whitaker,hwhitakerdl@livejournal.com,Male,Ireland,Longford,-7.8004329,53.7283566
491,Hort,McDill,hmcdilldm@cnn.com,Male,Ireland,Macroom,-8.958931,51.904635
492,Guillermo,Blitzer,gblitzerdn@merriam-webster.com,Male,Ireland,Tower,-80.7087609,35.7797381
493,Alexi,Theriot,atheriotdo@marriott.com,Female,Ireland,Naas,-6.67045,53.213319
494,Bronny,Houlridge,bhoulridgedp@stanford.edu,Male,Ireland,Cabinteely,-6.1603828,53.2599034
495,Duncan,Beames,dbeamesdq@addtoany.com,Male,Ireland,Killumney,-8.6340751,52.6638144
496,Adaline,Sankey,asankeydr@cnn.com,Female,Ireland,Ferbane,-8.4824714,51.8862378
497,Berne,Apdell,bapdellds@pen.io,Male,Ireland,Mallow,-8.642661,52.1361219
498,Pacorro,Natalie,pnataliedt@ning.com,Male,Ireland,Moville,-8.4242597,51.8910459
499,Bella,Gathercoal,bgathercoaldu@symantec.com,Female,Ireland,Castlerea,-8.6346959,53.7423435
500,Willdon,Shotboulte,wshotboultedv@wordpress.com,Male,Ireland,Rathangan,-6.9898366,53.2265199
501,Osborn,Clerc,oclercdw@eventbrite.com,Male,Ireland,Ballylinan,-7.0472382,52.9480781
502,Amalle,Wooles,awoolesdx@bloglines.com,Female,Ireland,Bantry,-9.448724,51.680591
503,Ragnar,Yarwood,ryarwooddy@php.net,Male,Ireland,Confey,-6.5028415,53.3806398
504,Sarge,Blampied,sblampieddz@usgs.gov,Male,Ireland,Donnybrook,-6.2324705,53.3177535
505,Alissa,Moffett,amoffette0@google.ru,Female,Ireland,Prosperous,-6.7515223,53.2888321
506,Darnall,Trimming,dtrimminge1@weather.com,Male,Ireland,Castlepollard,-7.2979911,53.6785169
507,Ragnar,Furmonger,rfurmongere2@apache.org,Bigender,Ireland,Newmarket on Fergus,-8.8950821,52.7604883
508,Juliette,Kinrade,jkinradee3@senate.gov,Female,Ireland,Killumney,-8.6340751,52.6638144
509,Jena,Nassey,jnasseye4@nba.com,Female,Ireland,Adare,-6.176659,53.4487975
510,Justen,Favill,jfaville5@yahoo.com,Male,Ireland,Edgeworthstown,-7.606287,53.6972399
511,Josi,Dinsell,jdinselle6@about.me,Female,Ireland,Shankill,-6.124065,53.231395
512,Christina,Thackray,cthackraye7@toplist.cz,Polygender,Ireland,Donnybrook,-6.2324705,53.3177535
513,Worth,Claridge,wclaridgee8@independent.co.uk,Male,Ireland,Enniskerry,-8.9821467,52.8498651
514,Ezri,Breen,ebreene9@pcworld.com,Male,Ireland,Drumcondra,-8.445614,51.8885086
515,April,Razzell,arazzellea@4shared.com,Polygender,Ireland,Skibbereen,-9.268589,51.549106
516,Lodovico,Auletta,laulettaeb@boston.com,Male,Ireland,Leixlip,-6.4887534,53.3653866
517,Hashim,Suthren,hsuthrenec@alexa.com,Male,Ireland,Kiltamagh,-8.9949917,53.8533151
518,Lanny,Ricker,lrickered@networksolutions.com,Female,Ireland,Longford,-7.8004329,53.7283566
519,Agnes,Mucillo,amucilloee@sohu.com,Female,Ireland,Kiltamagh,-8.9949917,53.8533151
520,Luis,Vasovic,lvasovicef@is.gd,Male,Ireland,Crumlin,-6.3048641,53.3284298
521,Prentiss,Dyble,pdybleeg@furl.net,Male,Ireland,Tralee,-7.0833118,52.2413206
522,Harrison,Danniel,hdannieleh@fema.gov,Male,Ireland,Mullagh,-8.4977746,51.8895954
523,Alard,Lawler,alawlerei@unc.edu,Male,Ireland,Gorey,-6.308522,52.665267
524,Lexy,Duffit,lduffitej@ihg.com,Female,Ireland,Ballisodare,-8.5070436,54.2109904
525,Korrie,Fearenside,kfearensideek@digg.com,Female,Ireland,Dalkey,-6.1072403,53.2780047
526,Sigismund,Yourell,syourellel@washingtonpost.com,Male,Ireland,Stradbally,-8.5054897,52.7107501
527,Justinian,Crucitti,jcrucittiem@accuweather.com,Male,Ireland,Raphoe,-8.2755058,52.2627273
528,Birgit,Maudling,bmaudlingen@1688.com,Female,Ireland,Tullamore,-7.518792,53.284466
529,Bernardo,Guthrum,bguthrumeo@reverbnation.com,Male,Ireland,Greystones,-6.0704904,53.1286984
530,Desirae,Gurr,dgurrep@columbia.edu,Female,Ireland,Rathwire,-7.145971,53.508326
531,Jarret,Capstick,jcapstickeq@acquirethisname.com,Male,Ireland,Ratoath,-6.4671298,53.5050031
532,Hastings,Bemwell,hbemweller@ca.gov,Male,Ireland,Skibbereen,-9.268589,51.549106
533,Porter,Benoiton,pbenoitones@newsvine.com,Male,Ireland,Monkstown,-8.9775014,52.8314927
534,Holli,Vany,hvanyet@abc.net.au,Female,Ireland,Whitegate,-6.3539424,53.3666338
535,Harold,Purselow,hpurseloweu@google.de,Male,Ireland,Carrigaline,-8.3929404,51.8113447
536,Barnard,Bernardeschi,bbernardeschiev@eepurl.com,Male,Ireland,Kill,-6.5924609,53.2482376
537,Polly,Fliege,pfliegeew@home.pl,Female,Ireland,Tullamore,-7.518792,53.284466
538,Janenna,Prendeville,jprendevilleex@shinystat.com,Female,Ireland,Carrigaline,-8.3929404,51.8113447
539,Pierce,Ellaman,pellamaney@theguardian.com,Male,Ireland,Kinsale,-6.251714,53.3169419
540,Mollee,Bullimore,mbullimoreez@xing.com,Female,Ireland,Dundrum,-6.2508196,53.2866372
541,Ogdon,Proffitt,oproffittf0@51.la,Male,Ireland,Lusk,-6.1535181,53.5220275
542,Albertina,Rudsdell,arudsdellf1@newsvine.com,Female,Ireland,Ballyjamesduff,-7.086877,53.8363325
543,Herschel,Sneath,hsneathf2@youtu.be,Male,Ireland,Kilkenny,-7.2584,52.655184
544,Poul,Howcroft,phowcroftf3@hostgator.com,Male,Ireland,Cill Airne,-6.2890702,53.3201497
545,Seka,Haysham,shayshamf4@angelfire.com,Female,Ireland,Greenhills,-6.336393,53.3122864
546,Clarey,Courtenay,ccourtenayf5@scribd.com,Genderfluid,Ireland,Dublin,-6.2427004,53.3347733
547,Lucinda,Breckenridge,lbreckenridgef6@cdbaby.com,Female,Ireland,Lusk,-6.1535181,53.5220275
548,Thatch,Del Monte,tdelmontef7@tumblr.com,Male,Ireland,Bundoran,-8.2817353,54.4771768
549,Bianca,Ivakhin,bivakhinf8@nationalgeographic.com,Female,Ireland,Donabate,-6.1544115,53.4855448
550,Babette,Napoleon,bnapoleonf9@rakuten.co.jp,Genderfluid,Ireland,Charlesland,-6.0690645,53.1257486
551,Sutherland,Altofts,saltoftsfa@dailymotion.com,Male,Ireland,Manorhamilton,-8.1722002,54.3051891
552,Angele,Pisco,apiscofb@oakley.com,Female,Ireland,Annacotty,-8.5369154,52.6681994
553,Julian,Graeme,jgraemefc@ihg.com,Male,Ireland,Ballybofey,-7.74208,54.70972
554,Stuart,Leuchars,sleucharsfd@dell.com,Male,Ireland,Ardee,-8.4784945,51.8815586
555,Diarmid,Knibbs,dknibbsfe@twitter.com,Male,Ireland,Balrothery,-6.1884248,53.5879156
556,Benedicto,Hubner,bhubnerff@cpanel.net,Male,Ireland,Kinlough,-6.1136478,53.2121335
557,Meara,Broxis,mbroxisfg@cam.ac.uk,Female,Ireland,Dunleer,-8.5176583,51.8863277
558,Oates,McEniry,omceniryfh@sbwire.com,Male,Ireland,Swords,-6.2071246,53.4562426
559,Stormie,Guerro,sguerrofi@amazon.com,Female,Ireland,Glasnevin,-6.266734,53.3829319
560,Adelind,Strathern,astrathernfj@multiply.com,Polygender,Ireland,Aghada,-8.4627451,54.25645
561,Eilis,Schottli,eschottlifk@google.com.hk,Female,Ireland,Leixlip,-6.4887534,53.3653866
562,Bobby,Rantoull,brantoullfl@mysql.com,Bigender,Ireland,Ballyhaunis,-8.7683674,53.7942932
563,Becka,Leguay,bleguayfm@jimdo.com,Female,Ireland,Templeogue,-6.3219759,53.2976886
564,Kenyon,Skillicorn,kskillicornfn@mapy.cz,Non-binary,Ireland,Bearna,-6.2340942,53.2993199
565,Leona,Suett,lsuettfo@mozilla.com,Genderqueer,Ireland,Sandymount,-6.2152673,53.3323703
566,Elise,Swett,eswettfp@senate.gov,Female,Ireland,Askeaton,-8.9706844,52.6004448
567,Sarajane,Courtes,scourtesfq@mail.ru,Female,Ireland,Moate,-6.1942058,53.3604483
568,Jennie,Ackroyd,jackroydfr@nyu.edu,Female,Ireland,Ballinteer,-6.2554371,53.2767301
569,Hermann,Jullian,hjullianfs@zdnet.com,Male,Ireland,Birr,-7.9139891,53.0949398
570,Vidovik,Lapping,vlappingft@freewebs.com,Male,Ireland,Carrigaline,-8.3929404,51.8113447
571,Angelika,Hiley,ahileyfu@china.com.cn,Female,Ireland,Dundrum,-6.2508196,53.2866372
572,Husein,Marchenko,hmarchenkofv@geocities.com,Male,Ireland,Old Kilcullen,-6.7449927,53.1310185
573,Thorpe,Weippert,tweippertfw@about.com,Male,Ireland,Donnycarney,-6.218069,53.374266
574,Dennie,Brackpool,dbrackpoolfx@bravesites.com,Female,Ireland,Confey,-6.5028415,53.3806398
575,Arden,Orgen,aorgenfy@usatoday.com,Female,Ireland,Drumcondra,-8.445614,51.8885086
576,Bertie,Josselsohn,bjosselsohnfz@mlb.com,Male,Ireland,Carrigaline,-8.3929404,51.8113447
577,Amanda,Forestel,aforestelg0@over-blog.com,Female,Ireland,Ashford,-6.3828795,53.385304
578,Ermina,Humbee,ehumbeeg1@people.com.cn,Female,Ireland,Nenagh,-8.2001004,52.86326
579,Alic,McQuade,amcquadeg2@google.com,Male,Ireland,Granard,-7.5011999,53.776647
580,Rosemaria,Ewell,rewellg3@multiply.com,Female,Ireland,Granard,-7.5011999,53.776647
581,Demetris,Foston,dfostong4@ucoz.com,Male,Ireland,Moville,-8.4242597,51.8910459
582,Heddie,Salvador,hsalvadorg5@columbia.edu,Female,Ireland,Birr,-7.9139891,53.0949398
583,Maud,Ephgrave,mephgraveg6@jalbum.net,Female,Ireland,Bayside,-9.1097137,53.2582868
584,Alida,Kennaway,akennawayg7@over-blog.com,Female,Ireland,Crumlin,-6.3048641,53.3284298
585,Dale,Mainds,dmaindsg8@msn.com,Female,Ireland,Watergrasshill,-8.337871,52.0097259
586,Manny,Petre,mpetreg9@friendfeed.com,Male,Ireland,Caherconlish,-8.3545704,52.5593605
587,Kristal,McCready,kmccreadyga@mayoclinic.com,Genderfluid,Ireland,Kilkenny,-7.2584,52.655184
588,Halli,Burchard,hburchardgb@4shared.com,Female,Ireland,Prosperous,-6.7515223,53.2888321
589,Donavon,Carrell,dcarrellgc@bravesites.com,Agender,Ireland,Drumcondra,-8.445614,51.8885086
590,Kendal,Theurer,ktheurergd@barnesandnoble.com,Male,Ireland,Crumlin,-6.3048641,53.3284298
591,Godard,Probey,gprobeyge@dedecms.com,Male,Ireland,Arklow,-8.4523258,51.880525
592,Hank,Vooght,hvooghtgf@pagesperso-orange.fr,Bigender,Ireland,Thomastown,-6.7434401,53.2229873
593,Myrwyn,Beldam,mbeldamgg@hibu.com,Male,Ireland,Ballymahon,-7.7655701,53.5650926
594,Liv,Busswell,lbusswellgh@imageshack.us,Female,Ireland,Oranmore,-9.7359765,54.1433253
595,Mendy,Goman,mgomangi@google.de,Male,Ireland,Cashel,-7.888894,52.516323
596,Concordia,Philpin,cphilpingj@godaddy.com,Female,Ireland,Tullyallen,-6.4241156,53.7369009
597,Marve,Scarffe,mscarffegk@etsy.com,Male,Ireland,Mullagh,-8.4977746,51.8895954
598,Daren,Dyson,ddysongl@indiatimes.com,Male,Ireland,Kinnegad,-9.1327273,53.806868
599,Aurthur,Harsum,aharsumgm@homestead.com,Male,Ireland,Swinford,-8.9480659,53.940892
600,Elvira,Ruddin,eruddingn@theguardian.com,Polygender,Ireland,Moville,-8.4242597,51.8910459
601,Annora,Marusyak,amarusyakgo@engadget.com,Female,Ireland,Granard,-7.5011999,53.776647
602,Karina,Scandred,kscandredgp@china.com.cn,Female,Ireland,Tower,-80.7087609,35.7797381
603,Winifield,Farey,wfareygq@friendfeed.com,Male,Ireland,Rathwire,-7.145971,53.508326
604,Charmian,McCafferty,cmccaffertygr@unc.edu,Female,Ireland,Edgeworthstown,-7.606287,53.6972399
605,Elicia,Eayres,eeayresgs@sciencedirect.com,Female,Ireland,Skerries,-6.1349155,53.5834008
606,Cletis,Varker,cvarkergt@blogger.com,Male,Ireland,Aghada,-8.4627451,54.25645
607,Ulick,Perry,uperrygu@wsj.com,Genderqueer,Ireland,Dún Laoghaire,-6.133718,53.291512
608,Gipsy,Whaley,gwhaleygv@jalbum.net,Female,Ireland,Dromiskin,-6.4008792,53.9215606
609,Bruis,Chantillon,bchantillongw@businesswire.com,Male,Ireland,Tallaght,-6.3660863,53.2874153
610,Bruis,Tillett,btillettgx@ibm.com,Male,Ireland,Daingean,-7.1297243,52.2509369
611,Emelen,Goly,egolygy@usatoday.com,Male,Ireland,Dromiskin,-6.4008792,53.9215606
612,Yolanthe,Neate,yneategz@huffingtonpost.com,Female,Ireland,Ballina,-9.151825,54.11215
613,Christophorus,Tattershall,ctattershallh0@phpbb.com,Male,Ireland,Fermoy,-9.5003786,52.4458588
614,Mayer,Althrope,malthropeh1@google.it,Genderfluid,Ireland,Skibbereen,-9.268589,51.549106
615,Jone,Iacivelli,jiacivellih2@goo.gl,Male,Ireland,Edgeworthstown,-7.606287,53.6972399
616,Gene,Faragher,gfaragherh3@sohu.com,Bigender,Ireland,Ballyjamesduff,-7.086877,53.8363325
617,Tannie,Aleshintsev,taleshintsevh4@businessweek.com,Male,Ireland,Donabate,-6.1544115,53.4855448
618,Ingunna,Painswick,ipainswickh5@pen.io,Female,Ireland,Tullamore,-7.518792,53.284466
619,Bryna,Twinterman,btwintermanh6@aboutads.info,Female,Ireland,Balally,-6.5899765,52.176031
620,Corine,Scurlock,cscurlockh7@gizmodo.com,Female,Ireland,Eadestown,-6.590926,53.1936864
621,Otho,Dundredge,odundredgeh8@youku.com,Male,Ireland,Bearna,-6.2340942,53.2993199
622,Ellary,Lenham,elenhamh9@feedburner.com,Male,Ireland,Greystones,-6.0704904,53.1286984
623,Bern,Coyett,bcoyettha@canalblog.com,Male,Ireland,Tullyallen,-6.4241156,53.7369009
624,Marin,McGilroy,mmcgilroyhb@cnbc.com,Female,Ireland,Aughrim,-6.366762,53.2987724
625,Sutherland,Risso,srissohc@angelfire.com,Male,Ireland,Killorglin,-9.7850991,52.1058991
626,Alberto,Folomin,afolominhd@chicagotribune.com,Genderfluid,Ireland,Blarney,-8.8562835,53.510243
627,Kalila,Lowde,klowdehe@ibm.com,Female,Ireland,Ardee,-8.4784945,51.8815586
628,Peggi,Berriball,pberriballhf@cyberchimps.com,Female,Ireland,Eadestown,-6.590926,53.1936864
629,Cherin,Ausiello,causiellohg@sciencedaily.com,Female,Ireland,Kilkenny,-7.2584,52.655184
630,Selie,Biffen,sbiffenhh@ibm.com,Female,Ireland,Leixlip,-6.4887534,53.3653866
631,Lynsey,Ackrill,lackrillhi@studiopress.com,Female,Ireland,Gort,-8.9791425,52.8638391
632,Jammie,Arstall,jarstallhj@guardian.co.uk,Female,Ireland,Manorhamilton,-8.1722002,54.3051891
633,La verne,Arnaudi,larnaudihk@printfriendly.com,Female,Ireland,Clones,-7.2314132,54.1794814
634,Stewart,Sebyer,ssebyerhl@wp.com,Male,Ireland,Manorhamilton,-8.1722002,54.3051891
635,Teodoro,Grantham,tgranthamhm@youku.com,Male,Ireland,Kanturk,-8.9342111,52.182304
636,Cortie,Huchot,chuchothn@163.com,Male,Ireland,Longford,-7.8004329,53.7283566
637,Cord,Hosier,chosierho@umn.edu,Male,Ireland,Kiltamagh,-8.9949917,53.8533151
638,Hewet,Georgiades,hgeorgiadeshp@bravesites.com,Male,Ireland,Cabinteely,-6.1603828,53.2599034
639,Rudiger,Davidovics,rdavidovicshq@jiathis.com,Male,Ireland,Arklow,-8.4523258,51.880525
640,Tamas,Doumerque,tdoumerquehr@wiley.com,Genderfluid,Ireland,Ashford,-6.3828795,53.385304
641,Malissia,Rakes,mrakeshs@washington.edu,Female,Ireland,Clifden,-10.022186,53.488087
642,Jeff,Furzey,jfurzeyht@census.gov,Male,Ireland,Ballinteer,-6.2554371,53.2767301
643,Diane,Wroughton,dwroughtonhu@merriam-webster.com,Female,Ireland,Enniskerry,-8.9821467,52.8498651
644,Shir,Mc Andrew,smcandrewhv@nps.gov,Female,Ireland,Daingean,-7.1297243,52.2509369
645,Carolan,Carmont,ccarmonthw@nyu.edu,Genderqueer,Ireland,Crumlin,-6.3048641,53.3284298
646,Eula,Hartfleet,ehartfleethx@hp.com,Agender,Ireland,Castlebridge,-6.5853664,53.378253
647,Farlay,Stribbling,fstribblinghy@furl.net,Male,Ireland,Clogherhead,-6.2429997,53.7902634
648,Alana,Josselsohn,ajosselsohnhz@foxnews.com,Female,Ireland,Mullagh,-8.4977746,51.8895954
649,Catina,Fadian,cfadiani0@rediff.com,Female,Ireland,Ballina,-9.151825,54.11215
650,Hermina,Caillou,hcailloui1@360.cn,Female,Ireland,Kinsealy-Drinan,-6.1644997,53.4266145
651,Holden,Pirrie,hpirriei2@angelfire.com,Male,Ireland,Tallaght,-6.3660863,53.2874153
652,Ragnar,Meadowcraft,rmeadowcrafti3@mac.com,Male,Ireland,Watergrasshill,-8.337871,52.0097259
653,Maria,Negri,mnegrii4@slate.com,Female,Ireland,Dunmanway,-9.1115941,51.7203863
654,Norine,Organer,norganeri5@nature.com,Non-binary,Ireland,Templeogue,-6.3219759,53.2976886
655,Phineas,Georgins,pgeorginsi6@smh.com.au,Male,Ireland,Cherryville,-7.1111732,52.2513095
656,Herschel,Vernham,hvernhami7@acquirethisname.com,Male,Ireland,Castlepollard,-7.2979911,53.6785169
657,Ilaire,Charlwood,icharlwoodi8@geocities.com,Male,Ireland,Foxrock,-6.1011147,53.2000455
658,Jillian,Dandie,jdandiei9@fastcompany.com,Female,Ireland,Donegal,-8.5946591,54.632283
659,Astra,Rohlfs,arohlfsia@joomla.org,Female,Ireland,Bayside,-9.1097137,53.2582868
660,Kacie,Cassel,kcasselib@hexun.com,Female,Ireland,Ballybofey,-7.74208,54.70972
661,Fredericka,Winsley,fwinsleyic@ask.com,Female,Ireland,Killumney,-8.6340751,52.6638144
662,Brynne,Victoria,bvictoriaid@csmonitor.com,Female,Ireland,Stradbally,-8.5054897,52.7107501
663,Jodi,Thickpenny,jthickpennyie@sohu.com,Genderqueer,Ireland,Tullyallen,-6.4241156,53.7369009
664,Loren,Postins,lpostinsif@disqus.com,Female,Ireland,Sandymount,-6.2152673,53.3323703
665,Fitzgerald,Beagen,fbeagenig@tuttocitta.it,Male,Ireland,Bailieborough,-6.9711886,53.916791
666,Reamonn,Candie,rcandieih@i2i.jp,Male,Ireland,Old Kilcullen,-6.7449927,53.1310185
667,Giovanni,Privost,gprivostii@lycos.com,Male,Ireland,Confey,-6.5028415,53.3806398
668,Wynny,Walsh,wwalshij@msu.edu,Female,Ireland,Ballyjamesduff,-7.086877,53.8363325
669,Jerrylee,Graben,jgrabenik@yale.edu,Female,Ireland,Portumna,-8.2215941,53.0917381
670,Hardy,Brosoli,hbrosoliil@sciencedaily.com,Male,Ireland,Thomastown,-6.7434401,53.2229873
671,Beverlee,Demkowicz,bdemkowiczim@bloglines.com,Female,Ireland,Cobh,-8.298942,51.848898
672,Prentiss,Road,proadin@thetimes.co.uk,Male,Ireland,Donnybrook,-6.2324705,53.3177535
673,Gwen,Dewire,gdewireio@elegantthemes.com,Female,Ireland,Lucan,-9.4904891,52.6396679
674,Louie,Diano,ldianoip@sbwire.com,Male,Ireland,Castlebridge,-6.5853664,53.378253
675,Lazarus,Gibson,lgibsoniq@dropbox.com,Male,Ireland,Old Kilcullen,-6.7449927,53.1310185
676,Nanon,Roels,nroelsir@joomla.org,Female,Ireland,Boyle,-8.2969737,53.9735591
677,Cymbre,Yesenev,cyesenevis@etsy.com,Female,Ireland,Ratoath,-6.4671298,53.5050031
678,Randie,Douberday,rdouberdayit@google.pl,Male,Ireland,Moville,-8.4242597,51.8910459
679,Arnuad,Bugden,abugdeniu@cdbaby.com,Male,Ireland,Killumney,-8.6340751,52.6638144
680,Faydra,Legge,fleggeiv@bizjournals.com,Female,Ireland,Kildare,-6.9140788,53.169971
681,Duffy,Gratten,dgratteniw@sbwire.com,Male,Ireland,Cashel,-7.888894,52.516323
682,Worth,Ranvoise,wranvoiseix@sphinn.com,Male,Ireland,Annacotty,-8.5369154,52.6681994
683,Hewett,Jotcham,hjotchamiy@auda.org.au,Male,Ireland,Monaghan,-7.0943023,54.2694844
684,Rivi,Woodhall,rwoodhalliz@wired.com,Female,Ireland,Mallow,-8.642661,52.1361219
685,Cordula,Samet,csametj0@miibeian.gov.cn,Female,Ireland,Gort,-8.9791425,52.8638391
686,Brynne,Duckers,bduckersj1@shareasale.com,Female,Ireland,Ballymahon,-7.7655701,53.5650926
687,Murial,Paske,mpaskej2@wikipedia.org,Female,Ireland,Ballyjamesduff,-7.086877,53.8363325
688,Lucy,Mangin,lmanginj3@webmd.com,Female,Ireland,Sutton,-6.1097188,53.3895926
689,Cassandra,Dance,cdancej4@tiny.cc,Female,Ireland,Ballyjamesduff,-7.086877,53.8363325
690,Bartholomeo,Grob,bgrobj5@bing.com,Male,Ireland,Aughrim,-6.366762,53.2987724
691,Blake,Prendergrast,bprendergrastj6@amazon.com,Female,Ireland,Kilkenny,-7.2584,52.655184
692,Dermot,Billingsly,dbillingslyj7@blogtalkradio.com,Male,Ireland,Castlebridge,-6.5853664,53.378253
693,Astrix,Orsman,aorsmanj8@va.gov,Female,Ireland,Booterstown,-6.1979853,53.3046353
694,Roselle,Lodemann,rlodemannj9@dmoz.org,Female,Ireland,Swinford,-8.9480659,53.940892
695,Warren,Meritt,wmerittja@hc360.com,Male,Ireland,Longwood,-6.2892907,53.310122
696,Knox,Nail,knailjb@mozilla.org,Non-binary,Ireland,Castlebellingham,-6.391149,53.8996586
697,Iain,Crennan,icrennanjc@npr.org,Male,Ireland,Ballyhaunis,-8.7683674,53.7942932
698,Carling,Ricards,cricardsjd@ask.com,Male,Ireland,Ashford,-6.3828795,53.385304
699,Baldwin,Cockshtt,bcockshttje@google.fr,Bigender,Ireland,Muff,-7.269174,55.0650892
700,Brigitte,Scholer,bscholerjf@acquirethisname.com,Female,Ireland,Shankill,-6.124065,53.231395
701,Rudd,Chaters,rchatersjg@samsung.com,Male,Ireland,Dublin,-6.2427004,53.3347733
702,Vitoria,Pinnock,vpinnockjh@dropbox.com,Agender,Ireland,Granard,-7.5011999,53.776647
703,Dalia,Cruikshank,dcruikshankji@ifeng.com,Female,Ireland,Greystones,-6.0704904,53.1286984
704,Judi,Chancelier,jchancelierjj@nasa.gov,Bigender,Ireland,Tallaght,-6.3660863,53.2874153
705,Gale,Corriea,gcorrieajk@edublogs.org,Female,Ireland,Enniskerry,-8.9821467,52.8498651
706,Griffie,Crow,gcrowjl@bbb.org,Male,Ireland,Malahide,-6.1479779,53.450694
707,Reggy,Leeburne,rleeburnejm@google.co.uk,Male,Ireland,Midleton,-8.1722173,51.9138694
708,Nate,Henrys,nhenrysjn@pbs.org,Male,Ireland,Ballinroad,-7.5717688,52.1045472
709,Andee,Allicock,aallicockjo@sohu.com,Female,Ireland,Monasterevin,-7.0625888,53.1387595
710,Red,Bowgen,rbowgenjp@vinaora.com,Male,Ireland,Oranmore,-9.7359765,54.1433253
711,Bambie,Cunnow,bcunnowjq@addthis.com,Female,Ireland,Ratoath,-6.4671298,53.5050031
712,Rudie,Giraudo,rgiraudojr@elegantthemes.com,Male,Ireland,Donnycarney,-6.218069,53.374266
713,Mildrid,Covotti,mcovottijs@time.com,Female,Ireland,Tullamore,-7.518792,53.284466
714,Chancey,Alexandersen,calexandersenjt@youtube.com,Male,Ireland,Tallaght,-6.3660863,53.2874153
715,Mart,Keam,mkeamju@mayoclinic.com,Male,Ireland,Lucan,-9.4904891,52.6396679
716,Alvinia,Whenman,awhenmanjv@icq.com,Agender,Ireland,Midleton,-8.1722173,51.9138694
717,Sinclair,Wilcinskis,swilcinskisjw@gravatar.com,Male,Ireland,Crumlin,-6.3048641,53.3284298
718,Guinevere,Lundie,glundiejx@seesaa.net,Female,Ireland,Bagenalstown,-6.9692181,52.7009338
719,Maury,Braybrooks,mbraybrooksjy@virginia.edu,Male,Ireland,Dún Laoghaire,-6.133718,53.291512
720,Cecil,Pellant,cpellantjz@thetimes.co.uk,Female,Ireland,Rathnew,-6.374155,53.3223974
721,Staffard,Collins,scollinsk0@netscape.com,Agender,Ireland,Cill Airne,-6.2890702,53.3201497
722,Harriette,Basilio,hbasiliok1@freewebs.com,Female,Ireland,Dublin,-6.2427004,53.3347733
723,Nell,Toombs,ntoombsk2@kickstarter.com,Female,Ireland,Manorhamilton,-8.1722002,54.3051891
724,Matti,Keel,mkeelk3@vkontakte.ru,Non-binary,Ireland,Bayside,-9.1097137,53.2582868
725,Sansone,Costan,scostank4@parallels.com,Male,Ireland,Ballyboden,-6.3049392,53.3021194
726,Ursulina,Studdeard,ustuddeardk5@ezinearticles.com,Female,Ireland,Lusk,-6.1535181,53.5220275
727,Katleen,Phillpotts,kphillpottsk6@eventbrite.com,Female,Ireland,Templeogue,-6.3219759,53.2976886
728,Nevile,Chesterfield,nchesterfieldk7@csmonitor.com,Male,Ireland,Askeaton,-8.9706844,52.6004448
729,Noelle,Metrick,nmetrickk8@last.fm,Female,Ireland,Rathwire,-7.145971,53.508326
730,Sybil,Kettoe,skettoek9@sourceforge.net,Female,Ireland,Confey,-6.5028415,53.3806398
731,Suzanne,Renon,srenonka@live.com,Female,Ireland,Dunlewy,-6.1157412,53.2774963
732,Taylor,Quarrell,tquarrellkb@jigsy.com,Male,Ireland,Mallow,-8.642661,52.1361219
733,Angelle,Tzuker,atzukerkc@rakuten.co.jp,Female,Ireland,Cloyne,-6.2398782,53.32112
734,Helene,Charkham,hcharkhamkd@jimdo.com,Female,Ireland,Tullamore,-7.518792,53.284466
735,Yanaton,Arundell,yarundellke@ucla.edu,Male,Ireland,Bundoran,-8.2817353,54.4771768
736,Alwin,Bygreaves,abygreaveskf@facebook.com,Male,Ireland,Tullamore,-7.518792,53.284466
737,Kristan,Glanfield,kglanfieldkg@ifeng.com,Female,Ireland,Cill Airne,-6.2890702,53.3201497
738,Hunter,Hedde,hheddekh@dot.gov,Male,Ireland,Sandymount,-6.2152673,53.3323703
739,Tawsha,Bircher,tbircherki@newsvine.com,Female,Ireland,Lusk,-6.1535181,53.5220275
740,Nikolos,Hebble,nhebblekj@va.gov,Male,Ireland,Stradbally,-8.5054897,52.7107501
741,Fanchette,Somerlie,fsomerliekk@gov.uk,Female,Ireland,Booterstown,-6.1979853,53.3046353
742,Nanny,Stille,nstillekl@weather.com,Female,Ireland,Naas,-6.67045,53.213319
743,Gwendolyn,Cochet,gcochetkm@cisco.com,Genderfluid,Ireland,Donnycarney,-6.218069,53.374266
744,Rayner,Currington,rcurringtonkn@apple.com,Male,Ireland,Annacotty,-8.5369154,52.6681994
745,Illa,Bonick,ibonickko@shop-pro.jp,Female,Ireland,Kilkenny,-7.2584,52.655184
746,Abbe,Caldaro,acaldarokp@bloglovin.com,Male,Ireland,Ballinroad,-7.5717688,52.1045472
747,Amie,Vittle,avittlekq@gmpg.org,Female,Ireland,Ballinteer,-6.2554371,53.2767301
748,Edsel,Marklund,emarklundkr@kickstarter.com,Male,Ireland,Belmullet,-10.0320886,54.2223118
749,Monah,Fay,mfayks@wix.com,Female,Ireland,Castlebridge,-6.5853664,53.378253
750,Cordelia,Gowers,cgowerskt@youtube.com,Female,Ireland,Longwood,-6.2892907,53.310122
751,Tamas,Woan,twoanku@google.com.hk,Male,Ireland,Athy,-6.9858993,53.0018699
752,Pooh,Macartney,pmacartneykv@macromedia.com,Female,Ireland,Foxrock,-6.1011147,53.2000455
753,Audi,Sylvester,asylvesterkw@symantec.com,Female,Ireland,Kilcullen,-8.5047067,51.8830697
754,Yevette,Geydon,ygeydonkx@lulu.com,Female,Ireland,Milltown,-7.9027266,53.4148582
755,Julieta,Clay,jclayky@globo.com,Non-binary,Ireland,Booterstown,-6.1979853,53.3046353
756,Hi,Tiner,htinerkz@yahoo.co.jp,Male,Ireland,Cabinteely,-6.1603828,53.2599034
757,Reggie,Worling,rworlingl0@e-recht24.de,Male,Ireland,Valleymount,-6.3077823,53.3655256
758,Arabelle,Moorfield,amoorfieldl1@hud.gov,Female,Ireland,Dundrum,-6.2508196,53.2866372
759,Nolie,Stevenson,nstevensonl2@arstechnica.com,Female,Ireland,Listowel,-9.4851741,52.4460804
760,Carr,Broune,cbrounel3@engadget.com,Male,Ireland,Sandyford,-6.3422325,53.719155
761,Hailee,Dey,hdeyl4@msn.com,Female,Ireland,Kildare,-6.9140788,53.169971
762,Tony,Leversuch,tleversuchl5@example.com,Male,Ireland,Kilmacanoge,-6.139018,53.171935
763,Holmes,Brownhall,hbrownhalll6@instagram.com,Male,Ireland,Lusk,-6.1535181,53.5220275
764,Mel,Tresler,mtreslerl7@slashdot.org,Male,Ireland,Sandyford,-6.3422325,53.719155
765,Jaye,Atteridge,jatteridgel8@drupal.org,Male,Ireland,Balally,-6.5899765,52.176031
766,Chucho,MacPaik,cmacpaikl9@time.com,Male,Ireland,Mallow,-8.642661,52.1361219
767,Ardith,Iowarch,aiowarchla@intel.com,Female,Ireland,Manorhamilton,-8.1722002,54.3051891
768,Sula,Wakes,swakeslb@zimbio.com,Female,Ireland,Kinsale,-6.251714,53.3169419
769,Laurette,Rampley,lrampleylc@wunderground.com,Female,Ireland,Eadestown,-6.590926,53.1936864
770,Janna,Buckthorp,jbuckthorpld@seattletimes.com,Polygender,Ireland,Longford,-7.8004329,53.7283566
771,Burtie,Reinert,breinertle@ft.com,Male,Ireland,Prosperous,-6.7515223,53.2888321
772,Bertha,Sreenan,bsreenanlf@technorati.com,Female,Ireland,Ballinroad,-7.5717688,52.1045472
773,Roth,Cogman,rcogmanlg@yelp.com,Male,Ireland,Killumney,-8.6340751,52.6638144
774,Genna,Ferrie,gferrielh@businessinsider.com,Female,Ireland,Newmarket on Fergus,-8.8950821,52.7604883
775,Pyotr,Durrell,pdurrellli@deliciousdays.com,Male,Ireland,Edgeworthstown,-7.606287,53.6972399
776,Dana,Jeenes,djeeneslj@ebay.co.uk,Female,Ireland,Caherconlish,-8.3545704,52.5593605
777,Erick,Masi,emasilk@live.com,Male,Ireland,Drumcondra,-8.445614,51.8885086
778,Thorsten,Paulino,tpaulinoll@mac.com,Male,Ireland,Granard,-7.5011999,53.776647
779,Mathe,Chese,mcheselm@tinyurl.com,Male,Ireland,Ballinteer,-6.2554371,53.2767301
780,Linn,Piken,lpikenln@smh.com.au,Male,Ireland,Birr,-7.9139891,53.0949398
781,Ardith,Redwin,aredwinlo@businesswire.com,Agender,Ireland,Raheny,-6.1820563,53.3786861
782,Lydie,McSaul,lmcsaullp@php.net,Female,Ireland,Gorey,-6.308522,52.665267
783,Eric,Cossons,ecossonslq@cisco.com,Male,Ireland,Cashel,-7.888894,52.516323
784,Starr,Baldery,sbalderylr@timesonline.co.uk,Female,Ireland,Farranacoush,-8.5171384,51.876873
785,Christian,Casari,ccasarils@webeden.co.uk,Male,Ireland,Bayside,-9.1097137,53.2582868
786,Lothaire,Bocken,lbockenlt@japanpost.jp,Male,Ireland,Leixlip,-6.4887534,53.3653866
787,Barry,Chaters,bchaterslu@elegantthemes.com,Male,Ireland,Booterstown,-6.1979853,53.3046353
788,Elsinore,Boswell,eboswelllv@cnn.com,Non-binary,Ireland,Templeogue,-6.3219759,53.2976886
789,Leupold,Abercromby,labercrombylw@infoseek.co.jp,Genderqueer,Ireland,Kilcullen,-8.5047067,51.8830697
790,Desi,Knellen,dknellenlx@histats.com,Male,Ireland,Monasterevin,-7.0625888,53.1387595
791,Winfred,Grieg,wgriegly@time.com,Male,Ireland,Kinsale,-6.251714,53.3169419
792,Victor,Saville,vsavillelz@reddit.com,Male,Ireland,Loughrea,-6.3506335,53.2911347
793,Clemens,Howis,chowism0@nih.gov,Male,Ireland,Cavan,-7.297914,54.026345
794,Nicolais,Albasiny,nalbasinym1@walmart.com,Male,Ireland,Trá Mhór,-9.0197835,53.2736466
795,Ximenes,MacCole,xmaccolem2@newyorker.com,Male,Ireland,Clogherhead,-6.2429997,53.7902634
796,Jacinda,Dunstone,jdunstonem3@epa.gov,Female,Ireland,Bailieborough,-6.9711886,53.916791
797,Theodoric,Vamplus,tvamplusm4@yolasite.com,Male,Ireland,Mallow,-8.642661,52.1361219
798,Rees,Frackiewicz,rfrackiewiczm5@vk.com,Male,Ireland,Nenagh,-8.2001004,52.86326
799,Klemens,Castles,kcastlesm6@globo.com,Male,Ireland,Adare,-6.176659,53.4487975
800,Thedric,Daburn,tdaburnm7@github.com,Male,Ireland,Kingscourt,-6.2755912,53.3500473
801,Georgeta,Yewman,gyewmanm8@eventbrite.com,Female,Ireland,Dunmanway,-9.1115941,51.7203863
802,Ileane,Wank,iwankm9@elegantthemes.com,Female,Ireland,Clonskeagh,-6.2387374,53.3141205
803,Etta,Tibalt,etibaltma@google.nl,Female,Ireland,Kilkenny,-7.2584,52.655184
804,Dean,Casbon,dcasbonmb@weebly.com,Male,Ireland,Confey,-6.5028415,53.3806398
805,Hamnet,Attenbrow,hattenbrowmc@intel.com,Male,Ireland,Boyle,-8.2969737,53.9735591
806,Almeda,Lewcock,alewcockmd@wix.com,Female,Ireland,Blarney,-8.8562835,53.510243
807,Carmela,De la Zenne,cdelazenneme@answers.com,Female,Ireland,Caherconlish,-8.3545704,52.5593605
808,Nettie,Bussen,nbussenmf@goo.gl,Female,Ireland,Aghada,-8.4627451,54.25645
809,Florie,Buggs,fbuggsmg@g.co,Female,Ireland,Dromiskin,-6.4008792,53.9215606
810,Babbie,Scud,bscudmh@unblog.fr,Female,Ireland,Kinsale,-6.251714,53.3169419
811,Sterne,Eskrigg,seskriggmi@ebay.co.uk,Genderfluid,Ireland,Drumcondra,-8.445614,51.8885086
812,Wit,Curzon,wcurzonmj@amazon.com,Male,Ireland,Tralee,-7.0833118,52.2413206
813,Vinita,Chettle,vchettlemk@nature.com,Female,Ireland,Caherconlish,-8.3545704,52.5593605
814,Deirdre,Pullan,dpullanml@nba.com,Female,Ireland,Monkstown,-8.9775014,52.8314927
815,Gian,Chatain,gchatainmm@360.cn,Male,Ireland,Ballymun,-6.264963,53.3897152
816,Keenan,Jacobowitz,kjacobowitzmn@bloglovin.com,Male,Ireland,Gweedore,-9.0288689,53.2737147
817,Idell,Adamik,iadamikmo@clickbank.net,Female,Ireland,Balally,-6.5899765,52.176031
818,Chilton,Dargue,cdarguemp@virginia.edu,Male,Ireland,Raphoe,-8.2755058,52.2627273
819,Odo,Glabach,oglabachmq@wiley.com,Male,Ireland,Castlepollard,-7.2979911,53.6785169
820,Hew,Cleall,hcleallmr@sitemeter.com,Male,Ireland,Kinlough,-6.1136478,53.2121335
821,Elisa,O'Henery,eoheneryms@bluehost.com,Female,Ireland,Trá Mhór,-9.0197835,53.2736466
822,Boonie,Straniero,bstranieromt@shinystat.com,Male,Ireland,Castlerea,-8.6346959,53.7423435
823,Gaile,Prickett,gprickettmu@moonfruit.com,Male,Ireland,Killorglin,-9.7850991,52.1058991
824,Dale,Chmarny,dchmarnymv@mtv.com,Male,Ireland,Ardee,-8.4784945,51.8815586
825,Raphaela,Mildmott,rmildmottmw@skyrock.com,Female,Ireland,Booterstown,-6.1979853,53.3046353
826,Sigvard,Harly,sharlymx@dedecms.com,Male,Ireland,Farranacoush,-8.5171384,51.876873
827,Dode,Baress,dbaressmy@51.la,Female,Ireland,Longford,-7.8004329,53.7283566
828,Felicio,Perrelli,fperrellimz@hatena.ne.jp,Male,Ireland,Bagenalstown,-6.9692181,52.7009338
829,Glennis,Boag,gboagn0@intel.com,Genderfluid,Ireland,Swords,-6.2071246,53.4562426
830,Dore,Furzey,dfurzeyn1@t-online.de,Male,Ireland,Valleymount,-6.3077823,53.3655256
831,Clarke,Graver,cgravern2@adobe.com,Male,Ireland,Clonskeagh,-6.2387374,53.3141205
832,Oswald,Rowthorn,orowthornn3@ifeng.com,Male,Ireland,Muff,-7.269174,55.0650892
833,Dall,Capeling,dcapelingn4@si.edu,Male,Ireland,Loughrea,-6.3506335,53.2911347
834,Lisa,Blackadder,lblackaddern5@usa.gov,Female,Ireland,Lucan,-9.4904891,52.6396679
835,Casey,Barenski,cbarenskin6@guardian.co.uk,Genderqueer,Ireland,Caherconlish,-8.3545704,52.5593605
836,Anton,Tuckie,atuckien7@biglobe.ne.jp,Male,Ireland,Birr,-7.9139891,53.0949398
837,Krissie,Gibbieson,kgibbiesonn8@ox.ac.uk,Female,Ireland,Castleknock,-9.0248232,53.2760162
838,Maggi,Coultish,mcoultishn9@fc2.com,Female,Ireland,Rathwire,-7.145971,53.508326
839,Rosamund,Lattka,rlattkana@phpbb.com,Agender,Ireland,Glasnevin,-6.266734,53.3829319
840,Caty,Frigot,cfrigotnb@addtoany.com,Female,Ireland,Belmullet,-10.0320886,54.2223118
841,Athena,Kubu,akubunc@ovh.net,Female,Ireland,Castlerea,-8.6346959,53.7423435
842,Malchy,Bowcock,mbowcocknd@t-online.de,Male,Ireland,Ashbourne,-6.1215213,53.2724538
843,Humfrey,Wrathall,hwrathallne@google.de,Male,Ireland,Kinsealy-Drinan,-6.1644997,53.4266145
844,Minetta,Coppeard,mcoppeardnf@webs.com,Female,Ireland,Mullagh,-8.4977746,51.8895954
845,Valry,Brett,vbrettng@1688.com,Female,Ireland,Longford,-7.8004329,53.7283566
846,Audre,Iskow,aiskownh@gizmodo.com,Female,Ireland,Kilmacanoge,-6.139018,53.171935
847,Nappie,Nott,nnottni@latimes.com,Male,Ireland,Moville,-8.4242597,51.8910459
848,Israel,Vagg,ivaggnj@cocolog-nifty.com,Male,Ireland,Tullyallen,-6.4241156,53.7369009
849,Elsa,Grunnell,egrunnellnk@ow.ly,Female,Ireland,Killorglin,-9.7850991,52.1058991
850,Orv,Varker,ovarkernl@ovh.net,Male,Ireland,Dromiskin,-6.4008792,53.9215606
851,Darrell,Clowton,dclowtonnm@odnoklassniki.ru,Male,Ireland,Balally,-6.5899765,52.176031
852,Robbie,Surridge,rsurridgenn@ning.com,Female,Ireland,Stradbally,-8.5054897,52.7107501
853,Artemus,Aspey,aaspeyno@china.com.cn,Male,Ireland,Leixlip,-6.4887534,53.3653866
854,Laurie,Danbi,ldanbinp@latimes.com,Male,Ireland,Monasterevin,-7.0625888,53.1387595
855,Adriana,de Amaya,adeamayanq@slashdot.org,Female,Ireland,Ferbane,-8.4824714,51.8862378
856,Dom,Horney,dhorneynr@mapquest.com,Male,Ireland,Fermoy,-9.5003786,52.4458588
857,Boonie,MacKeig,bmackeigns@discuz.net,Male,Ireland,Oughterard,-6.1406578,53.2886387
858,Venita,Sabates,vsabatesnt@npr.org,Female,Ireland,Ballina,-9.151825,54.11215
859,Tana,Lemoir,tlemoirnu@creativecommons.org,Female,Ireland,Shankill,-6.124065,53.231395
860,Rina,Walby,rwalbynv@tripod.com,Female,Ireland,Caherconlish,-8.3545704,52.5593605
861,Samuele,Shane,sshanenw@hibu.com,Genderfluid,Ireland,Cashel,-7.888894,52.516323
862,Carce,Benoit,cbenoitnx@storify.com,Male,Ireland,Sandymount,-6.2152673,53.3323703
863,Rheta,Cumberlidge,rcumberlidgeny@wunderground.com,Female,Ireland,Killorglin,-9.7850991,52.1058991
864,Graig,Arni,garninz@thetimes.co.uk,Male,Ireland,Clogherhead,-6.2429997,53.7902634
865,Ursulina,Caldecourt,ucaldecourto0@cbsnews.com,Female,Ireland,Ballinteer,-6.2554371,53.2767301
866,Casandra,Clines,cclineso1@wikia.com,Female,Ireland,Caherconlish,-8.3545704,52.5593605
867,Lucky,Iacopetti,liacopettio2@etsy.com,Female,Ireland,Cherryville,-7.1111732,52.2513095
868,Ulrick,Coverley,ucoverleyo3@bloglines.com,Male,Ireland,Blessington,-8.5111664,51.8858819
869,Benetta,Fardy,bfardyo4@reverbnation.com,Female,Ireland,Piltown,-6.3025448,53.6920618
870,Bil,Aluard,baluardo5@skyrock.com,Genderqueer,Ireland,Bantry,-9.448724,51.680591
871,Winnifred,Mitroshinov,wmitroshinovo6@wix.com,Female,Ireland,Coolock,-6.1920933,53.3916434
872,Ransell,Grindrod,rgrindrodo7@zimbio.com,Male,Ireland,Gorey,-6.308522,52.665267
873,Jillie,Alebrooke,jalebrookeo8@ftc.gov,Female,Ireland,Lucan,-9.4904891,52.6396679
874,Langsdon,D'Adda,ldaddao9@meetup.com,Male,Ireland,Ferbane,-8.4824714,51.8862378
875,Rici,Grinyov,rgrinyovoa@desdev.cn,Female,Ireland,Watergrasshill,-8.337871,52.0097259
876,Cristobal,Caselick,ccaselickob@github.io,Male,Ireland,Donnybrook,-6.2324705,53.3177535
877,Nico,Rickertsen,nrickertsenoc@sphinn.com,Male,Ireland,Beaumont,-6.2057463,53.3870149
878,Rustie,Betke,rbetkeod@columbia.edu,Male,Ireland,Cill Airne,-6.2890702,53.3201497
879,Byram,Wynrehame,bwynrehameoe@va.gov,Male,Ireland,Raheny,-6.1820563,53.3786861
880,Domenic,Whyberd,dwhyberdof@msn.com,Non-binary,Ireland,Portumna,-8.2215941,53.0917381
881,Maggie,Walsom,mwalsomog@slashdot.org,Female,Ireland,Monaghan,-7.0943023,54.2694844
882,Sabina,O'Spellissey,sospellisseyoh@artisteer.com,Female,Ireland,Milltown,-7.9027266,53.4148582
883,Celestine,O'Kinedy,cokinedyoi@cargocollective.com,Female,Ireland,Shankill,-6.124065,53.231395
884,Orson,Mingotti,omingottioj@mlb.com,Male,Ireland,Ashford,-6.3828795,53.385304
885,Bastian,Krystof,bkrystofok@infoseek.co.jp,Male,Ireland,Tower,-80.7087609,35.7797381
886,Ame,Rigglesford,arigglesfordol@paginegialle.it,Female,Ireland,Bearna,-6.2340942,53.2993199
887,Donall,Storey,dstoreyom@1und1.de,Male,Ireland,Castleknock,-9.0248232,53.2760162
888,Shadow,Daniely,sdanielyon@google.ru,Male,Ireland,Crossmolina,-6.473025,54.0086093
889,Felecia,Whittleton,fwhittletonoo@ustream.tv,Female,Ireland,Sutton,-6.1097188,53.3895926
890,Nadia,Scholefield,nscholefieldop@reverbnation.com,Female,Ireland,Newmarket on Fergus,-8.8950821,52.7604883
891,King,Kivelle,kkivelleoq@360.cn,Male,Ireland,Birr,-7.9139891,53.0949398
892,Enrika,Mew,emewor@mapy.cz,Female,Ireland,Arklow,-8.4523258,51.880525
893,Myrwyn,Kasting,mkastingos@dmoz.org,Male,Ireland,Greystones,-6.0704904,53.1286984
894,Hussein,Poznanski,hpoznanskiot@trellian.com,Male,Ireland,Foxrock,-6.1011147,53.2000455
895,Jerry,Corssen,jcorssenou@ebay.com,Female,Ireland,Birr,-7.9139891,53.0949398
896,Dwayne,Scottini,dscottiniov@oracle.com,Male,Ireland,Bagenalstown,-6.9692181,52.7009338
897,Hermione,Lindenblatt,hlindenblattow@com.com,Female,Ireland,Tullyallen,-6.4241156,53.7369009
898,Hoyt,Cassels,hcasselsox@eventbrite.com,Male,Ireland,Coolock,-6.1920933,53.3916434
899,Marc,Toulmin,mtoulminoy@yellowbook.com,Male,Ireland,Edgeworthstown,-7.606287,53.6972399
900,Adey,Dungey,adungeyoz@newsvine.com,Female,Ireland,Valleymount,-6.3077823,53.3655256
901,Tricia,Mallion,tmallionp0@networksolutions.com,Female,Ireland,Bantry,-9.448724,51.680591
902,Leupold,Roarty,lroartyp1@ebay.co.uk,Male,Ireland,Monkstown,-8.9775014,52.8314927
903,Eduard,Stuffins,estuffinsp2@ow.ly,Male,Ireland,Navan,-6.313755,53.366736
904,Kenyon,Rosenstengel,krosenstengelp3@theglobeandmail.com,Male,Ireland,Kilcullen,-8.5047067,51.8830697
905,Boigie,Blazeby,bblazebyp4@mac.com,Male,Ireland,Greenhills,-6.336393,53.3122864
906,Cori,Connal,cconnalp5@hibu.com,Polygender,Ireland,Listowel,-9.4851741,52.4460804
907,Schuyler,Espinheira,sespinheirap6@mozilla.org,Male,Ireland,Thomastown,-6.7434401,53.2229873
908,Syd,Heavens,sheavensp7@xing.com,Male,Ireland,Sutton,-6.1097188,53.3895926
909,Janaya,Lavington,jlavingtonp8@imageshack.us,Female,Ireland,Dunmanway,-9.1115941,51.7203863
910,Phelia,Guittet,pguittetp9@friendfeed.com,Female,Ireland,Shankill,-6.124065,53.231395
911,Laney,Vise,lvisepa@xrea.com,Female,Ireland,Clondalkin,-6.4496384,53.3582341
912,Ertha,Poley,epoleypb@berkeley.edu,Female,Ireland,Killorglin,-9.7850991,52.1058991
913,Ingunna,Ottiwill,iottiwillpc@vk.com,Female,Ireland,Kill,-6.5924609,53.2482376
914,Irene,Jakeman,ijakemanpd@unc.edu,Female,Ireland,Naas,-6.67045,53.213319
915,Gwyneth,Broady,gbroadype@paypal.com,Female,Ireland,Virginia,-6.2633149,53.377533
916,Alyce,Czajka,aczajkapf@comsenz.com,Female,Ireland,Greystones,-6.0704904,53.1286984
917,Grover,Older,golderpg@howstuffworks.com,Male,Ireland,Arklow,-8.4523258,51.880525
918,Llywellyn,Townsend,ltownsendph@tinyurl.com,Male,Ireland,Edgeworthstown,-7.606287,53.6972399
919,Kaela,Goalby,kgoalbypi@a8.net,Female,Ireland,Cavan,-7.297914,54.026345
920,Boony,Andrei,bandreipj@miibeian.gov.cn,Male,Ireland,Enniskerry,-8.9821467,52.8498651
921,Louisa,Schorah,lschorahpk@devhub.com,Female,Ireland,Ballymahon,-7.7655701,53.5650926
922,Lucho,Gretton,lgrettonpl@technorati.com,Male,Ireland,Ballyboden,-6.3049392,53.3021194
923,Sibby,Scrowby,sscrowbypm@devhub.com,Female,Ireland,Bayside,-9.1097137,53.2582868
924,Beltran,Jacob,bjacobpn@t-online.de,Male,Ireland,Stradbally,-8.5054897,52.7107501
925,Micky,Seyffert,mseyffertpo@desdev.cn,Male,Ireland,Sandyford,-6.3422325,53.719155
926,Nanete,Perris,nperrispp@miibeian.gov.cn,Female,Ireland,Clondalkin,-6.4496384,53.3582341
927,Randal,Kovnot,rkovnotpq@japanpost.jp,Male,Ireland,Sallins,-6.6633404,53.2492381
928,Filmer,Lorrain,florrainpr@discovery.com,Male,Ireland,Clogherhead,-6.2429997,53.7902634
929,Andra,Morehall,amorehallps@aboutads.info,Female,Ireland,Donnybrook,-6.2324705,53.3177535
930,Honoria,McCamish,hmccamishpt@surveymonkey.com,Agender,Ireland,Killumney,-8.6340751,52.6638144
931,Matthias,Pau,mpaupu@oracle.com,Genderfluid,Ireland,Dundrum,-6.2508196,53.2866372
932,Nils,Perrie,nperriepv@globo.com,Male,Ireland,Bayside,-9.1097137,53.2582868
933,Lois,Jumeau,ljumeaupw@about.me,Female,Ireland,Askeaton,-8.9706844,52.6004448
934,Dalia,Uttley,duttleypx@usnews.com,Non-binary,Ireland,Skerries,-6.1349155,53.5834008
935,Glenn,Lehr,glehrpy@xrea.com,Male,Ireland,Balally,-6.5899765,52.176031
936,Brendan,Murrey,bmurreypz@tripod.com,Male,Ireland,Greystones,-6.0704904,53.1286984
937,Aretha,Parell,aparellq0@dmoz.org,Female,Ireland,Blarney,-8.8562835,53.510243
938,Tedda,Dehn,tdehnq1@multiply.com,Female,Ireland,Skerries,-6.1349155,53.5834008
939,Laurens,Hiland,lhilandq2@cloudflare.com,Male,Ireland,Castleknock,-9.0248232,53.2760162
940,Clovis,Buckland,cbucklandq3@bigcartel.com,Female,Ireland,Balrothery,-6.1884248,53.5879156
941,Thorndike,Fitton,tfittonq4@reuters.com,Male,Ireland,Kiltamagh,-8.9949917,53.8533151
942,Oswell,McInility,omcinilityq5@surveymonkey.com,Male,Ireland,Trá Mhór,-9.0197835,53.2736466
943,Timothy,Osan,tosanq6@newsvine.com,Non-binary,Ireland,Moate,-6.1942058,53.3604483
944,Ronna,Dewdney,rdewdneyq7@quantcast.com,Female,Ireland,Donabate,-6.1544115,53.4855448
945,Yvor,Mc Gorley,ymcgorleyq8@issuu.com,Male,Ireland,Swords,-6.2071246,53.4562426
946,Wilt,Union,wunionq9@google.ru,Male,Ireland,Enniskerry,-8.9821467,52.8498651
947,Melvyn,Behneke,mbehnekeqa@epa.gov,Male,Ireland,Dunmanway,-9.1115941,51.7203863
948,Franky,Pellamonuten,fpellamonutenqb@sciencedaily.com,Male,Ireland,Newmarket on Fergus,-8.8950821,52.7604883
949,Orran,Bottini,obottiniqc@hud.gov,Male,Ireland,Tower,-80.7087609,35.7797381
950,Adler,Maw,amawqd@salon.com,Male,Ireland,Dungarvan,-6.1822287,53.3788495
951,Jdavie,Jaggar,jjaggarqe@archive.org,Male,Ireland,Kiltamagh,-8.9949917,53.8533151
952,Boyce,Cathenod,bcathenodqf@wunderground.com,Male,Ireland,Longford,-7.8004329,53.7283566
953,Kali,Skatcher,kskatcherqg@ed.gov,Female,Ireland,Trá Mhór,-9.0197835,53.2736466
954,Danika,Yeskov,dyeskovqh@live.com,Bigender,Ireland,Ashbourne,-6.1215213,53.2724538
955,Ulrika,Ilott,uilottqi@oracle.com,Female,Ireland,Dún Laoghaire,-6.133718,53.291512
956,Chevy,MacAne,cmacaneqj@redcross.org,Male,Ireland,Cork,-8.489012,51.923707
957,Madalena,Linnit,mlinnitqk@studiopress.com,Female,Ireland,Malahide,-6.1479779,53.450694
958,Aurore,Banting,abantingql@sciencedaily.com,Female,Ireland,Shankill,-6.124065,53.231395
959,Nada,Chestle,nchestleqm@chicagotribune.com,Female,Ireland,Valleymount,-6.3077823,53.3655256
960,Ernestus,Bradford,ebradfordqn@nydailynews.com,Male,Ireland,Castlebridge,-6.5853664,53.378253
961,Harrison,Bould,hbouldqo@domainmarket.com,Male,Ireland,Moate,-6.1942058,53.3604483
962,Ahmad,Colbertson,acolbertsonqp@nydailynews.com,Male,Ireland,Kinsale,-6.251714,53.3169419
963,Talyah,Ferronier,tferronierqq@house.gov,Female,Ireland,Kilcullen,-8.5047067,51.8830697
964,Jesus,Greeno,jgreenoqr@zdnet.com,Male,Ireland,Ballivor,-6.1191333,53.1915379
965,Ange,Fozard,afozardqs@weather.com,Female,Ireland,Moycullen,-9.159604,53.302644
966,Kaila,Rountree,krountreeqt@ebay.com,Female,Ireland,Daingean,-7.1297243,52.2509369
967,Gery,Lohoar,glohoarqu@mtv.com,Male,Ireland,Bearna,-6.2340942,53.2993199
968,Riannon,Tinston,rtinstonqv@imdb.com,Genderfluid,Ireland,Sutton,-6.1097188,53.3895926
969,Archibaldo,Fearnyhough,afearnyhoughqw@wix.com,Male,Ireland,Greenhills,-6.336393,53.3122864
970,Raleigh,Pickup,rpickupqx@dropbox.com,Male,Ireland,Monaghan,-7.0943023,54.2694844
971,Alberto,Jurick,ajurickqy@hexun.com,Male,Ireland,Castlemartyr,-8.05,51.9166667
972,Caro,Rusbridge,crusbridgeqz@google.fr,Female,Ireland,Swinford,-8.9480659,53.940892
973,Jenifer,Coogan,jcooganr0@gmpg.org,Female,Ireland,Rathdrum,-6.163027,53.2339841
974,Perl,Stothard,pstothardr1@state.gov,Bigender,Ireland,Sallins,-6.6633404,53.2492381
975,Marji,Lube,mluber2@blogspot.com,Female,Ireland,Ballyjamesduff,-7.086877,53.8363325
976,Beverlie,Mil,bmilr3@japanpost.jp,Female,Ireland,Belmullet,-10.0320886,54.2223118
977,Melantha,Kegan,mkeganr4@microsoft.com,Female,Ireland,Watergrasshill,-8.337871,52.0097259
978,Glen,Rixon,grixonr5@google.pl,Agender,Ireland,Moate,-6.1942058,53.3604483
979,Griffy,Colston,gcolstonr6@e-recht24.de,Male,Ireland,Carrigtwohill,-8.259128,51.908209
980,Spenser,Gethin,sgethinr7@ftc.gov,Male,Ireland,Dublin,-6.2427004,53.3347733
981,Free,Geater,fgeaterr8@usatoday.com,Male,Ireland,Tullyallen,-6.4241156,53.7369009
982,Gabriel,Fick,gfickr9@mozilla.com,Female,Ireland,Moycullen,-9.159604,53.302644
983,Jessalin,Barford,jbarfordra@independent.co.uk,Genderfluid,Ireland,Kinsale,-6.251714,53.3169419
984,Binnie,Frew,bfrewrb@weebly.com,Female,Ireland,Arklow,-8.4523258,51.880525
985,Fredi,Shave,fshaverc@tinyurl.com,Female,Ireland,Bagenalstown,-6.9692181,52.7009338
986,Saxon,Cheshire,scheshirerd@businessweek.com,Male,Ireland,Tuam,-8.83565,53.49417
987,Alexi,McKew,amckewre@bing.com,Non-binary,Ireland,Navan,-6.313755,53.366736
988,Jasmina,Arderne,jardernerf@home.pl,Female,Ireland,Longford,-7.8004329,53.7283566
989,Gregorio,Lebreton,glebretonrg@mlb.com,Male,Ireland,Sandyford,-6.3422325,53.719155
990,Rockey,Sperling,rsperlingrh@blogtalkradio.com,Non-binary,Ireland,Dublin,-6.2427004,53.3347733
991,Alica,Andreasen,aandreasenri@chron.com,Female,Ireland,Booterstown,-6.1979853,53.3046353
992,Pippo,Aucock,paucockrj@1688.com,Genderqueer,Ireland,Longwood,-6.2892907,53.310122
993,Tristam,McCullouch,tmccullouchrk@webmd.com,Male,Ireland,Donnybrook,-6.2324705,53.3177535
994,Cordie,Bonnefin,cbonnefinrl@elpais.com,Male,Ireland,Ardee,-8.4784945,51.8815586
995,Tiena,Larcher,tlarcherrm@delicious.com,Female,Ireland,Ashbourne,-6.1215213,53.2724538
996,Kaylee,Ivetts,kivettsrn@hhs.gov,Female,Ireland,Castleknock,-9.0248232,53.2760162
997,Clywd,Scholl,cschollro@upenn.edu,Male,Ireland,Coolock,-6.1920933,53.3916434
998,Leena,Sutter,lsutterrp@goodreads.com,Non-binary,Ireland,Gweedore,-9.0288689,53.2737147
999,Charyl,Cawkwell,ccawkwellrq@wikipedia.org,Female,Ireland,Kinsealy-Drinan,-6.1644997,53.4266145
1000,Petey,Krzysztofiak,pkrzysztofiakrr@discuz.net,Male,Ireland,Valleymount,-6.3077823,53.3655256
