id,first_name,last_name,email,gender,country,city,lon,lat
1,Joya,Newtown,jnewtown0@si.edu,Agender,Ireland,Macroom,-8.958931,51.904635
2,Aylmer,Bosden,abosden1@slate.com,Male,Ireland,Tuam,-8.83565,53.49417
3,Roy,Ryson,rryson2@disqus.com,Male,Ireland,Askeaton,-8.9706844,52.6004448
4,Emerson,Crabtree,ecrabtree3@flavors.me,Genderfluid,Ireland,Tullamore,-7.518792,53.284466
5,Magnum,Ghion,mghion4@soup.io,Bigender,Ireland,Castlebridge,-6.5853664,53.378253
6,Evey,Firidolfi,efiridolfi5@go.com,Genderqueer,Ireland,Donabate,-6.1544115,53.4855448
7,Ollie,Crinson,ocrinson6@trellian.com,Male,Ireland,Booterstown,-6.1979853,53.3046353
8,Jacquenetta,Bellwood,jbellwood7@sciencedaily.com,Female,Ireland,Donnybrook,-6.2324705,53.3177535
9,Ame,Berston,aberston8@com.com,Genderqueer,Ireland,Leixlip,-6.4887534,53.3653866
10,Cher,Seywood,cseywood9@gravatar.com,Female,Ireland,Castlebellingham,-6.391149,53.8996586
11,Cobbie,Oldknow,coldknowa@cornell.edu,Male,Ireland,Monaghan,-7.0943023,54.2694844
12,Bari,Phettis,bphettisb@ted.com,Female,Ireland,Aughrim,-6.366762,53.2987724
13,Paddy,Ardron,pardronc@about.com,Male,Ireland,Kinsealy-Drinan,-6.1644997,53.4266145
14,Any,Allridge,aallridged@nhs.uk,Male,Ireland,Balrothery,-6.1884248,53.5879156
15,Weylin,Lakes,wlakese@arstechnica.com,Male,Ireland,Boyle,-8.2969737,53.9735591
16,Brucie,Van Oord,bvanoordf@shop-pro.jp,Male,Ireland,Dunlewy,-6.1157412,53.2774963
17,Evonne,Ambrus,eambrusg@mac.com,Female,Ireland,Lucan,-9.4904891,52.6396679
18,Toby,Scocroft,tscocrofth@yahoo.co.jp,Male,Ireland,Swords,-6.2071246,53.4562426
19,Eddie,Gusticke,egustickei@japanpost.jp,Male,Ireland,Dungarvan,-6.1822287,53.3788495
20,Opal,Plenderleith,oplenderleithj@webeden.co.uk,Female,Ireland,Athy,-6.9858993,53.0018699
21,Ola,Cubbit,ocubbitk@omniture.com,Female,Ireland,Monaghan,-7.0943023,54.2694844
22,Silvester,Franken,sfrankenl@desdev.cn,Male,Ireland,Virginia,-6.2633149,53.377533
23,Kirk,McGillacoell,kmcgillacoellm@free.fr,Male,Ireland,Mullagh,-8.4977746,51.8895954
24,Zared,Maus,zmausn@fda.gov,Male,Ireland,Cork,-8.489012,51.923707
25,Virginia,Orteau,vorteauo@amazon.com,Female,Ireland,Eadestown,-6.590926,53.1936864
26,Hunfredo,Vaneev,hvaneevp@smugmug.com,Male,Ireland,Greenhills,-6.336393,53.3122864
27,Melva,Dorow,mdorowq@eepurl.com,Female,Ireland,Dún Laoghaire,-6.133718,53.291512
28,Christel,Sandison,csandisonr@rediff.com,Female,Ireland,Tullamore,-7.518792,53.284466
29,Diarmid,Conman,dconmans@dion.ne.jp,Male,Ireland,Donabate,-6.1544115,53.4855448
30,Robers,Saladine,rsaladinet@businessinsider.com,Male,Ireland,Midleton,-8.1722173,51.9138694
31,Mei,Howroyd,mhowroydu@opensource.org,Female,Ireland,Aughrim,-6.366762,53.2987724
32,Petronella,Collecott,pcollecottv@homestead.com,Female,Ireland,Arklow,-8.4523258,51.880525
33,Billy,Hullot,bhullotw@e-recht24.de,Male,Ireland,Foxrock,-6.1011147,53.2000455
34,Cecilla,Bazylets,cbazyletsx@admin.ch,Female,Ireland,Oughterard,-6.1406578,53.2886387
35,Tomi,Krugmann,tkrugmanny@cnn.com,Female,Ireland,Greystones,-6.0704904,53.1286984
36,Rockwell,Moorwood,rmoorwoodz@google.cn,Male,Ireland,Raphoe,-8.2755058,52.2627273
37,Abie,Sunderland,asunderland10@berkeley.edu,Male,Ireland,Kill,-6.5924609,53.2482376
38,Myrle,Heimes,mheimes11@salon.com,Female,Ireland,Castleknock,-9.0248232,53.2760162
39,Graig,Simonot,gsimonot12@altervista.org,Male,Ireland,Valleymount,-6.3077823,53.3655256
40,Calley,Phillput,cphillput13@twitter.com,Female,Ireland,Bantry,-9.448724,51.680591
41,Stacee,Wrotham,swrotham14@jiathis.com,Male,Ireland,Bailieborough,-6.9711886,53.916791
42,Hermon,Bowie,hbowie15@ed.gov,Bigender,Ireland,Cavan,-7.297914,54.026345
43,Page,Hazelby,phazelby16@t.co,Male,Ireland,Ballymun,-6.264963,53.3897152
44,Siana,Golthorpp,sgolthorpp17@google.fr,Female,Ireland,Trá Mhór,-9.0197835,53.2736466
45,Ginger,Dibbin,gdibbin18@upenn.edu,Male,Ireland,Navan,-6.313755,53.366736
46,Hobie,Dyball,hdyball19@blogger.com,Male,Ireland,Killumney,-8.6340751,52.6638144
47,Farley,O'Shiels,foshiels1a@sogou.com,Male,Ireland,Castlebridge,-6.5853664,53.378253
48,Maye,Huet,mhuet1b@facebook.com,Female,Ireland,Muff,-7.269174,55.0650892
49,Fields,Andrichuk,fandrichuk1c@mapquest.com,Male,Ireland,Clones,-7.2314132,54.1794814
50,Theobald,Jowers,tjowers1d@cam.ac.uk,Male,Ireland,Ballyhaunis,-8.7683674,53.7942932
51,Emlyn,De la Zenne,edelazenne1e@theglobeandmail.com,Male,Ireland,Aghada,-8.4627451,54.25645
52,Selby,Scyner,sscyner1f@angelfire.com,Agender,Ireland,Swords,-6.2071246,53.4562426
53,Rosy,Tribell,rtribell1g@360.cn,Female,Ireland,Donabate,-6.1544115,53.4855448
54,Nike,Grelik,ngrelik1h@soup.io,Female,Ireland,Caherconlish,-8.3545704,52.5593605
55,Stanwood,Yaneev,syaneev1i@mapy.cz,Male,Ireland,Killumney,-8.6340751,52.6638144
56,Winona,Ladel,wladel1j@theguardian.com,Female,Ireland,Dungarvan,-6.1822287,53.3788495
57,Gale,Jopp,gjopp1k@dailymotion.com,Female,Ireland,Athlone,-7.9428197,53.4231032
58,Wally,Briton,wbriton1l@naver.com,Male,Ireland,Kilkenny,-7.2584,52.655184
59,Josias,Maybury,jmaybury1m@yahoo.co.jp,Male,Ireland,Newmarket on Fergus,-8.8950821,52.7604883
60,Andee,Severns,aseverns1n@reuters.com,Female,Ireland,Kilcullen,-8.5047067,51.8830697
61,Lindon,Eaton,leaton1o@mapquest.com,Male,Ireland,Beaumont,-6.2057463,53.3870149
62,Hermione,Lamperti,hlamperti1p@devhub.com,Female,Ireland,Dungarvan,-6.1822287,53.3788495
63,Rosana,Hackin,rhackin1q@smugmug.com,Agender,Ireland,Castlemartyr,-8.05,51.9166667
64,Vi,Vidgeon,vvidgeon1r@webeden.co.uk,Female,Ireland,Naas,-6.67045,53.213319
65,Dania,Gounard,dgounard1s@myspace.com,Female,Ireland,Virginia,-6.2633149,53.377533
66,Stephanus,Nuzzti,snuzzti1t@tripod.com,Male,Ireland,Bantry,-9.448724,51.680591
67,Jobina,Clague,jclague1u@163.com,Female,Ireland,Sandymount,-6.2152673,53.3323703
68,Craggie,Badder,cbadder1v@blog.com,Male,Ireland,Listowel,-9.4851741,52.4460804
69,Elisha,Doerffer,edoerffer1w@sciencedirect.com,Male,Ireland,Clogherhead,-6.2429997,53.7902634
70,Leda,Rudgard,lrudgard1x@angelfire.com,Female,Ireland,Coolock,-6.1920933,53.3916434
71,Corny,Steed,csteed1y@wisc.edu,Female,Ireland,Ratoath,-6.4671298,53.5050031
72,Jeremias,Mullineux,jmullineux1z@globo.com,Male,Ireland,Kinsealy-Drinan,-6.1644997,53.4266145
73,Sol,Kleimt,skleimt20@cdc.gov,Male,Ireland,Newmarket on Fergus,-8.8950821,52.7604883
74,Jody,Jamieson,jjamieson21@shinystat.com,Male,Ireland,Beaumont,-6.2057463,53.3870149
75,Latisha,Sugg,lsugg22@home.pl,Genderfluid,Ireland,Ballinroad,-7.5717688,52.1045472
76,Dory,Mollitt,dmollitt23@ocn.ne.jp,Female,Ireland,Bagenalstown,-6.9692181,52.7009338
77,Mile,Patsall,mpatsall24@amazon.co.uk,Male,Ireland,Annacotty,-8.5369154,52.6681994
78,Valery,Coutthart,vcoutthart25@pagesperso-orange.fr,Female,Ireland,Whitegate,-6.3539424,53.3666338
79,Vassili,Lis,vlis26@smh.com.au,Male,Ireland,Tuam,-8.83565,53.49417
80,Clair,Doale,cdoale27@opera.com,Female,Ireland,Greystones,-6.0704904,53.1286984
81,Sherwin,Peche,speche28@google.ca,Male,Ireland,Clondalkin,-6.4496384,53.3582341
82,Gris,O'Cassidy,gocassidy29@pbs.org,Male,Ireland,Dundrum,-6.2508196,53.2866372
83,Beilul,Frissell,bfrissell2a@imdb.com,Female,Ireland,Leixlip,-6.4887534,53.3653866
84,Burgess,Maceur,bmaceur2b@marriott.com,Male,Ireland,Cork,-8.489012,51.923707
85,Wilow,Espinha,wespinha2c@artisteer.com,Female,Ireland,Dunleer,-8.5176583,51.8863277
86,Caren,Feander,cfeander2d@tamu.edu,Female,Ireland,Ashford,-6.3828795,53.385304
87,El,Dorrian,edorrian2e@posterous.com,Male,Ireland,Longwood,-6.2892907,53.310122
88,Dorice,Van der Hoven,dvanderhoven2f@utexas.edu,Female,Ireland,Tullamore,-7.518792,53.284466
89,Everard,Tomaello,etomaello2g@newsvine.com,Male,Ireland,Kanturk,-8.9342111,52.182304
90,Kata,Pettegree,kpettegree2h@un.org,Female,Ireland,Balally,-6.5899765,52.176031
91,Hurlee,Barnhart,hbarnhart2i@is.gd,Male,Ireland,Balrothery,-6.1884248,53.5879156
92,Almeda,Tipple,atipple2j@cdc.gov,Genderqueer,Ireland,Aghada,-8.4627451,54.25645
93,Corine,Clemence,cclemence2k@cdbaby.com,Female,Ireland,Cork,-8.489012,51.923707
94,Justen,Kauschke,jkauschke2l@cisco.com,Genderfluid,Ireland,Youghal,-7.8434254,51.949401
95,Latashia,Baynam,lbaynam2m@upenn.edu,Female,Ireland,Ashford,-6.3828795,53.385304
96,Tatiana,Burrus,tburrus2n@friendfeed.com,Female,Ireland,Dungarvan,-6.1822287,53.3788495
97,Antonie,Cattenach,acattenach2o@ning.com,Female,Ireland,Cloyne,-6.2398782,53.32112
98,Donna,Tootell,dtootell2p@feedburner.com,Female,Ireland,Bearna,-6.2340942,53.2993199
99,Gauthier,Watsam,gwatsam2q@hexun.com,Male,Ireland,Adare,-6.176659,53.4487975
100,Mommy,Blasl,mblasl2r@earthlink.net,Female,Ireland,Dundrum,-6.2508196,53.2866372
101,Ferdinande,Jakab,fjakab2s@tumblr.com,Female,Ireland,Cashel,-7.888894,52.516323
102,Laughton,Slator,lslator2t@infoseek.co.jp,Male,Ireland,Boyle,-8.2969737,53.9735591
103,Peri,Sullivan,psullivan2u@harvard.edu,Bigender,Ireland,Ferbane,-8.4824714,51.8862378
104,Brandy,Loan,bloan2v@list-manage.com,Female,Ireland,Thomastown,-6.7434401,53.2229873
105,Tadeo,Sturdey,tsturdey2w@gravatar.com,Agender,Ireland,Farranacoush,-8.5171384,51.876873
106,Candida,Diggell,cdiggell2x@yale.edu,Female,Ireland,Athlone,-7.9428197,53.4231032
107,Mildrid,Catcherside,mcatcherside2y@japanpost.jp,Female,Ireland,Fairview,-6.4202878,54.0026343
108,Vlad,Lapham,vlapham2z@eepurl.com,Male,Ireland,Dunleer,-8.5176583,51.8863277
109,Kelly,Sherwill,ksherwill30@washington.edu,Female,Ireland,Dalkey,-6.1072403,53.2780047
110,Wakefield,Blayney,wblayney31@chronoengine.com,Male,Ireland,Skibbereen,-9.268589,51.549106
111,Silvanus,Snoad,ssnoad32@loc.gov,Male,Ireland,Raphoe,-8.2755058,52.2627273
112,Desi,Musselwhite,dmusselwhite33@dailymotion.com,Male,Ireland,Bearna,-6.2340942,53.2993199
113,Maudie,Jantzen,mjantzen34@blog.com,Female,Ireland,Birr,-7.9139891,53.0949398
114,Davine,Phalp,dphalp35@boston.com,Female,Ireland,Fairview,-6.4202878,54.0026343
115,Marya,Dovermann,mdovermann36@amazon.de,Female,Ireland,Daingean,-7.1297243,52.2509369
116,Toni,Jacketts,tjacketts37@icq.com,Female,Ireland,Longford,-7.8004329,53.7283566
117,Ian,Vanichkin,ivanichkin38@cbsnews.com,Male,Ireland,Whitegate,-6.3539424,53.3666338
118,Filippo,Deans,fdeans39@unesco.org,Male,Ireland,Kildare,-6.9140788,53.169971
119,Nell,Beisley,nbeisley3a@storify.com,Female,Ireland,Clonskeagh,-6.2387374,53.3141205
120,Antons,Vaudre,avaudre3b@addtoany.com,Male,Ireland,Greenhills,-6.336393,53.3122864
121,Dianne,Burnsell,dburnsell3c@tiny.cc,Female,Ireland,Ballisodare,-8.5070436,54.2109904
122,Rivalee,Antecki,rantecki3d@columbia.edu,Female,Ireland,Ballyhaunis,-8.7683674,53.7942932
123,Daveen,Mosedale,dmosedale3e@angelfire.com,Non-binary,Ireland,Dublin,-6.2427004,53.3347733
124,Lezlie,Haig,lhaig3f@psu.edu,Female,Ireland,Milltown,-7.9027266,53.4148582
125,Gwen,Paulot,gpaulot3g@tinyurl.com,Female,Ireland,Kinsealy-Drinan,-6.1644997,53.4266145
126,Dougie,Giampietro,dgiampietro3h@slashdot.org,Male,Ireland,Rathwire,-7.145971,53.508326
127,Obie,Pactat,opactat3i@mapy.cz,Male,Ireland,Whitegate,-6.3539424,53.3666338
128,Eimile,De Witt,edewitt3j@weebly.com,Genderfluid,Ireland,Moville,-8.4242597,51.8910459
129,Gallard,Casebourne,gcasebourne3k@elpais.com,Male,Ireland,Kildare,-6.9140788,53.169971
130,Keelby,Philbrick,kphilbrick3l@sfgate.com,Male,Ireland,Portumna,-8.2215941,53.0917381
131,Haroun,Maffucci,hmaffucci3m@latimes.com,Male,Ireland,Macroom,-8.958931,51.904635
132,Gilbert,Kienlein,gkienlein3n@rakuten.co.jp,Male,Ireland,Cluain Meala,-6.2611953,53.3881832
133,Robbi,Pawelke,rpawelke3o@dion.ne.jp,Non-binary,Ireland,Ardee,-8.4784945,51.8815586
134,Mickie,Kurtis,mkurtis3p@state.gov,Male,Ireland,Cabinteely,-6.1603828,53.2599034
135,Clevie,Artrick,cartrick3q@ihg.com,Male,Ireland,Bantry,-9.448724,51.680591
136,Bobbette,Scourfield,bscourfield3r@amazon.de,Female,Ireland,Tallaght,-6.3660863,53.2874153
137,Damita,Ainscough,dainscough3s@taobao.com,Female,Ireland,Old Kilcullen,-6.7449927,53.1310185
138,Seana,Advani,sadvani3t@prlog.org,Female,Ireland,Youghal,-7.8434254,51.949401
139,Bartholemy,Spadotto,bspadotto3u@wikispaces.com,Male,Ireland,Leixlip,-6.4887534,53.3653866
140,Marena,Bothen,mbothen3v@thetimes.co.uk,Female,Ireland,Newmarket on Fergus,-8.8950821,52.7604883
141,Cathyleen,Mattioni,cmattioni3w@unesco.org,Female,Ireland,Listowel,-9.4851741,52.4460804
142,Leesa,Nequest,lnequest3x@parallels.com,Female,Ireland,Kilcullen,-8.5047067,51.8830697
143,Chrissy,Rickarsey,crickarsey3y@mapy.cz,Female,Ireland,Oranmore,-9.7359765,54.1433253
144,Celie,Clemoes,cclemoes3z@shareasale.com,Female,Ireland,Kilcullen,-8.5047067,51.8830697
145,Clarabelle,Alcorn,calcorn40@cdc.gov,Female,Ireland,Crumlin,-6.3048641,53.3284298
146,Marleen,Moorcroft,mmoorcroft41@cmu.edu,Female,Ireland,Sandyford,-6.3422325,53.719155
147,Dorian,Witt,dwitt42@harvard.edu,Male,Ireland,Kill,-6.5924609,53.2482376
148,Galina,Burgoyne,gburgoyne43@msn.com,Bigender,Ireland,Raheny,-6.1820563,53.3786861
149,Erny,Fassum,efassum44@ovh.net,Male,Ireland,Kildare,-6.9140788,53.169971
150,Vasily,Gunther,vgunther45@prlog.org,Male,Ireland,Balally,-6.5899765,52.176031
151,Thornton,Godain,tgodain46@time.com,Male,Ireland,Foxrock,-6.1011147,53.2000455
152,Corey,Crossan,ccrossan47@paypal.com,Male,Ireland,Cashel,-7.888894,52.516323
153,Geri,Loughead,gloughead48@furl.net,Male,Ireland,Foxrock,-6.1011147,53.2000455
154,Mill,Emloch,memloch49@surveymonkey.com,Male,Ireland,Skerries,-6.1349155,53.5834008
155,Cynthea,Rosling,crosling4a@java.com,Female,Ireland,Ballyboden,-6.3049392,53.3021194
156,Kerrill,Loudyan,kloudyan4b@tuttocitta.it,Female,Ireland,Dublin,-6.2427004,53.3347733
157,Olivie,Stredwick,ostredwick4c@altervista.org,Female,Ireland,Castleblayney,-6.64937,54.10269
158,Allan,Ellen,aellen4d@ox.ac.uk,Male,Ireland,Rathangan,-6.9898366,53.2265199
159,Harriette,Riglar,hriglar4e@360.cn,Female,Ireland,Ferbane,-8.4824714,51.8862378
160,Fidel,Houchin,fhouchin4f@tinyurl.com,Male,Ireland,Kilmacanoge,-6.139018,53.171935
161,Delcina,Aksell,daksell4g@patch.com,Female,Ireland,Kildare,-6.9140788,53.169971
162,Dolores,Ludee,dludee4h@aol.com,Female,Ireland,Sallins,-6.6633404,53.2492381
163,Elwira,Jesteco,ejesteco4i@tinypic.com,Female,Ireland,Greenhills,-6.336393,53.3122864
164,Valaree,Wadie,vwadie4j@dyndns.org,Female,Ireland,Athy,-6.9858993,53.0018699
165,Dianne,Milmore,dmilmore4k@youtube.com,Female,Ireland,Farranacoush,-8.5171384,51.876873
166,Rowe,Stovold,rstovold4l@dropbox.com,Female,Ireland,Coolock,-6.1920933,53.3916434
167,Albertina,Norledge,anorledge4m@fotki.com,Female,Ireland,Thomastown,-6.7434401,53.2229873
168,Ulrikaumeko,McPhillimey,umcphillimey4n@opensource.org,Non-binary,Ireland,Stradbally,-8.5054897,52.7107501
169,Burtie,Casley,bcasley4o@photobucket.com,Male,Ireland,Aghada,-8.4627451,54.25645
170,Elisabetta,Jansie,ejansie4p@examiner.com,Female,Ireland,Macroom,-8.958931,51.904635
171,Garreth,Regis,gregis4q@epa.gov,Male,Ireland,Muff,-7.269174,55.0650892
172,Val,Parffrey,vparffrey4r@samsung.com,Female,Ireland,Askeaton,-8.9706844,52.6004448
173,Salli,Rothert,srothert4s@tinyurl.com,Polygender,Ireland,Glasnevin,-6.266734,53.3829319
174,Sibyl,Brunner,sbrunner4t@clickbank.net,Male,Ireland,Caherconlish,-8.3545704,52.5593605
175,Oswell,Ghidoni,oghidoni4u@moonfruit.com,Male,Ireland,Moville,-8.4242597,51.8910459
176,Gabriellia,Calender,gcalender4v@cpanel.net,Female,Ireland,Killorglin,-9.7850991,52.1058991
177,Benedicto,Ridler,bridler4w@jalbum.net,Male,Ireland,Manorhamilton,-8.1722002,54.3051891
178,Galen,Pere,gpere4x@apache.org,Male,Ireland,Tullyallen,-6.4241156,53.7369009
179,Sheba,Hurtado,shurtado4y@nbcnews.com,Female,Ireland,Thomastown,-6.7434401,53.2229873
180,Mufinella,Parken,mparken4z@aol.com,Female,Ireland,Ballisodare,-8.5070436,54.2109904
181,Odell,Lescop,olescop50@princeton.edu,Male,Ireland,Kilkenny,-7.2584,52.655184
182,Tawsha,Vickar,tvickar51@about.com,Female,Ireland,Clogherhead,-6.2429997,53.7902634
183,Duffy,Taberner,dtaberner52@google.cn,Male,Ireland,Gorey,-6.308522,52.665267
184,Merridie,Drillingcourt,mdrillingcourt53@pinterest.com,Female,Ireland,Adare,-6.176659,53.4487975
185,Thor,Grinaugh,tgrinaugh54@sphinn.com,Male,Ireland,Swords,-6.2071246,53.4562426
186,Rowena,Borrows,rborrows55@sogou.com,Female,Ireland,Newmarket on Fergus,-8.8950821,52.7604883
187,Theressa,Rouby,trouby56@elpais.com,Female,Ireland,Valleymount,-6.3077823,53.3655256
188,Kristal,Chree,kchree57@free.fr,Genderqueer,Ireland,Athlone,-7.9428197,53.4231032
189,Rubie,Dominighi,rdominighi58@thetimes.co.uk,Female,Ireland,Raheny,-6.1820563,53.3786861
190,Ellette,Streetley,estreetley59@free.fr,Polygender,Ireland,Ballyhaunis,-8.7683674,53.7942932
191,Adele,Gerrish,agerrish5a@weebly.com,Female,Ireland,Mallow,-8.642661,52.1361219
192,Berk,Filde,bfilde5b@woothemes.com,Genderqueer,Ireland,Belmullet,-10.0320886,54.2223118
193,Adrien,Moreton,amoreton5c@nsw.gov.au,Bigender,Ireland,Swinford,-8.9480659,53.940892
194,Marni,McAneny,mmcaneny5d@hatena.ne.jp,Female,Ireland,Midleton,-8.1722173,51.9138694
195,Wilt,Veazey,wveazey5e@opera.com,Male,Ireland,Old Kilcullen,-6.7449927,53.1310185
196,Sampson,Drover,sdrover5f@umich.edu,Male,Ireland,Bailieborough,-6.9711886,53.916791
197,Jens,Stopper,jstopper5g@networksolutions.com,Male,Ireland,Monkstown,-8.9775014,52.8314927
198,Rabi,Reddle,rreddle5h@aboutads.info,Male,Ireland,Belmullet,-10.0320886,54.2223118
199,Jaquith,Atherley,jatherley5i@diigo.com,Female,Ireland,Skerries,-6.1349155,53.5834008
200,Raynor,Wainman,rwainman5j@virginia.edu,Male,Ireland,Dublin,-6.2427004,53.3347733
201,Derwin,Stivens,dstivens5k@hibu.com,Male,Ireland,Rathwire,-7.145971,53.508326
202,Massimo,Yesinin,myesinin5l@rakuten.co.jp,Male,Ireland,Ashbourne,-6.1215213,53.2724538
203,Jaine,Shinfield,jshinfield5m@virginia.edu,Female,Ireland,Cobh,-8.298942,51.848898
204,Lewiss,Crellin,lcrellin5n@issuu.com,Male,Ireland,Castlerea,-8.6346959,53.7423435
205,Paolo,Shefton,pshefton5o@reverbnation.com,Polygender,Ireland,Naas,-6.67045,53.213319
206,Wilden,Pues,wpues5p@adobe.com,Male,Ireland,Donnybrook,-6.2324705,53.3177535
207,Bartholomeo,Mitkcov,bmitkcov5q@biglobe.ne.jp,Genderqueer,Ireland,Castlemartyr,-8.05,51.9166667
208,Delilah,Mesias,dmesias5r@eventbrite.com,Female,Ireland,Clonskeagh,-6.2387374,53.3141205
209,Bari,McGloughlin,bmcgloughlin5s@cargocollective.com,Female,Ireland,Ballybofey,-7.74208,54.70972
210,Gerome,Quinnette,gquinnette5t@soup.io,Male,Ireland,Dungloe,-6.3695384,53.3734053
211,Billy,Pentycost,bpentycost5u@kickstarter.com,Male,Ireland,Moville,-8.4242597,51.8910459
212,Walther,Klaffs,wklaffs5v@examiner.com,Male,Ireland,Stradbally,-8.5054897,52.7107501
213,Dasha,Russell,drussell5w@harvard.edu,Female,Ireland,Ratoath,-6.4671298,53.5050031
214,Adriano,Abramowitz,aabramowitz5x@drupal.org,Male,Ireland,Piltown,-6.3025448,53.6920618
215,Janel,Inchcomb,jinchcomb5y@wordpress.org,Female,Ireland,Clonskeagh,-6.2387374,53.3141205
216,Hale,Olivet,holivet5z@opensource.org,Male,Ireland,Dungarvan,-6.1822287,53.3788495
217,Filberto,Houndesome,fhoundesome60@netscape.com,Polygender,Ireland,Castlerea,-8.6346959,53.7423435
218,Nerta,Gwillim,ngwillim61@reddit.com,Female,Ireland,Kilkenny,-7.2584,52.655184
219,Hector,Bavage,hbavage62@nyu.edu,Male,Ireland,Milltown,-7.9027266,53.4148582
220,Gilligan,Haggidon,ghaggidon63@homestead.com,Female,Ireland,Watergrasshill,-8.337871,52.0097259
221,Marcellina,Biddle,mbiddle64@creativecommons.org,Female,Ireland,Crossmolina,-6.473025,54.0086093
222,Grayce,Persehouse,gpersehouse65@chron.com,Female,Ireland,Ballylinan,-7.0472382,52.9480781
223,Wendye,Port,wport66@chronoengine.com,Female,Ireland,Farranacoush,-8.5171384,51.876873
224,Errick,Scorah,escorah67@tamu.edu,Male,Ireland,Listowel,-9.4851741,52.4460804
225,Antone,Penkman,apenkman68@photobucket.com,Male,Ireland,Longford,-7.8004329,53.7283566
226,Adan,Kinton,akinton69@globo.com,Male,Ireland,Enniskerry,-8.9821467,52.8498651
227,Boyd,McCleary,bmccleary6a@cnn.com,Male,Ireland,Castlebridge,-6.5853664,53.378253
228,Win,Semeradova,wsemeradova6b@eepurl.com,Male,Ireland,Monkstown,-8.9775014,52.8314927
229,Angelo,Pedrozzi,apedrozzi6c@berkeley.edu,Male,Ireland,Whitegate,-6.3539424,53.3666338
230,Margaretha,Baiss,mbaiss6d@w3.org,Female,Ireland,Dromiskin,-6.4008792,53.9215606
231,Baillie,Lebell,blebell6e@ft.com,Male,Ireland,Kinsealy-Drinan,-6.1644997,53.4266145
232,Hugh,Sellors,hsellors6f@plala.or.jp,Male,Ireland,Drumcondra,-8.445614,51.8885086
233,Agace,Langridge,alangridge6g@cnet.com,Female,Ireland,Oranmore,-9.7359765,54.1433253
234,Ruddie,Dall,rdall6h@sciencedaily.com,Male,Ireland,Balrothery,-6.1884248,53.5879156
235,Ginni,Whitebread,gwhitebread6i@people.com.cn,Female,Ireland,Rathwire,-7.145971,53.508326
236,Ginnifer,Gover,ggover6j@1688.com,Female,Ireland,Donegal,-8.5946591,54.632283
237,Jeffry,Byard,jbyard6k@gmpg.org,Male,Ireland,Tralee,-7.0833118,52.2413206
238,Friedrick,Draco,fdraco6l@sbwire.com,Male,Ireland,Navan,-6.313755,53.366736
239,Tris,Alibone,talibone6m@whitehouse.gov,Male,Ireland,Sandyford,-6.3422325,53.719155
240,Marget,Coopland,mcoopland6n@angelfire.com,Female,Ireland,Bantry,-9.448724,51.680591
241,Karol,Barras,kbarras6o@uol.com.br,Female,Ireland,Tuam,-8.83565,53.49417
242,Cecil,Ham,cham6p@dyndns.org,Female,Ireland,Ballivor,-6.1191333,53.1915379
243,Bay,Quarmby,bquarmby6q@phoca.cz,Genderqueer,Ireland,Templeogue,-6.3219759,53.2976886
244,Felipa,Kinchin,fkinchin6r@archive.org,Female,Ireland,Charlesland,-6.0690645,53.1257486
245,Arny,Caustic,acaustic6s@geocities.jp,Male,Ireland,Aghada,-8.4627451,54.25645
246,Blanca,Yeowell,byeowell6t@cocolog-nifty.com,Female,Ireland,Newmarket on Fergus,-8.8950821,52.7604883
247,Junie,Yeomans,jyeomans6u@wunderground.com,Female,Ireland,Carrigaline,-8.3929404,51.8113447
248,Rolland,Stockdale,rstockdale6v@pen.io,Male,Ireland,Tallaght,-6.3660863,53.2874153
249,Dacy,Guitte,dguitte6w@nhs.uk,Female,Ireland,Tralee,-7.0833118,52.2413206
250,Judas,Santori,jsantori6x@wikia.com,Male,Ireland,Mallow,-8.642661,52.1361219
251,Donny,McRory,dmcrory6y@gmpg.org,Male,Ireland,Ratoath,-6.4671298,53.5050031
252,Joline,Jeanon,jjeanon6z@desdev.cn,Female,Ireland,Monasterevin,-7.0625888,53.1387595
253,Gallagher,Masurel,gmasurel70@yandex.ru,Male,Ireland,Monkstown,-8.9775014,52.8314927
254,Aleda,Chagg,achagg71@barnesandnoble.com,Female,Ireland,Muff,-7.269174,55.0650892
255,Patrica,Deguara,pdeguara72@bloomberg.com,Female,Ireland,Cluain Meala,-6.2611953,53.3881832
256,Jonis,Osbaldstone,josbaldstone73@ow.ly,Female,Ireland,Youghal,-7.8434254,51.949401
257,Iver,Kimberly,ikimberly74@samsung.com,Male,Ireland,Sandyford,-6.3422325,53.719155
258,Gilles,Francino,gfrancino75@census.gov,Male,Ireland,Ballyhaunis,-8.7683674,53.7942932
259,Wendye,Matyushenko,wmatyushenko76@simplemachines.org,Female,Ireland,Swinford,-8.9480659,53.940892
260,Edeline,Guirau,eguirau77@yandex.ru,Female,Ireland,Greenhills,-6.336393,53.3122864
261,Jewelle,Gehring,jgehring78@auda.org.au,Female,Ireland,Boyle,-8.2969737,53.9735591
262,Charyl,Readhead,creadhead79@soup.io,Female,Ireland,Granard,-7.5011999,53.776647
263,Sena,Jeffcoate,sjeffcoate7a@cpanel.net,Female,Ireland,Tralee,-7.0833118,52.2413206
264,Ame,Bastiman,abastiman7b@state.gov,Female,Ireland,Carrigaline,-8.3929404,51.8113447
265,Kylie,Worthington,kworthington7c@jigsy.com,Male,Ireland,Granard,-7.5011999,53.776647
266,Darcy,Warnock,dwarnock7d@moonfruit.com,Female,Ireland,Ballyboden,-6.3049392,53.3021194
267,Chrissie,Duffill,cduffill7e@reuters.com,Female,Ireland,Monkstown,-8.9775014,52.8314927
268,Evan,Flicker,eflicker7f@state.gov,Male,Ireland,Loughrea,-6.3506335,53.2911347
269,Thorpe,Mangan,tmangan7g@dagondesign.com,Polygender,Ireland,Blarney,-8.8562835,53.510243
270,Linus,Rittmeier,lrittmeier7h@boston.com,Male,Ireland,Ashbourne,-6.1215213,53.2724538
271,Niven,Maccraw,nmaccraw7i@bloglines.com,Male,Ireland,Swinford,-8.9480659,53.940892
272,Mercedes,Eblein,meblein7j@addtoany.com,Female,Ireland,Milltown,-7.9027266,53.4148582
273,Irvin,Gittose,igittose7k@ft.com,Male,Ireland,Oughterard,-6.1406578,53.2886387
274,Helsa,Bonnet,hbonnet7l@mapy.cz,Female,Ireland,Bayside,-9.1097137,53.2582868
275,Kerr,Buckeridge,kbuckeridge7m@canalblog.com,Male,Ireland,Gort,-8.9791425,52.8638391
276,Drake,Moakes,dmoakes7n@woothemes.com,Male,Ireland,Tallaght,-6.3660863,53.2874153
277,Johnna,Kippling,jkippling7o@virginia.edu,Female,Ireland,Clonskeagh,-6.2387374,53.3141205
278,Noach,Lazare,nlazare7p@ning.com,Male,Ireland,Castlemartyr,-8.05,51.9166667
279,Konstantin,Chedgey,kchedgey7q@biblegateway.com,Male,Ireland,Ballyjamesduff,-7.086877,53.8363325
280,Carola,O'Day,coday7r@mediafire.com,Female,Ireland,Oughterard,-6.1406578,53.2886387
281,Stacie,Gorst,sgorst7s@wordpress.com,Genderfluid,Ireland,Bailieborough,-6.9711886,53.916791
282,Kerk,Valentinuzzi,kvalentinuzzi7t@live.com,Male,Ireland,Dublin,-6.2427004,53.3347733
283,Moreen,Sweeny,msweeny7u@rakuten.co.jp,Female,Ireland,Dungloe,-6.3695384,53.3734053
284,Ricky,Bakhrushkin,rbakhrushkin7v@wsj.com,Male,Ireland,Ballyboden,-6.3049392,53.3021194
285,Witty,Rennels,wrennels7w@devhub.com,Male,Ireland,Raheny,-6.1820563,53.3786861
286,Denis,Neeves,dneeves7x@princeton.edu,Male,Ireland,Templeogue,-6.3219759,53.2976886
287,Margot,De Cristoforo,mdecristoforo7y@a8.net,Female,Ireland,Navan,-6.313755,53.366736
288,Nickolas,Raycroft,nraycroft7z@bloglovin.com,Male,Ireland,Oranmore,-9.7359765,54.1433253
289,Sayer,Prantoni,sprantoni80@techcrunch.com,Male,Ireland,Killorglin,-9.7850991,52.1058991
290,Barnie,Crum,bcrum81@seattletimes.com,Polygender,Ireland,Carrigtwohill,-8.259128,51.908209
291,Nap,Northcote,nnorthcote82@blog.com,Male,Ireland,Oranmore,-9.7359765,54.1433253
292,Lynnette,Grushin,lgrushin83@dropbox.com,Female,Ireland,Boyle,-8.2969737,53.9735591
293,Garrett,Petracchi,gpetracchi84@sun.com,Male,Ireland,Gorey,-6.308522,52.665267
294,Marjorie,Walsom,mwalsom85@disqus.com,Female,Ireland,Clifden,-10.022186,53.488087
295,Allianora,Szabo,aszabo86@plala.or.jp,Female,Ireland,Piltown,-6.3025448,53.6920618
296,Deidre,Gadie,dgadie87@webeden.co.uk,Female,Ireland,Cork,-8.489012,51.923707
297,Skylar,Wrightem,swrightem88@slate.com,Male,Ireland,Ballisodare,-8.5070436,54.2109904
298,Rafael,Ewbank,rewbank89@businessweek.com,Male,Ireland,Dungloe,-6.3695384,53.3734053
299,Kurtis,Crennan,kcrennan8a@paypal.com,Male,Ireland,Confey,-6.5028415,53.3806398
300,Noble,Brewster,nbrewster8b@wunderground.com,Male,Ireland,Portarlington,-7.185387,53.158984
301,Melantha,Sparrowhawk,msparrowhawk8c@technorati.com,Female,Ireland,Dunleer,-8.5176583,51.8863277
302,Norine,Mary,nmary8d@apache.org,Female,Ireland,Trá Mhór,-9.0197835,53.2736466
303,Jocelyne,Gallamore,jgallamore8e@miitbeian.gov.cn,Female,Ireland,Daingean,-7.1297243,52.2509369
304,Artur,Golsby,agolsby8f@disqus.com,Male,Ireland,Ardee,-8.4784945,51.8815586
305,Letitia,Kingsbury,lkingsbury8g@fda.gov,Female,Ireland,Granard,-7.5011999,53.776647
306,Jermaine,Micheu,jmicheu8h@google.com.br,Male,Ireland,Kanturk,-8.9342111,52.182304
307,Tiphanie,Prestner,tprestner8i@zimbio.com,Female,Ireland,Ballyjamesduff,-7.086877,53.8363325
308,Noll,Timcke,ntimcke8j@mac.com,Male,Ireland,Tullyallen,-6.4241156,53.7369009
309,Karna,Spier,kspier8k@house.gov,Female,Ireland,Tower,-80.7087609,35.7797381
310,Chevalier,Hebron,chebron8l@toplist.cz,Male,Ireland,Greystones,-6.0704904,53.1286984
311,Melamie,Cherm,mcherm8m@about.com,Female,Ireland,Castleknock,-9.0248232,53.2760162
312,Edd,Gomm,egomm8n@instagram.com,Male,Ireland,Blarney,-8.8562835,53.510243
313,Leopold,Cheson,lcheson8o@hud.gov,Male,Ireland,Ballybofey,-7.74208,54.70972
314,Noak,Palister,npalister8p@mail.ru,Male,Ireland,Malahide,-6.1479779,53.450694
315,Andee,Langthorne,alangthorne8q@geocities.com,Female,Ireland,Longwood,-6.2892907,53.310122
316,Gunner,Galway,ggalway8r@webs.com,Male,Ireland,Kildare,-6.9140788,53.169971
317,Chrisse,Moorfield,cmoorfield8s@wunderground.com,Male,Ireland,Cloyne,-6.2398782,53.32112
318,Courtney,Hamor,chamor8t@telegraph.co.uk,Bigender,Ireland,Gorey,-6.308522,52.665267
319,Kliment,Casarili,kcasarili8u@blogspot.com,Male,Ireland,Blessington,-8.5111664,51.8858819
320,Emlyn,Hindes,ehindes8v@jigsy.com,Male,Ireland,Raheny,-6.1820563,53.3786861
321,Dorice,Rucklesse,drucklesse8w@wikimedia.org,Non-binary,Ireland,Ashford,-6.3828795,53.385304
322,Ophelie,Kamenar,okamenar8x@reverbnation.com,Female,Ireland,Kilmacanoge,-6.139018,53.171935
323,Jeremiah,Gagen,jgagen8y@foxnews.com,Male,Ireland,Rathdrum,-6.163027,53.2339841
324,Hakeem,Powdrill,hpowdrill8z@geocities.com,Male,Ireland,Longwood,-6.2892907,53.310122
325,Darbee,Kubalek,dkubalek90@harvard.edu,Male,Ireland,Raphoe,-8.2755058,52.2627273
326,Vikki,Mayberry,vmayberry91@walmart.com,Female,Ireland,Killumney,-8.6340751,52.6638144
327,Merola,Chace,mchace92@hud.gov,Female,Ireland,Dungarvan,-6.1822287,53.3788495
328,Aimee,Cane,acane93@netscape.com,Female,Ireland,Ballyboden,-6.3049392,53.3021194
329,Jakob,Silburn,jsilburn94@qq.com,Male,Ireland,Kilmacanoge,-6.139018,53.171935
330,Min,Booker,mbooker95@sina.com.cn,Female,Ireland,Skerries,-6.1349155,53.5834008
331,Helena,Lott,hlott96@rakuten.co.jp,Female,Ireland,Nenagh,-8.2001004,52.86326
332,Mindy,Boylin,mboylin97@reference.com,Female,Ireland,Charlesland,-6.0690645,53.1257486
333,Sandro,Dederich,sdederich98@wisc.edu,Bigender,Ireland,Kildare,-6.9140788,53.169971
334,Jonas,Caccavari,jcaccavari99@google.com,Male,Ireland,Kilcullen,-8.5047067,51.8830697
335,Catlee,O'Fallowne,cofallowne9a@un.org,Genderfluid,Ireland,Gweedore,-9.0288689,53.2737147
336,Cassy,Pavluk,cpavluk9b@yandex.ru,Female,Ireland,Clonskeagh,-6.2387374,53.3141205
337,Gerome,Haskur,ghaskur9c@blogger.com,Male,Ireland,Fermoy,-9.5003786,52.4458588
338,Sileas,Giacobbo,sgiacobbo9d@google.com.au,Female,Ireland,Leixlip,-6.4887534,53.3653866
339,Ced,Twinborough,ctwinborough9e@businessweek.com,Agender,Ireland,Kinsale,-6.251714,53.3169419
340,Ceciley,Wandless,cwandless9f@yandex.ru,Female,Ireland,Mallow,-8.642661,52.1361219
341,Morgan,Lantiffe,mlantiffe9g@si.edu,Female,Ireland,Swords,-6.2071246,53.4562426
342,Olivia,Christoffersen,ochristoffersen9h@ucsd.edu,Female,Ireland,Malahide,-6.1479779,53.450694
343,Jakie,Yakovliv,jyakovliv9i@hibu.com,Non-binary,Ireland,Kildare,-6.9140788,53.169971
344,Karin,Munro,kmunro9j@vinaora.com,Female,Ireland,Sallins,-6.6633404,53.2492381
345,Roley,Hinkensen,rhinkensen9k@reuters.com,Male,Ireland,Greystones,-6.0704904,53.1286984
346,Marjory,Eicheler,meicheler9l@macromedia.com,Female,Ireland,Adare,-6.176659,53.4487975
347,Colman,Goracci,cgoracci9m@buzzfeed.com,Male,Ireland,Blessington,-8.5111664,51.8858819
348,Issi,Addicote,iaddicote9n@flavors.me,Female,Ireland,Longford,-7.8004329,53.7283566
349,Kittie,Stoop,kstoop9o@patch.com,Female,Ireland,Manorhamilton,-8.1722002,54.3051891
350,Duff,Handke,dhandke9p@opensource.org,Male,Ireland,Portumna,-8.2215941,53.0917381
351,Margot,Vigus,mvigus9q@ow.ly,Female,Ireland,Cloyne,-6.2398782,53.32112
352,Cloe,Bewlay,cbewlay9r@usnews.com,Female,Ireland,Bailieborough,-6.9711886,53.916791
353,Cleon,Giovanetti,cgiovanetti9s@wsj.com,Male,Ireland,Milltown,-7.9027266,53.4148582
354,Meryl,Crown,mcrown9t@weibo.com,Female,Ireland,Swinford,-8.9480659,53.940892
355,Eldin,Siely,esiely9u@mit.edu,Male,Ireland,Ballybofey,-7.74208,54.70972
356,Whitaker,Bentzen,wbentzen9v@freewebs.com,Male,Ireland,Rathwire,-7.145971,53.508326
357,Natividad,Buckoke,nbuckoke9w@wix.com,Female,Ireland,Kilkenny,-7.2584,52.655184
358,Janet,Bentje,jbentje9x@jugem.jp,Female,Ireland,Milltown,-7.9027266,53.4148582
359,Toinette,Wykey,twykey9y@java.com,Female,Ireland,Gort,-8.9791425,52.8638391
360,See,O'Roan,soroan9z@ow.ly,Male,Ireland,Ardee,-8.4784945,51.8815586
361,Hanson,Niessen,hniessena0@gnu.org,Male,Ireland,Mullagh,-8.4977746,51.8895954
362,Teressa,Hatchett,thatchetta1@newyorker.com,Female,Ireland,Cloyne,-6.2398782,53.32112
363,Roddie,Sale,rsalea2@blogtalkradio.com,Male,Ireland,Foxrock,-6.1011147,53.2000455
364,Raul,Baudinelli,rbaudinellia3@toplist.cz,Male,Ireland,Ballyboden,-6.3049392,53.3021194
365,Jaquenette,Pachmann,jpachmanna4@cbsnews.com,Female,Ireland,Kanturk,-8.9342111,52.182304
366,Honor,Gouldeby,hgouldebya5@unicef.org,Female,Ireland,Cherryville,-7.1111732,52.2513095
367,Mic,Yegorshin,myegorshina6@intel.com,Bigender,Ireland,Bailieborough,-6.9711886,53.916791
368,Hussein,Pavlovic,hpavlovica7@toplist.cz,Male,Ireland,Raphoe,-8.2755058,52.2627273
369,Burk,Mattinson,bmattinsona8@tinypic.com,Male,Ireland,Rathwire,-7.145971,53.508326
370,Rowe,Maffeo,rmaffeoa9@drupal.org,Genderfluid,Ireland,Listowel,-9.4851741,52.4460804
371,Brandtr,Fullagar,bfullagaraa@skyrock.com,Male,Ireland,Muff,-7.269174,55.0650892
372,Elihu,De Andisie,edeandisieab@si.edu,Male,Ireland,Carrigtwohill,-8.259128,51.908209
373,Perren,Dossett,pdossettac@hibu.com,Male,Ireland,Moate,-6.1942058,53.3604483
374,Jacinta,Pettersen,jpettersenad@diigo.com,Female,Ireland,Clifden,-10.022186,53.488087
375,Erin,Motherwell,emotherwellae@europa.eu,Genderqueer,Ireland,Claremorris,-8.334953,51.8610022
376,Winna,Tomkins,wtomkinsaf@dyndns.org,Female,Ireland,Sutton,-6.1097188,53.3895926
377,Aimee,Greetland,agreetlandag@g.co,Female,Ireland,Ballisodare,-8.5070436,54.2109904
378,Merle,Taveriner,mtaverinerah@mtv.com,Male,Ireland,Clondalkin,-6.4496384,53.3582341
379,Pegeen,Glasson,pglassonai@addtoany.com,Female,Ireland,Clogherhead,-6.2429997,53.7902634
380,Conant,Greste,cgresteaj@businessinsider.com,Male,Ireland,Daingean,-7.1297243,52.2509369
381,Eldredge,Taillard,etaillardak@goo.ne.jp,Male,Ireland,Tower,-80.7087609,35.7797381
382,Antony,Haylock,ahaylockal@rakuten.co.jp,Male,Ireland,Rathangan,-6.9898366,53.2265199
383,Nev,Lezemere,nlezemeream@walmart.com,Male,Ireland,Longwood,-6.2892907,53.310122
384,Anissa,Ellesmere,aellesmerean@joomla.org,Female,Ireland,Castlebellingham,-6.391149,53.8996586
385,Deeyn,Matasov,dmatasovao@europa.eu,Female,Ireland,Cork,-8.489012,51.923707
386,Cosme,Greg,cgregap@salon.com,Male,Ireland,Dunleer,-8.5176583,51.8863277
387,Marlee,Cowins,mcowinsaq@ed.gov,Genderqueer,Ireland,Granard,-7.5011999,53.776647
388,Uriel,Lindsay,ulindsayar@samsung.com,Male,Ireland,Ballyhaunis,-8.7683674,53.7942932
389,Jess,Pietroni,jpietronias@msu.edu,Female,Ireland,Rathangan,-6.9898366,53.2265199
390,Merrielle,Pettie,mpettieat@blogtalkradio.com,Female,Ireland,Ballivor,-6.1191333,53.1915379
391,Giralda,Kayne,gkayneau@furl.net,Female,Ireland,Gweedore,-9.0288689,53.2737147
392,Celestine,Stiddard,cstiddardav@microsoft.com,Female,Ireland,Tallaght,-6.3660863,53.2874153
393,Willyt,Ubee,wubeeaw@nhs.uk,Female,Ireland,Gweedore,-9.0288689,53.2737147
394,Roxanna,Davidov,rdavidovax@example.com,Female,Ireland,Carrigtwohill,-8.259128,51.908209
395,Lark,Southey,lsoutheyay@usgs.gov,Female,Ireland,Bantry,-9.448724,51.680591
396,Talbot,Reder,trederaz@cyberchimps.com,Male,Ireland,Nenagh,-8.2001004,52.86326
397,Claretta,Keppin,ckeppinb0@ucsd.edu,Female,Ireland,Kingscourt,-6.2755912,53.3500473
398,Mallissa,Youll,myoullb1@blogtalkradio.com,Female,Ireland,Monkstown,-8.9775014,52.8314927
399,Susanne,Chivrall,schivrallb2@unblog.fr,Female,Ireland,Fairview,-6.4202878,54.0026343
400,Smith,Hefforde,sheffordeb3@bravesites.com,Male,Ireland,Valleymount,-6.3077823,53.3655256
401,Inger,Janning,ijanningb4@soundcloud.com,Male,Ireland,Lusk,-6.1535181,53.5220275
402,Ignacius,Wyld,iwyldb5@ucla.edu,Male,Ireland,Boyle,-8.2969737,53.9735591
403,Ashely,Andersen,aandersenb6@ebay.com,Female,Ireland,Bayside,-9.1097137,53.2582868
404,Stephani,Lowson,slowsonb7@symantec.com,Female,Ireland,Ratoath,-6.4671298,53.5050031
405,Nerta,Klamp,nklampb8@shinystat.com,Female,Ireland,Newmarket on Fergus,-8.8950821,52.7604883
406,Kamillah,Charopen,kcharopenb9@disqus.com,Female,Ireland,Enniskerry,-8.9821467,52.8498651
407,Agace,Cowdery,acowderyba@sciencedaily.com,Genderqueer,Ireland,Milltown,-7.9027266,53.4148582
408,Rubina,Lakenden,rlakendenbb@nifty.com,Female,Ireland,Virginia,-6.2633149,53.377533
409,Wit,Babin,wbabinbc@redcross.org,Male,Ireland,Youghal,-7.8434254,51.949401
410,Linnie,Livett,llivettbd@nps.gov,Female,Ireland,Whitegate,-6.3539424,53.3666338
411,Camilla,Abbison,cabbisonbe@google.it,Female,Ireland,Dungarvan,-6.1822287,53.3788495
412,Alis,Meysham,ameyshambf@cyberchimps.com,Female,Ireland,Sutton,-6.1097188,53.3895926
413,Ted,Giddins,tgiddinsbg@sun.com,Male,Ireland,Ballivor,-6.1191333,53.1915379
414,Garvy,Bricknell,gbricknellbh@tripadvisor.com,Male,Ireland,Piltown,-6.3025448,53.6920618
415,Bink,Geale,bgealebi@blog.com,Male,Ireland,Ballymun,-6.264963,53.3897152
416,Salmon,Capel,scapelbj@whitehouse.gov,Male,Ireland,Kinsealy-Drinan,-6.1644997,53.4266145
417,Gizela,Niccolls,gniccollsbk@dagondesign.com,Female,Ireland,Adare,-6.176659,53.4487975
418,Nicola,O'Beirne,nobeirnebl@independent.co.uk,Male,Ireland,Annacotty,-8.5369154,52.6681994
419,Thane,Giacobazzi,tgiacobazzibm@meetup.com,Male,Ireland,Nenagh,-8.2001004,52.86326
420,Mendel,Temblett,mtemblettbn@booking.com,Male,Ireland,Askeaton,-8.9706844,52.6004448
421,Caitlin,Benneton,cbennetonbo@boston.com,Female,Ireland,Clondalkin,-6.4496384,53.3582341
422,Hallsy,Elmar,helmarbp@linkedin.com,Male,Ireland,Thomastown,-6.7434401,53.2229873
423,Georgie,Conry,gconrybq@newyorker.com,Female,Ireland,Fairview,-6.4202878,54.0026343
424,Avril,Coverdale,acoverdalebr@digg.com,Female,Ireland,Leixlip,-6.4887534,53.3653866
425,Nevin,Heigho,nheighobs@bbb.org,Male,Ireland,Shankill,-6.124065,53.231395
426,Isidro,Abramino,iabraminobt@dropbox.com,Male,Ireland,Valleymount,-6.3077823,53.3655256
427,Heddi,Storton,hstortonbu@xing.com,Female,Ireland,Milltown,-7.9027266,53.4148582
428,Mark,Riglar,mriglarbv@yahoo.co.jp,Male,Ireland,Crumlin,-6.3048641,53.3284298
429,Brod,Rabl,brablbw@shop-pro.jp,Male,Ireland,Lucan,-9.4904891,52.6396679
430,Lavinie,Seint,lseintbx@shinystat.com,Female,Ireland,Dunlewy,-6.1157412,53.2774963
431,Rafa,Carmont,rcarmontby@wiley.com,Non-binary,Ireland,Ballybofey,-7.74208,54.70972
432,Atlanta,Dulwich,adulwichbz@engadget.com,Female,Ireland,Gort,-8.9791425,52.8638391
433,Weidar,Carles,wcarlesc0@prweb.com,Male,Ireland,Charlesland,-6.0690645,53.1257486
434,Catrina,Sudddard,csudddardc1@sohu.com,Female,Ireland,Donnybrook,-6.2324705,53.3177535
435,Jae,Bigmore,jbigmorec2@zdnet.com,Male,Ireland,Rathdrum,-6.163027,53.2339841
436,Marcie,Gumary,mgumaryc3@mashable.com,Female,Ireland,Gorey,-6.308522,52.665267
437,Bill,Lygo,blygoc4@java.com,Female,Ireland,Bantry,-9.448724,51.680591
438,Netty,Lars,nlarsc5@indiatimes.com,Female,Ireland,Manorhamilton,-8.1722002,54.3051891
439,Fedora,Burnett,fburnettc6@washingtonpost.com,Female,Ireland,Rathnew,-6.374155,53.3223974
440,Freddie,Tague,ftaguec7@ucsd.edu,Non-binary,Ireland,Dalkey,-6.1072403,53.2780047
441,Lyssa,Carmont,lcarmontc8@ustream.tv,Female,Ireland,Kinlough,-6.1136478,53.2121335
442,Keeley,Croisier,kcroisierc9@topsy.com,Female,Ireland,Stradbally,-8.5054897,52.7107501
443,Bud,Jansa,bjansaca@cornell.edu,Male,Ireland,Loughrea,-6.3506335,53.2911347
444,Merralee,Cudde,mcuddecb@nba.com,Female,Ireland,Greenhills,-6.336393,53.3122864
445,Neall,Moxon,nmoxoncc@biglobe.ne.jp,Male,Ireland,Monasterevin,-7.0625888,53.1387595
446,Fania,Alvarado,falvaradocd@cnet.com,Female,Ireland,Newmarket on Fergus,-8.8950821,52.7604883
447,Hussein,Meaders,hmeadersce@sphinn.com,Male,Ireland,Gort,-8.9791425,52.8638391
448,Andris,Mapletoft,amapletoftcf@histats.com,Male,Ireland,Castlebellingham,-6.391149,53.8996586
449,Mireielle,Shevels,mshevelscg@salon.com,Female,Ireland,Lucan,-9.4904891,52.6396679
450,Pansy,Iorns,piornsch@tuttocitta.it,Female,Ireland,Dalkey,-6.1072403,53.2780047
451,Haslett,Kroch,hkrochci@etsy.com,Male,Ireland,Navan,-6.313755,53.366736
452,Lyon,Largen,llargencj@google.de,Male,Ireland,Birr,-7.9139891,53.0949398
453,Yuma,Stops,ystopsck@gravatar.com,Male,Ireland,Sandymount,-6.2152673,53.3323703
454,Roanne,Mahood,rmahoodcl@yolasite.com,Female,Ireland,Cill Airne,-6.2890702,53.3201497
455,Rici,O'Corrin,rocorrincm@liveinternet.ru,Genderfluid,Ireland,Kildare,-6.9140788,53.169971
456,Delia,Nagle,dnaglecn@mayoclinic.com,Female,Ireland,Stradbally,-8.5054897,52.7107501
457,Manfred,De La Hay,mdelahayco@nifty.com,Male,Ireland,Booterstown,-6.1979853,53.3046353
458,Valaria,Jewks,vjewkscp@cnn.com,Female,Ireland,Whitegate,-6.3539424,53.3666338
459,Sax,Blease,sbleasecq@jalbum.net,Male,Ireland,Watergrasshill,-8.337871,52.0097259
460,Edeline,Carwithim,ecarwithimcr@prnewswire.com,Female,Ireland,Ferbane,-8.4824714,51.8862378
461,Stinky,Giraldo,sgiraldocs@biglobe.ne.jp,Male,Ireland,Farranacoush,-8.5171384,51.876873
462,Eba,Bentick,ebentickct@elpais.com,Female,Ireland,Gort,-8.9791425,52.8638391
463,Arvin,Peddel,apeddelcu@technorati.com,Male,Ireland,Kingscourt,-6.2755912,53.3500473
464,Fabian,Dorling,fdorlingcv@meetup.com,Male,Ireland,Midleton,-8.1722173,51.9138694
465,Aggi,Tebbs,atebbscw@bigcartel.com,Female,Ireland,Lucan,-9.4904891,52.6396679
466,Talbert,Roswarn,troswarncx@google.com.br,Male,Ireland,Ballivor,-6.1191333,53.1915379
467,Armin,Hughland,ahughlandcy@dailymotion.com,Male,Ireland,Clonskeagh,-6.2387374,53.3141205
468,Dion,Fallen,dfallencz@scribd.com,Female,Ireland,Longford,-7.8004329,53.7283566
469,Reginald,Winborn,rwinbornd0@washingtonpost.com,Male,Ireland,Dublin,-6.2427004,53.3347733
470,Carlita,Ciobutaru,cciobutarud1@prnewswire.com,Female,Ireland,Kinsealy-Drinan,-6.1644997,53.4266145
471,Brook,Cookley,bcookleyd2@livejournal.com,Male,Ireland,Mallow,-8.642661,52.1361219
472,Penny,Mundee,pmundeed3@prnewswire.com,Female,Ireland,Moate,-6.1942058,53.3604483
473,Zelma,Skitterel,zskittereld4@i2i.jp,Female,Ireland,Loughrea,-6.3506335,53.2911347
474,Alistair,Absolom,aabsolomd5@goo.gl,Male,Ireland,Belmullet,-10.0320886,54.2223118
475,Heidie,Bitcheno,hbitchenod6@economist.com,Female,Ireland,Tralee,-7.0833118,52.2413206
476,Klement,Fernley,kfernleyd7@sbwire.com,Male,Ireland,Virginia,-6.2633149,53.377533
477,Anna-diane,Pullan,apulland8@army.mil,Female,Ireland,Dundrum,-6.2508196,53.2866372
478,Angel,Jori,ajorid9@etsy.com,Female,Ireland,Cherryville,-7.1111732,52.2513095
479,Baldwin,O'Donnelly,bodonnellyda@google.fr,Male,Ireland,Balally,-6.5899765,52.176031
480,Johny,Andrat,jandratdb@samsung.com,Male,Ireland,Kinsealy-Drinan,-6.1644997,53.4266145
481,Neel,Whaley,nwhaleydc@dyndns.org,Male,Ireland,Ballisodare,-8.5070436,54.2109904
482,Rebe,Benezet,rbenezetdd@cargocollective.com,Female,Ireland,Bantry,-9.448724,51.680591
483,Kurt,Furnell,kfurnellde@blogger.com,Male,Ireland,Tullamore,-7.518792,53.284466
484,Leora,Sever,lseverdf@wired.com,Female,Ireland,Lusk,-6.1535181,53.5220275
485,Thurston,Trask,ttraskdg@mediafire.com,Male,Ireland,Cill Airne,-6.2890702,53.3201497
486,Chicky,Gillyatt,cgillyattdh@nature.com,Male,Ireland,Claremorris,-8.334953,51.8610022
487,Lydon,Ilett,lilettdi@histats.com,Male,Ireland,Longwood,-6.2892907,53.310122
488,Verna,O' Scallan,voscallandj@photobucket.com,Female,Ireland,Dunleer,-8.5176583,51.8863277
489,Lyn,Rousel,lrouseldk@quantcast.com,Male,Ireland,Dungloe,-6.3695384,53.3734053
490,Charlton,Harse,charsedl@arstechnica.com,Male,Ireland,Kiltamagh,-8.9949917,53.8533151
491,Analiese,Humpatch,ahumpatchdm@who.int,Female,Ireland,Dunmanway,-9.1115941,51.7203863
492,Cad,Longstreet,clongstreetdn@squarespace.com,Male,Ireland,Malahide,-6.1479779,53.450694
493,Danella,Bagworth,dbagworthdo@jiathis.com,Female,Ireland,Gort,-8.9791425,52.8638391
494,Ephraim,Croydon,ecroydondp@state.gov,Male,Ireland,Bundoran,-8.2817353,54.4771768
495,Netti,Camacho,ncamachodq@nsw.gov.au,Female,Ireland,Granard,-7.5011999,53.776647
496,Rafaela,Chese,rchesedr@dell.com,Female,Ireland,Askeaton,-8.9706844,52.6004448
497,Danie,Wands,dwandsds@example.com,Male,Ireland,Athlone,-7.9428197,53.4231032
498,Tynan,Vears,tvearsdt@google.com.br,Male,Ireland,Claremorris,-8.334953,51.8610022
499,Carly,Vaan,cvaandu@dion.ne.jp,Male,Ireland,Ballina,-9.151825,54.11215
500,Merwin,Chawner,mchawnerdv@techcrunch.com,Male,Ireland,Nenagh,-8.2001004,52.86326
501,Terrell,Ghidoni,tghidonidw@live.com,Male,Ireland,Tallaght,-6.3660863,53.2874153
502,Eustace,Kaufman,ekaufmandx@chicagotribune.com,Male,Ireland,Tallaght,-6.3660863,53.2874153
503,Berky,Barday,bbardaydy@acquirethisname.com,Male,Ireland,Blarney,-8.8562835,53.510243
504,Roman,Izachik,rizachikdz@marriott.com,Male,Ireland,Newmarket on Fergus,-8.8950821,52.7604883
505,Saudra,Dyster,sdystere0@omniture.com,Female,Ireland,Shankill,-6.124065,53.231395
506,Gussi,Itzakson,gitzaksone1@usnews.com,Female,Ireland,Blessington,-8.5111664,51.8858819
507,Sile,Billson,sbillsone2@cocolog-nifty.com,Female,Ireland,Donnybrook,-6.2324705,53.3177535
508,Flemming,Klagge,fklaggee3@mozilla.org,Male,Ireland,Cavan,-7.297914,54.026345
509,Ailbert,Witcher,awitchere4@comsenz.com,Male,Ireland,Sutton,-6.1097188,53.3895926
510,Lissie,Moors,lmoorse5@omniture.com,Female,Ireland,Dromiskin,-6.4008792,53.9215606
511,Laurens,Lamminam,llamminame6@w3.org,Male,Ireland,Cloyne,-6.2398782,53.32112
512,Jinny,Grabham,jgrabhame7@ox.ac.uk,Female,Ireland,Naas,-6.67045,53.213319
513,Lacee,Spurrier,lspurriere8@tmall.com,Female,Ireland,Donnycarney,-6.218069,53.374266
514,Jory,Yegorov,jyegorove9@chronoengine.com,Male,Ireland,Kinsale,-6.251714,53.3169419
515,Trey,Mainds,tmaindsea@nba.com,Male,Ireland,Stradbally,-8.5054897,52.7107501
516,Quinlan,Titchen,qtitcheneb@angelfire.com,Male,Ireland,Edgeworthstown,-7.606287,53.6972399
517,Bruno,Jarrad,bjarradec@theguardian.com,Male,Ireland,Adare,-6.176659,53.4487975
518,Jean,Banck,jbancked@fc2.com,Female,Ireland,Clondalkin,-6.4496384,53.3582341
519,Belinda,Ready,breadyee@bizjournals.com,Female,Ireland,Greystones,-6.0704904,53.1286984
520,Constantine,Eat,ceatef@google.de,Male,Ireland,Castlerea,-8.6346959,53.7423435
521,Ara,Clell,aclelleg@irs.gov,Female,Ireland,Athlone,-7.9428197,53.4231032
522,Luke,Tireman,ltiremaneh@google.cn,Male,Ireland,Clonskeagh,-6.2387374,53.3141205
523,Dollie,Kopfen,dkopfenei@harvard.edu,Female,Ireland,Cherryville,-7.1111732,52.2513095
524,Morena,McLenahan,mmclenahanej@yandex.ru,Genderqueer,Ireland,Birr,-7.9139891,53.0949398
525,Anton,Plom,aplomek@ucla.edu,Male,Ireland,Kinsealy-Drinan,-6.1644997,53.4266145
526,Eduard,Thurlbeck,ethurlbeckel@time.com,Male,Ireland,Cherryville,-7.1111732,52.2513095
527,Lyndsie,Aylmore,laylmoreem@businessinsider.com,Female,Ireland,Lucan,-9.4904891,52.6396679
528,Gearalt,Stood,gstooden@behance.net,Male,Ireland,Crossmolina,-6.473025,54.0086093
529,Joanne,Jephcote,jjephcoteeo@google.co.uk,Female,Ireland,Navan,-6.313755,53.366736
530,Zebulon,MacGhee,zmacgheeep@a8.net,Non-binary,Ireland,Caherconlish,-8.3545704,52.5593605
531,Marmaduke,Standrin,mstandrineq@theglobeandmail.com,Male,Ireland,Tuam,-8.83565,53.49417
532,Kikelia,Adderson,kaddersoner@google.cn,Female,Ireland,Oranmore,-9.7359765,54.1433253
533,Kynthia,Larder,klarderes@liveinternet.ru,Female,Ireland,Bearna,-6.2340942,53.2993199
534,Vidovic,McBrier,vmcbrieret@storify.com,Male,Ireland,Tullyallen,-6.4241156,53.7369009
535,Selia,Tranckle,stranckleeu@behance.net,Female,Ireland,Crumlin,-6.3048641,53.3284298
536,Vevay,Bacup,vbacupev@nytimes.com,Female,Ireland,Kildare,-6.9140788,53.169971
537,Pippa,Brambill,pbrambillew@sourceforge.net,Female,Ireland,Birr,-7.9139891,53.0949398
538,Ryann,Micklewright,rmicklewrightex@merriam-webster.com,Female,Ireland,Granard,-7.5011999,53.776647
539,Reginald,Skein,rskeiney@devhub.com,Male,Ireland,Arklow,-8.4523258,51.880525
540,Angel,Grimestone,agrimestoneez@edublogs.org,Female,Ireland,Donnybrook,-6.2324705,53.3177535
541,Cathryn,Fincke,cfinckef0@freewebs.com,Female,Ireland,Castlemartyr,-8.05,51.9166667
542,Lammond,Braddon,lbraddonf1@ihg.com,Male,Ireland,Booterstown,-6.1979853,53.3046353
543,Saudra,Strank,sstrankf2@dagondesign.com,Female,Ireland,Ballylinan,-7.0472382,52.9480781
544,Angelita,ducarme,aducarmef3@mit.edu,Female,Ireland,Ashford,-6.3828795,53.385304
545,Elizabeth,Cline,eclinef4@dropbox.com,Female,Ireland,Midleton,-8.1722173,51.9138694
546,Malvina,Rushbury,mrushburyf5@gizmodo.com,Female,Ireland,Gort,-8.9791425,52.8638391
547,Korry,Losano,klosanof6@wikia.com,Female,Ireland,Cill Airne,-6.2890702,53.3201497
548,Conchita,Weinmann,cweinmannf7@jalbum.net,Female,Ireland,Virginia,-6.2633149,53.377533
549,Aleen,Wetton,awettonf8@hibu.com,Female,Ireland,Cluain Meala,-6.2611953,53.3881832
550,Tresa,Kilbourn,tkilbournf9@com.com,Female,Ireland,Eadestown,-6.590926,53.1936864
551,Nicolette,Fryman,nfrymanfa@mapy.cz,Female,Ireland,Kinsale,-6.251714,53.3169419
552,Ivy,Rikkard,irikkardfb@arstechnica.com,Female,Ireland,Dundrum,-6.2508196,53.2866372
553,Halie,Braybrookes,hbraybrookesfc@nasa.gov,Female,Ireland,Blessington,-8.5111664,51.8858819
554,Burton,Bakey,bbakeyfd@msn.com,Male,Ireland,Dungarvan,-6.1822287,53.3788495
555,Donnamarie,Wookey,dwookeyfe@studiopress.com,Polygender,Ireland,Ferbane,-8.4824714,51.8862378
556,Gilbert,Olechnowicz,golechnowiczff@sogou.com,Male,Ireland,Sandyford,-6.3422325,53.719155
557,Wilmar,Solesbury,wsolesburyfg@pen.io,Bigender,Ireland,Longford,-7.8004329,53.7283566
558,Avril,Luffman,aluffmanfh@intel.com,Female,Ireland,Mallow,-8.642661,52.1361219
559,Archy,Windaybank,awindaybankfi@geocities.jp,Male,Ireland,Castlebridge,-6.5853664,53.378253
560,Iosep,Lawles,ilawlesfj@dropbox.com,Male,Ireland,Monasterevin,-7.0625888,53.1387595
561,Sutherlan,Pagnin,spagninfk@meetup.com,Male,Ireland,Caherconlish,-8.3545704,52.5593605
562,Lew,Coskerry,lcoskerryfl@ask.com,Male,Ireland,Edgeworthstown,-7.606287,53.6972399
563,Ban,Liffe,bliffefm@redcross.org,Male,Ireland,Belmullet,-10.0320886,54.2223118
564,Babita,Scotchbrook,bscotchbrookfn@ifeng.com,Bigender,Ireland,Longwood,-6.2892907,53.310122
565,Haroun,Ropartz,hropartzfo@goo.gl,Male,Ireland,Kanturk,-8.9342111,52.182304
566,Brendon,Jeffcock,bjeffcockfp@live.com,Male,Ireland,Tullyallen,-6.4241156,53.7369009
567,Barrie,Coathup,bcoathupfq@mail.ru,Female,Ireland,Moville,-8.4242597,51.8910459
568,Paddie,Bednall,pbednallfr@infoseek.co.jp,Male,Ireland,Muff,-7.269174,55.0650892
569,Bertie,Ricardo,bricardofs@comcast.net,Male,Ireland,Leixlip,-6.4887534,53.3653866
570,Fanny,Regitz,fregitzft@xing.com,Female,Ireland,Edgeworthstown,-7.606287,53.6972399
571,Ozzy,Fishe,ofishefu@marketwatch.com,Male,Ireland,Fairview,-6.4202878,54.0026343
572,Townsend,Eastwell,teastwellfv@paginegialle.it,Male,Ireland,Raphoe,-8.2755058,52.2627273
573,Arvin,De la Feld,adelafeldfw@phoca.cz,Genderfluid,Ireland,Dunleer,-8.5176583,51.8863277
574,Mordy,Cartner,mcartnerfx@icq.com,Male,Ireland,Sandyford,-6.3422325,53.719155
575,Catha,Johnikin,cjohnikinfy@amazon.co.jp,Female,Ireland,Prosperous,-6.7515223,53.2888321
576,Sander,Paulino,spaulinofz@nyu.edu,Male,Ireland,Fairview,-6.4202878,54.0026343
577,Willabella,Brockhouse,wbrockhouseg0@irs.gov,Female,Ireland,Navan,-6.313755,53.366736
578,Paxton,Serrels,pserrelsg1@nifty.com,Genderqueer,Ireland,Sallins,-6.6633404,53.2492381
579,Drugi,Winning,dwinningg2@oakley.com,Male,Ireland,Arklow,-8.4523258,51.880525
580,Mira,Hollier,mhollierg3@intel.com,Female,Ireland,Cork,-8.489012,51.923707
581,Henderson,Howell,hhowellg4@drupal.org,Male,Ireland,Ballyhaunis,-8.7683674,53.7942932
582,Susanetta,McCague,smccagueg5@friendfeed.com,Female,Ireland,Bayside,-9.1097137,53.2582868
583,Eddy,Kellaway,ekellawayg6@hubpages.com,Male,Ireland,Sutton,-6.1097188,53.3895926
584,Markos,Kingstne,mkingstneg7@bandcamp.com,Male,Ireland,Oranmore,-9.7359765,54.1433253
585,Orelia,Airton,oairtong8@unblog.fr,Genderqueer,Ireland,Farranacoush,-8.5171384,51.876873
586,Ediva,Mosconi,emosconig9@imdb.com,Female,Ireland,Skibbereen,-9.268589,51.549106
587,Kendall,Skittreal,kskittrealga@jugem.jp,Male,Ireland,Cloyne,-6.2398782,53.32112
588,Ignacius,Wardroper,iwardropergb@pcworld.com,Male,Ireland,Oranmore,-9.7359765,54.1433253
589,Spence,Frampton,sframptongc@blogtalkradio.com,Male,Ireland,Ballyjamesduff,-7.086877,53.8363325
590,Malissia,Fairburn,mfairburngd@blogs.com,Female,Ireland,Ballyjamesduff,-7.086877,53.8363325
591,Kristoffer,Bader,kbaderge@ask.com,Male,Ireland,Clones,-7.2314132,54.1794814
592,Karia,Tabert,ktabertgf@hc360.com,Female,Ireland,Ashford,-6.3828795,53.385304
593,Corrianne,Scothron,cscothrongg@indiatimes.com,Female,Ireland,Balally,-6.5899765,52.176031
594,Aigneis,Wallicker,awallickergh@irs.gov,Female,Ireland,Athlone,-7.9428197,53.4231032
595,Stepha,Darte,sdartegi@hatena.ne.jp,Female,Ireland,Mallow,-8.642661,52.1361219
596,Orel,Stoyell,ostoyellgj@dailymail.co.uk,Female,Ireland,Clones,-7.2314132,54.1794814
597,Marni,Pattie,mpattiegk@people.com.cn,Female,Ireland,Confey,-6.5028415,53.3806398
598,Micah,Barbey,mbarbeygl@shareasale.com,Male,Ireland,Nenagh,-8.2001004,52.86326
599,Shell,Bengefield,sbengefieldgm@time.com,Male,Ireland,Dalkey,-6.1072403,53.2780047
600,Gabey,Wormstone,gwormstonegn@unblog.fr,Female,Ireland,Booterstown,-6.1979853,53.3046353
601,Price,Tyt,ptytgo@ameblo.jp,Male,Ireland,Clifden,-10.022186,53.488087
602,Marinna,Annets,mannetsgp@illinois.edu,Female,Ireland,Bundoran,-8.2817353,54.4771768
603,Mordy,Coniam,mconiamgq@geocities.com,Male,Ireland,Newmarket on Fergus,-8.8950821,52.7604883
604,Wynn,Roumier,wroumiergr@netvibes.com,Genderfluid,Ireland,Coolock,-6.1920933,53.3916434
605,Hartwell,Levison,hlevisongs@cloudflare.com,Male,Ireland,Beaumont,-6.2057463,53.3870149
606,Harvey,Conwell,hconwellgt@yandex.ru,Male,Ireland,Shankill,-6.124065,53.231395
607,Willabella,Elmar,welmargu@desdev.cn,Female,Ireland,Moycullen,-9.159604,53.302644
608,Wyatt,Ancliffe,wancliffegv@wp.com,Male,Ireland,Tullamore,-7.518792,53.284466
609,Bobby,Carrane,bcarranegw@cmu.edu,Non-binary,Ireland,Tralee,-7.0833118,52.2413206
610,Gates,Dennes,gdennesgx@redcross.org,Female,Ireland,Tuam,-8.83565,53.49417
611,Goldie,Gooke,ggookegy@godaddy.com,Female,Ireland,Newmarket on Fergus,-8.8950821,52.7604883
612,Carmine,Sidry,csidrygz@shareasale.com,Female,Ireland,Foxrock,-6.1011147,53.2000455
613,Con,Eatock,ceatockh0@hc360.com,Male,Ireland,Gort,-8.9791425,52.8638391
614,Lief,Howorth,lhoworthh1@networkadvertising.org,Male,Ireland,Rathwire,-7.145971,53.508326
615,Gretal,Elsip,gelsiph2@google.es,Female,Ireland,Kilcullen,-8.5047067,51.8830697
616,Rolf,McCathay,rmccathayh3@state.tx.us,Male,Ireland,Malahide,-6.1479779,53.450694
617,Donnie,Watton,dwattonh4@stumbleupon.com,Male,Ireland,Macroom,-8.958931,51.904635
618,Ulrika,Mallock,umallockh5@earthlink.net,Female,Ireland,Dungloe,-6.3695384,53.3734053
619,Frazier,Spadelli,fspadellih6@europa.eu,Genderfluid,Ireland,Loughrea,-6.3506335,53.2911347
620,Reinold,Sergeaunt,rsergeaunth7@altervista.org,Male,Ireland,Balally,-6.5899765,52.176031
621,Janella,Dodds,jdoddsh8@nba.com,Female,Ireland,Castleblayney,-6.64937,54.10269
622,Bianka,Bernardez,bbernardezh9@tmall.com,Female,Ireland,Cabinteely,-6.1603828,53.2599034
623,Aldrich,Badger,abadgerha@yale.edu,Male,Ireland,Rathwire,-7.145971,53.508326
624,Caprice,Batson,cbatsonhb@google.es,Female,Ireland,Arklow,-8.4523258,51.880525
625,Roxana,Langtry,rlangtryhc@wisc.edu,Female,Ireland,Tower,-80.7087609,35.7797381
626,Sibley,Mackerel,smackerelhd@youtu.be,Female,Ireland,Clones,-7.2314132,54.1794814
627,Rois,Cotsford,rcotsfordhe@slate.com,Female,Ireland,Ballinteer,-6.2554371,53.2767301
628,Brice,Cheers,bcheershf@eventbrite.com,Male,Ireland,Kilkenny,-7.2584,52.655184
629,Florentia,Trowbridge,ftrowbridgehg@homestead.com,Female,Ireland,Donabate,-6.1544115,53.4855448
630,Charmian,Verny,cvernyhh@dailymail.co.uk,Female,Ireland,Carrigaline,-8.3929404,51.8113447
631,Dyann,Kruszelnicki,dkruszelnickihi@sciencedaily.com,Female,Ireland,Cashel,-7.888894,52.516323
632,Ikey,Carus,icarushj@sourceforge.net,Male,Ireland,Kildare,-6.9140788,53.169971
633,Zebulon,Apperley,zapperleyhk@accuweather.com,Male,Ireland,Rathdrum,-6.163027,53.2339841
634,Marmaduke,Sackler,msacklerhl@admin.ch,Male,Ireland,Rathnew,-6.374155,53.3223974
635,Crosby,Geach,cgeachhm@fda.gov,Male,Ireland,Sallins,-6.6633404,53.2492381
636,Dotty,Bellwood,dbellwoodhn@miibeian.gov.cn,Female,Ireland,Manorhamilton,-8.1722002,54.3051891
637,Bron,Benam,bbenamho@indiatimes.com,Male,Ireland,Dunleer,-8.5176583,51.8863277
638,Salomo,Herion,sherionhp@businessweek.com,Male,Ireland,Tullyallen,-6.4241156,53.7369009
639,Maryann,Rawlingson,mrawlingsonhq@cdbaby.com,Female,Ireland,Portumna,-8.2215941,53.0917381
640,Gino,Adamolli,gadamollihr@1688.com,Male,Ireland,Ballinroad,-7.5717688,52.1045472
641,L;urette,Hullyer,lhullyerhs@mashable.com,Female,Ireland,Milltown,-7.9027266,53.4148582
642,Shaine,Greeve,sgreeveht@merriam-webster.com,Female,Ireland,Fairview,-6.4202878,54.0026343
643,Mathias,Signorelli,msignorellihu@ftc.gov,Male,Ireland,Annacotty,-8.5369154,52.6681994
644,Anderson,Zisneros,azisneroshv@tripod.com,Male,Ireland,Cashel,-7.888894,52.516323
645,Codi,Kalkhoven,ckalkhovenhw@latimes.com,Female,Ireland,Castlemartyr,-8.05,51.9166667
646,Horten,Fentem,hfentemhx@dell.com,Male,Ireland,Ballymun,-6.264963,53.3897152
647,Amy,Dunn,adunnhy@fastcompany.com,Non-binary,Ireland,Ballina,-9.151825,54.11215
648,Marietta,Gierhard,mgierhardhz@ifeng.com,Genderfluid,Ireland,Bantry,-9.448724,51.680591
649,Ilyse,Chittleburgh,ichittleburghi0@soundcloud.com,Female,Ireland,Lucan,-9.4904891,52.6396679
650,Tracie,Willans,twillansi1@indiatimes.com,Male,Ireland,Sandymount,-6.2152673,53.3323703
651,Delilah,Sugarman,dsugarmani2@clickbank.net,Female,Ireland,Portumna,-8.2215941,53.0917381
652,Elle,Farnsworth,efarnsworthi3@virginia.edu,Female,Ireland,Macroom,-8.958931,51.904635
653,Denny,Brightey,dbrighteyi4@hud.gov,Male,Ireland,Mallow,-8.642661,52.1361219
654,Lila,Kirsche,lkirschei5@live.com,Female,Ireland,Moycullen,-9.159604,53.302644
655,Jeffy,Orrow,jorrowi6@booking.com,Male,Ireland,Claremorris,-8.334953,51.8610022
656,Alvie,Walkey,awalkeyi7@usatoday.com,Male,Ireland,Kilkenny,-7.2584,52.655184
657,Ethelbert,Klehn,eklehni8@reference.com,Male,Ireland,Castlebellingham,-6.391149,53.8996586
658,Dodi,Bartolacci,dbartolaccii9@apple.com,Female,Ireland,Killorglin,-9.7850991,52.1058991
659,Sari,Branchet,sbranchetia@liveinternet.ru,Female,Ireland,Annacotty,-8.5369154,52.6681994
660,Keith,Cowtherd,kcowtherdib@bbc.co.uk,Male,Ireland,Kilkenny,-7.2584,52.655184
661,Vasily,Cockshutt,vcockshuttic@fema.gov,Male,Ireland,Athy,-6.9858993,53.0018699
662,Dalenna,Schulken,dschulkenid@techcrunch.com,Female,Ireland,Confey,-6.5028415,53.3806398
663,Holly,Lamyman,hlamymanie@shareasale.com,Male,Ireland,Bearna,-6.2340942,53.2993199
664,Shaughn,Littlefair,slittlefairif@furl.net,Male,Ireland,Newmarket on Fergus,-8.8950821,52.7604883
665,Stephani,Dawidowitz,sdawidowitzig@nsw.gov.au,Female,Ireland,Fermoy,-9.5003786,52.4458588
666,Susanna,Dogerty,sdogertyih@wordpress.com,Female,Ireland,Moate,-6.1942058,53.3604483
667,Welsh,Havill,whavillii@mapy.cz,Male,Ireland,Aughrim,-6.366762,53.2987724
668,Fraser,Gideon,fgideonij@java.com,Male,Ireland,Moate,-6.1942058,53.3604483
669,Cad,Blandford,cblandfordik@youku.com,Male,Ireland,Moville,-8.4242597,51.8910459
670,Cordy,Algie,calgieil@prnewswire.com,Female,Ireland,Ratoath,-6.4671298,53.5050031
671,Florida,Leisman,fleismanim@youku.com,Female,Ireland,Foxrock,-6.1011147,53.2000455
672,Nikola,D'Andrea,ndandreain@google.de,Male,Ireland,Dublin,-6.2427004,53.3347733
673,Brucie,Brosh,bbroshio@java.com,Male,Ireland,Donabate,-6.1544115,53.4855448
674,Meade,Marzella,mmarzellaip@google.co.jp,Female,Ireland,Castlebridge,-6.5853664,53.378253
675,Kristel,Billows,kbillowsiq@howstuffworks.com,Female,Ireland,Donegal,-8.5946591,54.632283
676,Gerianna,McNern,gmcnernir@tmall.com,Female,Ireland,Bayside,-9.1097137,53.2582868
677,Britteny,Antonov,bantonovis@youku.com,Female,Ireland,Tralee,-7.0833118,52.2413206
678,Merwin,Soots,msootsit@delicious.com,Male,Ireland,Milltown,-7.9027266,53.4148582
679,Tristam,Pierton,tpiertoniu@w3.org,Genderfluid,Ireland,Valleymount,-6.3077823,53.3655256
680,Orson,Clymo,oclymoiv@engadget.com,Male,Ireland,Castlebellingham,-6.391149,53.8996586
681,Milli,McQuilliam,mmcquilliamiw@edublogs.org,Female,Ireland,Ballisodare,-8.5070436,54.2109904
682,Fraze,Rance,franceix@cloudflare.com,Male,Ireland,Cabinteely,-6.1603828,53.2599034
683,Eugenia,Perrone,eperroneiy@sfgate.com,Female,Ireland,Rathnew,-6.374155,53.3223974
684,Jacqui,Arney,jarneyiz@usa.gov,Female,Ireland,Aughrim,-6.366762,53.2987724
685,Torry,Pennock,tpennockj0@creativecommons.org,Male,Ireland,Tower,-80.7087609,35.7797381
686,Guinevere,Dymick,gdymickj1@flavors.me,Female,Ireland,Greystones,-6.0704904,53.1286984
687,Fonz,Droghan,fdroghanj2@marriott.com,Male,Ireland,Balally,-6.5899765,52.176031
688,Marc,Doak,mdoakj3@bloglovin.com,Male,Ireland,Bundoran,-8.2817353,54.4771768
689,Ursola,Armstead,uarmsteadj4@g.co,Female,Ireland,Ratoath,-6.4671298,53.5050031
690,Carlee,Robers,crobersj5@artisteer.com,Female,Ireland,Bearna,-6.2340942,53.2993199
691,Michaeline,Beazleigh,mbeazleighj6@mail.ru,Female,Ireland,Virginia,-6.2633149,53.377533
692,Dorthea,Ashbridge,dashbridgej7@sciencedirect.com,Female,Ireland,Kilmacanoge,-6.139018,53.171935
693,Trina,Fricker,tfrickerj8@bbb.org,Female,Ireland,Balrothery,-6.1884248,53.5879156
694,Cooper,Brose,cbrosej9@comsenz.com,Male,Ireland,Midleton,-8.1722173,51.9138694
695,Ximenes,Polglaze,xpolglazeja@rambler.ru,Male,Ireland,Granard,-7.5011999,53.776647
696,Michail,Hayland,mhaylandjb@youtu.be,Male,Ireland,Listowel,-9.4851741,52.4460804
697,Ellyn,Murrie,emurriejc@gmpg.org,Female,Ireland,Piltown,-6.3025448,53.6920618
698,Lark,Alders,laldersjd@blinklist.com,Female,Ireland,Tralee,-7.0833118,52.2413206
699,Angelia,Cline,aclineje@wikispaces.com,Female,Ireland,Cork,-8.489012,51.923707
700,Hugo,Pennetti,hpennettijf@qq.com,Male,Ireland,Thomastown,-6.7434401,53.2229873
701,Maurits,Starrs,mstarrsjg@people.com.cn,Male,Ireland,Sandymount,-6.2152673,53.3323703
702,Shell,McKerlie,smckerliejh@google.com,Female,Ireland,Templeogue,-6.3219759,53.2976886
703,Casandra,Elsbury,celsburyji@sun.com,Female,Ireland,Athlone,-7.9428197,53.4231032
704,Callida,Pardy,cpardyjj@tripod.com,Polygender,Ireland,Navan,-6.313755,53.366736
705,Jermaine,Churchyard,jchurchyardjk@diigo.com,Female,Ireland,Portumna,-8.2215941,53.0917381
706,Ermanno,Pinniger,epinnigerjl@geocities.jp,Non-binary,Ireland,Dunleer,-8.5176583,51.8863277
707,Hernando,Gulc,hgulcjm@mlb.com,Male,Ireland,Gweedore,-9.0288689,53.2737147
708,Carlota,Machan,cmachanjn@loc.gov,Female,Ireland,Adare,-6.176659,53.4487975
709,Aveline,Dunks,adunksjo@bloomberg.com,Female,Ireland,Nenagh,-8.2001004,52.86326
710,Timi,Smullin,tsmullinjp@gnu.org,Female,Ireland,Tralee,-7.0833118,52.2413206
711,Gray,Ilson,gilsonjq@guardian.co.uk,Female,Ireland,Aghada,-8.4627451,54.25645
712,Ralina,Bon,rbonjr@rakuten.co.jp,Female,Ireland,Malahide,-6.1479779,53.450694
713,Margette,Anselm,manselmjs@pen.io,Female,Ireland,Castlemartyr,-8.05,51.9166667
714,Burgess,Castanone,bcastanonejt@columbia.edu,Male,Ireland,Lucan,-9.4904891,52.6396679
715,Caralie,Dickson,cdicksonju@cdbaby.com,Female,Ireland,Aughrim,-6.366762,53.2987724
716,Tabitha,Teesdale,tteesdalejv@archive.org,Female,Ireland,Bantry,-9.448724,51.680591
717,Vinny,Lamke,vlamkejw@booking.com,Female,Ireland,Monaghan,-7.0943023,54.2694844
718,Hadrian,Harewood,hharewoodjx@dailymail.co.uk,Male,Ireland,Skerries,-6.1349155,53.5834008
719,Agnella,Brasse,abrassejy@geocities.jp,Female,Ireland,Carrigaline,-8.3929404,51.8113447
720,Dru,Krauss,dkraussjz@networksolutions.com,Male,Ireland,Dunmanway,-9.1115941,51.7203863
721,Norris,Vidyapin,nvidyapink0@yellowpages.com,Male,Ireland,Enniskerry,-8.9821467,52.8498651
722,Ike,Whitbread,iwhitbreadk1@umn.edu,Male,Ireland,Greystones,-6.0704904,53.1286984
723,Eal,Grima,egrimak2@mail.ru,Male,Ireland,Clogherhead,-6.2429997,53.7902634
724,Atlanta,Nye,anyek3@phoca.cz,Female,Ireland,Whitegate,-6.3539424,53.3666338
725,Nigel,Gonzalo,ngonzalok4@goo.gl,Male,Ireland,Ashbourne,-6.1215213,53.2724538
726,Lars,Screaton,lscreatonk5@51.la,Male,Ireland,Thomastown,-6.7434401,53.2229873
727,Florella,Flay,fflayk6@fema.gov,Female,Ireland,Macroom,-8.958931,51.904635
728,Maurise,Buck,mbuckk7@cafepress.com,Female,Ireland,Mallow,-8.642661,52.1361219
729,Piper,Flag,pflagk8@de.vu,Female,Ireland,Bantry,-9.448724,51.680591
730,Hobey,Penrith,hpenrithk9@biblegateway.com,Male,Ireland,Portumna,-8.2215941,53.0917381
731,Algernon,January,ajanuaryka@intel.com,Male,Ireland,Arklow,-8.4523258,51.880525
732,Lemmy,Astbery,lastberykb@1688.com,Male,Ireland,Piltown,-6.3025448,53.6920618
733,Sayre,Honsch,shonschkc@123-reg.co.uk,Male,Ireland,Fermoy,-9.5003786,52.4458588
734,Konrad,Toogood,ktoogoodkd@posterous.com,Male,Ireland,Ballymahon,-7.7655701,53.5650926
735,Richart,Croson,rcrosonke@comsenz.com,Male,Ireland,Skerries,-6.1349155,53.5834008
736,Elias,Saye,esayekf@skyrock.com,Male,Ireland,Clondalkin,-6.4496384,53.3582341
737,Seana,Matzel,smatzelkg@go.com,Female,Ireland,Donnybrook,-6.2324705,53.3177535
738,Sergeant,Von Hindenburg,svonhindenburgkh@home.pl,Polygender,Ireland,Old Kilcullen,-6.7449927,53.1310185
739,Caitrin,Mordon,cmordonki@webmd.com,Female,Ireland,Donegal,-8.5946591,54.632283
740,Lindon,Deavin,ldeavinkj@barnesandnoble.com,Male,Ireland,Valleymount,-6.3077823,53.3655256
741,Gerry,Crennan,gcrennankk@wufoo.com,Male,Ireland,Ballivor,-6.1191333,53.1915379
742,Mateo,Antecki,manteckikl@1und1.de,Male,Ireland,Dunmanway,-9.1115941,51.7203863
743,Tabbie,Albrighton,talbrightonkm@eventbrite.com,Male,Ireland,Askeaton,-8.9706844,52.6004448
744,Franzen,Pierson,fpiersonkn@sourceforge.net,Male,Ireland,Ballymun,-6.264963,53.3897152
745,Mikol,Sherington,msheringtonko@unesco.org,Male,Ireland,Muff,-7.269174,55.0650892
746,Bernard,Stagge,bstaggekp@globo.com,Male,Ireland,Aghada,-8.4627451,54.25645
747,Ripley,Foulgham,rfoulghamkq@xing.com,Male,Ireland,Manorhamilton,-8.1722002,54.3051891
748,Blanche,Harce,bharcekr@nhs.uk,Female,Ireland,Carrigaline,-8.3929404,51.8113447
749,Ty,Batrip,tbatripks@cornell.edu,Male,Ireland,Belmullet,-10.0320886,54.2223118
750,Selestina,Klaes,sklaeskt@diigo.com,Female,Ireland,Ballisodare,-8.5070436,54.2109904
751,Hortense,Chazelle,hchazelleku@wisc.edu,Female,Ireland,Rathwire,-7.145971,53.508326
752,Margo,Bonsale,mbonsalekv@devhub.com,Female,Ireland,Glasnevin,-6.266734,53.3829319
753,Niki,Bynert,nbynertkw@odnoklassniki.ru,Polygender,Ireland,Newmarket on Fergus,-8.8950821,52.7604883
754,Wat,McGuinley,wmcguinleykx@phoca.cz,Male,Ireland,Annacotty,-8.5369154,52.6681994
755,Klarrisa,Mellers,kmellersky@businesswire.com,Female,Ireland,Carrigtwohill,-8.259128,51.908209
756,Keefe,Sharper,ksharperkz@newsvine.com,Male,Ireland,Tullamore,-7.518792,53.284466
757,Isabelita,Rase,irasel0@wordpress.org,Female,Ireland,Castlebridge,-6.5853664,53.378253
758,Rodrigo,Dovinson,rdovinsonl1@gov.uk,Male,Ireland,Nenagh,-8.2001004,52.86326
759,Abagael,Noble,anoblel2@mapquest.com,Female,Ireland,Ballivor,-6.1191333,53.1915379
760,Kaila,Edington,kedingtonl3@redcross.org,Female,Ireland,Aghada,-8.4627451,54.25645
761,Amalia,Raincin,araincinl4@accuweather.com,Female,Ireland,Clondalkin,-6.4496384,53.3582341
762,Keith,Clancey,kclanceyl5@baidu.com,Male,Ireland,Longford,-7.8004329,53.7283566
763,Dimitry,Micklem,dmickleml6@goo.ne.jp,Male,Ireland,Bantry,-9.448724,51.680591
764,Brigham,Skelton,bskeltonl7@cdbaby.com,Male,Ireland,Killorglin,-9.7850991,52.1058991
765,Ardine,Bowller,abowllerl8@foxnews.com,Female,Ireland,Beaumont,-6.2057463,53.3870149
766,Essa,Scarisbrick,escarisbrickl9@samsung.com,Female,Ireland,Caherconlish,-8.3545704,52.5593605
767,Paco,Featherstone,pfeatherstonela@google.ca,Male,Ireland,Tuam,-8.83565,53.49417
768,Gunner,Cantor,gcantorlb@marriott.com,Male,Ireland,Balrothery,-6.1884248,53.5879156
769,Georgy,Eakly,geaklylc@aboutads.info,Male,Ireland,Dún Laoghaire,-6.133718,53.291512
770,Elly,Caulkett,ecaulkettld@oracle.com,Female,Ireland,Eadestown,-6.590926,53.1936864
771,Penelope,Gynne,pgynnele@admin.ch,Polygender,Ireland,Ballylinan,-7.0472382,52.9480781
772,Beaufort,Ridolfo,bridolfolf@blog.com,Male,Ireland,Gort,-8.9791425,52.8638391
773,Agata,Stoacley,astoacleylg@fda.gov,Female,Ireland,Naas,-6.67045,53.213319
774,Hermie,Lamperti,hlampertilh@cmu.edu,Male,Ireland,Naas,-6.67045,53.213319
775,Manolo,Epgrave,mepgraveli@forbes.com,Male,Ireland,Arklow,-8.4523258,51.880525
776,Jose,Troutbeck,jtroutbecklj@shareasale.com,Male,Ireland,Bundoran,-8.2817353,54.4771768
777,Granthem,McCuish,gmccuishlk@irs.gov,Male,Ireland,Ballinroad,-7.5717688,52.1045472
778,Gertrudis,Garrett,ggarrettll@free.fr,Female,Ireland,Beaumont,-6.2057463,53.3870149
779,Frederico,Goodlett,fgoodlettlm@meetup.com,Male,Ireland,Cabinteely,-6.1603828,53.2599034
780,Kittie,Quipp,kquippln@indiegogo.com,Female,Ireland,Sandyford,-6.3422325,53.719155
781,Gates,Jory,gjorylo@forbes.com,Female,Ireland,Shankill,-6.124065,53.231395
782,Merralee,Morey,mmoreylp@google.cn,Female,Ireland,Kinnegad,-9.1327273,53.806868
783,Padraic,Cornall,pcornalllq@mayoclinic.com,Male,Ireland,Gorey,-6.308522,52.665267
784,Austina,Lashbrook,alashbrooklr@privacy.gov.au,Female,Ireland,Listowel,-9.4851741,52.4460804
785,Ola,Smales,osmalesls@imdb.com,Female,Ireland,Balrothery,-6.1884248,53.5879156
786,Ailene,Cuberley,acuberleylt@indiatimes.com,Female,Ireland,Tuam,-8.83565,53.49417
787,Euell,Cerman,ecermanlu@deviantart.com,Male,Ireland,Kinsale,-6.251714,53.3169419
788,Raven,Dungee,rdungeelv@google.co.jp,Female,Ireland,Aughrim,-6.366762,53.2987724
789,Kippie,Harford,kharfordlw@pbs.org,Male,Ireland,Kinsealy-Drinan,-6.1644997,53.4266145
790,Tabby,Bothwell,tbothwelllx@feedburner.com,Female,Ireland,Edgeworthstown,-7.606287,53.6972399
791,Valentine,Dast,vdastly@about.com,Female,Ireland,Charlesland,-6.0690645,53.1257486
792,Therine,Manes,tmaneslz@europa.eu,Female,Ireland,Boyle,-8.2969737,53.9735591
793,Ruthie,Saura,rsauram0@macromedia.com,Female,Ireland,Oughterard,-6.1406578,53.2886387
794,Westleigh,Cheverton,wchevertonm1@ucoz.com,Male,Ireland,Ratoath,-6.4671298,53.5050031
795,Carlo,Deegin,cdeeginm2@youtube.com,Male,Ireland,Dungloe,-6.3695384,53.3734053
796,Mac,Bratton,mbrattonm3@java.com,Male,Ireland,Portarlington,-7.185387,53.158984
797,Paulie,MacGettigen,pmacgettigenm4@sourceforge.net,Male,Ireland,Killumney,-8.6340751,52.6638144
798,Pansy,Bladon,pbladonm5@studiopress.com,Female,Ireland,Castlepollard,-7.2979911,53.6785169
799,Gretta,Skelcher,gskelcherm6@nps.gov,Female,Ireland,Mullagh,-8.4977746,51.8895954
800,Tori,Pogue,tpoguem7@issuu.com,Female,Ireland,Greystones,-6.0704904,53.1286984
801,Lorettalorna,Artois,lartoism8@shareasale.com,Female,Ireland,Boyle,-8.2969737,53.9735591
802,Syman,Folomin,sfolominm9@fastcompany.com,Male,Ireland,Ballisodare,-8.5070436,54.2109904
803,Anne-marie,Mirralls,amirrallsma@arizona.edu,Female,Ireland,Swords,-6.2071246,53.4562426
804,Eldon,Clappison,eclappisonmb@buzzfeed.com,Male,Ireland,Sandyford,-6.3422325,53.719155
805,Olwen,O'Heagertie,ooheagertiemc@cisco.com,Female,Ireland,Ashbourne,-6.1215213,53.2724538
806,Thibaut,Hengoed,thengoedmd@abc.net.au,Male,Ireland,Clones,-7.2314132,54.1794814
807,Korella,Chicco,kchiccome@twitpic.com,Female,Ireland,Dunmanway,-9.1115941,51.7203863
808,Suzanne,Acum,sacummf@cocolog-nifty.com,Female,Ireland,Navan,-6.313755,53.366736
809,Nickola,Slimme,nslimmemg@virginia.edu,Male,Ireland,Stradbally,-8.5054897,52.7107501
810,Rosie,Waulker,rwaulkermh@elegantthemes.com,Female,Ireland,Ashford,-6.3828795,53.385304
811,Creight,Naylor,cnaylormi@europa.eu,Male,Ireland,Granard,-7.5011999,53.776647
812,Tomi,Mardlin,tmardlinmj@yelp.com,Female,Ireland,Portarlington,-7.185387,53.158984
813,Juditha,Scholfield,jscholfieldmk@posterous.com,Female,Ireland,Macroom,-8.958931,51.904635
814,Jennica,Hritzko,jhritzkoml@cbsnews.com,Female,Ireland,Clonskeagh,-6.2387374,53.3141205
815,Danni,Grills,dgrillsmm@shareasale.com,Female,Ireland,Longford,-7.8004329,53.7283566
816,Essie,Boyack,eboyackmn@so-net.ne.jp,Female,Ireland,Daingean,-7.1297243,52.2509369
817,Christalle,Buie,cbuiemo@behance.net,Agender,Ireland,Tralee,-7.0833118,52.2413206
818,Tedie,Nozzolinii,tnozzoliniimp@alexa.com,Agender,Ireland,Tower,-80.7087609,35.7797381
819,Aline,Luney,aluneymq@com.com,Genderfluid,Ireland,Kilcullen,-8.5047067,51.8830697
820,Shanta,Gavey,sgaveymr@comsenz.com,Female,Ireland,Raheny,-6.1820563,53.3786861
821,Mariya,Heritege,mheritegems@cnbc.com,Female,Ireland,Moville,-8.4242597,51.8910459
822,Daven,Caines,dcainesmt@nih.gov,Male,Ireland,Beaumont,-6.2057463,53.3870149
823,Ralf,Van Arsdall,rvanarsdallmu@paginegialle.it,Male,Ireland,Ballymun,-6.264963,53.3897152
824,Farlie,Ashplant,fashplantmv@canalblog.com,Male,Ireland,Athy,-6.9858993,53.0018699
825,Heath,Jeves,hjevesmw@ucoz.ru,Male,Ireland,Blarney,-8.8562835,53.510243
826,Damiano,Lyal,dlyalmx@businessinsider.com,Male,Ireland,Lucan,-9.4904891,52.6396679
827,Marnie,Kinsman,mkinsmanmy@yelp.com,Female,Ireland,Blessington,-8.5111664,51.8858819
828,Griffy,Cron,gcronmz@telegraph.co.uk,Male,Ireland,Adare,-6.176659,53.4487975
829,Gena,Erley,gerleyn0@quantcast.com,Polygender,Ireland,Ballymun,-6.264963,53.3897152
830,Dalton,Blose,dblosen1@umich.edu,Genderqueer,Ireland,Monkstown,-8.9775014,52.8314927
831,Silvanus,Duce,sducen2@indiatimes.com,Bigender,Ireland,Loughrea,-6.3506335,53.2911347
832,Donn,Plumtree,dplumtreen3@hud.gov,Agender,Ireland,Oranmore,-9.7359765,54.1433253
833,Kort,Halford,khalfordn4@hubpages.com,Male,Ireland,Ardee,-8.4784945,51.8815586
834,Jarib,Payton,jpaytonn5@creativecommons.org,Male,Ireland,Oranmore,-9.7359765,54.1433253
835,Morry,Weems,mweemsn6@google.pl,Male,Ireland,Longford,-7.8004329,53.7283566
836,Erin,Eade,eeaden7@instagram.com,Male,Ireland,Ballinroad,-7.5717688,52.1045472
837,Shadow,Caps,scapsn8@wisc.edu,Male,Ireland,Newmarket on Fergus,-8.8950821,52.7604883
838,Marya,Casaccio,mcasaccion9@instagram.com,Female,Ireland,Coolock,-6.1920933,53.3916434
839,Pierson,Henrionot,phenrionotna@uol.com.br,Male,Ireland,Ardee,-8.4784945,51.8815586
840,Sherlock,Swaite,sswaitenb@vinaora.com,Male,Ireland,Watergrasshill,-8.337871,52.0097259
841,Jan,Lloyd-Williams,jlloydwilliamsnc@mapquest.com,Male,Ireland,Enniskerry,-8.9821467,52.8498651
842,Kerry,Breyt,kbreytnd@cargocollective.com,Female,Ireland,Kilmacanoge,-6.139018,53.171935
843,Sarette,Brigshaw,sbrigshawne@vistaprint.com,Female,Ireland,Birr,-7.9139891,53.0949398
844,Babette,Petrov,bpetrovnf@columbia.edu,Female,Ireland,Ballybofey,-7.74208,54.70972
845,Yorgos,Skatcher,yskatcherng@diigo.com,Male,Ireland,Dalkey,-6.1072403,53.2780047
846,Zea,Nesfield,znesfieldnh@answers.com,Female,Ireland,Watergrasshill,-8.337871,52.0097259
847,Phillida,O'Nion,ponionni@fastcompany.com,Female,Ireland,Cobh,-8.298942,51.848898
848,Dru,Srawley,dsrawleynj@bizjournals.com,Male,Ireland,Rathnew,-6.374155,53.3223974
849,Nap,Heigl,nheiglnk@craigslist.org,Male,Ireland,Whitegate,-6.3539424,53.3666338
850,Casi,Pellman,cpellmannl@geocities.com,Female,Ireland,Dalkey,-6.1072403,53.2780047
851,Glynda,Kerbler,gkerblernm@weather.com,Female,Ireland,Athy,-6.9858993,53.0018699
852,Clive,Signore,csignorenn@myspace.com,Male,Ireland,Bantry,-9.448724,51.680591
853,Prudi,Grimsdike,pgrimsdikeno@ox.ac.uk,Female,Ireland,Greystones,-6.0704904,53.1286984
854,Major,Shapiro,mshapironp@mit.edu,Male,Ireland,Rathnew,-6.374155,53.3223974
855,Gideon,Scimone,gscimonenq@about.me,Male,Ireland,Aughrim,-6.366762,53.2987724
856,Stanislaus,Sulland,ssullandnr@google.com.br,Male,Ireland,Dalkey,-6.1072403,53.2780047
857,Tiffani,Bloys,tbloysns@economist.com,Female,Ireland,Ballymun,-6.264963,53.3897152
858,Selby,Jakubovics,sjakubovicsnt@ustream.tv,Male,Ireland,Aghada,-8.4627451,54.25645
859,Goraud,Kreber,gkrebernu@ihg.com,Male,Ireland,Castleblayney,-6.64937,54.10269
860,Perceval,Linwood,plinwoodnv@cbsnews.com,Male,Ireland,Balrothery,-6.1884248,53.5879156
861,Claretta,Goldsbrough,cgoldsbroughnw@yandex.ru,Female,Ireland,Kinsale,-6.251714,53.3169419
862,Dov,Waistell,dwaistellnx@simplemachines.org,Agender,Ireland,Mullagh,-8.4977746,51.8895954
863,Dalis,Mant,dmantny@flickr.com,Male,Ireland,Dromiskin,-6.4008792,53.9215606
864,Rodolphe,Brasher,rbrashernz@tinypic.com,Male,Ireland,Askeaton,-8.9706844,52.6004448
865,Geoff,McInulty,gmcinultyo0@barnesandnoble.com,Male,Ireland,Belmullet,-10.0320886,54.2223118
866,Darryl,Prando,dprandoo1@e-recht24.de,Female,Ireland,Monaghan,-7.0943023,54.2694844
867,Bogey,Skeleton,bskeletono2@plala.or.jp,Male,Ireland,Balally,-6.5899765,52.176031
868,Moshe,Hairesnape,mhairesnapeo3@slashdot.org,Male,Ireland,Clones,-7.2314132,54.1794814
869,Cloris,Quickfall,cquickfallo4@wikipedia.org,Female,Ireland,Donegal,-8.5946591,54.632283
870,Sada,Aubury,sauburyo5@infoseek.co.jp,Female,Ireland,Eadestown,-6.590926,53.1936864
871,Ameline,Codling,acodlingo6@wiley.com,Female,Ireland,Arklow,-8.4523258,51.880525
872,Boone,Hellier,bhelliero7@cbslocal.com,Male,Ireland,Clonskeagh,-6.2387374,53.3141205
873,Tamarah,Pendrich,tpendricho8@hubpages.com,Female,Ireland,Castleknock,-9.0248232,53.2760162
874,Shoshanna,Butterfill,sbutterfillo9@salon.com,Female,Ireland,Fairview,-6.4202878,54.0026343
875,Robenia,Brownbridge,rbrownbridgeoa@spotify.com,Female,Ireland,Raheny,-6.1820563,53.3786861
876,Rianon,Abbett,rabbettob@i2i.jp,Female,Ireland,Booterstown,-6.1979853,53.3046353
877,Granthem,Vautin,gvautinoc@smh.com.au,Polygender,Ireland,Newmarket on Fergus,-8.8950821,52.7604883
878,Sheffie,Cotta,scottaod@mlb.com,Male,Ireland,Donnybrook,-6.2324705,53.3177535
879,Fredia,Kobke,fkobkeoe@trellian.com,Female,Ireland,Ballybofey,-7.74208,54.70972
880,Samuele,Enderle,senderleof@people.com.cn,Male,Ireland,Blarney,-8.8562835,53.510243
881,Briant,Van der Kruys,bvanderkruysog@google.com.hk,Male,Ireland,Gweedore,-9.0288689,53.2737147
882,Melly,Wherton,mwhertonoh@godaddy.com,Female,Ireland,Dunleer,-8.5176583,51.8863277
883,Adolphus,Folbige,afolbigeoi@google.com,Male,Ireland,Crumlin,-6.3048641,53.3284298
884,Emma,Howells,ehowellsoj@sohu.com,Female,Ireland,Rathdrum,-6.163027,53.2339841
885,Marlow,Digwood,mdigwoodok@printfriendly.com,Male,Ireland,Ballyhaunis,-8.7683674,53.7942932
886,Baxter,Lackinton,blackintonol@berkeley.edu,Male,Ireland,Sallins,-6.6633404,53.2492381
887,Koral,Minguet,kminguetom@microsoft.com,Agender,Ireland,Cavan,-7.297914,54.026345
888,Orelie,Dransfield,odransfieldon@ed.gov,Female,Ireland,Adare,-6.176659,53.4487975
889,Carlyn,Cadle,ccadleoo@usatoday.com,Female,Ireland,Piltown,-6.3025448,53.6920618
890,Raf,Dufall,rdufallop@google.com.au,Female,Ireland,Moycullen,-9.159604,53.302644
891,Rutledge,Burstowe,rburstoweoq@google.com.br,Male,Ireland,Bagenalstown,-6.9692181,52.7009338
892,Flss,Robbe,frobbeor@unicef.org,Female,Ireland,Clondalkin,-6.4496384,53.3582341
893,Davon,Cordner,dcordneros@tmall.com,Male,Ireland,Ballybofey,-7.74208,54.70972
894,Corine,Unworth,cunworthot@etsy.com,Female,Ireland,Bayside,-9.1097137,53.2582868
895,Cchaddie,Pickard,cpickardou@amazon.de,Genderqueer,Ireland,Templeogue,-6.3219759,53.2976886
896,Pail,Francie,pfrancieov@networksolutions.com,Male,Ireland,Ballybofey,-7.74208,54.70972
897,Kelila,Stansfield,kstansfieldow@walmart.com,Female,Ireland,Tower,-80.7087609,35.7797381
898,Major,Dickey,mdickeyox@imgur.com,Male,Ireland,Kinsealy-Drinan,-6.1644997,53.4266145
899,Ahmad,Remer,aremeroy@blog.com,Male,Ireland,Donnybrook,-6.2324705,53.3177535
900,Pip,Bickford,pbickfordoz@plala.or.jp,Male,Ireland,Prosperous,-6.7515223,53.2888321
901,Ellis,Eggers,eeggersp0@cmu.edu,Male,Ireland,Glasnevin,-6.266734,53.3829319
902,Nariko,Umpleby,numplebyp1@vkontakte.ru,Female,Ireland,Ballinroad,-7.5717688,52.1045472
903,Vinson,Sivill,vsivillp2@purevolume.com,Agender,Ireland,Naas,-6.67045,53.213319
904,Lelah,Gude,lgudep3@jalbum.net,Female,Ireland,Blessington,-8.5111664,51.8858819
905,Tye,Tomasek,ttomasekp4@ca.gov,Male,Ireland,Donegal,-8.5946591,54.632283
906,Aime,Wickerson,awickersonp5@pinterest.com,Female,Ireland,Ashbourne,-6.1215213,53.2724538
907,Kev,Drewry,kdrewryp6@canalblog.com,Male,Ireland,Booterstown,-6.1979853,53.3046353
908,Spense,Dionisetti,sdionisettip7@mlb.com,Male,Ireland,Piltown,-6.3025448,53.6920618
909,Leeann,Stare,lstarep8@amazon.de,Female,Ireland,Kilmacanoge,-6.139018,53.171935
910,Barris,Thunnercliffe,bthunnercliffep9@cdc.gov,Male,Ireland,Clogherhead,-6.2429997,53.7902634
911,Uta,Reuss,ureusspa@mit.edu,Non-binary,Ireland,Ballisodare,-8.5070436,54.2109904
912,Lorena,Gamon,lgamonpb@craigslist.org,Female,Ireland,Donnybrook,-6.2324705,53.3177535
913,Felicity,Mumbey,fmumbeypc@discuz.net,Female,Ireland,Greenhills,-6.336393,53.3122864
914,Napoleon,Corner,ncornerpd@51.la,Male,Ireland,Bagenalstown,-6.9692181,52.7009338
915,Elvyn,Kennedy,ekennedype@hubpages.com,Male,Ireland,Cloyne,-6.2398782,53.32112
916,Ricki,Labbey,rlabbeypf@netvibes.com,Male,Ireland,Carrigaline,-8.3929404,51.8113447
917,Neel,Etteridge,netteridgepg@uol.com.br,Male,Ireland,Dalkey,-6.1072403,53.2780047
918,Nathanael,Conan,nconanph@sakura.ne.jp,Male,Ireland,Youghal,-7.8434254,51.949401
919,Grenville,Raittie,graittiepi@huffingtonpost.com,Male,Ireland,Athy,-6.9858993,53.0018699
920,Judith,Salle,jsallepj@merriam-webster.com,Female,Ireland,Kinnegad,-9.1327273,53.806868
921,Gretchen,Belvin,gbelvinpk@google.com.br,Genderqueer,Ireland,Rathangan,-6.9898366,53.2265199
922,Urbano,Pomroy,upomroypl@trellian.com,Male,Ireland,Bagenalstown,-6.9692181,52.7009338
923,Clifford,Astling,castlingpm@google.cn,Male,Ireland,Bantry,-9.448724,51.680591
924,Bogey,Groom,bgroompn@umn.edu,Male,Ireland,Killumney,-8.6340751,52.6638144
925,Quinlan,Steadman,qsteadmanpo@marriott.com,Male,Ireland,Granard,-7.5011999,53.776647
926,Ethelbert,Patrie,epatriepp@etsy.com,Male,Ireland,Bagenalstown,-6.9692181,52.7009338
927,Terrill,Cuckson,tcucksonpq@yahoo.com,Male,Ireland,Kinsealy-Drinan,-6.1644997,53.4266145
928,Revkah,Mulrenan,rmulrenanpr@mapquest.com,Female,Ireland,Killorglin,-9.7850991,52.1058991
929,Carl,Guillerman,cguillermanps@mlb.com,Male,Ireland,Kilmacanoge,-6.139018,53.171935
930,Leupold,Glasby,lglasbypt@google.com.hk,Male,Ireland,Tralee,-7.0833118,52.2413206
931,Sky,Pirrie,spirriepu@ask.com,Male,Ireland,Cobh,-8.298942,51.848898
932,Gabriello,De Gogay,gdegogaypv@hatena.ne.jp,Male,Ireland,Oranmore,-9.7359765,54.1433253
933,Hamlin,Pedgrift,hpedgriftpw@cpanel.net,Male,Ireland,Dungloe,-6.3695384,53.3734053
934,Thom,Riach,triachpx@blogtalkradio.com,Male,Ireland,Donabate,-6.1544115,53.4855448
935,Simon,Pyner,spynerpy@netlog.com,Male,Ireland,Beaumont,-6.2057463,53.3870149
936,Mahalia,Shaefer,mshaeferpz@gmpg.org,Female,Ireland,Ashbourne,-6.1215213,53.2724538
937,Jack,Handscombe,jhandscombeq0@biblegateway.com,Male,Ireland,Portumna,-8.2215941,53.0917381
938,Molly,Mollett,mmollettq1@vkontakte.ru,Female,Ireland,Moville,-8.4242597,51.8910459
939,Adamo,Orrom,aorromq2@trellian.com,Male,Ireland,Donabate,-6.1544115,53.4855448
940,Emilie,Frede,efredeq3@friendfeed.com,Female,Ireland,Crumlin,-6.3048641,53.3284298
941,Alasteir,Boarder,aboarderq4@vinaora.com,Male,Ireland,Naas,-6.67045,53.213319
942,Randy,Berrisford,rberrisfordq5@hexun.com,Male,Ireland,Bayside,-9.1097137,53.2582868
943,Norine,Dmitrichenko,ndmitrichenkoq6@mozilla.com,Female,Ireland,Castlebellingham,-6.391149,53.8996586
944,Aimee,Dawidsohn,adawidsohnq7@slate.com,Female,Ireland,Tullyallen,-6.4241156,53.7369009
945,Lambert,Crosher,lcrosherq8@state.tx.us,Male,Ireland,Templeogue,-6.3219759,53.2976886
946,Valle,Barwis,vbarwisq9@paypal.com,Male,Ireland,Annacotty,-8.5369154,52.6681994
947,Jobye,Madigan,jmadiganqa@google.es,Female,Ireland,Mullagh,-8.4977746,51.8895954
948,Valeria,McErlaine,vmcerlaineqb@flickr.com,Female,Ireland,Glasnevin,-6.266734,53.3829319
949,Pen,Fridaye,pfridayeqc@yandex.ru,Genderqueer,Ireland,Ballymun,-6.264963,53.3897152
950,Jeanne,Scurfield,jscurfieldqd@wix.com,Female,Ireland,Boyle,-8.2969737,53.9735591
951,Reggie,Meekings,rmeekingsqe@marriott.com,Male,Ireland,Valleymount,-6.3077823,53.3655256
952,Demetre,Locker,dlockerqf@paginegialle.it,Male,Ireland,Dungarvan,-6.1822287,53.3788495
953,Ludovico,Rudderham,lrudderhamqg@shinystat.com,Male,Ireland,Newmarket on Fergus,-8.8950821,52.7604883
954,Gibbie,MacAndie,gmacandieqh@dell.com,Male,Ireland,Cabinteely,-6.1603828,53.2599034
955,Tremain,Joselovitch,tjoselovitchqi@fema.gov,Male,Ireland,Bagenalstown,-6.9692181,52.7009338
956,Dore,Seedull,dseedullqj@dailymail.co.uk,Male,Ireland,Navan,-6.313755,53.366736
957,Emlen,Worboy,eworboyqk@xinhuanet.com,Male,Ireland,Ashford,-6.3828795,53.385304
958,Blaire,Latty,blattyql@nasa.gov,Female,Ireland,Aughrim,-6.366762,53.2987724
959,Helaina,Worsalls,hworsallsqm@hao123.com,Female,Ireland,Ballymun,-6.264963,53.3897152
960,Fremont,McSaul,fmcsaulqn@cbslocal.com,Male,Ireland,Ballinteer,-6.2554371,53.2767301
961,Fitzgerald,Lilley,flilleyqo@mlb.com,Male,Ireland,Midleton,-8.1722173,51.9138694
962,Codee,Deware,cdewareqp@goodreads.com,Female,Ireland,Castlerea,-8.6346959,53.7423435
963,Lottie,Forsyth,lforsythqq@hugedomains.com,Female,Ireland,Ballylinan,-7.0472382,52.9480781
964,Britta,Byrd,bbyrdqr@loc.gov,Female,Ireland,Dundrum,-6.2508196,53.2866372
965,Karlik,Hamlington,khamlingtonqs@shop-pro.jp,Male,Ireland,Enniskerry,-8.9821467,52.8498651
966,Evie,McKenna,emckennaqt@linkedin.com,Female,Ireland,Ballylinan,-7.0472382,52.9480781
967,Dwight,Spratt,dsprattqu@sfgate.com,Male,Ireland,Ashbourne,-6.1215213,53.2724538
968,Shawn,Sussams,ssussamsqv@spiegel.de,Female,Ireland,Stradbally,-8.5054897,52.7107501
969,Carree,Leckenby,cleckenbyqw@fc2.com,Female,Ireland,Old Kilcullen,-6.7449927,53.1310185
970,Cody,Kahn,ckahnqx@ycombinator.com,Male,Ireland,Shankill,-6.124065,53.231395
971,Marybeth,Kentwell,mkentwellqy@cdc.gov,Bigender,Ireland,Killumney,-8.6340751,52.6638144
972,Jasmin,Yirrell,jyirrellqz@blinklist.com,Female,Ireland,Kanturk,-8.9342111,52.182304
973,Thedric,D'Alesio,tdalesior0@abc.net.au,Bigender,Ireland,Cabinteely,-6.1603828,53.2599034
974,Wainwright,Jarrell,wjarrellr1@cocolog-nifty.com,Male,Ireland,Milltown,-7.9027266,53.4148582
975,Loella,Boulton,lboultonr2@tamu.edu,Female,Ireland,Templeogue,-6.3219759,53.2976886
976,Matty,Camamile,mcamamiler3@nbcnews.com,Male,Ireland,Dalkey,-6.1072403,53.2780047
977,Shirline,Daughtrey,sdaughtreyr4@cbsnews.com,Female,Ireland,Thomastown,-6.7434401,53.2229873
978,Shea,Exon,sexonr5@house.gov,Male,Ireland,Clones,-7.2314132,54.1794814
979,Reuven,Vize,rvizer6@imdb.com,Male,Ireland,Moycullen,-9.159604,53.302644
980,Gram,Kagan,gkaganr7@sourceforge.net,Male,Ireland,Old Kilcullen,-6.7449927,53.1310185
981,Gale,Robottom,grobottomr8@newsvine.com,Genderfluid,Ireland,Dublin,-6.2427004,53.3347733
982,Edmund,Caldero,ecalderor9@sbwire.com,Male,Ireland,Lusk,-6.1535181,53.5220275
983,Carlos,Garton,cgartonra@nhs.uk,Male,Ireland,Donnycarney,-6.218069,53.374266
984,Winna,Glackin,wglackinrb@si.edu,Female,Ireland,Tullamore,-7.518792,53.284466
985,Dyane,Gerok,dgerokrc@cbslocal.com,Female,Ireland,Thomastown,-6.7434401,53.2229873
986,Sunny,Daughtrey,sdaughtreyrd@oracle.com,Polygender,Ireland,Rathdrum,-6.163027,53.2339841
987,Arlana,Croyden,acroydenre@woothemes.com,Female,Ireland,Castlerea,-8.6346959,53.7423435
988,Irene,Trathan,itrathanrf@booking.com,Female,Ireland,Clones,-7.2314132,54.1794814
989,Kate,Osbidston,kosbidstonrg@imageshack.us,Female,Ireland,Mullagh,-8.4977746,51.8895954
990,Sunny,Ingre,singrerh@archive.org,Female,Ireland,Carrigtwohill,-8.259128,51.908209
991,Cristionna,Fake,cfakeri@dropbox.com,Female,Ireland,Longwood,-6.2892907,53.310122
992,Faye,Cornillot,fcornillotrj@sfgate.com,Female,Ireland,Gweedore,-9.0288689,53.2737147
993,Christoph,Bamling,cbamlingrk@booking.com,Male,Ireland,Clonskeagh,-6.2387374,53.3141205
994,Adelheid,Writtle,awrittlerl@liveinternet.ru,Female,Ireland,Cill Airne,-6.2890702,53.3201497
995,Haven,Kedslie,hkedslierm@wix.com,Male,Ireland,Carrigaline,-8.3929404,51.8113447
996,Sidonnie,Delve,sdelvern@dyndns.org,Female,Ireland,Kinnegad,-9.1327273,53.806868
997,Teirtza,Horley,thorleyro@quantcast.com,Female,Ireland,Rathangan,-6.9898366,53.2265199
998,Geneva,Duchesne,gduchesnerp@seesaa.net,Female,Ireland,Boyle,-8.2969737,53.9735591
999,Joli,O'Beirne,jobeirnerq@pbs.org,Genderqueer,Ireland,Bayside,-9.1097137,53.2582868
1000,Marion,Maccari,mmaccarirr@facebook.com,Male,Ireland,Balally,-6.5899765,52.176031
