id,first_name,last_name,email,gender,country,city,lon,lat
1,Son,Pawsey,spawsey0@wiley.com,Male,Ireland,Castlepollard,-7.2979911,53.6785169
2,Che,Whapham,cwhapham1@nhs.uk,Male,Ireland,Clifden,-10.022186,53.488087
3,Mabelle,Kollach,mkollach2@prlog.org,Female,Ireland,Kanturk,-8.9342111,52.182304
4,Bonnibelle,Aldiss,baldiss3@prnewswire.com,Female,Ireland,Muff,-7.269174,55.0650892
5,Pierrette,Drennan,pdrennan4@fc2.com,Genderfluid,Ireland,Clonskeagh,-6.2387374,53.3141205
6,Shari,Scallan,sscallan5@360.cn,Female,Ireland,Ballyjamesduff,-7.086877,53.8363325
7,Devora,Linny,dlinny6@merriam-webster.com,Female,Ireland,Rathdrum,-6.163027,53.2339841
8,Glori,Petty,gpetty7@ox.ac.uk,Female,Ireland,Portarlington,-7.185387,53.158984
9,Avram,Blitzer,ablitzer8@desdev.cn,Male,Ireland,Templeogue,-6.3219759,53.2976886
10,Ludovico,Snashall,lsnashall9@barnesandnoble.com,Male,Ireland,Leixlip,-6.4887534,53.3653866
11,Barth,Stoddart,bstoddarta@spiegel.de,Male,Ireland,Sutton,-6.1097188,53.3895926
12,Eveline,Bolle,ebolleb@illinois.edu,Female,Ireland,Rathwire,-7.145971,53.508326
13,Monique,Harding,mhardingc@addthis.com,Female,Ireland,Skibbereen,-9.268589,51.549106
14,Ellery,Laneham,elanehamd@ucsd.edu,Male,Ireland,Cluain Meala,-6.2611953,53.3881832
15,Donn,Jzak,djzake@moonfruit.com,Male,Ireland,Virginia,-6.2633149,53.377533
16,Murry,Boulstridge,mboulstridgef@nbcnews.com,Male,Ireland,Youghal,-7.8434254,51.949401
17,Carlynne,Savaage,csavaageg@nature.com,Genderfluid,Ireland,Kinsealy-Drinan,-6.1644997,53.4266145
18,Athena,Sowte,asowteh@hugedomains.com,Female,Ireland,Dalkey,-6.1072403,53.2780047
19,Amie,Ciccottini,aciccottinii@europa.eu,Female,Ireland,Crossmolina,-6.473025,54.0086093
20,Hasheem,Wensley,hwensleyj@mac.com,Bigender,Ireland,Tullyallen,-6.4241156,53.7369009
21,Dewitt,Syseland,dsyselandk@google.co.jp,Male,Ireland,Farranacoush,-8.5171384,51.876873
22,Gian,Lowensohn,glowensohnl@seesaa.net,Non-binary,Ireland,Cherryville,-7.1111732,52.2513095
23,Carlie,Brugger,cbruggerm@omniture.com,Male,Ireland,Caherconlish,-8.3545704,52.5593605
24,Carmine,Deacock,cdeacockn@technorati.com,Female,Ireland,Piltown,-6.3025448,53.6920618
25,Dickie,Wilbore,dwilboreo@amazonaws.com,Male,Ireland,Dublin,-6.2427004,53.3347733
26,Stephi,Stickells,sstickellsp@qq.com,Female,Ireland,Ashbourne,-6.1215213,53.2724538
27,Kasper,Harwood,kharwoodq@va.gov,Male,Ireland,Clonskeagh,-6.2387374,53.3141205
28,Christos,Harbinson,charbinsonr@bloomberg.com,Male,Ireland,Bailieborough,-6.9711886,53.916791
29,Quintana,Szymonwicz,qszymonwiczs@infoseek.co.jp,Female,Ireland,Dublin,-6.2427004,53.3347733
30,Rory,Stocks,rstockst@toplist.cz,Female,Ireland,Old Kilcullen,-6.7449927,53.1310185
31,Mason,Djokovic,mdjokovicu@fastcompany.com,Male,Ireland,Moate,-6.1942058,53.3604483
32,Noel,Aleksandrikin,naleksandrikinv@dion.ne.jp,Female,Ireland,Dungarvan,-6.1822287,53.3788495
33,Lucien,Hinge,lhingew@chronoengine.com,Male,Ireland,Kilmacanoge,-6.139018,53.171935
34,Samuele,Growy,sgrowyx@miitbeian.gov.cn,Male,Ireland,Ballinteer,-6.2554371,53.2767301
35,Dominique,Feldstern,dfeldsterny@businessinsider.com,Male,Ireland,Coolock,-6.1920933,53.3916434
36,Beverlie,Fowle,bfowlez@weebly.com,Genderfluid,Ireland,Ballylinan,-7.0472382,52.9480781
37,Mozelle,Zold,mzold10@uol.com.br,Female,Ireland,Arklow,-8.4523258,51.880525
38,Crichton,Polino,cpolino11@weather.com,Male,Ireland,Caherconlish,-8.3545704,52.5593605
39,Christine,Riseley,criseley12@privacy.gov.au,Female,Ireland,Cavan,-7.297914,54.026345
40,Erica,Balnaves,ebalnaves13@oaic.gov.au,Female,Ireland,Swinford,-8.9480659,53.940892
41,Bradford,Guise,bguise14@bigcartel.com,Male,Ireland,Annacotty,-8.5369154,52.6681994
42,Goldie,Bern,gbern15@163.com,Female,Ireland,Ballymun,-6.264963,53.3897152
43,Fred,Charrette,fcharrette16@hibu.com,Female,Ireland,Bundoran,-8.2817353,54.4771768
44,Hagan,Frude,hfrude17@smh.com.au,Male,Ireland,Carrigtwohill,-8.259128,51.908209
45,Brade,Ludford,bludford18@va.gov,Male,Ireland,Cill Airne,-6.2890702,53.3201497
46,Miner,Eltune,meltune19@fotki.com,Male,Ireland,Dunlewy,-6.1157412,53.2774963
47,Caitlin,Crisall,ccrisall1a@github.io,Female,Ireland,Swinford,-8.9480659,53.940892
48,Rebbecca,Brobak,rbrobak1b@ox.ac.uk,Female,Ireland,Drumcondra,-8.445614,51.8885086
49,Lauri,Lefridge,llefridge1c@cafepress.com,Female,Ireland,Whitegate,-6.3539424,53.3666338
50,Demeter,Prosch,dprosch1d@nytimes.com,Female,Ireland,Dundrum,-6.2508196,53.2866372
51,Janel,Gludor,jgludor1e@china.com.cn,Female,Ireland,Skerries,-6.1349155,53.5834008
52,Blondelle,Pettigrew,bpettigrew1f@sina.com.cn,Female,Ireland,Crossmolina,-6.473025,54.0086093
53,Martita,Gunningham,mgunningham1g@techcrunch.com,Genderqueer,Ireland,Manorhamilton,-8.1722002,54.3051891
54,Leandra,Canadine,lcanadine1h@google.ca,Female,Ireland,Ballymahon,-7.7655701,53.5650926
55,Kristian,Grammer,kgrammer1i@booking.com,Male,Ireland,Valleymount,-6.3077823,53.3655256
56,Salem,Vigrass,svigrass1j@redcross.org,Male,Ireland,Longwood,-6.2892907,53.310122
57,Aron,Byart,abyart1k@amazonaws.com,Male,Ireland,Ballymahon,-7.7655701,53.5650926
58,Tobey,Painten,tpainten1l@patch.com,Non-binary,Ireland,Kilkenny,-7.2584,52.655184
59,Gaultiero,La Grange,glagrange1m@scribd.com,Male,Ireland,Dalkey,-6.1072403,53.2780047
60,Brant,Haversum,bhaversum1n@psu.edu,Male,Ireland,Ballivor,-6.1191333,53.1915379
61,Neil,Puig,npuig1o@nba.com,Male,Ireland,Mullagh,-8.4977746,51.8895954
62,Cullan,Stopford,cstopford1p@boston.com,Male,Ireland,Trá Mhór,-9.0197835,53.2736466
63,Victoir,Waterfield,vwaterfield1q@example.com,Male,Ireland,Ballyjamesduff,-7.086877,53.8363325
64,Mollee,Wallicker,mwallicker1r@freewebs.com,Female,Ireland,Monkstown,-8.9775014,52.8314927
65,Tony,Cucuzza,tcucuzza1s@ftc.gov,Female,Ireland,Ballyboden,-6.3049392,53.3021194
66,Penn,Hegdonne,phegdonne1t@cyberchimps.com,Male,Ireland,Killorglin,-9.7850991,52.1058991
67,Willa,Jakeway,wjakeway1u@bloglines.com,Female,Ireland,Carrigaline,-8.3929404,51.8113447
68,Viv,Tourville,vtourville1v@addtoany.com,Female,Ireland,Ballyboden,-6.3049392,53.3021194
69,Samson,Colly,scolly1w@ebay.co.uk,Male,Ireland,Cavan,-7.297914,54.026345
70,Mireielle,Chamberlin,mchamberlin1x@soundcloud.com,Female,Ireland,Castlemartyr,-8.05,51.9166667
71,Norton,Woolley,nwoolley1y@discovery.com,Male,Ireland,Longwood,-6.2892907,53.310122
72,Eadith,Birwhistle,ebirwhistle1z@behance.net,Female,Ireland,Killorglin,-9.7850991,52.1058991
73,Shaun,Walsh,swalsh20@craigslist.org,Male,Ireland,Cashel,-7.888894,52.516323
74,Even,Dax,edax21@timesonline.co.uk,Bigender,Ireland,Manorhamilton,-8.1722002,54.3051891
75,Helga,Chapple,hchapple22@sohu.com,Female,Ireland,Skibbereen,-9.268589,51.549106
76,Brendan,Ridehalgh,bridehalgh23@twitpic.com,Male,Ireland,Kilkenny,-7.2584,52.655184
77,Dniren,Baiden,dbaiden24@reuters.com,Female,Ireland,Ballymahon,-7.7655701,53.5650926
78,Hodge,Hessing,hhessing25@clickbank.net,Male,Ireland,Listowel,-9.4851741,52.4460804
79,Annabela,Yell,ayell26@bloglines.com,Female,Ireland,Ballinteer,-6.2554371,53.2767301
80,Brig,Ambridge,bambridge27@blogs.com,Male,Ireland,Monaghan,-7.0943023,54.2694844
81,Melany,Pickerill,mpickerill28@yandex.ru,Female,Ireland,Claremorris,-8.334953,51.8610022
82,Carlynne,Duffet,cduffet29@ucoz.com,Female,Ireland,Cabinteely,-6.1603828,53.2599034
83,Syd,Eyeington,seyeington2a@whitehouse.gov,Male,Ireland,Macroom,-8.958931,51.904635
84,Filmer,Dashkovich,fdashkovich2b@dot.gov,Non-binary,Ireland,Bagenalstown,-6.9692181,52.7009338
85,Amble,Burgoine,aburgoine2c@mysql.com,Agender,Ireland,Athlone,-7.9428197,53.4231032
86,Chicky,Aizik,caizik2d@miibeian.gov.cn,Male,Ireland,Kinlough,-6.1136478,53.2121335
87,Margarete,Lawry,mlawry2e@naver.com,Non-binary,Ireland,Dalkey,-6.1072403,53.2780047
88,Aaren,Garrand,agarrand2f@flickr.com,Female,Ireland,Kinsealy-Drinan,-6.1644997,53.4266145
89,Ayn,Freddi,afreddi2g@epa.gov,Female,Ireland,Dromiskin,-6.4008792,53.9215606
90,Astrid,Lisle,alisle2h@paginegialle.it,Non-binary,Ireland,Adare,-6.176659,53.4487975
91,Brunhilda,Lantiffe,blantiffe2i@tuttocitta.it,Female,Ireland,Rathdrum,-6.163027,53.2339841
92,Griz,Baude,gbaude2j@de.vu,Male,Ireland,Prosperous,-6.7515223,53.2888321
93,Kristen,Randales,krandales2k@omniture.com,Female,Ireland,Portumna,-8.2215941,53.0917381
94,Rusty,Breeds,rbreeds2l@nifty.com,Male,Ireland,Manorhamilton,-8.1722002,54.3051891
95,Padraic,Leask,pleask2m@unicef.org,Male,Ireland,Moville,-8.4242597,51.8910459
96,Kimmie,Saturley,ksaturley2n@moonfruit.com,Female,Ireland,Castlebridge,-6.5853664,53.378253
97,Hedda,Eilhersen,heilhersen2o@networksolutions.com,Female,Ireland,Kilcullen,-8.5047067,51.8830697
98,Geri,Tabert,gtabert2p@ucla.edu,Male,Ireland,Dungloe,-6.3695384,53.3734053
99,Stacie,Taggett,staggett2q@bbb.org,Bigender,Ireland,Dunleer,-8.5176583,51.8863277
100,Rowney,Mollon,rmollon2r@t.co,Male,Ireland,Prosperous,-6.7515223,53.2888321
101,Zara,Donaldson,zdonaldson2s@twitter.com,Female,Ireland,Kinnegad,-9.1327273,53.806868
102,Sonni,Pllu,spllu2t@wikia.com,Female,Ireland,Clondalkin,-6.4496384,53.3582341
103,Elvis,McLarens,emclarens2u@google.cn,Male,Ireland,Ashbourne,-6.1215213,53.2724538
104,Winonah,Campelli,wcampelli2v@macromedia.com,Female,Ireland,Longford,-7.8004329,53.7283566
105,Courtenay,Timoney,ctimoney2w@hubpages.com,Female,Ireland,Ballinteer,-6.2554371,53.2767301
106,Aloise,Wheelwright,awheelwright2x@ning.com,Female,Ireland,Gweedore,-9.0288689,53.2737147
107,Waverly,Crowche,wcrowche2y@barnesandnoble.com,Male,Ireland,Clogherhead,-6.2429997,53.7902634
108,Randolph,Albon,ralbon2z@privacy.gov.au,Male,Ireland,Ballymun,-6.264963,53.3897152
109,Calhoun,Cowton,ccowton30@php.net,Polygender,Ireland,Piltown,-6.3025448,53.6920618
110,Geno,Buscombe,gbuscombe31@issuu.com,Male,Ireland,Greenhills,-6.336393,53.3122864
111,Berny,Samples,bsamples32@flavors.me,Female,Ireland,Loughrea,-6.3506335,53.2911347
112,Jerrie,Escalera,jescalera33@shinystat.com,Male,Ireland,Kiltamagh,-8.9949917,53.8533151
113,Addison,Mingardo,amingardo34@nba.com,Agender,Ireland,Donabate,-6.1544115,53.4855448
114,Blinnie,Trevillion,btrevillion35@ning.com,Female,Ireland,Swords,-6.2071246,53.4562426
115,Norina,Victoria,nvictoria36@ehow.com,Female,Ireland,Crumlin,-6.3048641,53.3284298
116,Amos,Meardon,ameardon37@mac.com,Male,Ireland,Valleymount,-6.3077823,53.3655256
117,Shermy,Blagbrough,sblagbrough38@oracle.com,Male,Ireland,Annacotty,-8.5369154,52.6681994
118,Romy,Anshell,ranshell39@nytimes.com,Female,Ireland,Aughrim,-6.366762,53.2987724
119,Gustavo,Tourville,gtourville3a@freewebs.com,Bigender,Ireland,Kiltamagh,-8.9949917,53.8533151
120,Winnie,Streetley,wstreetley3b@ocn.ne.jp,Male,Ireland,Ashbourne,-6.1215213,53.2724538
121,Ingaborg,Dannohl,idannohl3c@discuz.net,Female,Ireland,Bagenalstown,-6.9692181,52.7009338
122,Tam,Redrup,tredrup3d@scribd.com,Male,Ireland,Bantry,-9.448724,51.680591
123,Bastien,Louiset,blouiset3e@dailymotion.com,Male,Ireland,Annacotty,-8.5369154,52.6681994
124,Edgard,Suller,esuller3f@istockphoto.com,Male,Ireland,Ballivor,-6.1191333,53.1915379
125,Georgeanne,Shaefer,gshaefer3g@cpanel.net,Female,Ireland,Eadestown,-6.590926,53.1936864
126,Katey,Mirfin,kmirfin3h@imdb.com,Female,Ireland,Portumna,-8.2215941,53.0917381
127,Muffin,Skipping,mskipping3i@uiuc.edu,Male,Ireland,Cabinteely,-6.1603828,53.2599034
128,Rich,Pellissier,rpellissier3j@pcworld.com,Male,Ireland,Shankill,-6.124065,53.231395
129,Scott,Obal,sobal3k@independent.co.uk,Male,Ireland,Ballyjamesduff,-7.086877,53.8363325
130,Sonny,Forde,sforde3l@chronoengine.com,Female,Ireland,Cavan,-7.297914,54.026345
131,Ignatius,Putland,iputland3m@reuters.com,Male,Ireland,Bailieborough,-6.9711886,53.916791
132,Kinna,Stanislaw,kstanislaw3n@theatlantic.com,Female,Ireland,Ballyjamesduff,-7.086877,53.8363325
133,Fitz,Goudman,fgoudman3o@phoca.cz,Male,Ireland,Donnycarney,-6.218069,53.374266
134,Brook,Marson,bmarson3p@t-online.de,Male,Ireland,Dublin,-6.2427004,53.3347733
135,Merrielle,Duplan,mduplan3q@sphinn.com,Female,Ireland,Gort,-8.9791425,52.8638391
136,Germayne,O'Hanlon,gohanlon3r@phpbb.com,Male,Ireland,Castlepollard,-7.2979911,53.6785169
137,Lois,Muffitt,lmuffitt3s@gnu.org,Female,Ireland,Swords,-6.2071246,53.4562426
138,Gwenneth,De Domenicis,gdedomenicis3t@1688.com,Female,Ireland,Bearna,-6.2340942,53.2993199
139,Brocky,De Witt,bdewitt3u@google.com.hk,Male,Ireland,Castleknock,-9.0248232,53.2760162
140,Cher,MacTrustram,cmactrustram3v@youku.com,Female,Ireland,Enniskerry,-8.9821467,52.8498651
141,Gunilla,Sherrott,gsherrott3w@networkadvertising.org,Female,Ireland,Portarlington,-7.185387,53.158984
142,Alexio,Jobes,ajobes3x@theguardian.com,Male,Ireland,Clogherhead,-6.2429997,53.7902634
143,Tobit,Spurier,tspurier3y@is.gd,Male,Ireland,Ferbane,-8.4824714,51.8862378
144,Malia,Swaffer,mswaffer3z@thetimes.co.uk,Female,Ireland,Kingscourt,-6.2755912,53.3500473
145,Harrie,Swetland,hswetland40@weather.com,Female,Ireland,Confey,-6.5028415,53.3806398
146,Derron,Ivanitsa,divanitsa41@trellian.com,Male,Ireland,Adare,-6.176659,53.4487975
147,Vincent,Novelli,vnovelli42@yahoo.com,Male,Ireland,Ballina,-9.151825,54.11215
148,Bernice,Odd,bodd43@goo.ne.jp,Female,Ireland,Killorglin,-9.7850991,52.1058991
149,Dimitry,Stockall,dstockall44@europa.eu,Male,Ireland,Naas,-6.67045,53.213319
150,Brod,McPhaden,bmcphaden45@ibm.com,Agender,Ireland,Ballinroad,-7.5717688,52.1045472
151,Angus,Besque,abesque46@yellowbook.com,Male,Ireland,Crossmolina,-6.473025,54.0086093
152,Alica,Stockey,astockey47@toplist.cz,Female,Ireland,Arklow,-8.4523258,51.880525
153,Bartel,Zealander,bzealander48@xinhuanet.com,Male,Ireland,Tralee,-7.0833118,52.2413206
154,Laird,Minto,lminto49@cisco.com,Male,Ireland,Prosperous,-6.7515223,53.2888321
155,Ileana,Whitear,iwhitear4a@github.com,Female,Ireland,Sutton,-6.1097188,53.3895926
156,Danya,Ecles,decles4b@w3.org,Male,Ireland,Longford,-7.8004329,53.7283566
157,Tailor,Lount,tlount4c@is.gd,Bigender,Ireland,Donabate,-6.1544115,53.4855448
158,Erek,Axell,eaxell4d@prweb.com,Male,Ireland,Boyle,-8.2969737,53.9735591
159,Floyd,Walley,fwalley4e@scribd.com,Male,Ireland,Templeogue,-6.3219759,53.2976886
160,Hanan,Saltrese,hsaltrese4f@redcross.org,Male,Ireland,Ashford,-6.3828795,53.385304
161,Obie,Ciccottini,ociccottini4g@businessweek.com,Male,Ireland,Milltown,-7.9027266,53.4148582
162,Lavinia,Gowdie,lgowdie4h@gravatar.com,Female,Ireland,Dunmanway,-9.1115941,51.7203863
163,Miltie,Warbrick,mwarbrick4i@baidu.com,Male,Ireland,Ballymahon,-7.7655701,53.5650926
164,Joel,Fitzsimmons,jfitzsimmons4j@a8.net,Male,Ireland,Foxrock,-6.1011147,53.2000455
165,Damiano,Tunsley,dtunsley4k@sfgate.com,Polygender,Ireland,Fairview,-6.4202878,54.0026343
166,Reina,Lapworth,rlapworth4l@google.cn,Female,Ireland,Naas,-6.67045,53.213319
167,Corrina,Tavner,ctavner4m@g.co,Female,Ireland,Oughterard,-6.1406578,53.2886387
168,Cherilynn,Halbeard,chalbeard4n@furl.net,Female,Ireland,Ballinroad,-7.5717688,52.1045472
169,Marget,Erley,merley4o@ocn.ne.jp,Female,Ireland,Sutton,-6.1097188,53.3895926
170,Kayle,Ramsden,kramsden4p@lycos.com,Female,Ireland,Castleblayney,-6.64937,54.10269
171,Ingeborg,Kingshott,ikingshott4q@netscape.com,Genderqueer,Ireland,Kingscourt,-6.2755912,53.3500473
172,Moina,Haggeth,mhaggeth4r@e-recht24.de,Female,Ireland,Ballinroad,-7.5717688,52.1045472
173,Hobie,Fidele,hfidele4s@weebly.com,Male,Ireland,Askeaton,-8.9706844,52.6004448
174,Odey,Pickerin,opickerin4t@geocities.com,Male,Ireland,Ashford,-6.3828795,53.385304
175,Kathy,Jacombs,kjacombs4u@soundcloud.com,Female,Ireland,Milltown,-7.9027266,53.4148582
176,Farleigh,Ullyott,fullyott4v@boston.com,Male,Ireland,Greystones,-6.0704904,53.1286984
177,Edy,Maccree,emaccree4w@homestead.com,Female,Ireland,Edgeworthstown,-7.606287,53.6972399
178,Vincents,Stinton,vstinton4x@bbc.co.uk,Male,Ireland,Donnycarney,-6.218069,53.374266
179,Kriste,Heaford,kheaford4y@dagondesign.com,Female,Ireland,Clifden,-10.022186,53.488087
180,Timofei,Belz,tbelz4z@rambler.ru,Male,Ireland,Raheny,-6.1820563,53.3786861
181,Reiko,Grose,rgrose50@google.com,Female,Ireland,Mullagh,-8.4977746,51.8895954
182,Bel,Wilber,bwilber51@kickstarter.com,Female,Ireland,Navan,-6.313755,53.366736
183,Burk,Coe,bcoe52@comsenz.com,Male,Ireland,Cork,-8.489012,51.923707
184,Dallas,de Voiels,ddevoiels53@mozilla.org,Male,Ireland,Ashford,-6.3828795,53.385304
185,Xylina,Blakeman,xblakeman54@wix.com,Female,Ireland,Manorhamilton,-8.1722002,54.3051891
186,Ron,Ravenshaw,rravenshaw55@histats.com,Genderfluid,Ireland,Newmarket on Fergus,-8.8950821,52.7604883
187,Franklyn,Marthen,fmarthen56@photobucket.com,Male,Ireland,Ballisodare,-8.5070436,54.2109904
188,Ina,Eveling,ieveling57@twitpic.com,Female,Ireland,Enniskerry,-8.9821467,52.8498651
189,Alec,Wollacott,awollacott58@who.int,Male,Ireland,Manorhamilton,-8.1722002,54.3051891
190,Lark,Sutter,lsutter59@bravesites.com,Female,Ireland,Prosperous,-6.7515223,53.2888321
191,Colin,Blanning,cblanning5a@unicef.org,Bigender,Ireland,Dungloe,-6.3695384,53.3734053
192,Ogdon,Lampkin,olampkin5b@google.de,Male,Ireland,Castlerea,-8.6346959,53.7423435
193,Justis,Evershed,jevershed5c@t.co,Male,Ireland,Donabate,-6.1544115,53.4855448
194,Olivette,Matschke,omatschke5d@google.pl,Female,Ireland,Kilcullen,-8.5047067,51.8830697
195,Carmelina,Goodinson,cgoodinson5e@hud.gov,Polygender,Ireland,Kilkenny,-7.2584,52.655184
196,Lari,Phifer,lphifer5f@1688.com,Female,Ireland,Bundoran,-8.2817353,54.4771768
197,Florry,Plevey,fplevey5g@hao123.com,Female,Ireland,Dunmanway,-9.1115941,51.7203863
198,Vaughn,Klainman,vklainman5h@fema.gov,Male,Ireland,Ballinroad,-7.5717688,52.1045472
199,Carissa,Pimblott,cpimblott5i@geocities.com,Female,Ireland,Crossmolina,-6.473025,54.0086093
200,Dorothy,Lloyd-Williams,dlloydwilliams5j@springer.com,Female,Ireland,Skerries,-6.1349155,53.5834008
201,Kiersten,Devote,kdevote5k@technorati.com,Female,Ireland,Greenhills,-6.336393,53.3122864
202,Cynthea,Raistrick,craistrick5l@parallels.com,Female,Ireland,Longwood,-6.2892907,53.310122
203,Sonnie,Campion,scampion5m@drupal.org,Male,Ireland,Kiltamagh,-8.9949917,53.8533151
204,Maisie,Oldroyde,moldroyde5n@mashable.com,Female,Ireland,Cluain Meala,-6.2611953,53.3881832
205,Kissie,Knill,kknill5o@ovh.net,Female,Ireland,Boyle,-8.2969737,53.9735591
206,Maje,Frowing,mfrowing5p@npr.org,Male,Ireland,Ballymahon,-7.7655701,53.5650926
207,Bret,Tebbs,btebbs5q@storify.com,Male,Ireland,Kinsealy-Drinan,-6.1644997,53.4266145
208,Carroll,Etock,cetock5r@yellowpages.com,Female,Ireland,Youghal,-7.8434254,51.949401
209,Nelia,Collingridge,ncollingridge5s@mail.ru,Female,Ireland,Kingscourt,-6.2755912,53.3500473
210,Tamiko,Sarra,tsarra5t@1688.com,Female,Ireland,Castlepollard,-7.2979911,53.6785169
211,Dana,Waywell,dwaywell5u@adobe.com,Female,Ireland,Castlerea,-8.6346959,53.7423435
212,Maribeth,Lints,mlints5v@yahoo.co.jp,Female,Ireland,Longford,-7.8004329,53.7283566
213,Gilberto,Bourges,gbourges5w@surveymonkey.com,Male,Ireland,Youghal,-7.8434254,51.949401
214,Benito,Cowill,bcowill5x@mozilla.com,Male,Ireland,Ballyjamesduff,-7.086877,53.8363325
215,Suzann,Element,selement5y@ycombinator.com,Female,Ireland,Cill Airne,-6.2890702,53.3201497
216,Reed,Iredell,riredell5z@nps.gov,Male,Ireland,Kiltamagh,-8.9949917,53.8533151
217,Tiffie,Leinthall,tleinthall60@unblog.fr,Female,Ireland,Watergrasshill,-8.337871,52.0097259
218,Ramsay,Strain,rstrain61@ox.ac.uk,Male,Ireland,Cabinteely,-6.1603828,53.2599034
219,Ameline,Rourke,arourke62@eepurl.com,Female,Ireland,Portumna,-8.2215941,53.0917381
220,Laurens,Forrestill,lforrestill63@cnbc.com,Male,Ireland,Kiltamagh,-8.9949917,53.8533151
221,Morena,Onthank,monthank64@ca.gov,Female,Ireland,Dromiskin,-6.4008792,53.9215606
222,Cash,Custed,ccusted65@digg.com,Male,Ireland,Clonskeagh,-6.2387374,53.3141205
223,Homer,Esom,hesom66@china.com.cn,Male,Ireland,Blarney,-8.8562835,53.510243
224,Rosy,Gatlin,rgatlin67@aboutads.info,Female,Ireland,Tower,-80.7087609,35.7797381
225,Dorry,Ingleby,dingleby68@icio.us,Female,Ireland,Clones,-7.2314132,54.1794814
226,Borg,Stuchberry,bstuchberry69@slashdot.org,Male,Ireland,Dundrum,-6.2508196,53.2866372
227,Raynor,Honacker,rhonacker6a@umich.edu,Male,Ireland,Monasterevin,-7.0625888,53.1387595
228,Chester,Fillon,cfillon6b@wunderground.com,Male,Ireland,Swords,-6.2071246,53.4562426
229,Trish,Debrick,tdebrick6c@yahoo.com,Female,Ireland,Edgeworthstown,-7.606287,53.6972399
230,Kris,Spurgeon,kspurgeon6d@elegantthemes.com,Female,Ireland,Fairview,-6.4202878,54.0026343
231,Adam,Dumbreck,adumbreck6e@loc.gov,Male,Ireland,Kanturk,-8.9342111,52.182304
232,Martie,Kobke,mkobke6f@sciencedirect.com,Female,Ireland,Ballina,-9.151825,54.11215
233,Cari,Busher,cbusher6g@pcworld.com,Genderqueer,Ireland,Crossmolina,-6.473025,54.0086093
234,Tallou,Skerme,tskerme6h@paginegialle.it,Female,Ireland,Longford,-7.8004329,53.7283566
235,Isabelita,Money,imoney6i@qq.com,Female,Ireland,Muff,-7.269174,55.0650892
236,Gwenette,Marchment,gmarchment6j@eepurl.com,Female,Ireland,Ballylinan,-7.0472382,52.9480781
237,Micaela,Petow,mpetow6k@tinypic.com,Female,Ireland,Balally,-6.5899765,52.176031
238,Thomasa,Sandys,tsandys6l@gnu.org,Female,Ireland,Tullamore,-7.518792,53.284466
239,Charis,Lagneaux,clagneaux6m@cnet.com,Female,Ireland,Ballylinan,-7.0472382,52.9480781
240,Winny,Maycock,wmaycock6n@4shared.com,Female,Ireland,Kinsale,-6.251714,53.3169419
241,Glynn,Flory,gflory6o@umn.edu,Non-binary,Ireland,Arklow,-8.4523258,51.880525
242,Ninnette,Neward,nneward6p@google.it,Female,Ireland,Dunlewy,-6.1157412,53.2774963
243,Phillipp,Havard,phavard6q@scribd.com,Male,Ireland,Castlebridge,-6.5853664,53.378253
244,Christiana,Card,ccard6r@independent.co.uk,Female,Ireland,Dunlewy,-6.1157412,53.2774963
245,Amerigo,Skene,askene6s@google.ca,Male,Ireland,Castlemartyr,-8.05,51.9166667
246,Cynthie,Huws,chuws6t@tiny.cc,Non-binary,Ireland,Glasnevin,-6.266734,53.3829319
247,Robinette,Probert,rprobert6u@parallels.com,Female,Ireland,Foxrock,-6.1011147,53.2000455
248,Del,Waddy,dwaddy6v@marketwatch.com,Male,Ireland,Cill Airne,-6.2890702,53.3201497
249,Lavena,Rootes,lrootes6w@topsy.com,Female,Ireland,Kill,-6.5924609,53.2482376
250,Kennan,Ravenscraft,kravenscraft6x@virginia.edu,Male,Ireland,Athy,-6.9858993,53.0018699
251,Corinne,Ruzek,cruzek6y@imgur.com,Female,Ireland,Kill,-6.5924609,53.2482376
252,Nataline,Ferre,nferre6z@salon.com,Female,Ireland,Rathangan,-6.9898366,53.2265199
253,Hugues,Tchaikovsky,htchaikovsky70@nydailynews.com,Male,Ireland,Cork,-8.489012,51.923707
254,Bettine,Minucci,bminucci71@qq.com,Female,Ireland,Rathangan,-6.9898366,53.2265199
255,Maitilde,Kielty,mkielty72@dot.gov,Female,Ireland,Edgeworthstown,-7.606287,53.6972399
256,Benny,Yexley,byexley73@tinypic.com,Male,Ireland,Cashel,-7.888894,52.516323
257,Allard,Ambrosio,aambrosio74@youku.com,Male,Ireland,Castlebellingham,-6.391149,53.8996586
258,Philly,Saward,psaward75@live.com,Female,Ireland,Portumna,-8.2215941,53.0917381
259,Andy,Dugood,adugood76@dion.ne.jp,Genderfluid,Ireland,Rathdrum,-6.163027,53.2339841
260,Lauren,Bambrugh,lbambrugh77@reddit.com,Male,Ireland,Bagenalstown,-6.9692181,52.7009338
261,Charmine,Cogar,ccogar78@cisco.com,Female,Ireland,Midleton,-8.1722173,51.9138694
262,Estrellita,Tzarkov,etzarkov79@furl.net,Female,Ireland,Glasnevin,-6.266734,53.3829319
263,Biddy,Jahndel,bjahndel7a@bing.com,Female,Ireland,Bailieborough,-6.9711886,53.916791
264,Monte,Woolatt,mwoolatt7b@sogou.com,Male,Ireland,Dún Laoghaire,-6.133718,53.291512
265,Waverley,Lening,wlening7c@soundcloud.com,Male,Ireland,Cloyne,-6.2398782,53.32112
266,Cory,Feak,cfeak7d@1688.com,Female,Ireland,Cluain Meala,-6.2611953,53.3881832
267,Findley,Simonnet,fsimonnet7e@virginia.edu,Male,Ireland,Tullamore,-7.518792,53.284466
268,Rhys,Cornely,rcornely7f@furl.net,Male,Ireland,Gort,-8.9791425,52.8638391
269,Stern,McCaffrey,smccaffrey7g@last.fm,Male,Ireland,Ballinteer,-6.2554371,53.2767301
270,Lavinia,Schettini,lschettini7h@godaddy.com,Female,Ireland,Crumlin,-6.3048641,53.3284298
271,Baudoin,Fyldes,bfyldes7i@privacy.gov.au,Male,Ireland,Cork,-8.489012,51.923707
272,Stearne,Pickwell,spickwell7j@theglobeandmail.com,Male,Ireland,Drumcondra,-8.445614,51.8885086
273,Fernandina,Gamage,fgamage7k@g.co,Female,Ireland,Rathwire,-7.145971,53.508326
274,Rosanna,Shipway,rshipway7l@about.me,Female,Ireland,Carrigaline,-8.3929404,51.8113447
275,Giavani,Katzmann,gkatzmann7m@smh.com.au,Male,Ireland,Donnycarney,-6.218069,53.374266
276,Callie,Stoute,cstoute7n@bravesites.com,Female,Ireland,Adare,-6.176659,53.4487975
277,Janaye,Jonsson,jjonsson7o@feedburner.com,Female,Ireland,Dunleer,-8.5176583,51.8863277
278,Ignazio,Babe,ibabe7p@purevolume.com,Male,Ireland,Askeaton,-8.9706844,52.6004448
279,Mathilda,Moxson,mmoxson7q@xing.com,Female,Ireland,Ashbourne,-6.1215213,53.2724538
280,Brewster,Skpsey,bskpsey7r@pinterest.com,Male,Ireland,Ballinroad,-7.5717688,52.1045472
281,Raynard,Dumbleton,rdumbleton7s@ycombinator.com,Bigender,Ireland,Blessington,-8.5111664,51.8858819
282,Kienan,Lyfield,klyfield7t@123-reg.co.uk,Male,Ireland,Longwood,-6.2892907,53.310122
283,Germaine,Thrift,gthrift7u@desdev.cn,Male,Ireland,Sutton,-6.1097188,53.3895926
284,Siobhan,Radband,sradband7v@microsoft.com,Female,Ireland,Bundoran,-8.2817353,54.4771768
285,Welby,Tremain,wtremain7w@ox.ac.uk,Male,Ireland,Clones,-7.2314132,54.1794814
286,Dugald,Montes,dmontes7x@redcross.org,Male,Ireland,Manorhamilton,-8.1722002,54.3051891
287,Allsun,Birkinshaw,abirkinshaw7y@umich.edu,Female,Ireland,Thomastown,-6.7434401,53.2229873
288,Raimondo,Milksop,rmilksop7z@4shared.com,Male,Ireland,Blessington,-8.5111664,51.8858819
289,Chryste,Midgley,cmidgley80@gmpg.org,Female,Ireland,Cavan,-7.297914,54.026345
290,Edeline,Reay,ereay81@lulu.com,Female,Ireland,Kanturk,-8.9342111,52.182304
291,Frederigo,Tremelling,ftremelling82@bravesites.com,Male,Ireland,Old Kilcullen,-6.7449927,53.1310185
292,Nettle,Loveridge,nloveridge83@umich.edu,Female,Ireland,Bayside,-9.1097137,53.2582868
293,Scottie,Lochran,slochran84@businesswire.com,Male,Ireland,Donnycarney,-6.218069,53.374266
294,Fallon,Dosdale,fdosdale85@sfgate.com,Female,Ireland,Stradbally,-8.5054897,52.7107501
295,Connie,Hazlegrove,chazlegrove86@hugedomains.com,Male,Ireland,Dún Laoghaire,-6.133718,53.291512
296,Barn,Stamps,bstamps87@altervista.org,Male,Ireland,Tower,-80.7087609,35.7797381
297,Guenevere,Forten,gforten88@desdev.cn,Female,Ireland,Donabate,-6.1544115,53.4855448
298,Garrot,Gainfort,ggainfort89@marketwatch.com,Polygender,Ireland,Clogherhead,-6.2429997,53.7902634
299,Crista,O'Hern,cohern8a@dedecms.com,Female,Ireland,Ashford,-6.3828795,53.385304
300,Maryl,Byrnes,mbyrnes8b@domainmarket.com,Female,Ireland,Bagenalstown,-6.9692181,52.7009338
301,Dotty,Stiffell,dstiffell8c@de.vu,Female,Ireland,Ballyjamesduff,-7.086877,53.8363325
302,Jeffrey,Farnham,jfarnham8d@bing.com,Male,Ireland,Kinnegad,-9.1327273,53.806868
303,Chester,Cothey,ccothey8e@gizmodo.com,Male,Ireland,Kill,-6.5924609,53.2482376
304,Alysia,Bonafacino,abonafacino8f@usatoday.com,Female,Ireland,Ballina,-9.151825,54.11215
305,Loria,Glasser,lglasser8g@senate.gov,Female,Ireland,Monkstown,-8.9775014,52.8314927
306,Dominique,Archard,darchard8h@dedecms.com,Polygender,Ireland,Castleblayney,-6.64937,54.10269
307,Dodie,Temperton,dtemperton8i@sfgate.com,Female,Ireland,Caherconlish,-8.3545704,52.5593605
308,Linn,Gaskins,lgaskins8j@icio.us,Male,Ireland,Ferbane,-8.4824714,51.8862378
309,Matty,Keford,mkeford8k@ca.gov,Male,Ireland,Castlerea,-8.6346959,53.7423435
310,Evin,Walbridge,ewalbridge8l@yolasite.com,Male,Ireland,Caherconlish,-8.3545704,52.5593605
311,Mozelle,Ible,mible8m@phpbb.com,Female,Ireland,Shankill,-6.124065,53.231395
312,Corrie,Iacovolo,ciacovolo8n@wordpress.com,Genderfluid,Ireland,Naas,-6.67045,53.213319
313,Konstantine,Vondrasek,kvondrasek8o@digg.com,Male,Ireland,Balrothery,-6.1884248,53.5879156
314,Lorenzo,De Brett,ldebrett8p@domainmarket.com,Male,Ireland,Longford,-7.8004329,53.7283566
315,Joyous,Anton,janton8q@slate.com,Female,Ireland,Templeogue,-6.3219759,53.2976886
316,Ives,Densie,idensie8r@hugedomains.com,Male,Ireland,Watergrasshill,-8.337871,52.0097259
317,Joyann,Jiras,jjiras8s@unesco.org,Female,Ireland,Castlepollard,-7.2979911,53.6785169
318,Cristina,Fourmy,cfourmy8t@rakuten.co.jp,Female,Ireland,Granard,-7.5011999,53.776647
319,Honor,Kochs,hkochs8u@icq.com,Female,Ireland,Kilkenny,-7.2584,52.655184
320,Melvin,Essery,messery8v@about.me,Genderfluid,Ireland,Birr,-7.9139891,53.0949398
321,Phil,Jime,pjime8w@columbia.edu,Male,Ireland,Shankill,-6.124065,53.231395
322,Anabella,Gunstone,agunstone8x@ehow.com,Female,Ireland,Bantry,-9.448724,51.680591
323,Fonsie,Kennerknecht,fkennerknecht8y@ocn.ne.jp,Genderqueer,Ireland,Gweedore,-9.0288689,53.2737147
324,Husain,Bimrose,hbimrose8z@jiathis.com,Male,Ireland,Bailieborough,-6.9711886,53.916791
325,Rivy,Strettell,rstrettell90@amazon.com,Female,Ireland,Farranacoush,-8.5171384,51.876873
326,Ettore,Leale,eleale91@japanpost.jp,Male,Ireland,Annacotty,-8.5369154,52.6681994
327,Liane,Rizziello,lrizziello92@yahoo.com,Female,Ireland,Tallaght,-6.3660863,53.2874153
328,Cristian,Sainsbury,csainsbury93@qq.com,Male,Ireland,Kildare,-6.9140788,53.169971
329,Pooh,Gerrie,pgerrie94@xing.com,Female,Ireland,Ballinteer,-6.2554371,53.2767301
330,Silva,Setchell,ssetchell95@pinterest.com,Female,Ireland,Manorhamilton,-8.1722002,54.3051891
331,Aggie,Hollington,ahollington96@foxnews.com,Agender,Ireland,Kill,-6.5924609,53.2482376
332,Hardy,Dows,hdows97@redcross.org,Male,Ireland,Balrothery,-6.1884248,53.5879156
333,Lanny,MacTerrelly,lmacterrelly98@amazon.com,Male,Ireland,Ratoath,-6.4671298,53.5050031
334,Cal,Izhak,cizhak99@photobucket.com,Female,Ireland,Killumney,-8.6340751,52.6638144
335,Wyatan,Faichney,wfaichney9a@myspace.com,Male,Ireland,Longwood,-6.2892907,53.310122
336,Nesta,McIver,nmciver9b@parallels.com,Female,Ireland,Kanturk,-8.9342111,52.182304
337,Abbie,Montez,amontez9c@live.com,Agender,Ireland,Castlebellingham,-6.391149,53.8996586
338,Caria,Coucha,ccoucha9d@artisteer.com,Female,Ireland,Dunleer,-8.5176583,51.8863277
339,Karon,Enriquez,kenriquez9e@webnode.com,Female,Ireland,Gweedore,-9.0288689,53.2737147
340,Ofelia,Rowthorn,orowthorn9f@china.com.cn,Genderqueer,Ireland,Kiltamagh,-8.9949917,53.8533151
341,Cecilla,Basham,cbasham9g@blogger.com,Female,Ireland,Sandyford,-6.3422325,53.719155
342,Leeland,Morrall,lmorrall9h@delicious.com,Genderfluid,Ireland,Donnybrook,-6.2324705,53.3177535
343,Karoly,McCamish,kmccamish9i@shinystat.com,Female,Ireland,Shankill,-6.124065,53.231395
344,Adriana,Greenhaugh,agreenhaugh9j@list-manage.com,Female,Ireland,Midleton,-8.1722173,51.9138694
345,Bron,Overthrow,boverthrow9k@marriott.com,Male,Ireland,Ratoath,-6.4671298,53.5050031
346,Kipp,Stiddard,kstiddard9l@goodreads.com,Female,Ireland,Ballylinan,-7.0472382,52.9480781
347,Patsy,Pedrol,ppedrol9m@purevolume.com,Male,Ireland,Daingean,-7.1297243,52.2509369
348,Gideon,O'Dreain,godreain9n@dagondesign.com,Male,Ireland,Stradbally,-8.5054897,52.7107501
349,Percival,Neissen,pneissen9o@blinklist.com,Male,Ireland,Muff,-7.269174,55.0650892
350,Viki,Oller,voller9p@phoca.cz,Female,Ireland,Caherconlish,-8.3545704,52.5593605
351,Mose,Trout,mtrout9q@plala.or.jp,Male,Ireland,Donnycarney,-6.218069,53.374266
352,Gardie,Whitnell,gwhitnell9r@amazon.co.jp,Male,Ireland,Dungloe,-6.3695384,53.3734053
353,Pepe,Guisot,pguisot9s@sourceforge.net,Male,Ireland,Aghada,-8.4627451,54.25645
354,Candi,Atterley,catterley9t@goo.ne.jp,Female,Ireland,Dungarvan,-6.1822287,53.3788495
355,Dex,Gearty,dgearty9u@weather.com,Male,Ireland,Valleymount,-6.3077823,53.3655256
356,Cheryl,Blasiak,cblasiak9v@technorati.com,Female,Ireland,Annacotty,-8.5369154,52.6681994
357,Trace,Huntall,thuntall9w@oakley.com,Male,Ireland,Swords,-6.2071246,53.4562426
358,Ailene,Good,agood9x@archive.org,Female,Ireland,Cherryville,-7.1111732,52.2513095
359,Ashlee,Simson,asimson9y@unblog.fr,Female,Ireland,Castlerea,-8.6346959,53.7423435
360,Omero,Liepmann,oliepmann9z@livejournal.com,Male,Ireland,Lusk,-6.1535181,53.5220275
361,Al,Butler,abutlera0@mtv.com,Male,Ireland,Granard,-7.5011999,53.776647
362,Maye,Brewse,mbrewsea1@chicagotribune.com,Female,Ireland,Fermoy,-9.5003786,52.4458588
363,Elwood,Streeton,estreetona2@vinaora.com,Genderqueer,Ireland,Muff,-7.269174,55.0650892
364,Kacy,Grzelczyk,kgrzelczyka3@dropbox.com,Female,Ireland,Caherconlish,-8.3545704,52.5593605
365,Panchito,Michelin,pmichelina4@toplist.cz,Male,Ireland,Portumna,-8.2215941,53.0917381
366,Janelle,McReedy,jmcreedya5@rambler.ru,Female,Ireland,Cill Airne,-6.2890702,53.3201497
367,Elliot,Greene,egreenea6@hibu.com,Male,Ireland,Dungarvan,-6.1822287,53.3788495
368,Dalton,Bruineman,dbruinemana7@infoseek.co.jp,Male,Ireland,Dublin,-6.2427004,53.3347733
369,Dionne,Andrini,dandrinia8@hatena.ne.jp,Female,Ireland,Cork,-8.489012,51.923707
370,Frederic,Bazelle,fbazellea9@statcounter.com,Male,Ireland,Ballymahon,-7.7655701,53.5650926
371,Nonah,Fruser,nfruseraa@gov.uk,Female,Ireland,Moville,-8.4242597,51.8910459
372,Kyle,Ferraron,kferraronab@reference.com,Male,Ireland,Birr,-7.9139891,53.0949398
373,Ronny,Verdun,rverdunac@people.com.cn,Male,Ireland,Birr,-7.9139891,53.0949398
374,Nico,Collier,ncollierad@vistaprint.com,Male,Ireland,Longford,-7.8004329,53.7283566
375,Barbey,Wells,bwellsae@live.com,Female,Ireland,Castlepollard,-7.2979911,53.6785169
376,Gorden,Stillert,gstillertaf@pcworld.com,Male,Ireland,Dungarvan,-6.1822287,53.3788495
377,Ignazio,Benini,ibeniniag@fotki.com,Male,Ireland,Moate,-6.1942058,53.3604483
378,Valina,Babbs,vbabbsah@parallels.com,Female,Ireland,Dungarvan,-6.1822287,53.3788495
379,Warner,Pike,wpikeai@yelp.com,Male,Ireland,Moate,-6.1942058,53.3604483
380,Gabe,Webley,gwebleyaj@pagesperso-orange.fr,Male,Ireland,Old Kilcullen,-6.7449927,53.1310185
381,Sherlock,Poynor,spoynorak@paginegialle.it,Male,Ireland,Glasnevin,-6.266734,53.3829319
382,Diena,Leyfield,dleyfieldal@myspace.com,Female,Ireland,Kill,-6.5924609,53.2482376
383,Curt,Camacho,ccamachoam@stumbleupon.com,Male,Ireland,Cork,-8.489012,51.923707
384,Sheila,Barton,sbartonan@zimbio.com,Female,Ireland,Trá Mhór,-9.0197835,53.2736466
385,Keefer,McTrustram,kmctrustramao@bigcartel.com,Male,Ireland,Ballina,-9.151825,54.11215
386,Stafani,Gehring,sgehringap@latimes.com,Female,Ireland,Kanturk,-8.9342111,52.182304
387,Egbert,Barks,ebarksaq@narod.ru,Male,Ireland,Tower,-80.7087609,35.7797381
388,Terencio,Euston,teustonar@youtu.be,Male,Ireland,Raphoe,-8.2755058,52.2627273
389,Chris,Fidell,cfidellas@illinois.edu,Female,Ireland,Moate,-6.1942058,53.3604483
390,Dani,Brambell,dbrambellat@dagondesign.com,Male,Ireland,Midleton,-8.1722173,51.9138694
391,Lula,Qualtro,lqualtroau@jiathis.com,Female,Ireland,Donnycarney,-6.218069,53.374266
392,Lucien,Croote,lcrooteav@dyndns.org,Agender,Ireland,Tullyallen,-6.4241156,53.7369009
393,Frederico,Blackaller,fblackalleraw@alibaba.com,Male,Ireland,Askeaton,-8.9706844,52.6004448
394,Raimund,Elwin,relwinax@toplist.cz,Male,Ireland,Booterstown,-6.1979853,53.3046353
395,Cullen,Toal,ctoalay@china.com.cn,Male,Ireland,Piltown,-6.3025448,53.6920618
396,Clerkclaude,Buncombe,cbuncombeaz@squarespace.com,Male,Ireland,Crossmolina,-6.473025,54.0086093
397,Moselle,Turley,mturleyb0@ifeng.com,Female,Ireland,Dunlewy,-6.1157412,53.2774963
398,Nevil,Wolfer,nwolferb1@state.tx.us,Male,Ireland,Charlesland,-6.0690645,53.1257486
399,Fancy,Angless,fanglessb2@is.gd,Female,Ireland,Cill Airne,-6.2890702,53.3201497
400,Abbott,Brownbill,abrownbillb3@sitemeter.com,Male,Ireland,Sallins,-6.6633404,53.2492381
401,Eran,Litton,elittonb4@europa.eu,Female,Ireland,Mullagh,-8.4977746,51.8895954
402,Joeann,Aleevy,jaleevyb5@topsy.com,Female,Ireland,Ballylinan,-7.0472382,52.9480781
403,Hadley,Goskar,hgoskarb6@hatena.ne.jp,Male,Ireland,Blarney,-8.8562835,53.510243
404,Dominique,Revel,drevelb7@ow.ly,Male,Ireland,Gorey,-6.308522,52.665267
405,Graig,Fruchter,gfruchterb8@artisteer.com,Male,Ireland,Gorey,-6.308522,52.665267
406,Carie,Mourgue,cmourgueb9@scientificamerican.com,Female,Ireland,Templeogue,-6.3219759,53.2976886
407,Nickolaus,Knock,nknockba@tinypic.com,Male,Ireland,Dún Laoghaire,-6.133718,53.291512
408,Peri,Proudley,pproudleybb@bloomberg.com,Genderqueer,Ireland,Naas,-6.67045,53.213319
409,Estell,Vale,evalebc@sakura.ne.jp,Female,Ireland,Dundrum,-6.2508196,53.2866372
410,Evvie,Senton,esentonbd@apple.com,Female,Ireland,Dunleer,-8.5176583,51.8863277
411,Tybalt,Stang-Gjertsen,tstanggjertsenbe@virginia.edu,Male,Ireland,Kildare,-6.9140788,53.169971
412,Yolane,Romaint,yromaintbf@businesswire.com,Polygender,Ireland,Aghada,-8.4627451,54.25645
413,Dacy,Nesbit,dnesbitbg@dot.gov,Female,Ireland,Sutton,-6.1097188,53.3895926
414,Bette,Dubble,bdubblebh@privacy.gov.au,Female,Ireland,Gweedore,-9.0288689,53.2737147
415,Sancho,Palia,spaliabi@sakura.ne.jp,Male,Ireland,Kingscourt,-6.2755912,53.3500473
416,Flynn,Haynesford,fhaynesfordbj@surveymonkey.com,Male,Ireland,Cill Airne,-6.2890702,53.3201497
417,Gerhard,Beadles,gbeadlesbk@ucoz.ru,Male,Ireland,Boyle,-8.2969737,53.9735591
418,Frank,Waddy,fwaddybl@nature.com,Genderqueer,Ireland,Ardee,-8.4784945,51.8815586
419,Brnaba,Gradon,bgradonbm@360.cn,Male,Ireland,Dunmanway,-9.1115941,51.7203863
420,Katharine,Christofle,kchristoflebn@answers.com,Female,Ireland,Carrigaline,-8.3929404,51.8113447
421,Hi,McNess,hmcnessbo@gravatar.com,Male,Ireland,Cabinteely,-6.1603828,53.2599034
422,Noby,Andersen,nandersenbp@bizjournals.com,Male,Ireland,Castleblayney,-6.64937,54.10269
423,Beverlee,Klehn,bklehnbq@1688.com,Female,Ireland,Coolock,-6.1920933,53.3916434
424,Aubree,Yancey,ayanceybr@facebook.com,Female,Ireland,Swinford,-8.9480659,53.940892
425,Lydie,Jerzycowski,ljerzycowskibs@hhs.gov,Female,Ireland,Kill,-6.5924609,53.2482376
426,Pauline,Larner,plarnerbt@sbwire.com,Genderfluid,Ireland,Kildare,-6.9140788,53.169971
427,Melodie,Anwyl,manwylbu@whitehouse.gov,Female,Ireland,Donegal,-8.5946591,54.632283
428,Livvy,Heims,lheimsbv@cdbaby.com,Female,Ireland,Youghal,-7.8434254,51.949401
429,Alon,Moughtin,amoughtinbw@woothemes.com,Male,Ireland,Trá Mhór,-9.0197835,53.2736466
430,Gerry,Stallwood,gstallwoodbx@google.com.hk,Female,Ireland,Muff,-7.269174,55.0650892
431,Opalina,Pregal,opregalby@weibo.com,Female,Ireland,Muff,-7.269174,55.0650892
432,Lorettalorna,Laffranconi,llaffranconibz@vimeo.com,Female,Ireland,Greystones,-6.0704904,53.1286984
433,Saunders,Heathcott,sheathcottc0@deliciousdays.com,Male,Ireland,Ratoath,-6.4671298,53.5050031
434,Denys,Godbert,dgodbertc1@theguardian.com,Genderqueer,Ireland,Dundrum,-6.2508196,53.2866372
435,Wadsworth,Pressey,wpresseyc2@nsw.gov.au,Male,Ireland,Rathangan,-6.9898366,53.2265199
436,Stephi,Partrick,spartrickc3@mapquest.com,Female,Ireland,Aughrim,-6.366762,53.2987724
437,Jarrett,Southerden,jsoutherdenc4@ox.ac.uk,Male,Ireland,Cobh,-8.298942,51.848898
438,Hamil,Diprose,hdiprosec5@gravatar.com,Male,Ireland,Gorey,-6.308522,52.665267
439,Oralia,Cavil,ocavilc6@multiply.com,Female,Ireland,Kiltamagh,-8.9949917,53.8533151
440,Mei,Offer,mofferc7@e-recht24.de,Female,Ireland,Bailieborough,-6.9711886,53.916791
441,Lothaire,Hugin,lhuginc8@wix.com,Male,Ireland,Sutton,-6.1097188,53.3895926
442,Devinne,Lippini,dlippinic9@businessinsider.com,Female,Ireland,Tullyallen,-6.4241156,53.7369009
443,Arley,Scriven,ascrivenca@patch.com,Male,Ireland,Loughrea,-6.3506335,53.2911347
444,Kendrick,Cottingham,kcottinghamcb@webeden.co.uk,Male,Ireland,Dublin,-6.2427004,53.3347733
445,Branden,Syalvester,bsyalvestercc@google.ca,Male,Ireland,Ballybofey,-7.74208,54.70972
446,Kip,Sooper,ksoopercd@tuttocitta.it,Male,Ireland,Kinlough,-6.1136478,53.2121335
447,Ximenez,Admans,xadmansce@livejournal.com,Male,Ireland,Raphoe,-8.2755058,52.2627273
448,Ruy,Liven,rlivencf@bravesites.com,Male,Ireland,Kiltamagh,-8.9949917,53.8533151
449,Robenia,Rushbury,rrushburycg@gizmodo.com,Female,Ireland,Dunmanway,-9.1115941,51.7203863
450,Levi,Lintall,llintallch@nature.com,Male,Ireland,Tallaght,-6.3660863,53.2874153
451,Kristyn,Hawick,khawickci@example.com,Female,Ireland,Carrigtwohill,-8.259128,51.908209
452,Joseito,Druce,jdrucecj@irs.gov,Male,Ireland,Monasterevin,-7.0625888,53.1387595
453,Morry,Dinnington,mdinningtonck@home.pl,Male,Ireland,Dungloe,-6.3695384,53.3734053
454,Raffaello,Bogie,rbogiecl@i2i.jp,Agender,Ireland,Swords,-6.2071246,53.4562426
455,Devondra,Thormwell,dthormwellcm@bloglines.com,Female,Ireland,Swords,-6.2071246,53.4562426
456,Raina,Jone,rjonecn@weibo.com,Female,Ireland,Moville,-8.4242597,51.8910459
457,Charlotta,Drillingcourt,cdrillingcourtco@businessinsider.com,Female,Ireland,Coolock,-6.1920933,53.3916434
458,Ajay,Wallbridge,awallbridgecp@reddit.com,Female,Ireland,Watergrasshill,-8.337871,52.0097259
459,Jerome,Swatton,jswattoncq@illinois.edu,Male,Ireland,Carrigaline,-8.3929404,51.8113447
460,Nike,Loxley,nloxleycr@washingtonpost.com,Female,Ireland,Birr,-7.9139891,53.0949398
461,Simmonds,Van Castele,svancastelecs@dailymotion.com,Male,Ireland,Fairview,-6.4202878,54.0026343
462,Iago,Siveter,isiveterct@icq.com,Male,Ireland,Crossmolina,-6.473025,54.0086093
463,Neron,Quaife,nquaifecu@51.la,Male,Ireland,Lusk,-6.1535181,53.5220275
464,Eileen,Ivanisov,eivanisovcv@photobucket.com,Female,Ireland,Kingscourt,-6.2755912,53.3500473
465,Lynne,Sarl,lsarlcw@disqus.com,Female,Ireland,Bearna,-6.2340942,53.2993199
466,Chiquia,Glozman,cglozmancx@marketwatch.com,Female,Ireland,Loughrea,-6.3506335,53.2911347
467,Kennedy,Waitland,kwaitlandcy@macromedia.com,Male,Ireland,Eadestown,-6.590926,53.1936864
468,Xenia,Streight,xstreightcz@flavors.me,Female,Ireland,Cobh,-8.298942,51.848898
469,Chelsae,Van Der Straaten,cvanderstraatend0@patch.com,Female,Ireland,Trá Mhór,-9.0197835,53.2736466
470,Leroy,Druitt,ldruittd1@shinystat.com,Male,Ireland,Bagenalstown,-6.9692181,52.7009338
471,Lucienne,Vickarman,lvickarmand2@xing.com,Female,Ireland,Charlesland,-6.0690645,53.1257486
472,Darb,Ife,difed3@aol.com,Male,Ireland,Mullagh,-8.4977746,51.8895954
473,Darbee,Crat,dcratd4@unesco.org,Male,Ireland,Bailieborough,-6.9711886,53.916791
474,Frayda,Otterwell,fotterwelld5@hatena.ne.jp,Female,Ireland,Ashbourne,-6.1215213,53.2724538
475,Granthem,Golsthorp,ggolsthorpd6@xrea.com,Male,Ireland,Longwood,-6.2892907,53.310122
476,Joane,Loffhead,jloffheadd7@wordpress.org,Female,Ireland,Templeogue,-6.3219759,53.2976886
477,Dana,Dearn,ddearnd8@salon.com,Male,Ireland,Castlebellingham,-6.391149,53.8996586
478,Bennie,Melchior,bmelchiord9@opensource.org,Male,Ireland,Balally,-6.5899765,52.176031
479,Sheba,MacGorley,smacgorleyda@github.com,Female,Ireland,Aghada,-8.4627451,54.25645
480,Dede,Ambroix,dambroixdb@yahoo.com,Female,Ireland,Cherryville,-7.1111732,52.2513095
481,Chantal,McGillacoell,cmcgillacoelldc@nps.gov,Female,Ireland,Piltown,-6.3025448,53.6920618
482,Edy,Pepye,epepyedd@pen.io,Female,Ireland,Eadestown,-6.590926,53.1936864
483,Tessie,Wilmot,twilmotde@springer.com,Female,Ireland,Granard,-7.5011999,53.776647
484,Mahmud,Humes,mhumesdf@360.cn,Male,Ireland,Ratoath,-6.4671298,53.5050031
485,Jill,Bartoszinski,jbartoszinskidg@chicagotribune.com,Genderfluid,Ireland,Cavan,-7.297914,54.026345
486,Cleon,Oki,cokidh@blinklist.com,Male,Ireland,Youghal,-7.8434254,51.949401
487,Izabel,Alder,ialderdi@woothemes.com,Female,Ireland,Dún Laoghaire,-6.133718,53.291512
488,Robinet,Keyme,rkeymedj@unesco.org,Male,Ireland,Ballybofey,-7.74208,54.70972
489,Koressa,Cartmael,kcartmaeldk@prweb.com,Female,Ireland,Ballivor,-6.1191333,53.1915379
490,Maud,Bester,mbesterdl@java.com,Female,Ireland,Blessington,-8.5111664,51.8858819
491,Hermine,Cosser,hcosserdm@mozilla.org,Female,Ireland,Kanturk,-8.9342111,52.182304
492,Findlay,Eyckelberg,feyckelbergdn@nba.com,Male,Ireland,Bearna,-6.2340942,53.2993199
493,Salvador,Benardet,sbenardetdo@alexa.com,Male,Ireland,Killorglin,-9.7850991,52.1058991
494,Harland,Iacomettii,hiacomettiidp@ovh.net,Male,Ireland,Boyle,-8.2969737,53.9735591
495,Allistir,Postans,apostansdq@archive.org,Agender,Ireland,Moville,-8.4242597,51.8910459
496,Janet,Mangon,jmangondr@army.mil,Female,Ireland,Cabinteely,-6.1603828,53.2599034
497,Killian,Labarre,klabarreds@usa.gov,Male,Ireland,Oranmore,-9.7359765,54.1433253
498,Eileen,Hovell,ehovelldt@mozilla.com,Female,Ireland,Balally,-6.5899765,52.176031
499,Candi,McTurk,cmcturkdu@usda.gov,Female,Ireland,Shankill,-6.124065,53.231395
500,Berte,O Sullivan,bosullivandv@wired.com,Female,Ireland,Monkstown,-8.9775014,52.8314927
501,Hannah,Wyvill,hwyvilldw@globo.com,Female,Ireland,Carrigtwohill,-8.259128,51.908209
502,Horatio,Sketcher,hsketcherdx@webeden.co.uk,Male,Ireland,Monasterevin,-7.0625888,53.1387595
503,Joella,Shrieve,jshrievedy@alibaba.com,Genderqueer,Ireland,Ballinroad,-7.5717688,52.1045472
504,Petra,Thorneley,pthorneleydz@nhs.uk,Female,Ireland,Kinlough,-6.1136478,53.2121335
505,Gussie,Linder,glindere0@google.com,Female,Ireland,Macroom,-8.958931,51.904635
506,Kalle,Batram,kbatrame1@deviantart.com,Male,Ireland,Kinsealy-Drinan,-6.1644997,53.4266145
507,Haslett,Grindrod,hgrindrode2@businesswire.com,Male,Ireland,Rathdrum,-6.163027,53.2339841
508,Con,Wermerling,cwermerlinge3@loc.gov,Female,Ireland,Clonskeagh,-6.2387374,53.3141205
509,Meyer,Purvess,mpurvesse4@indiatimes.com,Male,Ireland,Dungloe,-6.3695384,53.3734053
510,Karlis,Sahlstrom,ksahlstrome5@canalblog.com,Male,Ireland,Athy,-6.9858993,53.0018699
511,Sybyl,Plak,splake6@about.com,Female,Ireland,Farranacoush,-8.5171384,51.876873
512,Lenee,Huff,lhuffe7@usa.gov,Female,Ireland,Nenagh,-8.2001004,52.86326
513,Maisey,Faich,mfaiche8@answers.com,Female,Ireland,Midleton,-8.1722173,51.9138694
514,Shay,Haddick,shaddicke9@cdc.gov,Male,Ireland,Dunlewy,-6.1157412,53.2774963
515,Nikoletta,Cheyenne,ncheyenneea@amazon.co.jp,Female,Ireland,Longford,-7.8004329,53.7283566
516,Abra,Radclyffe,aradclyffeeb@wikipedia.org,Non-binary,Ireland,Skerries,-6.1349155,53.5834008
517,Casper,Joannic,cjoannicec@sina.com.cn,Male,Ireland,Dunleer,-8.5176583,51.8863277
518,Stacia,Tofpik,stofpiked@canalblog.com,Female,Ireland,Malahide,-6.1479779,53.450694
519,Biron,Gaffer,bgafferee@tiny.cc,Male,Ireland,Donegal,-8.5946591,54.632283
520,Estel,Pasterfield,epasterfieldef@economist.com,Female,Ireland,Lusk,-6.1535181,53.5220275
521,Elisabetta,Elcott,eelcotteg@sourceforge.net,Female,Ireland,Bantry,-9.448724,51.680591
522,Roanne,Massei,rmasseieh@opensource.org,Female,Ireland,Cloyne,-6.2398782,53.32112
523,Adiana,Rickis,arickisei@accuweather.com,Female,Ireland,Killorglin,-9.7850991,52.1058991
524,Elwin,Labram,elabramej@yahoo.co.jp,Male,Ireland,Clones,-7.2314132,54.1794814
525,Klarika,Langthorn,klangthornek@posterous.com,Female,Ireland,Moycullen,-9.159604,53.302644
526,Binnie,Garfath,bgarfathel@nasa.gov,Female,Ireland,Dungarvan,-6.1822287,53.3788495
527,Susette,Hurry,shurryem@amazon.com,Female,Ireland,Youghal,-7.8434254,51.949401
528,Lebbie,McCritichie,lmccritichieen@google.co.jp,Female,Ireland,Castleknock,-9.0248232,53.2760162
529,Pablo,Garrettson,pgarrettsoneo@oracle.com,Male,Ireland,Swords,-6.2071246,53.4562426
530,Stephani,Falla,sfallaep@addthis.com,Female,Ireland,Clogherhead,-6.2429997,53.7902634
531,Crystal,Yuryaev,cyuryaeveq@kickstarter.com,Female,Ireland,Castlepollard,-7.2979911,53.6785169
532,Nick,Kilby,nkilbyer@nifty.com,Male,Ireland,Midleton,-8.1722173,51.9138694
533,Bartholomeus,Farris,bfarrises@aol.com,Male,Ireland,Carrigtwohill,-8.259128,51.908209
534,Stafani,Stairmond,sstairmondet@netlog.com,Bigender,Ireland,Belmullet,-10.0320886,54.2223118
535,Eberto,Liggons,eliggonseu@cafepress.com,Male,Ireland,Ashbourne,-6.1215213,53.2724538
536,Raine,Grinsted,rgrinstedev@wired.com,Female,Ireland,Granard,-7.5011999,53.776647
537,Gabbey,Loddon,gloddonew@joomla.org,Female,Ireland,Kildare,-6.9140788,53.169971
538,Rossie,Zmitrovich,rzmitrovichex@squidoo.com,Male,Ireland,Donnybrook,-6.2324705,53.3177535
539,Christin,Branche,cbrancheey@timesonline.co.uk,Polygender,Ireland,Arklow,-8.4523258,51.880525
540,Annissa,Feckey,afeckeyez@seattletimes.com,Female,Ireland,Beaumont,-6.2057463,53.3870149
541,Stephi,Pirkis,spirkisf0@msu.edu,Female,Ireland,Blessington,-8.5111664,51.8858819
542,Antonius,Headings,aheadingsf1@craigslist.org,Male,Ireland,Leixlip,-6.4887534,53.3653866
543,Charlot,Farnin,cfarninf2@skyrock.com,Female,Ireland,Nenagh,-8.2001004,52.86326
544,Evangelin,McGrayle,emcgraylef3@admin.ch,Female,Ireland,Mullagh,-8.4977746,51.8895954
545,Bartholomeo,Morffew,bmorffewf4@nyu.edu,Genderqueer,Ireland,Rathnew,-6.374155,53.3223974
546,Juana,Wyburn,jwyburnf5@eventbrite.com,Female,Ireland,Donnycarney,-6.218069,53.374266
547,Ambrosi,Gredden,agreddenf6@dedecms.com,Male,Ireland,Bantry,-9.448724,51.680591
548,Sim,Francillo,sfrancillof7@yelp.com,Male,Ireland,Shankill,-6.124065,53.231395
549,Rollie,Dray,rdrayf8@symantec.com,Male,Ireland,Raphoe,-8.2755058,52.2627273
550,Brig,Libbie,blibbief9@nbcnews.com,Male,Ireland,Balally,-6.5899765,52.176031
551,Adara,Nabbs,anabbsfa@ucla.edu,Bigender,Ireland,Cluain Meala,-6.2611953,53.3881832
552,Glen,Plowright,gplowrightfb@paypal.com,Male,Ireland,Kinlough,-6.1136478,53.2121335
553,Bobby,Boon,bboonfc@sbwire.com,Male,Ireland,Kinlough,-6.1136478,53.2121335
554,Neville,Asp,naspfd@mtv.com,Male,Ireland,Cluain Meala,-6.2611953,53.3881832
555,Ralph,Quail,rquailfe@simplemachines.org,Male,Ireland,Rathwire,-7.145971,53.508326
556,Eleanore,Renoden,erenodenff@tmall.com,Female,Ireland,Kanturk,-8.9342111,52.182304
557,Micheil,Haberfield,mhaberfieldfg@fotki.com,Male,Ireland,Ballybofey,-7.74208,54.70972
558,Stephine,Soldner,ssoldnerfh@hhs.gov,Female,Ireland,Drumcondra,-8.445614,51.8885086
559,Bartholomew,Woolmer,bwoolmerfi@myspace.com,Male,Ireland,Clonskeagh,-6.2387374,53.3141205
560,Roxie,Stoffels,rstoffelsfj@live.com,Female,Ireland,Youghal,-7.8434254,51.949401
561,Rheta,Gorcke,rgorckefk@wunderground.com,Female,Ireland,Prosperous,-6.7515223,53.2888321
562,Rey,Davidowsky,rdavidowskyfl@rakuten.co.jp,Genderqueer,Ireland,Castlemartyr,-8.05,51.9166667
563,Sib,Morrad,smorradfm@elpais.com,Female,Ireland,Fermoy,-9.5003786,52.4458588
564,Laird,Aubrey,laubreyfn@123-reg.co.uk,Male,Ireland,Ballymahon,-7.7655701,53.5650926
565,Herschel,Novakovic,hnovakovicfo@wired.com,Male,Ireland,Enniskerry,-8.9821467,52.8498651
566,Nester,Lawrenceson,nlawrencesonfp@phpbb.com,Male,Ireland,Monkstown,-8.9775014,52.8314927
567,Kaitlynn,Strelitz,kstrelitzfq@bbb.org,Female,Ireland,Ballylinan,-7.0472382,52.9480781
568,Vaughan,Glassopp,vglassoppfr@geocities.com,Male,Ireland,Prosperous,-6.7515223,53.2888321
569,Dolli,Chicchetto,dchicchettofs@yelp.com,Female,Ireland,Gort,-8.9791425,52.8638391
570,Aaron,Clapham,aclaphamft@stumbleupon.com,Male,Ireland,Clonskeagh,-6.2387374,53.3141205
571,Brig,Einchcombe,beinchcombefu@bluehost.com,Male,Ireland,Newmarket on Fergus,-8.8950821,52.7604883
572,Oby,MacMenamin,omacmenaminfv@gmpg.org,Agender,Ireland,Bagenalstown,-6.9692181,52.7009338
573,Elia,Massingham,emassinghamfw@seesaa.net,Male,Ireland,Prosperous,-6.7515223,53.2888321
574,Verine,Romayne,vromaynefx@mozilla.org,Polygender,Ireland,Rathdrum,-6.163027,53.2339841
575,Tillie,Granville,tgranvillefy@slashdot.org,Female,Ireland,Dalkey,-6.1072403,53.2780047
576,Emmett,Iskow,eiskowfz@narod.ru,Male,Ireland,Valleymount,-6.3077823,53.3655256
577,Zena,Standrin,zstandring0@homestead.com,Agender,Ireland,Kingscourt,-6.2755912,53.3500473
578,Calypso,Cleaveland,ccleavelandg1@ehow.com,Female,Ireland,Skerries,-6.1349155,53.5834008
579,Carrol,Lovelace,clovelaceg2@disqus.com,Male,Ireland,Clogherhead,-6.2429997,53.7902634
580,Alma,Newick,anewickg3@senate.gov,Female,Ireland,Nenagh,-8.2001004,52.86326
581,Benedikt,Dowry,bdowryg4@bloglovin.com,Male,Ireland,Raheny,-6.1820563,53.3786861
582,Iggie,Enion,ieniong5@nature.com,Male,Ireland,Farranacoush,-8.5171384,51.876873
583,Christian,Dewsbury,cdewsburyg6@posterous.com,Female,Ireland,Castlerea,-8.6346959,53.7423435
584,Alysa,Pettegree,apettegreeg7@examiner.com,Non-binary,Ireland,Castleknock,-9.0248232,53.2760162
585,Filia,Huckstepp,fhucksteppg8@microsoft.com,Female,Ireland,Muff,-7.269174,55.0650892
586,Sibella,Fishpond,sfishpondg9@nps.gov,Female,Ireland,Coolock,-6.1920933,53.3916434
587,Karole,Poor,kpoorga@miibeian.gov.cn,Female,Ireland,Tralee,-7.0833118,52.2413206
588,Boothe,Barenski,bbarenskigb@nifty.com,Male,Ireland,Claremorris,-8.334953,51.8610022
589,Holden,Avon,havongc@etsy.com,Male,Ireland,Aughrim,-6.366762,53.2987724
590,Jock,Meric,jmericgd@wsj.com,Male,Ireland,Thomastown,-6.7434401,53.2229873
591,Zackariah,Lomb,zlombge@mtv.com,Male,Ireland,Bearna,-6.2340942,53.2993199
592,Alvina,Larciere,alarcieregf@netvibes.com,Female,Ireland,Tullyallen,-6.4241156,53.7369009
593,Tripp,Evill,tevillgg@odnoklassniki.ru,Male,Ireland,Cloyne,-6.2398782,53.32112
594,Honoria,Togwell,htogwellgh@goodreads.com,Female,Ireland,Donnybrook,-6.2324705,53.3177535
595,Erwin,Kewley,ekewleygi@chronoengine.com,Male,Ireland,Donnybrook,-6.2324705,53.3177535
596,Vernor,Viccars,vviccarsgj@ow.ly,Male,Ireland,Bagenalstown,-6.9692181,52.7009338
597,Fayth,Sooley,fsooleygk@dyndns.org,Female,Ireland,Aghada,-8.4627451,54.25645
598,Wynne,Worsom,wworsomgl@scientificamerican.com,Female,Ireland,Moville,-8.4242597,51.8910459
599,Perrine,Dissman,pdissmangm@prlog.org,Female,Ireland,Castlerea,-8.6346959,53.7423435
600,Jeromy,Freed,jfreedgn@yellowpages.com,Male,Ireland,Monasterevin,-7.0625888,53.1387595
601,Barty,Dametti,bdamettigo@stanford.edu,Male,Ireland,Claremorris,-8.334953,51.8610022
602,Amil,Waadenburg,awaadenburggp@youku.com,Female,Ireland,Kiltamagh,-8.9949917,53.8533151
603,Ruthann,Stranaghan,rstranaghangq@soup.io,Female,Ireland,Valleymount,-6.3077823,53.3655256
604,Mada,Crangle,mcranglegr@hatena.ne.jp,Female,Ireland,Ashbourne,-6.1215213,53.2724538
605,Cacilie,Verrier,cverriergs@ehow.com,Female,Ireland,Castlepollard,-7.2979911,53.6785169
606,Bar,Clewes,bclewesgt@businessweek.com,Genderqueer,Ireland,Raheny,-6.1820563,53.3786861
607,Orella,Wasylkiewicz,owasylkiewiczgu@toplist.cz,Female,Ireland,Tralee,-7.0833118,52.2413206
608,Meagan,Wardington,mwardingtongv@independent.co.uk,Female,Ireland,Killumney,-8.6340751,52.6638144
609,Reagen,Dewane,rdewanegw@time.com,Male,Ireland,Drumcondra,-8.445614,51.8885086
610,Emmie,Strooband,estroobandgx@buzzfeed.com,Female,Ireland,Trá Mhór,-9.0197835,53.2736466
611,Elenore,Rowlands,erowlandsgy@blogger.com,Female,Ireland,Arklow,-8.4523258,51.880525
612,Desmond,Woolgar,dwoolgargz@people.com.cn,Male,Ireland,Balally,-6.5899765,52.176031
613,Brinna,Rohan,brohanh0@vinaora.com,Female,Ireland,Balally,-6.5899765,52.176031
614,Felicio,Prahm,fprahmh1@home.pl,Agender,Ireland,Ballyboden,-6.3049392,53.3021194
615,Glynda,Masi,gmasih2@unblog.fr,Female,Ireland,Aughrim,-6.366762,53.2987724
616,Alistair,Dubarry,adubarryh3@angelfire.com,Male,Ireland,Castleblayney,-6.64937,54.10269
617,Dulcie,Goschalk,dgoschalkh4@independent.co.uk,Female,Ireland,Sutton,-6.1097188,53.3895926
618,Justinn,Cossam,jcossamh5@cnn.com,Female,Ireland,Dún Laoghaire,-6.133718,53.291512
619,Kathrine,Brittoner,kbrittonerh6@samsung.com,Female,Ireland,Dunmanway,-9.1115941,51.7203863
620,Skippy,Ault,saulth7@mail.ru,Male,Ireland,Aughrim,-6.366762,53.2987724
621,Guido,Pontin,gpontinh8@ca.gov,Male,Ireland,Kildare,-6.9140788,53.169971
622,Tab,Chadband,tchadbandh9@uiuc.edu,Male,Ireland,Kinnegad,-9.1327273,53.806868
623,Aldus,Dealey,adealeyha@sbwire.com,Male,Ireland,Crossmolina,-6.473025,54.0086093
624,Myca,Curado,mcuradohb@multiply.com,Male,Ireland,Kill,-6.5924609,53.2482376
625,Foss,Burford,fburfordhc@tumblr.com,Male,Ireland,Adare,-6.176659,53.4487975
626,Lenette,Tinsey,ltinseyhd@studiopress.com,Female,Ireland,Carrigaline,-8.3929404,51.8113447
627,Aubrey,Allett,aalletthe@wisc.edu,Male,Ireland,Rathwire,-7.145971,53.508326
628,Case,Delete,cdeletehf@wsj.com,Male,Ireland,Edgeworthstown,-7.606287,53.6972399
629,Lethia,Stovold,lstovoldhg@sakura.ne.jp,Female,Ireland,Manorhamilton,-8.1722002,54.3051891
630,Van,Muckart,vmuckarthh@baidu.com,Male,Ireland,Longford,-7.8004329,53.7283566
631,Mendy,Simanek,msimanekhi@mlb.com,Male,Ireland,Castlebellingham,-6.391149,53.8996586
632,Way,Auten,wautenhj@shareasale.com,Male,Ireland,Oughterard,-6.1406578,53.2886387
633,Emmie,Gusney,egusneyhk@t.co,Female,Ireland,Ballyhaunis,-8.7683674,53.7942932
634,Joshia,Winterbottom,jwinterbottomhl@bloomberg.com,Male,Ireland,Bagenalstown,-6.9692181,52.7009338
635,Elka,Strahan,estrahanhm@dedecms.com,Bigender,Ireland,Sandymount,-6.2152673,53.3323703
636,Hasheem,Verlinde,hverlindehn@patch.com,Male,Ireland,Portarlington,-7.185387,53.158984
637,Maurizia,Ligoe,mligoeho@tiny.cc,Female,Ireland,Nenagh,-8.2001004,52.86326
638,Nicolas,Evitts,nevittshp@istockphoto.com,Male,Ireland,Moate,-6.1942058,53.3604483
639,Farand,Bagshaw,fbagshawhq@nasa.gov,Female,Ireland,Ardee,-8.4784945,51.8815586
640,Cary,McJarrow,cmcjarrowhr@shop-pro.jp,Male,Ireland,Gweedore,-9.0288689,53.2737147
641,Harris,Pirouet,hpiroueths@cpanel.net,Male,Ireland,Virginia,-6.2633149,53.377533
642,Lilas,Fountain,lfountainht@sitemeter.com,Female,Ireland,Birr,-7.9139891,53.0949398
643,Prudence,Gindghill,pgindghillhu@4shared.com,Genderfluid,Ireland,Dalkey,-6.1072403,53.2780047
644,Maressa,Faye,mfayehv@hc360.com,Female,Ireland,Ballivor,-6.1191333,53.1915379
645,Jeff,Astle,jastlehw@squarespace.com,Male,Ireland,Prosperous,-6.7515223,53.2888321
646,Tamarah,Pisculli,tpiscullihx@springer.com,Female,Ireland,Carrigaline,-8.3929404,51.8113447
647,Mahmoud,Willison,mwillisonhy@pinterest.com,Genderfluid,Ireland,Cherryville,-7.1111732,52.2513095
648,Murvyn,Cherrie,mcherriehz@is.gd,Male,Ireland,Monaghan,-7.0943023,54.2694844
649,Janet,Fairfull,jfairfulli0@omniture.com,Non-binary,Ireland,Midleton,-8.1722173,51.9138694
650,Sayer,Danton,sdantoni1@ustream.tv,Male,Ireland,Dungloe,-6.3695384,53.3734053
651,Beverlee,Caunter,bcaunteri2@naver.com,Female,Ireland,Stradbally,-8.5054897,52.7107501
652,Jennie,Handford,jhandfordi3@deliciousdays.com,Female,Ireland,Crossmolina,-6.473025,54.0086093
653,Ashley,Renouf,arenoufi4@mlb.com,Male,Ireland,Manorhamilton,-8.1722002,54.3051891
654,Diannne,Farfolomeev,dfarfolomeevi5@twitter.com,Female,Ireland,Rathnew,-6.374155,53.3223974
655,Andreas,Upwood,aupwoodi6@mozilla.com,Male,Ireland,Listowel,-9.4851741,52.4460804
656,Drucill,Richardson,drichardsoni7@creativecommons.org,Female,Ireland,Nenagh,-8.2001004,52.86326
657,Townie,Kachel,tkacheli8@de.vu,Male,Ireland,Charlesland,-6.0690645,53.1257486
658,Mitchel,Topaz,mtopazi9@craigslist.org,Male,Ireland,Tullyallen,-6.4241156,53.7369009
659,Harri,Bruntje,hbruntjeia@nydailynews.com,Female,Ireland,Kinsealy-Drinan,-6.1644997,53.4266145
660,Ed,Town,etownib@dion.ne.jp,Male,Ireland,Castlemartyr,-8.05,51.9166667
661,Pat,Allicock,pallicockic@mlb.com,Male,Ireland,Bearna,-6.2340942,53.2993199
662,Marylin,Swetland,mswetlandid@webs.com,Female,Ireland,Carrigtwohill,-8.259128,51.908209
663,Veronique,Suter,vsuterie@xrea.com,Female,Ireland,Clonskeagh,-6.2387374,53.3141205
664,Laurence,Bediss,lbedissif@digg.com,Male,Ireland,Dún Laoghaire,-6.133718,53.291512
665,Zedekiah,Fay,zfayig@hugedomains.com,Male,Ireland,Rathangan,-6.9898366,53.2265199
666,Conney,Witcombe,cwitcombeih@dropbox.com,Bigender,Ireland,Kilcullen,-8.5047067,51.8830697
667,Lorin,Goom,lgoomii@tuttocitta.it,Male,Ireland,Macroom,-8.958931,51.904635
668,Vassily,De Vaar,vdevaarij@marriott.com,Male,Ireland,Ballisodare,-8.5070436,54.2109904
669,Jamill,Feye,jfeyeik@ow.ly,Male,Ireland,Swinford,-8.9480659,53.940892
670,Filberto,Malcolm,fmalcolmil@cargocollective.com,Polygender,Ireland,Dunlewy,-6.1157412,53.2774963
671,Bailie,Court,bcourtim@blogtalkradio.com,Male,Ireland,Moycullen,-9.159604,53.302644
672,Waylin,Stannislawski,wstannislawskiin@microsoft.com,Non-binary,Ireland,Fairview,-6.4202878,54.0026343
673,Adelbert,Bravey,abraveyio@salon.com,Male,Ireland,Ballyhaunis,-8.7683674,53.7942932
674,Kristian,Lowth,klowthip@rambler.ru,Male,Ireland,Boyle,-8.2969737,53.9735591
675,Ximenez,Kestle,xkestleiq@columbia.edu,Male,Ireland,Raphoe,-8.2755058,52.2627273
676,Maggy,Sickert,msickertir@businesswire.com,Female,Ireland,Cork,-8.489012,51.923707
677,Chris,Chaster,cchasteris@networkadvertising.org,Male,Ireland,Naas,-6.67045,53.213319
678,Goddart,Trubshaw,gtrubshawit@nature.com,Male,Ireland,Blarney,-8.8562835,53.510243
679,Winny,Attwell,wattwelliu@feedburner.com,Male,Ireland,Malahide,-6.1479779,53.450694
680,Cathe,Gladyer,cgladyeriv@google.com,Female,Ireland,Ballinteer,-6.2554371,53.2767301
681,Nil,Seeks,nseeksiw@myspace.com,Male,Ireland,Castleknock,-9.0248232,53.2760162
682,Caron,Wyer,cwyerix@mozilla.com,Female,Ireland,Edgeworthstown,-7.606287,53.6972399
683,Myles,Ruoff,mruoffiy@dot.gov,Male,Ireland,Tralee,-7.0833118,52.2413206
684,Rory,Petraitis,rpetraitisiz@cafepress.com,Female,Ireland,Skerries,-6.1349155,53.5834008
685,Michaeline,Aldcorne,maldcornej0@tiny.cc,Female,Ireland,Old Kilcullen,-6.7449927,53.1310185
686,Rubie,Pilsworth,rpilsworthj1@mac.com,Female,Ireland,Naas,-6.67045,53.213319
687,Ambrosi,Aggio,aaggioj2@hubpages.com,Genderqueer,Ireland,Athlone,-7.9428197,53.4231032
688,Jeramey,Van Der Weedenburg,jvanderweedenburgj3@soup.io,Polygender,Ireland,Ballinteer,-6.2554371,53.2767301
689,Yorgo,Algore,yalgorej4@ft.com,Male,Ireland,Dundrum,-6.2508196,53.2866372
690,Mandie,Brownsett,mbrownsettj5@vkontakte.ru,Non-binary,Ireland,Leixlip,-6.4887534,53.3653866
691,Raphaela,Schurig,rschurigj6@rakuten.co.jp,Female,Ireland,Belmullet,-10.0320886,54.2223118
692,Jeno,Bardey,jbardeyj7@baidu.com,Male,Ireland,Macroom,-8.958931,51.904635
693,Wit,Colthard,wcolthardj8@admin.ch,Male,Ireland,Bantry,-9.448724,51.680591
694,Raoul,Myhill,rmyhillj9@livejournal.com,Male,Ireland,Sandymount,-6.2152673,53.3323703
695,Benton,Rutt,bruttja@youku.com,Male,Ireland,Castlebellingham,-6.391149,53.8996586
696,Rodrigo,Louisot,rlouisotjb@nydailynews.com,Male,Ireland,Monasterevin,-7.0625888,53.1387595
697,Shane,Turney,sturneyjc@kickstarter.com,Female,Ireland,Charlesland,-6.0690645,53.1257486
698,Milicent,Ducham,mduchamjd@google.co.uk,Female,Ireland,Annacotty,-8.5369154,52.6681994
699,Jacques,Alwen,jalwenje@columbia.edu,Male,Ireland,Kinlough,-6.1136478,53.2121335
700,Albie,Grayshon,agrayshonjf@seesaa.net,Genderqueer,Ireland,Blessington,-8.5111664,51.8858819
701,Bebe,Breinlein,bbreinleinjg@oracle.com,Female,Ireland,Portumna,-8.2215941,53.0917381
702,Laraine,Rivett,lrivettjh@msu.edu,Female,Ireland,Rathnew,-6.374155,53.3223974
703,Kristoforo,Kalkofen,kkalkofenji@exblog.jp,Male,Ireland,Dungarvan,-6.1822287,53.3788495
704,Aldrich,Aisthorpe,aaisthorpejj@npr.org,Male,Ireland,Swords,-6.2071246,53.4562426
705,Celinka,Littlejohns,clittlejohnsjk@cornell.edu,Female,Ireland,Midleton,-8.1722173,51.9138694
706,Shawn,Elcock,selcockjl@squarespace.com,Female,Ireland,Kinnegad,-9.1327273,53.806868
707,Rossy,McIlvenna,rmcilvennajm@cbslocal.com,Male,Ireland,Loughrea,-6.3506335,53.2911347
708,Valera,Maciejak,vmaciejakjn@nhs.uk,Polygender,Ireland,Tullamore,-7.518792,53.284466
709,Skylar,Shane,sshanejo@trellian.com,Male,Ireland,Belmullet,-10.0320886,54.2223118
710,Vivien,Heads,vheadsjp@posterous.com,Female,Ireland,Templeogue,-6.3219759,53.2976886
711,Kacey,Hierro,khierrojq@mediafire.com,Female,Ireland,Boyle,-8.2969737,53.9735591
712,Alexis,Huzzay,ahuzzayjr@un.org,Male,Ireland,Aughrim,-6.366762,53.2987724
713,Heall,McElmurray,hmcelmurrayjs@howstuffworks.com,Male,Ireland,Kilkenny,-7.2584,52.655184
714,Laurie,Simeons,lsimeonsjt@instagram.com,Male,Ireland,Drumcondra,-8.445614,51.8885086
715,Gisella,Ajsik,gajsikju@booking.com,Female,Ireland,Mullagh,-8.4977746,51.8895954
716,Vanni,Penwright,vpenwrightjv@hhs.gov,Female,Ireland,Cluain Meala,-6.2611953,53.3881832
717,Marcela,Robbs,mrobbsjw@fc2.com,Bigender,Ireland,Boyle,-8.2969737,53.9735591
718,Ilsa,Demer,idemerjx@house.gov,Female,Ireland,Carrigaline,-8.3929404,51.8113447
719,Vinita,Ouslem,vouslemjy@dropbox.com,Female,Ireland,Dunmanway,-9.1115941,51.7203863
720,Tabbie,Dimitrijevic,tdimitrijevicjz@angelfire.com,Female,Ireland,Whitegate,-6.3539424,53.3666338
721,Sawyer,Melanaphy,smelanaphyk0@sciencedaily.com,Male,Ireland,Moate,-6.1942058,53.3604483
722,Lesli,Shearmer,lshearmerk1@sfgate.com,Female,Ireland,Moate,-6.1942058,53.3604483
723,Lemmie,Grogan,lgrogank2@uol.com.br,Male,Ireland,Aghada,-8.4627451,54.25645
724,Cori,Vale,cvalek3@amazon.co.uk,Female,Ireland,Ballivor,-6.1191333,53.1915379
725,Andy,Giggs,agiggsk4@cisco.com,Bigender,Ireland,Foxrock,-6.1011147,53.2000455
726,Sanders,Moss,smossk5@ycombinator.com,Male,Ireland,Longford,-7.8004329,53.7283566
727,Kordula,Albiston,kalbistonk6@china.com.cn,Female,Ireland,Killorglin,-9.7850991,52.1058991
728,Fidole,Sandilands,fsandilandsk7@simplemachines.org,Male,Ireland,Carrigtwohill,-8.259128,51.908209
729,Alexandros,Twinborne,atwinbornek8@kickstarter.com,Male,Ireland,Shankill,-6.124065,53.231395
730,Orren,Curd,ocurdk9@princeton.edu,Male,Ireland,Macroom,-8.958931,51.904635
731,Franni,Sweetlove,fsweetloveka@zimbio.com,Female,Ireland,Balrothery,-6.1884248,53.5879156
732,Mandel,Bunson,mbunsonkb@yahoo.co.jp,Male,Ireland,Carrigaline,-8.3929404,51.8113447
733,Mill,Meni,mmenikc@samsung.com,Male,Ireland,Castlemartyr,-8.05,51.9166667
734,Emery,Jannings,ejanningskd@slideshare.net,Male,Ireland,Granard,-7.5011999,53.776647
735,Perkin,Lubman,plubmanke@cyberchimps.com,Male,Ireland,Kilkenny,-7.2584,52.655184
736,Levy,Morten,lmortenkf@edublogs.org,Non-binary,Ireland,Adare,-6.176659,53.4487975
737,Olivier,Munnion,omunnionkg@discuz.net,Male,Ireland,Virginia,-6.2633149,53.377533
738,Daniella,Ephgrave,dephgravekh@ezinearticles.com,Female,Ireland,Prosperous,-6.7515223,53.2888321
739,Lyell,McCobb,lmccobbki@china.com.cn,Male,Ireland,Donegal,-8.5946591,54.632283
740,Della,Huntress,dhuntresskj@youtu.be,Female,Ireland,Midleton,-8.1722173,51.9138694
741,Kent,Soan,ksoankk@google.fr,Male,Ireland,Longwood,-6.2892907,53.310122
742,Farlie,Mayston,fmaystonkl@ibm.com,Male,Ireland,Sandyford,-6.3422325,53.719155
743,Addison,Leppard,aleppardkm@redcross.org,Male,Ireland,Old Kilcullen,-6.7449927,53.1310185
744,Lezley,Chicotti,lchicottikn@dagondesign.com,Male,Ireland,Kinlough,-6.1136478,53.2121335
745,Demetra,Mateev,dmateevko@mail.ru,Female,Ireland,Caherconlish,-8.3545704,52.5593605
746,Cordie,Tregoning,ctregoningkp@miibeian.gov.cn,Female,Ireland,Swinford,-8.9480659,53.940892
747,Malissia,Kilfoyle,mkilfoylekq@jiathis.com,Female,Ireland,Ashbourne,-6.1215213,53.2724538
748,Ardis,Sotheby,asothebykr@businesswire.com,Female,Ireland,Kilmacanoge,-6.139018,53.171935
749,Gerry,Hyde,ghydeks@yellowpages.com,Female,Ireland,Kanturk,-8.9342111,52.182304
750,Adan,Boas,aboaskt@bbc.co.uk,Female,Ireland,Booterstown,-6.1979853,53.3046353
751,Sapphira,Oseman,sosemanku@netscape.com,Female,Ireland,Trá Mhór,-9.0197835,53.2736466
752,Pacorro,Dovington,pdovingtonkv@auda.org.au,Bigender,Ireland,Rathdrum,-6.163027,53.2339841
753,Lorilee,Trayton,ltraytonkw@umn.edu,Female,Ireland,Ballyboden,-6.3049392,53.3021194
754,Sydelle,Shillitoe,sshillitoekx@1688.com,Female,Ireland,Moate,-6.1942058,53.3604483
755,Charlotta,Eunson,ceunsonky@hp.com,Bigender,Ireland,Booterstown,-6.1979853,53.3046353
756,Thelma,Spurriar,tspurriarkz@va.gov,Female,Ireland,Cherryville,-7.1111732,52.2513095
757,Gottfried,Barrass,gbarrassl0@accuweather.com,Male,Ireland,Donnybrook,-6.2324705,53.3177535
758,Malcolm,Threlkeld,mthrelkeldl1@weibo.com,Male,Ireland,Watergrasshill,-8.337871,52.0097259
759,Osmund,Grzegorczyk,ogrzegorczykl2@gov.uk,Male,Ireland,Carrigtwohill,-8.259128,51.908209
760,Sindee,Rennolds,srennoldsl3@google.com.br,Female,Ireland,Sandyford,-6.3422325,53.719155
761,Tomasina,Maior,tmaiorl4@comsenz.com,Non-binary,Ireland,Dungarvan,-6.1822287,53.3788495
762,Horton,Goodfellow,hgoodfellowl5@sciencedaily.com,Male,Ireland,Ballyjamesduff,-7.086877,53.8363325
763,Bondie,Eminson,beminsonl6@sogou.com,Male,Ireland,Kinlough,-6.1136478,53.2121335
764,Amalle,Stones,astonesl7@sourceforge.net,Female,Ireland,Greystones,-6.0704904,53.1286984
765,Isador,Stickel,istickell8@newyorker.com,Male,Ireland,Monaghan,-7.0943023,54.2694844
766,Jeffrey,Creber,jcreberl9@infoseek.co.jp,Male,Ireland,Fairview,-6.4202878,54.0026343
767,Petunia,Brechin,pbrechinla@geocities.jp,Female,Ireland,Skerries,-6.1349155,53.5834008
768,Leonid,Shilliday,lshillidaylb@fc2.com,Genderfluid,Ireland,Dunlewy,-6.1157412,53.2774963
769,Cinda,Dufaire,cdufairelc@wordpress.org,Female,Ireland,Sutton,-6.1097188,53.3895926
770,Townsend,Dyte,tdyteld@ezinearticles.com,Male,Ireland,Bailieborough,-6.9711886,53.916791
771,Hallsy,Boar,hboarle@ning.com,Male,Ireland,Castleknock,-9.0248232,53.2760162
772,Almeria,McGrouther,amcgroutherlf@wikispaces.com,Female,Ireland,Castleblayney,-6.64937,54.10269
773,Ariel,Knevett,aknevettlg@networkadvertising.org,Female,Ireland,Bagenalstown,-6.9692181,52.7009338
774,Tracey,Sykora,tsykoralh@i2i.jp,Male,Ireland,Arklow,-8.4523258,51.880525
775,Kerrill,Skip,kskipli@posterous.com,Female,Ireland,Ballymun,-6.264963,53.3897152
776,Reyna,Yurtsev,ryurtsevlj@google.co.uk,Female,Ireland,Macroom,-8.958931,51.904635
777,Jeniffer,Kinastan,jkinastanlk@noaa.gov,Female,Ireland,Foxrock,-6.1011147,53.2000455
778,Leodora,Furnell,lfurnellll@123-reg.co.uk,Female,Ireland,Monasterevin,-7.0625888,53.1387595
779,Andras,Phittiplace,aphittiplacelm@tripadvisor.com,Male,Ireland,Castlemartyr,-8.05,51.9166667
780,Andria,Shepstone,ashepstoneln@irs.gov,Agender,Ireland,Crossmolina,-6.473025,54.0086093
781,Emmi,Levison,elevisonlo@hexun.com,Female,Ireland,Arklow,-8.4523258,51.880525
782,Carolee,Odger,codgerlp@senate.gov,Female,Ireland,Eadestown,-6.590926,53.1936864
783,Constantina,Pettingill,cpettingilllq@desdev.cn,Female,Ireland,Tuam,-8.83565,53.49417
784,Kylynn,Killoran,kkilloranlr@cdc.gov,Female,Ireland,Rathdrum,-6.163027,53.2339841
785,Filberto,Chivers,fchiversls@blogtalkradio.com,Male,Ireland,Sandyford,-6.3422325,53.719155
786,Jinny,Khan,jkhanlt@wunderground.com,Female,Ireland,Ferbane,-8.4824714,51.8862378
787,Patrice,Gislebert,pgislebertlu@plala.or.jp,Male,Ireland,Dún Laoghaire,-6.133718,53.291512
788,Pascale,Adrian,padrianlv@mediafire.com,Male,Ireland,Dunlewy,-6.1157412,53.2774963
789,Edgar,Jiles,ejileslw@sitemeter.com,Male,Ireland,Confey,-6.5028415,53.3806398
790,Halsey,Biskupski,hbiskupskilx@alexa.com,Male,Ireland,Dungarvan,-6.1822287,53.3788495
791,Ingaberg,Scorton,iscortonly@fema.gov,Female,Ireland,Ballinteer,-6.2554371,53.2767301
792,Cassy,Rawstron,crawstronlz@mapy.cz,Female,Ireland,Watergrasshill,-8.337871,52.0097259
793,Renell,Prise,rprisem0@army.mil,Bigender,Ireland,Raphoe,-8.2755058,52.2627273
794,Norean,Westmorland,nwestmorlandm1@goodreads.com,Female,Ireland,Edgeworthstown,-7.606287,53.6972399
795,Kinnie,MacInherney,kmacinherneym2@pcworld.com,Male,Ireland,Oughterard,-6.1406578,53.2886387
796,Dudley,Leathers,dleathersm3@pen.io,Male,Ireland,Bagenalstown,-6.9692181,52.7009338
797,Royall,Alves,ralvesm4@jalbum.net,Non-binary,Ireland,Nenagh,-8.2001004,52.86326
798,Alan,Camings,acamingsm5@phpbb.com,Male,Ireland,Dungloe,-6.3695384,53.3734053
799,Lebbie,Delea,ldeleam6@goo.gl,Female,Ireland,Clondalkin,-6.4496384,53.3582341
800,Julita,Marler,jmarlerm7@wsj.com,Female,Ireland,Rathnew,-6.374155,53.3223974
801,Alejandro,Fellow,afellowm8@usgs.gov,Male,Ireland,Trá Mhór,-9.0197835,53.2736466
802,Haily,Lean,hleanm9@ocn.ne.jp,Non-binary,Ireland,Coolock,-6.1920933,53.3916434
803,Moishe,Monckton,mmoncktonma@desdev.cn,Male,Ireland,Greystones,-6.0704904,53.1286984
804,Monty,Drover,mdrovermb@nba.com,Male,Ireland,Dunleer,-8.5176583,51.8863277
805,Ogden,Scandroot,oscandrootmc@senate.gov,Male,Ireland,Bearna,-6.2340942,53.2993199
806,Oberon,Goldsmith,ogoldsmithmd@jugem.jp,Male,Ireland,Trá Mhór,-9.0197835,53.2736466
807,Rodge,Ledley,rledleyme@meetup.com,Male,Ireland,Kinsale,-6.251714,53.3169419
808,Erie,Pyke,epykemf@bloglines.com,Genderqueer,Ireland,Moville,-8.4242597,51.8910459
809,Ty,Cufley,tcufleymg@pcworld.com,Male,Ireland,Askeaton,-8.9706844,52.6004448
810,Deana,Ericsson,dericssonmh@google.co.jp,Genderqueer,Ireland,Cloyne,-6.2398782,53.32112
811,Jobyna,Mayhou,jmayhoumi@loc.gov,Female,Ireland,Newmarket on Fergus,-8.8950821,52.7604883
812,Pierce,Asey,paseymj@mapy.cz,Male,Ireland,Portumna,-8.2215941,53.0917381
813,Hersh,Christou,hchristoumk@acquirethisname.com,Male,Ireland,Foxrock,-6.1011147,53.2000455
814,Loralie,MattiCCI,lmatticciml@guardian.co.uk,Female,Ireland,Monasterevin,-7.0625888,53.1387595
815,Nerita,Frow,nfrowmm@hibu.com,Female,Ireland,Bailieborough,-6.9711886,53.916791
816,Eduard,Sculley,esculleymn@mlb.com,Male,Ireland,Clones,-7.2314132,54.1794814
817,Charla,Headon,cheadonmo@cyberchimps.com,Female,Ireland,Dungloe,-6.3695384,53.3734053
818,Susanetta,Rivelon,srivelonmp@imdb.com,Female,Ireland,Newmarket on Fergus,-8.8950821,52.7604883
819,Mellisent,Barajaz,mbarajazmq@discovery.com,Female,Ireland,Clifden,-10.022186,53.488087
820,Gaile,Mence,gmencemr@icq.com,Male,Ireland,Dalkey,-6.1072403,53.2780047
821,Felicle,Taudevin,ftaudevinms@house.gov,Female,Ireland,Skibbereen,-9.268589,51.549106
822,Priscella,Wynrahame,pwynrahamemt@barnesandnoble.com,Female,Ireland,Bailieborough,-6.9711886,53.916791
823,Schuyler,Cockrill,scockrillmu@mail.ru,Male,Ireland,Tallaght,-6.3660863,53.2874153
824,Angelika,Livzey,alivzeymv@prweb.com,Non-binary,Ireland,Dromiskin,-6.4008792,53.9215606
825,Andra,Poutress,apoutressmw@newyorker.com,Genderfluid,Ireland,Castlerea,-8.6346959,53.7423435
826,Nigel,Gasticke,ngastickemx@noaa.gov,Male,Ireland,Kilcullen,-8.5047067,51.8830697
827,Baldwin,Skiplorne,bskiplornemy@smugmug.com,Male,Ireland,Old Kilcullen,-6.7449927,53.1310185
828,Jasper,Benedek,jbenedekmz@wix.com,Male,Ireland,Dunmanway,-9.1115941,51.7203863
829,Byrle,Woakes,bwoakesn0@google.com.br,Male,Ireland,Cill Airne,-6.2890702,53.3201497
830,Dani,Sloey,dsloeyn1@instagram.com,Female,Ireland,Eadestown,-6.590926,53.1936864
831,Ned,Webermann,nwebermannn2@wikimedia.org,Male,Ireland,Confey,-6.5028415,53.3806398
832,Hadria,Blackhurst,hblackhurstn3@parallels.com,Female,Ireland,Rathdrum,-6.163027,53.2339841
833,Evered,Griffin,egriffinn4@independent.co.uk,Male,Ireland,Crumlin,-6.3048641,53.3284298
834,Shelly,Carpe,scarpen5@bbc.co.uk,Genderqueer,Ireland,Dunleer,-8.5176583,51.8863277
835,Harland,Spurgin,hspurginn6@tmall.com,Male,Ireland,Dalkey,-6.1072403,53.2780047
836,Mickie,Pidcock,mpidcockn7@twitter.com,Female,Ireland,Birr,-7.9139891,53.0949398
837,Nadia,Rosle,nroslen8@pinterest.com,Female,Ireland,Dungarvan,-6.1822287,53.3788495
838,Gates,Yerby,gyerbyn9@oakley.com,Female,Ireland,Sallins,-6.6633404,53.2492381
839,Lynda,Gravener,lgravenerna@dailymotion.com,Female,Ireland,Sandymount,-6.2152673,53.3323703
840,Kerry,Ambrosch,kambroschnb@princeton.edu,Male,Ireland,Crossmolina,-6.473025,54.0086093
841,Vikki,Naulty,vnaultync@answers.com,Female,Ireland,Swinford,-8.9480659,53.940892
842,Lammond,Flasby,lflasbynd@mlb.com,Male,Ireland,Cashel,-7.888894,52.516323
843,Cleon,MacAllan,cmacallanne@exblog.jp,Male,Ireland,Charlesland,-6.0690645,53.1257486
844,Barbabra,Tipper,btippernf@usnews.com,Female,Ireland,Cill Airne,-6.2890702,53.3201497
845,Julienne,Allward,jallwardng@netscape.com,Female,Ireland,Midleton,-8.1722173,51.9138694
846,Florrie,Weightman,fweightmannh@google.de,Female,Ireland,Kinlough,-6.1136478,53.2121335
847,Ann,Denziloe,adenziloeni@symantec.com,Non-binary,Ireland,Piltown,-6.3025448,53.6920618
848,Ian,Yakovl,iyakovlnj@sourceforge.net,Male,Ireland,Ballyhaunis,-8.7683674,53.7942932
849,Juliette,Hinnerk,jhinnerknk@guardian.co.uk,Female,Ireland,Ballinteer,-6.2554371,53.2767301
850,Helaina,Zannuto,hzannutonl@google.cn,Female,Ireland,Piltown,-6.3025448,53.6920618
851,Cassey,Danielou,cdanielounm@github.com,Female,Ireland,Watergrasshill,-8.337871,52.0097259
852,Hobart,Caulwell,hcaulwellnn@foxnews.com,Male,Ireland,Ashbourne,-6.1215213,53.2724538
853,Etti,Coverdale,ecoverdaleno@storify.com,Female,Ireland,Dungarvan,-6.1822287,53.3788495
854,Adora,Fyrth,afyrthnp@ebay.com,Female,Ireland,Cobh,-8.298942,51.848898
855,Otho,Calderon,ocalderonnq@fastcompany.com,Male,Ireland,Clones,-7.2314132,54.1794814
856,Keane,Kenward,kkenwardnr@virginia.edu,Male,Ireland,Whitegate,-6.3539424,53.3666338
857,Duffy,Showler,dshowlerns@mysql.com,Male,Ireland,Foxrock,-6.1011147,53.2000455
858,Winn,Aldrich,waldrichnt@rakuten.co.jp,Male,Ireland,Gweedore,-9.0288689,53.2737147
859,Bevon,Bythway,bbythwaynu@blogtalkradio.com,Male,Ireland,Glasnevin,-6.266734,53.3829319
860,Carlynne,Graysmark,cgraysmarknv@aboutads.info,Female,Ireland,Piltown,-6.3025448,53.6920618
861,Stu,Arcase,sarcasenw@mozilla.com,Male,Ireland,Kilkenny,-7.2584,52.655184
862,Annissa,Luto,alutonx@dedecms.com,Female,Ireland,Lusk,-6.1535181,53.5220275
863,Cathryn,Mingame,cmingameny@intel.com,Female,Ireland,Sandymount,-6.2152673,53.3323703
864,Aubert,Estcourt,aestcourtnz@go.com,Male,Ireland,Ballyboden,-6.3049392,53.3021194
865,Chrissie,Canti,ccantio0@ihg.com,Male,Ireland,Whitegate,-6.3539424,53.3666338
866,Correy,Bezarra,cbezarrao1@google.com,Male,Ireland,Cavan,-7.297914,54.026345
867,Wade,Pohlak,wpohlako2@joomla.org,Male,Ireland,Cherryville,-7.1111732,52.2513095
868,Burk,Jacquemy,bjacquemyo3@multiply.com,Male,Ireland,Tallaght,-6.3660863,53.2874153
869,Pall,Bridgens,pbridgenso4@goo.ne.jp,Male,Ireland,Cavan,-7.297914,54.026345
870,Sheila-kathryn,Heintzsch,sheintzscho5@themeforest.net,Female,Ireland,Caherconlish,-8.3545704,52.5593605
871,Jessamine,Broose,jbrooseo6@mysql.com,Female,Ireland,Claremorris,-8.334953,51.8610022
872,Annabell,McKyrrelly,amckyrrellyo7@scientificamerican.com,Female,Ireland,Moycullen,-9.159604,53.302644
873,Marsh,Torry,mtorryo8@cam.ac.uk,Male,Ireland,Tullamore,-7.518792,53.284466
874,Kynthia,Strevens,kstrevenso9@sohu.com,Female,Ireland,Ballylinan,-7.0472382,52.9480781
875,Felizio,Seage,fseageoa@japanpost.jp,Male,Ireland,Confey,-6.5028415,53.3806398
876,Hedwig,Landells,hlandellsob@symantec.com,Female,Ireland,Lusk,-6.1535181,53.5220275
877,Hilda,Betjeman,hbetjemanoc@de.vu,Genderfluid,Ireland,Lusk,-6.1535181,53.5220275
878,Jamie,Lovel,jlovelod@nydailynews.com,Male,Ireland,Oughterard,-6.1406578,53.2886387
879,Ignacius,Hitzmann,ihitzmannoe@stumbleupon.com,Agender,Ireland,Balally,-6.5899765,52.176031
880,Mabelle,Massen,mmassenof@163.com,Female,Ireland,Cork,-8.489012,51.923707
881,Jeramie,Beacock,jbeacockog@privacy.gov.au,Male,Ireland,Ashford,-6.3828795,53.385304
882,Dacie,Hayen,dhayenoh@ft.com,Female,Ireland,Kingscourt,-6.2755912,53.3500473
883,Sayers,Dixcey,sdixceyoi@java.com,Male,Ireland,Youghal,-7.8434254,51.949401
884,Amelia,Escoffier,aescoffieroj@yahoo.co.jp,Bigender,Ireland,Valleymount,-6.3077823,53.3655256
885,Robbie,Hinstridge,rhinstridgeok@google.cn,Male,Ireland,Dunlewy,-6.1157412,53.2774963
886,Magdaia,McGinnell,mmcginnellol@networksolutions.com,Female,Ireland,Milltown,-7.9027266,53.4148582
887,Kipper,Causier,kcausierom@smugmug.com,Male,Ireland,Ballivor,-6.1191333,53.1915379
888,Sharla,Aylett,sayletton@weibo.com,Female,Ireland,Cherryville,-7.1111732,52.2513095
889,Ilse,Frounks,ifrounksoo@princeton.edu,Female,Ireland,Midleton,-8.1722173,51.9138694
890,Pia,Sitch,psitchop@yolasite.com,Female,Ireland,Blessington,-8.5111664,51.8858819
891,Slade,Blondel,sblondeloq@ning.com,Male,Ireland,Sallins,-6.6633404,53.2492381
892,Xavier,Sollars,xsollarsor@latimes.com,Male,Ireland,Athy,-6.9858993,53.0018699
893,Pennie,Rubinfeld,prubinfeldos@google.ru,Female,Ireland,Moycullen,-9.159604,53.302644
894,Madella,Decroix,mdecroixot@vinaora.com,Female,Ireland,Dundrum,-6.2508196,53.2866372
895,Massimiliano,Prene,mpreneou@furl.net,Male,Ireland,Ballina,-9.151825,54.11215
896,Tarra,Stodart,tstodartov@digg.com,Female,Ireland,Kinnegad,-9.1327273,53.806868
897,Base,Wilby,bwilbyow@sina.com.cn,Male,Ireland,Dundrum,-6.2508196,53.2866372
898,Gregory,Staff,gstaffox@pagesperso-orange.fr,Male,Ireland,Stradbally,-8.5054897,52.7107501
899,Ignacius,Costanza,icostanzaoy@hubpages.com,Male,Ireland,Confey,-6.5028415,53.3806398
900,Claresta,Butt,cbuttoz@google.ca,Female,Ireland,Ballybofey,-7.74208,54.70972
901,Jamima,Devinn,jdevinnp0@loc.gov,Female,Ireland,Beaumont,-6.2057463,53.3870149
902,Rice,Tabord,rtabordp1@marriott.com,Male,Ireland,Ardee,-8.4784945,51.8815586
903,Ethelda,Auletta,eaulettap2@walmart.com,Female,Ireland,Stradbally,-8.5054897,52.7107501
904,Gerry,Varney,gvarneyp3@naver.com,Male,Ireland,Blarney,-8.8562835,53.510243
905,Neda,Goering,ngoeringp4@fotki.com,Female,Ireland,Navan,-6.313755,53.366736
906,Debora,Abrahm,dabrahmp5@hhs.gov,Female,Ireland,Monkstown,-8.9775014,52.8314927
907,Isaak,Glide,iglidep6@shareasale.com,Male,Ireland,Castlebellingham,-6.391149,53.8996586
908,Yancy,Filip,yfilipp7@phoca.cz,Male,Ireland,Longford,-7.8004329,53.7283566
909,Orland,Fluger,oflugerp8@naver.com,Male,Ireland,Cill Airne,-6.2890702,53.3201497
910,Odo,Darwood,odarwoodp9@cpanel.net,Male,Ireland,Gorey,-6.308522,52.665267
911,Jacintha,Arenson,jarensonpa@amazon.de,Female,Ireland,Ballybofey,-7.74208,54.70972
912,Curry,Darter,cdarterpb@macromedia.com,Male,Ireland,Claremorris,-8.334953,51.8610022
913,Bevvy,Morten,bmortenpc@fc2.com,Female,Ireland,Caherconlish,-8.3545704,52.5593605
914,Miles,Basant,mbasantpd@sbwire.com,Male,Ireland,Clifden,-10.022186,53.488087
915,Osborn,Kesterton,okestertonpe@usda.gov,Male,Ireland,Killorglin,-9.7850991,52.1058991
916,Berta,Pottage,bpottagepf@posterous.com,Female,Ireland,Raphoe,-8.2755058,52.2627273
917,Gerrard,Syseland,gsyselandpg@domainmarket.com,Male,Ireland,Cashel,-7.888894,52.516323
918,Marcella,Zanicchi,mzanicchiph@cbsnews.com,Female,Ireland,Oranmore,-9.7359765,54.1433253
919,Randa,Denne,rdennepi@cocolog-nifty.com,Female,Ireland,Carrigaline,-8.3929404,51.8113447
920,Lisle,Sheryne,lsherynepj@paginegialle.it,Male,Ireland,Dalkey,-6.1072403,53.2780047
921,Julio,Meaney,jmeaneypk@free.fr,Male,Ireland,Swords,-6.2071246,53.4562426
922,Frazier,Littlekit,flittlekitpl@people.com.cn,Male,Ireland,Castleknock,-9.0248232,53.2760162
923,Dunc,Saffen,dsaffenpm@topsy.com,Male,Ireland,Killumney,-8.6340751,52.6638144
924,Brittni,Bladen,bbladenpn@berkeley.edu,Female,Ireland,Tullyallen,-6.4241156,53.7369009
925,Ezri,Sandeford,esandefordpo@example.com,Male,Ireland,Clogherhead,-6.2429997,53.7902634
926,Corie,Melesk,cmeleskpp@foxnews.com,Female,Ireland,Bagenalstown,-6.9692181,52.7009338
927,Judith,Sowersby,jsowersbypq@army.mil,Genderqueer,Ireland,Ballyjamesduff,-7.086877,53.8363325
928,Charis,De Gouy,cdegouypr@cisco.com,Female,Ireland,Granard,-7.5011999,53.776647
929,Aleen,Bater,abaterps@theguardian.com,Female,Ireland,Malahide,-6.1479779,53.450694
930,Elyn,Goldthorpe,egoldthorpept@timesonline.co.uk,Female,Ireland,Youghal,-7.8434254,51.949401
931,Shae,Cowndley,scowndleypu@about.com,Male,Ireland,Ferbane,-8.4824714,51.8862378
932,Reynolds,Joerning,rjoerningpv@miibeian.gov.cn,Male,Ireland,Gort,-8.9791425,52.8638391
933,Gena,Raisbeck,graisbeckpw@unesco.org,Female,Ireland,Rathangan,-6.9898366,53.2265199
934,Yorke,Bamblett,ybamblettpx@wsj.com,Male,Ireland,Aghada,-8.4627451,54.25645
935,Smith,Drysdall,sdrysdallpy@homestead.com,Male,Ireland,Ferbane,-8.4824714,51.8862378
936,Lamar,Janicki,ljanickipz@yellowpages.com,Male,Ireland,Kill,-6.5924609,53.2482376
937,Harman,Esel,heselq0@elpais.com,Male,Ireland,Naas,-6.67045,53.213319
938,Louisette,Brabbs,lbrabbsq1@indiegogo.com,Female,Ireland,Daingean,-7.1297243,52.2509369
939,Patrizio,Gourdon,pgourdonq2@gov.uk,Polygender,Ireland,Cavan,-7.297914,54.026345
940,Sunny,Hundell,shundellq3@purevolume.com,Male,Ireland,Bantry,-9.448724,51.680591
941,Shelby,Itzchaky,sitzchakyq4@sakura.ne.jp,Female,Ireland,Cill Airne,-6.2890702,53.3201497
942,Emmalyn,Addyman,eaddymanq5@mapy.cz,Female,Ireland,Foxrock,-6.1011147,53.2000455
943,Cherida,Huffey,chuffeyq6@bing.com,Female,Ireland,Ballinteer,-6.2554371,53.2767301
944,Malena,Hamly,mhamlyq7@alibaba.com,Female,Ireland,Portumna,-8.2215941,53.0917381
945,Cyrillus,Tidder,ctidderq8@webmd.com,Male,Ireland,Raheny,-6.1820563,53.3786861
946,Vanda,Thornber,vthornberq9@comcast.net,Polygender,Ireland,Ratoath,-6.4671298,53.5050031
947,Beilul,Oven,bovenqa@tamu.edu,Female,Ireland,Clones,-7.2314132,54.1794814
948,Carver,Vango,cvangoqb@constantcontact.com,Male,Ireland,Cobh,-8.298942,51.848898
949,Tracy,Pickover,tpickoverqc@go.com,Female,Ireland,Kinnegad,-9.1327273,53.806868
950,Felicio,Hailston,fhailstonqd@bing.com,Male,Ireland,Raphoe,-8.2755058,52.2627273
951,Kiri,Currington,kcurringtonqe@pen.io,Genderqueer,Ireland,Clifden,-10.022186,53.488087
952,Hinze,Allinson,hallinsonqf@homestead.com,Male,Ireland,Cobh,-8.298942,51.848898
953,Fredek,Drains,fdrainsqg@rakuten.co.jp,Male,Ireland,Ballymahon,-7.7655701,53.5650926
954,Herb,Burgum,hburgumqh@geocities.com,Male,Ireland,Cavan,-7.297914,54.026345
955,Misha,Kirkland,mkirklandqi@hugedomains.com,Female,Ireland,Athlone,-7.9428197,53.4231032
956,Barnabas,Langdale,blangdaleqj@gizmodo.com,Bigender,Ireland,Dunlewy,-6.1157412,53.2774963
957,Bonnibelle,Bussons,bbussonsqk@sitemeter.com,Female,Ireland,Granard,-7.5011999,53.776647
958,Devin,Vala,dvalaql@ucsd.edu,Female,Ireland,Tallaght,-6.3660863,53.2874153
959,Haywood,Jacobovitch,hjacobovitchqm@gnu.org,Male,Ireland,Lucan,-9.4904891,52.6396679
960,Bonnee,Packer,bpackerqn@blogger.com,Genderqueer,Ireland,Lusk,-6.1535181,53.5220275
961,Bank,Cheale,bchealeqo@cbslocal.com,Genderqueer,Ireland,Whitegate,-6.3539424,53.3666338
962,Emily,Castane,ecastaneqp@reference.com,Female,Ireland,Ballyjamesduff,-7.086877,53.8363325
963,Stevy,Boddis,sboddisqq@histats.com,Male,Ireland,Navan,-6.313755,53.366736
964,Ronica,Manske,rmanskeqr@globo.com,Female,Ireland,Kill,-6.5924609,53.2482376
965,Pascale,Davidovicz,pdavidoviczqs@prweb.com,Genderfluid,Ireland,Old Kilcullen,-6.7449927,53.1310185
966,Travis,Arthan,tarthanqt@amazon.com,Genderfluid,Ireland,Boyle,-8.2969737,53.9735591
967,Vilma,Tabord,vtabordqu@wikimedia.org,Female,Ireland,Kiltamagh,-8.9949917,53.8533151
968,Fayre,Dalrymple,fdalrympleqv@oakley.com,Female,Ireland,Cashel,-7.888894,52.516323
969,Jamey,Ortell,jortellqw@gravatar.com,Male,Ireland,Shankill,-6.124065,53.231395
970,Carin,Harverson,charversonqx@independent.co.uk,Female,Ireland,Kildare,-6.9140788,53.169971
971,Hilarius,MacAlpyne,hmacalpyneqy@usnews.com,Male,Ireland,Ballivor,-6.1191333,53.1915379
972,Camile,Werny,cwernyqz@accuweather.com,Female,Ireland,Ballyhaunis,-8.7683674,53.7942932
973,Hayward,Bellie,hbellier0@wikia.com,Male,Ireland,Malahide,-6.1479779,53.450694
974,Boot,Scamerdine,bscamerdiner1@sciencedirect.com,Non-binary,Ireland,Sallins,-6.6633404,53.2492381
975,Kayne,Jenoure,kjenourer2@nationalgeographic.com,Male,Ireland,Castleblayney,-6.64937,54.10269
976,Cyrillus,Rubinowitz,crubinowitzr3@arstechnica.com,Male,Ireland,Muff,-7.269174,55.0650892
977,Merrili,Leftwich,mleftwichr4@google.de,Female,Ireland,Farranacoush,-8.5171384,51.876873
978,Othilia,Linford,olinfordr5@netlog.com,Female,Ireland,Kilmacanoge,-6.139018,53.171935
979,Sawyer,Dunbabin,sdunbabinr6@squarespace.com,Male,Ireland,Granard,-7.5011999,53.776647
980,Adler,Coon,acoonr7@yelp.com,Genderqueer,Ireland,Dunlewy,-6.1157412,53.2774963
981,Jenn,Sivorn,jsivornr8@epa.gov,Female,Ireland,Raphoe,-8.2755058,52.2627273
982,Garek,Limon,glimonr9@bing.com,Male,Ireland,Piltown,-6.3025448,53.6920618
983,Garret,Roder,groderra@blog.com,Male,Ireland,Ballyjamesduff,-7.086877,53.8363325
984,Sophia,Wycherley,swycherleyrb@google.co.uk,Female,Ireland,Castlebellingham,-6.391149,53.8996586
985,Steven,Mechi,smechirc@hud.gov,Male,Ireland,Monaghan,-7.0943023,54.2694844
986,Standford,Stollenwerck,sstollenwerckrd@unesco.org,Male,Ireland,Kinsealy-Drinan,-6.1644997,53.4266145
987,Elysha,Jepp,ejeppre@ibm.com,Female,Ireland,Templeogue,-6.3219759,53.2976886
988,Jamill,Behrendsen,jbehrendsenrf@go.com,Non-binary,Ireland,Bagenalstown,-6.9692181,52.7009338
989,Prue,Elliss,pellissrg@addthis.com,Female,Ireland,Moycullen,-9.159604,53.302644
990,Cally,Gateman,cgatemanrh@mysql.com,Female,Ireland,Milltown,-7.9027266,53.4148582
991,Vita,Everil,veverilri@yahoo.com,Female,Ireland,Ballylinan,-7.0472382,52.9480781
992,Gaspar,Tween,gtweenrj@exblog.jp,Male,Ireland,Prosperous,-6.7515223,53.2888321
993,Jodi,Popland,jpoplandrk@buzzfeed.com,Male,Ireland,Bailieborough,-6.9711886,53.916791
994,Jerrilee,Lea,jlearl@blog.com,Female,Ireland,Monasterevin,-7.0625888,53.1387595
995,Ibbie,Lickess,ilickessrm@xrea.com,Genderfluid,Ireland,Longford,-7.8004329,53.7283566
996,Obadias,Canellas,ocanellasrn@networkadvertising.org,Male,Ireland,Mullagh,-8.4977746,51.8895954
997,Graham,Quan,gquanro@ebay.com,Male,Ireland,Annacotty,-8.5369154,52.6681994
998,Verne,Pyvis,vpyvisrp@goo.ne.jp,Male,Ireland,Castlerea,-8.6346959,53.7423435
999,Alverta,Manns,amannsrq@feedburner.com,Female,Ireland,Donegal,-8.5946591,54.632283
1000,Ferne,Ebrall,febrallrr@arizona.edu,Female,Ireland,Ballisodare,-8.5070436,54.2109904
