id,first_name,last_name,email,gender,country,lon,lat
1,Arturo,Gorries,agorries0@soup.io,Male,Ireland,-6.2890702,53.3201497
2,Boniface,Darrell,bdarrell1@canalblog.com,Agender,Ireland,-6.7515223,53.2888321
3,Wald,Tickel,wtickel2@photobucket.com,Male,Ireland,-7.9027266,53.4148582
4,Zared,Handman,zhandman3@csmonitor.com,Male,Ireland,-6.7434401,53.2229873
5,Mateo,Skin,mskin4@illinois.edu,Male,Ireland,-6.3219759,53.2976886
6,Dyann,Levison,dlevison5@amazon.com,Female,Ireland,-8.83565,53.49417
7,Evie,Binley,ebinley6@ibm.com,Female,Ireland,-6.2554371,53.2767301
8,Ottilie,Mc Caughan,omccaughan7@jigsy.com,Female,Ireland,-6.336393,53.3122864
9,Roi,Le Provest,rleprovest8@themeforest.net,Male,Ireland,-8.958931,51.904635
10,Chickie,Fairfoot,cfairfoot9@baidu.com,Male,Ireland,-8.1722002,54.3051891
11,Ronny,Doret,rdoreta@fotki.com,Male,Ireland,-6.163027,53.2339841
12,Gillian,Duprey,gdupreyb@google.co.jp,Genderfluid,Ireland,-9.7850991,52.1058991
13,Brina,Gossart,bgossartc@house.gov,Female,Ireland,-6.1215213,53.2724538
14,Web,Gaydon,wgaydond@economist.com,Male,Ireland,-7.74208,54.70972
15,Jareb,Duplan,jduplane@mlb.com,Male,Ireland,-6.336393,53.3122864
16,Ula,Dwight,udwightf@hao123.com,Female,Ireland,-6.1942058,53.3604483
17,Maurits,Linning,mlinningg@smugmug.com,Male,Ireland,-7.2584,52.655184
18,Aggy,Winfindine,awinfindineh@virginia.edu,Non-binary,Ireland,-6.6633404,53.2492381
19,Ludvig,Barfield,lbarfieldi@qq.com,Male,Ireland,-8.7683674,53.7942932
20,Misti,Whitmell,mwhitmellj@ezinearticles.com,Female,Ireland,-8.298942,51.848898
21,Artemis,Kersey,akerseyk@hud.gov,Male,Ireland,-8.05,51.9166667
22,Mike,Downes,mdownesl@house.gov,Agender,Ireland,-6.4008792,53.9215606
23,Bryn,Szymanski,bszymanskim@noaa.gov,Male,Ireland,-7.1111732,52.2513095
24,Marja,Lismore,mlismoren@netvibes.com,Female,Ireland,-6.2340942,53.2993199
25,Ami,Blant,ablanto@live.com,Female,Ireland,-6.1920933,53.3916434
26,Staci,Pennycuick,spennycuickp@feedburner.com,Agender,Ireland,-6.3048641,53.3284298
27,Tine,Lorincz,tlorinczq@sakura.ne.jp,Genderfluid,Ireland,-8.9821467,52.8498651
28,Anthe,Ormrod,aormrodr@discovery.com,Female,Ireland,-6.3077823,53.3655256
29,Pierette,Carwithan,pcarwithans@yale.edu,Female,Ireland,-80.7087609,35.7797381
30,Modestia,Veque,mvequet@dedecms.com,Female,Ireland,-6.4671298,53.5050031
31,Raynell,Jordison,rjordisonu@cdbaby.com,Female,Ireland,-6.1822287,53.3788495
32,Barr,Robus,brobusv@yale.edu,Male,Ireland,-8.334953,51.8610022
33,Barnett,Blueman,bbluemanw@xinhuanet.com,Male,Ireland,-7.0833118,52.2413206
34,Dorelle,Fedorchenko,dfedorchenkox@webnode.com,Female,Ireland,-6.3025448,53.6920618
35,Cassaundra,Coldridge,ccoldridgey@free.fr,Female,Ireland,-7.145971,53.508326
36,Sherilyn,Duggan,sdugganz@mediafire.com,Female,Ireland,-10.0320886,54.2223118
37,Michell,Carlet,mcarlet10@youku.com,Female,Ireland,-6.1820563,53.3786861
38,Graig,Westfield,gwestfield11@nature.com,Male,Ireland,-8.5946591,54.632283
39,Goran,Spellacey,gspellacey12@ow.ly,Male,Ireland,-6.473025,54.0086093
40,Meridel,McSpirron,mmcspirron13@cocolog-nifty.com,Female,Ireland,-8.9706844,52.6004448
41,Seumas,Shergill,sshergill14@earthlink.net,Male,Ireland,-9.268589,51.549106
42,Hank,Liggens,hliggens15@delicious.com,Male,Ireland,-6.2152673,53.3323703
43,Vin,Schrir,vschrir16@wp.com,Female,Ireland,-6.64937,54.10269
44,Katie,Lamont,klamont17@simplemachines.org,Female,Ireland,-6.163027,53.2339841
45,Harmonie,Broose,hbroose18@vistaprint.com,Female,Ireland,-6.9140788,53.169971
46,Raymund,Dahlback,rdahlback19@omniture.com,Male,Ireland,-6.4671298,53.5050031
47,Konstantine,Simanenko,ksimanenko1a@nifty.com,Male,Ireland,-6.9898366,53.2265199
48,Faber,Rotham,frotham1b@tiny.cc,Male,Ireland,-6.3422325,53.719155
49,Hewie,Feldstern,hfeldstern1c@nytimes.com,Male,Ireland,-7.518792,53.284466
50,Barn,Winfred,bwinfred1d@google.de,Male,Ireland,-6.2057463,53.3870149
51,Brade,Matt,bmatt1e@cyberchimps.com,Bigender,Ireland,-8.337871,52.0097259
52,Orton,Payle,opayle1f@phoca.cz,Male,Ireland,-6.3828795,53.385304
53,Lonny,O'Gormally,logormally1g@globo.com,Male,Ireland,-6.133718,53.291512
54,Christopher,Simonutti,csimonutti1h@wisc.edu,Male,Ireland,-6.2892907,53.310122
55,Anatol,Cleaveland,acleaveland1i@netscape.com,Male,Ireland,-8.4784945,51.8815586
56,Vasily,Leinweber,vleinweber1j@imgur.com,Male,Ireland,-6.7515223,53.2888321
57,Denny,Larvin,dlarvin1k@yahoo.co.jp,Non-binary,Ireland,-8.9775014,52.8314927
58,Thekla,Kern,tkern1l@slideshare.net,Female,Ireland,-7.2584,52.655184
59,Towney,Hatherell,thatherell1m@shareasale.com,Male,Ireland,-7.0833118,52.2413206
60,Traci,Hullah,thullah1n@bbc.co.uk,Female,Ireland,-6.1011147,53.2000455
61,Ashley,Adicot,aadicot1o@biglobe.ne.jp,Bigender,Ireland,-6.2152673,53.3323703
62,Lee,Stobbe,lstobbe1p@tmall.com,Male,Ireland,-6.2892907,53.310122
63,Meryl,Piatkow,mpiatkow1q@hibu.com,Female,Ireland,-6.1157412,53.2774963
64,Felice,Teasdale,fteasdale1r@ifeng.com,Female,Ireland,-7.7655701,53.5650926
65,Fonz,Jockle,fjockle1s@scribd.com,Male,Ireland,-6.2892907,53.310122
66,Carina,Sedcole,csedcole1t@godaddy.com,Female,Ireland,-7.0943023,54.2694844
67,Any,Cockerham,acockerham1u@gravatar.com,Male,Ireland,-7.145971,53.508326
68,Sarah,Tripet,stripet1v@netvibes.com,Female,Ireland,-6.4008792,53.9215606
69,Olivier,Vahey,ovahey1w@epa.gov,Male,Ireland,-8.5047067,51.8830697
70,Freeland,Grandham,fgrandham1x@posterous.com,Male,Ireland,-7.145971,53.508326
71,Morgun,Abrahmovici,mabrahmovici1y@oracle.com,Male,Ireland,-6.9858993,53.0018699
72,Brenda,Yard,byard1z@webnode.com,Female,Ireland,-6.1349155,53.5834008
73,Duffie,Honacker,dhonacker20@geocities.com,Male,Ireland,-6.2071246,53.4562426
74,Izabel,Halwill,ihalwill21@cdbaby.com,Female,Ireland,-6.1535181,53.5220275
75,Reuven,Brunskill,rbrunskill22@marriott.com,Male,Ireland,-8.8562835,53.510243
76,Marc,Rigard,mrigard23@google.pl,Male,Ireland,-6.1136478,53.2121335
77,Candace,Kubec,ckubec24@economist.com,Female,Ireland,-6.2324705,53.3177535
78,Burr,Ansill,bansill25@chronoengine.com,Male,Ireland,-6.1822287,53.3788495
79,Klaus,Sawyers,ksawyers26@php.net,Bigender,Ireland,-6.2324705,53.3177535
80,Linn,Kembley,lkembley27@house.gov,Male,Ireland,-8.958931,51.904635
81,Boot,Rushmere,brushmere28@bbb.org,Genderfluid,Ireland,-8.6340751,52.6638144
82,Ax,Cater,acater29@theguardian.com,Male,Ireland,-7.0943023,54.2694844
83,Gloriane,Feragh,gferagh2a@weibo.com,Female,Ireland,-6.3077823,53.3655256
84,Ariadne,Aldiss,aaldiss2b@bluehost.com,Female,Ireland,-8.4523258,51.880525
85,Leigh,Vine,lvine2c@jigsy.com,Male,Ireland,-7.1111732,52.2513095
86,Eberto,Hyland,ehyland2d@themeforest.net,Male,Ireland,-9.1115941,51.7203863
87,Heddi,Limprecht,hlimprecht2e@buzzfeed.com,Female,Ireland,-6.3048641,53.3284298
88,Zeb,Bech,zbech2f@geocities.com,Male,Ireland,-6.3422325,53.719155
89,Em,Garmston,egarmston2g@disqus.com,Female,Ireland,-9.7359765,54.1433253
90,Caryl,Pennoni,cpennoni2h@google.ru,Male,Ireland,-7.5011999,53.776647
91,Fredra,Attyeo,fattyeo2i@arizona.edu,Female,Ireland,-6.1544115,53.4855448
92,Georgeanna,Sherwood,gsherwood2j@japanpost.jp,Polygender,Ireland,-9.1327273,53.806868
93,Osmund,Greason,ogreason2k@geocities.jp,Male,Ireland,-80.7087609,35.7797381
94,Julio,Day,jday2l@seesaa.net,Male,Ireland,-8.7683674,53.7942932
95,Crin,Maasze,cmaasze2m@utexas.edu,Female,Ireland,-7.8434254,51.949401
96,Fredelia,Spoor,fspoor2n@alibaba.com,Female,Ireland,-6.1157412,53.2774963
97,Aron,Exrol,aexrol2o@indiatimes.com,Male,Ireland,-6.2429997,53.7902634
98,Blair,Siviour,bsiviour2p@comsenz.com,Female,Ireland,-6.3049392,53.3021194
99,Yorker,Weymouth,yweymouth2q@sphinn.com,Male,Ireland,-7.297914,54.026345
100,Lolly,Vasilechko,lvasilechko2r@4shared.com,Female,Ireland,-6.3025448,53.6920618
101,Lib,Petren,lpetren2s@topsy.com,Female,Ireland,-6.2890702,53.3201497
102,Cindee,Restall,crestall2t@last.fm,Female,Ireland,-6.1136478,53.2121335
103,Gabbie,Lowndes,glowndes2u@exblog.jp,Female,Ireland,-6.2340942,53.2993199
104,Anstice,Babalola,ababalola2v@trellian.com,Female,Ireland,-6.4671298,53.5050031
105,Aldus,De Roos,aderoos2w@java.com,Male,Ireland,-9.1327273,53.806868
106,Torrance,Etchells,tetchells2x@wired.com,Male,Ireland,-6.2633149,53.377533
107,Ronny,Ferrettini,rferrettini2y@xing.com,Female,Ireland,-6.3828795,53.385304
108,Georas,Beagen,gbeagen2z@theguardian.com,Male,Ireland,-7.185387,53.158984
109,Denney,Habbeshaw,dhabbeshaw30@reddit.com,Male,Ireland,-7.5717688,52.1045472
110,Niccolo,Northcliffe,nnorthcliffe31@cdc.gov,Male,Ireland,-7.1297243,52.2509369
111,Reid,Costerd,rcosterd32@diigo.com,Male,Ireland,-6.176659,53.4487975
112,Gwenore,Duckels,gduckels33@simplemachines.org,Female,Ireland,-6.1011147,53.2000455
113,Luciana,Maroney,lmaroney34@chicagotribune.com,Agender,Ireland,-8.8562835,53.510243
114,Solomon,Lett,slett35@accuweather.com,Genderqueer,Ireland,-6.218069,53.374266
115,Krissie,Insley,kinsley36@amazon.co.uk,Female,Ireland,-6.313755,53.366736
116,Darill,Bee,dbee37@cdc.gov,Male,Ireland,-6.176659,53.4487975
117,Joanne,Karolovsky,jkarolovsky38@jiathis.com,Genderqueer,Ireland,-6.1920933,53.3916434
118,Cecile,Vaune,cvaune39@craigslist.org,Female,Ireland,-6.133718,53.291512
119,Abie,Manueli,amanueli3a@flickr.com,Male,Ireland,-6.3049392,53.3021194
120,Remy,Whitley,rwhitley3b@latimes.com,Female,Ireland,-8.4523258,51.880525
121,Gisele,Bunning,gbunning3c@elpais.com,Female,Ireland,-6.4202878,54.0026343
122,Kristal,Ruskin,kruskin3d@goo.gl,Non-binary,Ireland,-6.5924609,53.2482376
123,Broderic,Service,bservice3e@walmart.com,Male,Ireland,-7.8434254,51.949401
124,Elfrida,MacGibbon,emacgibbon3f@phoca.cz,Genderfluid,Ireland,-9.1115941,51.7203863
125,Annabella,Amthor,aamthor3g@alexa.com,Female,Ireland,-8.1722002,54.3051891
126,Kendell,Duthie,kduthie3h@amazon.de,Male,Ireland,-8.8562835,53.510243
127,Conchita,Harrald,charrald3i@bloomberg.com,Female,Ireland,-8.83565,53.49417
128,Reynold,Saben,rsaben3j@google.ca,Male,Ireland,-6.391149,53.8996586
129,Kennan,Chick,kchick3k@ask.com,Male,Ireland,-6.1535181,53.5220275
130,Milka,Hartford,mhartford3l@earthlink.net,Female,Ireland,-6.1011147,53.2000455
131,Lucy,Fronczak,lfronczak3m@booking.com,Genderfluid,Ireland,-6.4496384,53.3582341
132,Rudyard,Baulch,rbaulch3n@g.co,Male,Ireland,-8.9791425,52.8638391
133,Sandye,Townsend,stownsend3o@go.com,Female,Ireland,-7.2584,52.655184
134,Kiah,Buntin,kbuntin3p@oracle.com,Female,Ireland,-9.0197835,53.2736466
135,Wyatt,Dadson,wdadson3q@businesswire.com,Male,Ireland,-7.0472382,52.9480781
136,Dorise,Lammenga,dlammenga3r@t.co,Female,Ireland,-8.334953,51.8610022
137,Devinne,Tettley,dtettley3s@apache.org,Female,Ireland,-6.9898366,53.2265199
138,Benedetto,Sommer,bsommer3t@stumbleupon.com,Male,Ireland,-6.1884248,53.5879156
139,Kenyon,Whitlow,kwhitlow3u@over-blog.com,Male,Ireland,-6.1979853,53.3046353
140,Tabitha,Snawden,tsnawden3v@imdb.com,Female,Ireland,-6.1644997,53.4266145
141,Tedda,Menendes,tmenendes3w@nyu.edu,Female,Ireland,-9.0197835,53.2736466
142,Kass,Prando,kprando3x@delicious.com,Polygender,Ireland,-6.218069,53.374266
143,Gayla,Piotrowski,gpiotrowski3y@bluehost.com,Female,Ireland,-6.218069,53.374266
144,Kerwin,Kearn,kkearn3z@state.tx.us,Male,Ireland,-6.2890702,53.3201497
145,Patric,Tussaine,ptussaine40@nifty.com,Male,Ireland,-6.0690645,53.1257486
146,Pammy,Seeler,pseeler41@google.com.au,Non-binary,Ireland,-7.74208,54.70972
147,Noble,Sagg,nsagg42@miibeian.gov.cn,Male,Ireland,-7.5717688,52.1045472
148,Raynor,Gregoretti,rgregoretti43@nih.gov,Genderfluid,Ireland,-8.7683674,53.7942932
149,Jonathon,Bernardet,jbernardet44@360.cn,Male,Ireland,-6.3422325,53.719155
150,Rani,Ghirigori,rghirigori45@uol.com.br,Female,Ireland,-6.2890702,53.3201497
151,Curcio,Gush,cgush46@epa.gov,Male,Ireland,-6.133718,53.291512
152,Auria,Skeffington,askeffington47@friendfeed.com,Female,Ireland,-6.1544115,53.4855448
153,Pete,Eckery,peckery48@sfgate.com,Male,Ireland,-6.1544115,53.4855448
154,Nikki,Tremouille,ntremouille49@github.com,Female,Ireland,-8.4242597,51.8910459
155,Dew,Ducarne,dducarne4a@free.fr,Male,Ireland,-7.145971,53.508326
156,Dana,Thomson,dthomson4b@topsy.com,Male,Ireland,-6.1215213,53.2724538
157,Jamesy,Tuplin,jtuplin4c@ocn.ne.jp,Male,Ireland,-10.0320886,54.2223118
158,Bastian,Roberto,broberto4d@jalbum.net,Male,Ireland,-9.0288689,53.2737147
159,Stanford,Lankham,slankham4e@tuttocitta.it,Male,Ireland,-6.590926,53.1936864
160,Dorian,Lampens,dlampens4f@archive.org,Male,Ireland,-8.2215941,53.0917381
161,Maynord,Walsh,mwalsh4g@businesswire.com,Male,Ireland,-6.1820563,53.3786861
162,Irene,Shepperd,ishepperd4h@google.es,Female,Ireland,-6.1479779,53.450694
163,Albina,Ellsbury,aellsbury4i@howstuffworks.com,Female,Ireland,-8.1722173,51.9138694
164,Herby,Hardie,hhardie4j@xinhuanet.com,Male,Ireland,-9.448724,51.680591
165,Bamby,Hartly,bhartly4k@amazon.de,Bigender,Ireland,-6.1884248,53.5879156
166,Hazel,Dugan,hdugan4l@ed.gov,Female,Ireland,-8.4523258,51.880525
167,Rolph,Fenimore,rfenimore4m@imageshack.us,Male,Ireland,-6.2340942,53.2993199
168,Catherine,O' Loughran,coloughran4n@msu.edu,Genderqueer,Ireland,-8.2215941,53.0917381
169,Emanuele,Folomin,efolomin4o@icio.us,Male,Ireland,-9.1327273,53.806868
170,Wildon,Dingwall,wdingwall4p@sohu.com,Male,Ireland,-6.4887534,53.3653866
171,Fairleigh,Shugg,fshugg4q@ox.ac.uk,Male,Ireland,-7.086877,53.8363325
172,Ida,Tie,itie4r@msu.edu,Female,Ireland,-8.5047067,51.8830697
173,Petunia,Clackson,pclackson4s@ebay.co.uk,Female,Ireland,-8.4523258,51.880525
174,Albert,Hartle,ahartle4t@about.com,Male,Ireland,-6.9140788,53.169971
175,Tab,Bladon,tbladon4u@prnewswire.com,Male,Ireland,-8.9821467,52.8498651
176,Katy,Iley,kiley4v@tmall.com,Female,Ireland,-6.7434401,53.2229873
177,Marty,Seeds,mseeds4w@pbs.org,Male,Ireland,-9.4851741,52.4460804
178,Ted,McTerrelly,tmcterrelly4x@bloomberg.com,Male,Ireland,-6.9711886,53.916791
179,Codie,Brellin,cbrellin4y@usnews.com,Male,Ireland,-6.9711886,53.916791
180,Hyacinthia,Gyer,hgyer4z@illinois.edu,Female,Ireland,-6.3025448,53.6920618
181,Normy,Giacopelo,ngiacopelo50@dmoz.org,Male,Ireland,-6.2890702,53.3201497
182,Cale,Jiranek,cjiranek51@nytimes.com,Male,Ireland,-9.1327273,53.806868
183,Gianni,Littrick,glittrick52@house.gov,Male,Ireland,-6.1942058,53.3604483
184,Maisie,Zanutti,mzanutti53@pinterest.com,Female,Ireland,-6.251714,53.3169419
185,Gabriele,Rotte,grotte54@wunderground.com,Male,Ireland,-6.3422325,53.719155
186,Constance,Bristo,cbristo55@blogspot.com,Female,Ireland,-6.1979853,53.3046353
187,Svend,Kaemena,skaemena56@umich.edu,Male,Ireland,-9.5003786,52.4458588
188,Godiva,Gingold,ggingold57@reverbnation.com,Female,Ireland,-10.0320886,54.2223118
189,Benedikta,Allflatt,ballflatt58@ycombinator.com,Female,Ireland,-6.3422325,53.719155
190,Bentlee,Rachuig,brachuig59@redcross.org,Male,Ireland,-7.185387,53.158984
191,Darlene,Ezzy,dezzy5a@shinystat.com,Female,Ireland,-6.1072403,53.2780047
192,Vitia,Runge,vrunge5b@ibm.com,Female,Ireland,-9.151825,54.11215
193,Patti,Abotson,pabotson5c@51.la,Female,Ireland,-9.4851741,52.4460804
194,Becky,Hannah,bhannah5d@devhub.com,Genderqueer,Ireland,-6.2071246,53.4562426
195,Cecilla,Moret,cmoret5e@whitehouse.gov,Female,Ireland,-7.086877,53.8363325
196,Brigida,Dyter,bdyter5f@loc.gov,Non-binary,Ireland,-7.297914,54.026345
197,Saunders,Arnholtz,sarnholtz5g@free.fr,Non-binary,Ireland,-6.7434401,53.2229873
198,Carleton,Kilpatrick,ckilpatrick5h@independent.co.uk,Male,Ireland,-7.1111732,52.2513095
199,Ardene,Adriano,aadriano5i@bing.com,Female,Ireland,-6.2340942,53.2993199
200,Craggy,Monahan,cmonahan5j@google.com,Male,Ireland,-6.1822287,53.3788495
201,Bertram,Credland,bcredland5k@weibo.com,Male,Ireland,-6.1979853,53.3046353
202,Bail,Saltman,bsaltman5l@xing.com,Male,Ireland,-9.7850991,52.1058991
203,Ariel,Harte,aharte5m@wordpress.org,Male,Ireland,-7.9027266,53.4148582
204,Hashim,Baudi,hbaudi5n@virginia.edu,Genderfluid,Ireland,-7.269174,55.0650892
205,Kerrin,Joao,kjoao5o@goo.gl,Female,Ireland,-6.2755912,53.3500473
206,Neddie,Stenners,nstenners5p@hc360.com,Male,Ireland,-8.2215941,53.0917381
207,Cletus,Wink,cwink5q@ezinearticles.com,Male,Ireland,-9.4851741,52.4460804
208,Webster,Ianiello,wianiello5r@bizjournals.com,Male,Ireland,-8.4824714,51.8862378
209,Dinah,Sawl,dsawl5s@i2i.jp,Female,Ireland,-6.4496384,53.3582341
210,Maggi,Cornhill,mcornhill5t@admin.ch,Polygender,Ireland,-6.4496384,53.3582341
211,Corena,Pabelik,cpabelik5u@drupal.org,Female,Ireland,-7.1111732,52.2513095
212,Rik,Leer,rleer5v@comcast.net,Male,Ireland,-9.5003786,52.4458588
213,Tobie,Rosson,trosson5w@kickstarter.com,Male,Ireland,-9.0248232,53.2760162
214,Libbi,Ings,lings5x@domainmarket.com,Female,Ireland,-6.1544115,53.4855448
215,Fitz,McGinley,fmcginley5y@wsj.com,Male,Ireland,-8.2817353,54.4771768
216,Cosimo,Beri,cberi5z@youtube.com,Male,Ireland,-8.642661,52.1361219
217,Roseanne,Kainz,rkainz60@epa.gov,Female,Ireland,-6.3695384,53.3734053
218,Pru,Yashanov,pyashanov61@squarespace.com,Female,Ireland,-6.1406578,53.2886387
219,Fergus,Palke,fpalke62@reference.com,Male,Ireland,-10.022186,53.488087
220,Teodorico,Kobisch,tkobisch63@nbcnews.com,Male,Ireland,-8.5054897,52.7107501
221,Camilla,Wasiel,cwasiel64@youtube.com,Female,Ireland,-7.2584,52.655184
222,Osmond,Josskoviz,ojosskoviz65@desdev.cn,Male,Ireland,-7.5011999,53.776647
223,Arron,Parlot,aparlot66@hibu.com,Male,Ireland,-7.0943023,54.2694844
224,Carleton,Nanetti,cnanetti67@google.co.uk,Male,Ireland,-8.5111664,51.8858819
225,Delano,Genese,dgenese68@w3.org,Male,Ireland,-9.7359765,54.1433253
226,Barn,Billyard,bbillyard69@discovery.com,Male,Ireland,-8.958931,51.904635
227,Winfield,Badam,wbadam6a@paypal.com,Male,Ireland,-6.266734,53.3829319
228,Duane,Caron,dcaron6b@google.com.hk,Male,Ireland,-8.5369154,52.6681994
229,Currey,Francioli,cfrancioli6c@barnesandnoble.com,Male,Ireland,-9.7850991,52.1058991
230,Belicia,Gunson,bgunson6d@nbcnews.com,Female,Ireland,-6.163027,53.2339841
231,Emelda,Deshorts,edeshorts6e@latimes.com,Female,Ireland,-8.83565,53.49417
232,Alwin,Blaszkiewicz,ablaszkiewicz6f@webeden.co.uk,Male,Ireland,-7.0833118,52.2413206
233,Fabien,Jewkes,fjewkes6g@163.com,Male,Ireland,-6.5924609,53.2482376
234,Cobbie,Havill,chavill6h@360.cn,Agender,Ireland,-6.139018,53.171935
235,Charo,Shelliday,cshelliday6i@behance.net,Female,Ireland,-7.297914,54.026345
236,Cheslie,Berzon,cberzon6j@twitpic.com,Female,Ireland,-8.8950821,52.7604883
237,Alexine,Parkisson,aparkisson6k@bravesites.com,Female,Ireland,-6.2071246,53.4562426
238,Adiana,Cadagan,acadagan6l@spiegel.de,Female,Ireland,-8.2001004,52.86326
239,Linc,Rate,lrate6m@disqus.com,Male,Ireland,-6.3506335,53.2911347
240,Lodovico,Scawn,lscawn6n@goodreads.com,Male,Ireland,-6.0690645,53.1257486
241,Welsh,Eustanch,weustanch6o@hugedomains.com,Male,Ireland,-6.1072403,53.2780047
242,Ernesta,Brazear,ebrazear6p@yahoo.co.jp,Bigender,Ireland,-6.1136478,53.2121335
243,Odella,Gentry,ogentry6q@youku.com,Female,Ireland,-6.5924609,53.2482376
244,Avie,Walkington,awalkington6r@ox.ac.uk,Female,Ireland,-6.64937,54.10269
245,Nolie,Hamsher,nhamsher6s@springer.com,Female,Ireland,-6.2890702,53.3201497
246,Purcell,Deans,pdeans6t@psu.edu,Male,Ireland,-6.2429997,53.7902634
247,Coreen,Lanney,clanney6u@uol.com.br,Female,Ireland,-8.4977746,51.8895954
248,Wells,Cammack,wcammack6v@nps.gov,Male,Ireland,-9.7359765,54.1433253
249,Keeley,Cross,kcross6w@admin.ch,Female,Ireland,-6.374155,53.3223974
250,Louise,Stagg,lstagg6x@yolasite.com,Female,Ireland,-6.4671298,53.5050031
251,Alberto,Blasli,ablasli6y@oaic.gov.au,Male,Ireland,-8.8562835,53.510243
252,Godart,London,glondon6z@constantcontact.com,Male,Ireland,-8.642661,52.1361219
253,Nedda,Inseal,ninseal70@purevolume.com,Female,Ireland,-6.266734,53.3829319
254,Alyss,Bagg,abagg71@sciencedirect.com,Female,Ireland,-8.8950821,52.7604883
255,Delano,McKie,dmckie72@columbia.edu,Male,Ireland,-6.473025,54.0086093
256,Hurleigh,Trevain,htrevain73@barnesandnoble.com,Male,Ireland,-6.264963,53.3897152
257,Diarmid,Selesnick,dselesnick74@mediafire.com,Male,Ireland,-6.1884248,53.5879156
258,Dyanna,Vaughan,dvaughan75@google.ru,Female,Ireland,-8.9791425,52.8638391
259,Devon,Bertin,dbertin76@miibeian.gov.cn,Female,Ireland,-6.366762,53.2987724
260,Maryann,Sprouls,msprouls77@shutterfly.com,Female,Ireland,-8.2817353,54.4771768
261,Yehudi,Valens-Smith,yvalenssmith78@whitehouse.gov,Male,Ireland,-6.124065,53.231395
262,Shelton,Pitson,spitson79@flickr.com,Male,Ireland,-7.5011999,53.776647
263,Reagan,McIlhatton,rmcilhatton7a@smugmug.com,Male,Ireland,-6.2387374,53.3141205
264,Aile,Sawrey,asawrey7b@microsoft.com,Female,Ireland,-7.1297243,52.2509369
265,Ammamaria,Jahnel,ajahnel7c@bloglovin.com,Female,Ireland,-6.251714,53.3169419
266,Carmelle,Stair,cstair7d@nytimes.com,Female,Ireland,-8.3545704,52.5593605
267,Cassondra,Parlett,cparlett7e@imdb.com,Female,Ireland,-7.1297243,52.2509369
268,Fredelia,Frankel,ffrankel7f@zdnet.com,Female,Ireland,-7.518792,53.284466
269,Ardisj,Nursey,anursey7g@163.com,Female,Ireland,-6.336393,53.3122864
270,Lin,Loynton,lloynton7h@linkedin.com,Male,Ireland,-6.391149,53.8996586
271,Karna,Peachey,kpeachey7i@harvard.edu,Female,Ireland,-6.2324705,53.3177535
272,Mitchell,Firpi,mfirpi7j@alexa.com,Male,Ireland,-6.9692181,52.7009338
273,Maegan,McLevie,mmclevie7k@netscape.com,Female,Ireland,-8.2215941,53.0917381
274,Ira,Guthrum,iguthrum7l@google.com.br,Female,Ireland,-6.3025448,53.6920618
275,Frederik,Tuffrey,ftuffrey7m@fc2.com,Male,Ireland,-6.139018,53.171935
276,Jess,Poytres,jpoytres7n@blogger.com,Female,Ireland,-8.642661,52.1361219
277,Robinson,Biagioni,rbiagioni7o@lycos.com,Male,Ireland,-6.336393,53.3122864
278,Osmond,Lillyman,olillyman7p@mapquest.com,Bigender,Ireland,-6.1136478,53.2121335
279,Manfred,Marquis,mmarquis7q@prnewswire.com,Non-binary,Ireland,-6.1884248,53.5879156
280,Kaja,de Wilde,kdewilde7r@typepad.com,Non-binary,Ireland,-6.3219759,53.2976886
281,Noelani,Harwood,nharwood7s@yellowpages.com,Polygender,Ireland,-7.8434254,51.949401
282,Wainwright,Garratt,wgarratt7t@shutterfly.com,Bigender,Ireland,-6.1097188,53.3895926
283,Dino,Ouldred,douldred7u@amazon.co.uk,Non-binary,Ireland,-7.8434254,51.949401
284,Saul,Chyuerton,schyuerton7v@infoseek.co.jp,Male,Ireland,-6.1820563,53.3786861
285,Shayne,Birkwood,sbirkwood7w@springer.com,Male,Ireland,-8.2817353,54.4771768
286,Gracia,Vallance,gvallance7x@fda.gov,Female,Ireland,-7.0625888,53.1387595
287,Pieter,Howison,phowison7y@techcrunch.com,Male,Ireland,-8.9821467,52.8498651
288,Melicent,Emmins,memmins7z@cargocollective.com,Non-binary,Ireland,-7.7655701,53.5650926
289,Kinnie,Scrace,kscrace80@webmd.com,Male,Ireland,-6.374155,53.3223974
290,Beatriz,Masding,bmasding81@tripadvisor.com,Female,Ireland,-8.3929404,51.8113447
291,Holmes,Smithin,hsmithin82@rediff.com,Male,Ireland,-9.4904891,52.6396679
292,Caria,McCadden,cmccadden83@virginia.edu,Female,Ireland,-6.3049392,53.3021194
293,Chloette,Gallier,cgallier84@upenn.edu,Agender,Ireland,-6.1603828,53.2599034
294,Matthiew,Barltrop,mbarltrop85@intel.com,Male,Ireland,-8.7683674,53.7942932
295,Mariam,Marrill,mmarrill86@rambler.ru,Female,Ireland,-10.022186,53.488087
296,Kirstin,Stainburn,kstainburn87@printfriendly.com,Genderqueer,Ireland,-8.4824714,51.8862378
297,Noelle,Stafford,nstafford88@sakura.ne.jp,Female,Ireland,-6.1406578,53.2886387
298,Jorie,Ibbett,jibbett89@google.pl,Female,Ireland,-8.7683674,53.7942932
299,Chastity,Harcarse,charcarse8a@newyorker.com,Female,Ireland,-7.269174,55.0650892
300,Abbey,Dobie,adobie8b@fc2.com,Male,Ireland,-8.2969737,53.9735591
301,Regine,Lyffe,rlyffe8c@engadget.com,Female,Ireland,-7.269174,55.0650892
302,Oberon,Seyler,oseyler8d@sogou.com,Male,Ireland,-8.334953,51.8610022
303,Currie,Prewett,cprewett8e@mac.com,Male,Ireland,-9.159604,53.302644
304,Hunfredo,Linham,hlinham8f@un.org,Male,Ireland,-6.2611953,53.3881832
305,Wade,Goschalk,wgoschalk8g@shinystat.com,Male,Ireland,-6.1215213,53.2724538
306,Hector,Marval,hmarval8h@devhub.com,Male,Ireland,-6.1942058,53.3604483
307,Gibby,Kindleysides,gkindleysides8i@census.gov,Male,Ireland,-6.3219759,53.2976886
308,Christean,Dwyr,cdwyr8j@indiegogo.com,Female,Ireland,-9.5003786,52.4458588
309,Trista,Sandeland,tsandeland8k@smugmug.com,Female,Ireland,-8.4977746,51.8895954
310,Coleman,Borrow,cborrow8l@de.vu,Male,Ireland,-9.7850991,52.1058991
311,Jedediah,Garrould,jgarrould8m@google.com,Male,Ireland,-6.1884248,53.5879156
312,Pamelina,Arnopp,parnopp8n@dailymotion.com,Female,Ireland,-7.606287,53.6972399
313,Roxi,Klemke,rklemke8o@reddit.com,Female,Ireland,-8.5171384,51.876873
314,Leonhard,Riveles,lriveles8p@msu.edu,Male,Ireland,-6.1011147,53.2000455
315,Mercy,Reina,mreina8q@acquirethisname.com,Female,Ireland,-6.4008792,53.9215606
316,Amii,Tumility,atumility8r@bandcamp.com,Female,Ireland,-8.83565,53.49417
317,Corella,Gerbi,cgerbi8s@bluehost.com,Female,Ireland,-8.1722002,54.3051891
318,Amie,Vautre,avautre8t@constantcontact.com,Polygender,Ireland,-6.124065,53.231395
319,Christian,Callacher,ccallacher8u@aboutads.info,Female,Ireland,-8.9706844,52.6004448
320,Dietrich,McDavitt,dmcdavitt8v@phoca.cz,Male,Ireland,-6.2057463,53.3870149
321,Cos,Ondracek,condracek8w@goo.ne.jp,Genderfluid,Ireland,-9.0248232,53.2760162
322,Heinrick,Sadgrove,hsadgrove8x@domainmarket.com,Genderqueer,Ireland,-7.2979911,53.6785169
323,Brear,Kuhlen,bkuhlen8y@drupal.org,Female,Ireland,-6.2340942,53.2993199
324,Modestine,Kitley,mkitley8z@homestead.com,Bigender,Ireland,-6.3025448,53.6920618
325,Pammie,Haggath,phaggath90@harvard.edu,Genderfluid,Ireland,-9.4904891,52.6396679
326,Dion,Agett,dagett91@posterous.com,Bigender,Ireland,-9.1115941,51.7203863
327,Braden,Kitchin,bkitchin92@indiatimes.com,Male,Ireland,-6.7449927,53.1310185
328,Rosaline,Ibbitt,ribbitt93@google.it,Female,Ireland,-7.9027266,53.4148582
329,Hannie,Beckhouse,hbeckhouse94@upenn.edu,Female,Ireland,-6.1136478,53.2121335
330,Kinny,Chater,kchater95@shinystat.com,Male,Ireland,-6.251714,53.3169419
331,Barnard,Lipp,blipp96@time.com,Male,Ireland,-8.5946591,54.632283
332,Mace,Treeby,mtreeby97@independent.co.uk,Male,Ireland,-6.5853664,53.378253
333,Chen,Calloway,ccalloway98@pcworld.com,Male,Ireland,-6.473025,54.0086093
334,Marissa,Chomicz,mchomicz99@google.co.uk,Female,Ireland,-6.1979853,53.3046353
335,Shannon,Rummin,srummin9a@ocn.ne.jp,Female,Ireland,-6.5028415,53.3806398
336,Marshall,La Padula,mlapadula9b@123-reg.co.uk,Male,Ireland,-6.9898366,53.2265199
337,Decca,Wernham,dwernham9c@wufoo.com,Male,Ireland,-6.7434401,53.2229873
338,Rosella,Millis,rmillis9d@hostgator.com,Female,Ireland,-9.1327273,53.806868
339,Dosi,Littledike,dlittledike9e@eventbrite.com,Female,Ireland,-6.2611953,53.3881832
340,Drugi,Hugett,dhugett9f@booking.com,Male,Ireland,-6.176659,53.4487975
341,Pavel,Antonikov,pantonikov9g@slashdot.org,Male,Ireland,-7.606287,53.6972399
342,Lauritz,Johananov,ljohananov9h@earthlink.net,Male,Ireland,-9.5003786,52.4458588
343,Uriah,Gebuhr,ugebuhr9i@ycombinator.com,Male,Ireland,-7.9027266,53.4148582
344,Garvin,Sommerville,gsommerville9j@un.org,Male,Ireland,-6.1920933,53.3916434
345,Cassey,Currell,ccurrell9k@oaic.gov.au,Female,Ireland,-6.1191333,53.1915379
346,Natalie,Aherne,naherne9l@usgs.gov,Female,Ireland,-7.145971,53.508326
347,Rex,Barts,rbarts9m@youku.com,Male,Ireland,-9.151825,54.11215
348,Pauletta,Keysel,pkeysel9n@twitpic.com,Female,Ireland,-7.1297243,52.2509369
349,Karleen,Briggdale,kbriggdale9o@mysql.com,Female,Ireland,-9.4851741,52.4460804
350,Reidar,Tweedie,rtweedie9p@bandcamp.com,Male,Ireland,-7.0943023,54.2694844
351,Angel,Trenam,atrenam9q@economist.com,Female,Ireland,-6.391149,53.8996586
352,Say,Jack,sjack9r@imageshack.us,Male,Ireland,-6.64937,54.10269
353,Jayne,Caven,jcaven9s@independent.co.uk,Female,Ireland,-6.3049392,53.3021194
354,Minnie,Balazs,mbalazs9t@phoca.cz,Female,Ireland,-6.313755,53.366736
355,Frederic,Cumbes,fcumbes9u@springer.com,Male,Ireland,-9.5003786,52.4458588
356,Ramsey,Hayden,rhayden9v@home.pl,Male,Ireland,-6.3219759,53.2976886
357,Emalia,Bosley,ebosley9w@discuz.net,Female,Ireland,-8.05,51.9166667
358,Joachim,Miquelet,jmiquelet9x@pagesperso-orange.fr,Male,Ireland,-6.1535181,53.5220275
359,Pepillo,Blankley,pblankley9y@cdbaby.com,Male,Ireland,-8.9949917,53.8533151
360,Laureen,Alsina,lalsina9z@pinterest.com,Female,Ireland,-6.5924609,53.2482376
361,Fran,Jensen,fjensena0@slashdot.org,Female,Ireland,-6.2892907,53.310122
362,Evangelina,Ainslie,eainsliea1@census.gov,Female,Ireland,-7.9428197,53.4231032
363,Germayne,Daspar,gdaspara2@google.com.au,Male,Ireland,-80.7087609,35.7797381
364,Janene,Emblin,jemblina3@discuz.net,Female,Ireland,-6.0690645,53.1257486
365,Dorie,Waller-Bridge,dwallerbridgea4@census.gov,Male,Ireland,-6.1157412,53.2774963
366,Lilias,Parvin,lparvina5@printfriendly.com,Female,Ireland,-6.313755,53.366736
367,Aida,Mc Menamin,amcmenamina6@jalbum.net,Female,Ireland,-7.086877,53.8363325
368,Fernande,Arthan,farthana7@globo.com,Female,Ireland,-6.0704904,53.1286984
369,Thain,Harle,tharlea8@wired.com,Genderqueer,Ireland,-8.9821467,52.8498651
370,Glyn,Stains,gstainsa9@friendfeed.com,Female,Ireland,-9.448724,51.680591
371,Meryl,Boutell,mboutellaa@furl.net,Male,Ireland,-6.1072403,53.2780047
372,Leoline,Balser,lbalserab@ted.com,Female,Ireland,-6.1136478,53.2121335
373,Clarke,Jacqueminet,cjacqueminetac@mediafire.com,Male,Ireland,-6.1157412,53.2774963
374,Judi,Fautley,jfautleyad@joomla.org,Female,Ireland,-6.266734,53.3829319
375,Stu,Tuckwood,stuckwoodae@shareasale.com,Male,Ireland,-6.3422325,53.719155
376,Billie,Delacroux,bdelacrouxaf@e-recht24.de,Bigender,Ireland,-6.3828795,53.385304
377,Maxie,Pelman,mpelmanag@squidoo.com,Male,Ireland,-6.5853664,53.378253
378,Scott,Meaney,smeaneyah@paginegialle.it,Male,Ireland,-6.2890702,53.3201497
379,Bennett,Fleischer,bfleischerai@discuz.net,Male,Ireland,-8.5171384,51.876873
380,Danita,Smartman,dsmartmanaj@slate.com,Female,Ireland,-9.4851741,52.4460804
381,Mireielle,Hulance,mhulanceak@yale.edu,Female,Ireland,-6.1644997,53.4266145
382,Philippa,Fontelles,pfontellesal@nature.com,Female,Ireland,-7.8004329,53.7283566
383,Konrad,Dixsee,kdixseeam@sfgate.com,Male,Ireland,-6.2611953,53.3881832
384,Ladonna,Broseke,lbrosekean@google.com.au,Female,Ireland,-6.3695384,53.3734053
385,Kahaleel,Frensch,kfrenschao@arizona.edu,Male,Ireland,-6.1406578,53.2886387
386,Reeba,Queripel,rqueripelap@yellowpages.com,Female,Ireland,-8.4784945,51.8815586
387,Laurena,Stolli,lstolliaq@wikipedia.org,Female,Ireland,-6.266734,53.3829319
388,Rebekah,Buchanan,rbuchananar@soup.io,Female,Ireland,-6.5924609,53.2482376
389,Sid,Dunnett,sdunnettas@ted.com,Male,Ireland,-7.8434254,51.949401
390,Faina,Draysey,fdrayseyat@walmart.com,Female,Ireland,-9.7850991,52.1058991
391,Emmett,Knights,eknightsau@eventbrite.com,Male,Ireland,-6.9858993,53.0018699
392,Ignacius,Bleackley,ibleackleyav@histats.com,Male,Ireland,-6.2387374,53.3141205
393,Iggy,Fairnie,ifairnieaw@gmpg.org,Male,Ireland,-6.3077823,53.3655256
394,Aretha,Coultard,acoultardax@ow.ly,Female,Ireland,-8.5070436,54.2109904
395,Magda,Anmore,manmoreay@flavors.me,Female,Ireland,-6.264963,53.3897152
396,Fionna,Struss,fstrussaz@bloomberg.com,Female,Ireland,-6.3049392,53.3021194
397,Giacopo,Simionescu,gsimionescub0@rambler.ru,Male,Ireland,-6.374155,53.3223974
398,Hasty,Binns,hbinnsb1@skyrock.com,Male,Ireland,-6.4241156,53.7369009
399,Dal,Batham,dbathamb2@jugem.jp,Male,Ireland,-6.5853664,53.378253
400,Fabe,Wakeley,fwakeleyb3@spotify.com,Male,Ireland,-8.05,51.9166667
401,Miguela,Moroney,mmoroneyb4@answers.com,Female,Ireland,-8.489012,51.923707
402,Leia,Stares,lstaresb5@phoca.cz,Polygender,Ireland,-8.4784945,51.8815586
403,Hussein,Redmond,hredmondb6@ow.ly,Male,Ireland,-6.1191333,53.1915379
404,Aloysia,Foord,afoordb7@typepad.com,Female,Ireland,-6.2633149,53.377533
405,Karilynn,Champkin,kchampkinb8@netvibes.com,Female,Ireland,-10.0320886,54.2223118
406,Milty,Dalgety,mdalgetyb9@cbc.ca,Male,Ireland,-6.1535181,53.5220275
407,Ricky,Moxom,rmoxomba@stanford.edu,Female,Ireland,-7.606287,53.6972399
408,Angele,Prester,apresterbb@europa.eu,Female,Ireland,-8.4523258,51.880525
409,Harlene,Le febre,hlefebrebc@friendfeed.com,Genderqueer,Ireland,-6.2429997,53.7902634
410,Frederica,Whitnall,fwhitnallbd@fc2.com,Polygender,Ireland,-8.5047067,51.8830697
411,Ulrick,Shurville,ushurvillebe@biblegateway.com,Male,Ireland,-8.3545704,52.5593605
412,Griffie,Hadleigh,ghadleighbf@weather.com,Male,Ireland,-6.1011147,53.2000455
413,Phillipe,Cicconettii,pcicconettiibg@ycombinator.com,Male,Ireland,-7.0472382,52.9480781
414,Nadiya,Gameson,ngamesonbh@cbslocal.com,Female,Ireland,-8.4977746,51.8895954
415,Hyacintha,Houson,hhousonbi@goodreads.com,Female,Ireland,-6.64937,54.10269
416,Shandy,Peatheyjohns,speatheyjohnsbj@answers.com,Female,Ireland,-6.7515223,53.2888321
417,Maurie,Pigne,mpignebk@fotki.com,Male,Ireland,-6.2324705,53.3177535
418,Devondra,Smedmore,dsmedmorebl@blogspot.com,Female,Ireland,-7.8004329,53.7283566
419,Evelin,Saffell,esaffellbm@tinypic.com,Male,Ireland,-6.391149,53.8996586
420,Shelley,Wellbelove,swellbelovebn@goo.ne.jp,Male,Ireland,-6.3025448,53.6920618
421,Abdul,Carlisle,acarlislebo@seesaa.net,Male,Ireland,-9.5003786,52.4458588
422,Layton,Armfirld,larmfirldbp@ning.com,Male,Ireland,-7.1297243,52.2509369
423,Gaven,Ginnety,gginnetybq@4shared.com,Male,Ireland,-7.7655701,53.5650926
424,Hiram,Southcott,hsouthcottbr@constantcontact.com,Male,Ireland,-6.3506335,53.2911347
425,Aile,Velez,avelezbs@washingtonpost.com,Female,Ireland,-6.139018,53.171935
426,Clare,McArt,cmcartbt@altervista.org,Non-binary,Ireland,-6.2890702,53.3201497
427,Merrile,Britzius,mbritziusbu@boston.com,Female,Ireland,-6.3422325,53.719155
428,Mirilla,Emanuele,memanuelebv@g.co,Female,Ireland,-8.9949917,53.8533151
429,Avrom,Souley,asouleybw@scribd.com,Male,Ireland,-8.9480659,53.940892
430,Carita,Dashwood,cdashwoodbx@uiuc.edu,Genderfluid,Ireland,-7.9428197,53.4231032
431,Georgy,Bagwell,gbagwellby@jalbum.net,Male,Ireland,-6.9858993,53.0018699
432,Brnaba,Grendon,bgrendonbz@wikimedia.org,Male,Ireland,-8.5047067,51.8830697
433,Tabor,Yarnall,tyarnallc0@1688.com,Male,Ireland,-8.9821467,52.8498651
434,Nataniel,Tibbs,ntibbsc1@g.co,Male,Ireland,-6.4241156,53.7369009
435,Addie,Phillpotts,aphillpottsc2@census.gov,Female,Ireland,-6.9692181,52.7009338
436,Nelie,Ariss,narissc3@whitehouse.gov,Female,Ireland,-7.5717688,52.1045472
437,Libbi,Siret,lsiretc4@uol.com.br,Female,Ireland,-6.64937,54.10269
438,Valina,Adair,vadairc5@usda.gov,Female,Ireland,-6.5853664,53.378253
439,Micah,Loreit,mloreitc6@skyrock.com,Male,Ireland,-6.1097188,53.3895926
440,Meryl,Ferraraccio,mferraraccioc7@reuters.com,Polygender,Ireland,-8.2001004,52.86326
441,Jammie,Dublin,jdublinc8@ning.com,Female,Ireland,-9.4851741,52.4460804
442,Janeva,Larking,jlarkingc9@alexa.com,Female,Ireland,-7.1297243,52.2509369
443,Udale,Yurasov,uyurasovca@geocities.jp,Male,Ireland,-6.313755,53.366736
444,Vannie,Peinton,vpeintoncb@gizmodo.com,Female,Ireland,-6.1979853,53.3046353
445,Elsey,Mitskevich,emitskevichcc@yelp.com,Female,Ireland,-8.9775014,52.8314927
446,Hadlee,Roman,hromancd@cdc.gov,Male,Ireland,-9.0288689,53.2737147
447,Ralf,Stendell,rstendellce@biglobe.ne.jp,Non-binary,Ireland,-6.264963,53.3897152
448,Corrinne,Allmann,callmanncf@ehow.com,Female,Ireland,-6.3025448,53.6920618
449,Moshe,Lourenco,mlourencocg@marriott.com,Male,Ireland,-7.0625888,53.1387595
450,Addy,Daughtery,adaughterych@trellian.com,Female,Ireland,-8.4627451,54.25645
451,Krysta,MacTrustey,kmactrusteyci@wordpress.com,Female,Ireland,-7.606287,53.6972399
452,Fawn,Locksley,flocksleycj@google.pl,Female,Ireland,-6.2508196,53.2866372
453,Susan,Luigi,sluigick@apple.com,Female,Ireland,-6.374155,53.3223974
454,Kristofor,Waycott,kwaycottcl@sciencedaily.com,Male,Ireland,-8.9791425,52.8638391
455,Cori,Abercromby,cabercrombycm@twitpic.com,Female,Ireland,-6.7434401,53.2229873
456,Cheri,Grigorian,cgrigoriancn@cbc.ca,Female,Ireland,-8.5047067,51.8830697
457,Consalve,Stonelake,cstonelakeco@un.org,Male,Ireland,-6.1942058,53.3604483
458,Marten,Trundler,mtrundlercp@wired.com,Male,Ireland,-6.4241156,53.7369009
459,Amelina,Barnish,abarnishcq@businessinsider.com,Female,Ireland,-8.958931,51.904635
460,Trish,Hargitt,thargittcr@wikispaces.com,Female,Ireland,-80.7087609,35.7797381
461,Harper,McLae,hmclaecs@sogou.com,Male,Ireland,-6.7449927,53.1310185
462,Maurise,Dunphie,mdunphiect@disqus.com,Male,Ireland,-6.1884248,53.5879156
463,Auberon,Fussell,afussellcu@shutterfly.com,Male,Ireland,-7.086877,53.8363325
464,Blondie,Drayton,bdraytoncv@toplist.cz,Female,Ireland,-8.5946591,54.632283
465,Charlena,Deakan,cdeakancw@prlog.org,Female,Ireland,-8.9821467,52.8498651
466,Gilemette,Shyram,gshyramcx@icq.com,Female,Ireland,-6.1822287,53.3788495
467,Mikaela,Dearth,mdearthcy@sogou.com,Female,Ireland,-6.9858993,53.0018699
468,Marieann,Steggles,mstegglescz@baidu.com,Female,Ireland,-8.6346959,53.7423435
469,Blondie,Pappin,bpappind0@vkontakte.ru,Female,Ireland,-8.7683674,53.7942932
470,Randy,Logesdale,rlogesdaled1@stumbleupon.com,Female,Ireland,-6.1603828,53.2599034
471,Ashleigh,Ashborn,aashbornd2@gravatar.com,Female,Ireland,-8.4977746,51.8895954
472,Johnathan,Spilsted,jspilstedd3@theatlantic.com,Male,Ireland,-8.5176583,51.8863277
473,Lynette,Youel,lyoueld4@dot.gov,Female,Ireland,-8.83565,53.49417
474,Karna,Phuprate,kphuprated5@goo.gl,Female,Ireland,-7.8434254,51.949401
475,Marissa,Januszewski,mjanuszewskid6@usa.gov,Female,Ireland,-6.2057463,53.3870149
476,Clint,Fillingham,cfillinghamd7@newyorker.com,Agender,Ireland,-7.74208,54.70972
477,Amitie,Hambers,ahambersd8@biblegateway.com,Female,Ireland,-6.1191333,53.1915379
478,Tootsie,Grummitt,tgrummittd9@omniture.com,Bigender,Ireland,-8.445614,51.8885086
479,Melvin,Litchmore,mlitchmoreda@ow.ly,Male,Ireland,-7.185387,53.158984
480,Stephen,Breeze,sbreezedb@mail.ru,Male,Ireland,-7.086877,53.8363325
481,Gertrude,Sammons,gsammonsdc@hexun.com,Genderfluid,Ireland,-8.298942,51.848898
482,Hermina,Jone,hjonedd@wunderground.com,Bigender,Ireland,-6.1097188,53.3895926
483,Ollie,Rodie,orodiede@comsenz.com,Female,Ireland,-8.1722002,54.3051891
484,Gerek,Bingall,gbingalldf@mail.ru,Male,Ireland,-7.9428197,53.4231032
485,Blondy,McNab,bmcnabdg@independent.co.uk,Female,Ireland,-6.2508196,53.2866372
486,Court,Feighney,cfeighneydh@forbes.com,Male,Ireland,-8.9949917,53.8533151
487,Annabelle,Yewman,ayewmandi@dion.ne.jp,Bigender,Ireland,-6.1406578,53.2886387
488,Jacquenetta,Risebrow,jrisebrowdj@skype.com,Female,Ireland,-6.4008792,53.9215606
489,Concettina,Holsall,cholsalldk@businessinsider.com,Female,Ireland,-6.3077823,53.3655256
490,Petr,McGeoch,pmcgeochdl@msu.edu,Male,Ireland,-8.2755058,52.2627273
491,Wendel,Tyreman,wtyremandm@freewebs.com,Male,Ireland,-6.2508196,53.2866372
492,Munroe,Burrells,mburrellsdn@reverbnation.com,Male,Ireland,-8.5070436,54.2109904
493,Shelley,Danett,sdanettdo@t-online.de,Female,Ireland,-8.5369154,52.6681994
494,Barby,Coffey,bcoffeydp@springer.com,Female,Ireland,-6.473025,54.0086093
495,Margit,Gilhouley,mgilhouleydq@indiegogo.com,Female,Ireland,-7.297914,54.026345
496,Corney,Surr,csurrdr@trellian.com,Male,Ireland,-7.1111732,52.2513095
497,Derick,Dallmann,ddallmannds@odnoklassniki.ru,Male,Ireland,-8.5070436,54.2109904
498,Gilburt,McClements,gmcclementsdt@tripod.com,Male,Ireland,-6.366762,53.2987724
499,Karel,Dibbe,kdibbedu@github.com,Male,Ireland,-8.9775014,52.8314927
500,Roanna,Ravillas,rravillasdv@networksolutions.com,Female,Ireland,-7.269174,55.0650892
501,Adelbert,Northcott,anorthcottdw@narod.ru,Male,Ireland,-7.2979911,53.6785169
502,Jilly,Hansed,jhanseddx@people.com.cn,Bigender,Ireland,-7.0833118,52.2413206
503,Johna,Persehouse,jpersehousedy@cbslocal.com,Bigender,Ireland,-7.7655701,53.5650926
504,Mareah,Capel,mcapeldz@deviantart.com,Female,Ireland,-6.2554371,53.2767301
505,Wes,Cantle,wcantlee0@wikia.com,Male,Ireland,-7.1297243,52.2509369
506,Godard,Dietz,gdietze1@4shared.com,Male,Ireland,-8.4824714,51.8862378
507,Ethelbert,Paquet,epaquete2@goodreads.com,Male,Ireland,-8.6340751,52.6638144
508,Neron,Dougherty,ndoughertye3@histats.com,Male,Ireland,-6.2057463,53.3870149
509,Erv,Hutcheons,ehutcheonse4@quantcast.com,Male,Ireland,-6.1349155,53.5834008
510,Odessa,Hoyt,ohoyte5@wiley.com,Female,Ireland,-9.448724,51.680591
511,Gloria,Harcourt,gharcourte6@freewebs.com,Female,Ireland,-6.1644997,53.4266145
512,Valentijn,Drinkhill,vdrinkhille7@so-net.ne.jp,Male,Ireland,-9.159604,53.302644
513,Claudelle,Jelfs,cjelfse8@narod.ru,Female,Ireland,-6.3077823,53.3655256
514,Jolene,Paolotto,jpaolottoe9@sitemeter.com,Female,Ireland,-6.1011147,53.2000455
515,Tessie,Byrch,tbyrchea@cbc.ca,Female,Ireland,-6.3828795,53.385304
516,Sue,Alyokhin,salyokhineb@bbc.co.uk,Female,Ireland,-9.151825,54.11215
517,Kelcy,Summerscales,ksummerscalesec@aol.com,Female,Ireland,-6.9898366,53.2265199
518,Dennet,Penk,dpenked@cdc.gov,Male,Ireland,-9.0248232,53.2760162
519,Albina,Skittrell,askittrellee@baidu.com,Female,Ireland,-6.3660863,53.2874153
520,Lissa,Crummy,lcrummyef@fastcompany.com,Female,Ireland,-6.5853664,53.378253
521,Frederic,Rauprich,fraupricheg@newsvine.com,Male,Ireland,-6.4241156,53.7369009
522,Curr,Thebes,cthebeseh@ted.com,Male,Ireland,-8.4977746,51.8895954
523,Katya,Legges,kleggesei@ted.com,Female,Ireland,-6.1884248,53.5879156
524,Joye,Quinnell,jquinnellej@bbc.co.uk,Genderfluid,Ireland,-6.176659,53.4487975
525,Emmet,Velez,evelezek@wikipedia.org,Male,Ireland,-6.3695384,53.3734053
526,Jordana,Guitonneau,jguitonneauel@exblog.jp,Female,Ireland,-6.2890702,53.3201497
527,Ford,Larham,flarhamem@weather.com,Male,Ireland,-6.308522,52.665267
528,Moshe,Raftery,mrafteryen@webmd.com,Male,Ireland,-6.7449927,53.1310185
529,Theodor,Oakenford,toakenfordeo@netscape.com,Male,Ireland,-8.259128,51.908209
530,Kiah,Standall,kstandallep@google.com.au,Female,Ireland,-6.2387374,53.3141205
531,Annaliese,Gainfort,againforteq@google.fr,Female,Ireland,-7.9139891,53.0949398
532,Fabiano,Tiffney,ftiffneyer@drupal.org,Male,Ireland,-9.159604,53.302644
533,Etti,Woodeson,ewoodesones@unicef.org,Female,Ireland,-6.2890702,53.3201497
534,Allie,Alliberton,aallibertonet@ebay.co.uk,Female,Ireland,-8.4523258,51.880525
535,Daisy,Muncie,dmuncieeu@de.vu,Female,Ireland,-8.3929404,51.8113447
536,Sammy,Luesley,sluesleyev@github.io,Male,Ireland,-6.313755,53.366736
537,Emeline,Kield,ekieldew@bing.com,Polygender,Ireland,-6.3077823,53.3655256
538,Cal,Megson,cmegsonex@boston.com,Male,Ireland,-6.391149,53.8996586
539,Nikolai,MacConnell,nmacconnelley@aboutads.info,Male,Ireland,-8.9342111,52.182304
540,Meier,Peddie,mpeddieez@bloomberg.com,Male,Ireland,-9.0288689,53.2737147
541,Colette,Buye,cbuyef0@msn.com,Female,Ireland,-7.0625888,53.1387595
542,Gale,Knights,gknightsf1@nsw.gov.au,Male,Ireland,-9.268589,51.549106
543,Corry,Newsham,cnewshamf2@google.cn,Female,Ireland,-6.1136478,53.2121335
544,Koren,Clatworthy,kclatworthyf3@disqus.com,Female,Ireland,-8.3929404,51.8113447
545,Giffie,Grinov,ggrinovf4@who.int,Male,Ireland,-6.1822287,53.3788495
546,Gottfried,Harriss,gharrissf5@github.com,Male,Ireland,-8.5176583,51.8863277
547,Harland,Artinstall,hartinstallf6@e-recht24.de,Male,Ireland,-8.9342111,52.182304
548,Erhart,Newens,enewensf7@over-blog.com,Male,Ireland,-9.1327273,53.806868
549,Andreas,Plumptre,aplumptref8@mapy.cz,Male,Ireland,-6.391149,53.8996586
550,Huntington,Cosans,hcosansf9@lulu.com,Male,Ireland,-8.9480659,53.940892
551,Mela,Crockatt,mcrockattfa@apple.com,Female,Ireland,-6.9898366,53.2265199
552,Ly,Willowby,lwillowbyfb@mysql.com,Male,Ireland,-6.1979853,53.3046353
553,Andrey,Shildrick,ashildrickfc@weibo.com,Male,Ireland,-7.185387,53.158984
554,Thornie,Larroway,tlarrowayfd@mtv.com,Male,Ireland,-9.4904891,52.6396679
555,Modesty,Chipps,mchippsfe@youtu.be,Female,Ireland,-8.6346959,53.7423435
556,Park,Schulze,pschulzeff@google.ca,Male,Ireland,-6.64937,54.10269
557,Nappy,Sichardt,nsichardtfg@godaddy.com,Male,Ireland,-9.0197835,53.2736466
558,Tomas,Godsal,tgodsalfh@geocities.jp,Male,Ireland,-9.4851741,52.4460804
559,Onofredo,Fearnley,ofearnleyfi@yahoo.co.jp,Male,Ireland,-7.297914,54.026345
560,Kerstin,Kochs,kkochsfj@arizona.edu,Bigender,Ireland,-6.473025,54.0086093
561,Bridget,Olesen,bolesenfk@woothemes.com,Female,Ireland,-6.1979853,53.3046353
562,Minnaminnie,Tallach,mtallachfl@yellowpages.com,Female,Ireland,-6.1097188,53.3895926
563,Sonya,Cruces,scrucesfm@skyrock.com,Female,Ireland,-6.5899765,52.176031
564,Brok,Saltwell,bsaltwellfn@businesswire.com,Male,Ireland,-8.1722002,54.3051891
565,Claire,Ritchard,critchardfo@dell.com,Female,Ireland,-10.0320886,54.2223118
566,Renie,Loxley,rloxleyfp@blogtalkradio.com,Female,Ireland,-9.151825,54.11215
567,Carmela,Vittet,cvittetfq@privacy.gov.au,Female,Ireland,-6.374155,53.3223974
568,Isobel,Leghorn,ileghornfr@furl.net,Bigender,Ireland,-8.4977746,51.8895954
569,Liana,Langhor,llanghorfs@ox.ac.uk,Bigender,Ireland,-7.518792,53.284466
570,Chevalier,Briat,cbriatft@diigo.com,Male,Ireland,-9.1115941,51.7203863
571,Allie,Mucillo,amucillofu@upenn.edu,Male,Ireland,-7.145971,53.508326
572,Lenora,Wayte,lwaytefv@slashdot.org,Female,Ireland,-6.4887534,53.3653866
573,Caleb,Crowcum,ccrowcumfw@elegantthemes.com,Male,Ireland,-6.1097188,53.3895926
574,Aprilette,Walpole,awalpolefx@microsoft.com,Female,Ireland,-10.0320886,54.2223118
575,Austina,Gepheart,agepheartfy@google.pl,Female,Ireland,-6.2057463,53.3870149
576,Manda,Bennion,mbennionfz@google.it,Female,Ireland,-6.1920933,53.3916434
577,Lita,Gidney,lgidneyg0@skype.com,Female,Ireland,-6.133718,53.291512
578,Griffith,Tunny,gtunnyg1@bigcartel.com,Male,Ireland,-7.5011999,53.776647
579,Pat,Culp,pculpg2@networksolutions.com,Male,Ireland,-6.2427004,53.3347733
580,Brit,Geake,bgeakeg3@sciencedaily.com,Male,Ireland,-8.958931,51.904635
581,Chet,Lucks,clucksg4@jiathis.com,Male,Ireland,-7.8434254,51.949401
582,Leda,Kenna,lkennag5@zdnet.com,Female,Ireland,-8.2001004,52.86326
583,Reggy,Bargery,rbargeryg6@liveinternet.ru,Male,Ireland,-8.2001004,52.86326
584,Basil,Hauch,bhauchg7@squarespace.com,Bigender,Ireland,-7.0625888,53.1387595
585,Linn,Edgworth,ledgworthg8@a8.net,Male,Ireland,-6.1406578,53.2886387
586,Genia,Tweddle,gtweddleg9@parallels.com,Female,Ireland,-6.4241156,53.7369009
587,Laird,Simonich,lsimonichga@telegraph.co.uk,Male,Ireland,-9.4904891,52.6396679
588,Trumann,McQuie,tmcquiegb@bandcamp.com,Male,Ireland,-8.2817353,54.4771768
589,Skipp,Britner,sbritnergc@nps.gov,Male,Ireland,-6.5924609,53.2482376
590,Rick,Mein,rmeingd@ucoz.ru,Male,Ireland,-6.473025,54.0086093
591,Letta,Braunthal,lbraunthalge@alexa.com,Female,Ireland,-8.05,51.9166667
592,Boris,Seelbach,bseelbachgf@ovh.net,Non-binary,Ireland,-6.473025,54.0086093
593,Kerri,Towers,ktowersgg@google.co.uk,Female,Ireland,-8.5176583,51.8863277
594,Christoper,Yewman,cyewmangh@webmd.com,Male,Ireland,-6.1544115,53.4855448
595,Monte,Kyne,mkynegi@bbb.org,Male,Ireland,-6.124065,53.231395
596,Griffy,Riep,griepgj@sourceforge.net,Male,Ireland,-8.8950821,52.7604883
597,Cosmo,Maytum,cmaytumgk@wikia.com,Genderqueer,Ireland,-9.159604,53.302644
598,Georgi,Breslauer,gbreslauergl@sciencedirect.com,Male,Ireland,-8.4784945,51.8815586
599,Orelee,Ikringill,oikringillgm@behance.net,Female,Ireland,-6.9140788,53.169971
600,Zabrina,Lawley,zlawleygn@e-recht24.de,Female,Ireland,-8.5047067,51.8830697
601,Aloysius,McMarquis,amcmarquisgo@yahoo.com,Male,Ireland,-6.7434401,53.2229873
602,Gloria,Osipov,gosipovgp@posterous.com,Agender,Ireland,-6.1535181,53.5220275
603,Orv,Lukehurst,olukehurstgq@360.cn,Male,Ireland,-6.2508196,53.2866372
604,Jule,Kuhlmey,jkuhlmeygr@home.pl,Male,Ireland,-7.9027266,53.4148582
605,Blinni,Ellaman,bellamangs@opera.com,Female,Ireland,-7.0833118,52.2413206
606,Shermy,Lohoar,slohoargt@uol.com.br,Male,Ireland,-6.4008792,53.9215606
607,Mercedes,Botterman,mbottermangu@deliciousdays.com,Female,Ireland,-6.0704904,53.1286984
608,Phylys,Brugman,pbrugmangv@goo.gl,Female,Ireland,-6.9858993,53.0018699
609,Louis,Silversmid,lsilversmidgw@photobucket.com,Male,Ireland,-6.3660863,53.2874153
610,Korrie,Beaves,kbeavesgx@huffingtonpost.com,Female,Ireland,-6.264963,53.3897152
611,Ruddie,Stonman,rstonmangy@vkontakte.ru,Male,Ireland,-6.1884248,53.5879156
612,Maren,Livick,mlivickgz@tiny.cc,Female,Ireland,-6.1097188,53.3895926
613,Darin,Vyvyan,dvyvyanh0@people.com.cn,Male,Ireland,-7.9428197,53.4231032
614,Althea,Nail,anailh1@mediafire.com,Female,Ireland,-6.9692181,52.7009338
615,Sibyl,Whitehorne,swhitehorneh2@xrea.com,Male,Ireland,-8.334953,51.8610022
616,Gradey,Ayllett,gaylletth3@unc.edu,Male,Ireland,-7.0833118,52.2413206
617,Smitty,Farman,sfarmanh4@about.com,Male,Ireland,-7.0625888,53.1387595
618,Foster,Basillon,fbasillonh5@craigslist.org,Male,Ireland,-6.264963,53.3897152
619,Jameson,Leigh,jleighh6@accuweather.com,Male,Ireland,-6.218069,53.374266
620,Merv,Shatliff,mshatliffh7@php.net,Male,Ireland,-7.8434254,51.949401
621,Thomas,Giacopini,tgiacopinih8@nba.com,Male,Ireland,-8.4824714,51.8862378
622,Mattias,Orriss,morrissh9@so-net.ne.jp,Male,Ireland,-6.3048641,53.3284298
623,Fredrick,Benedite,fbenediteha@statcounter.com,Male,Ireland,-6.5853664,53.378253
624,Jonathan,Kulvear,jkulvearhb@cmu.edu,Male,Ireland,-9.0197835,53.2736466
625,Mikkel,Blything,mblythinghc@blogs.com,Male,Ireland,-6.391149,53.8996586
626,Darla,McKeurton,dmckeurtonhd@apache.org,Female,Ireland,-9.4904891,52.6396679
627,Merrick,Summerson,msummersonhe@tinypic.com,Male,Ireland,-6.1406578,53.2886387
628,Haleigh,Parmiter,hparmiterhf@sbwire.com,Male,Ireland,-8.1722173,51.9138694
629,Aleta,Yekel,ayekelhg@creativecommons.org,Female,Ireland,-7.1111732,52.2513095
630,Brit,Scoates,bscoateshh@people.com.cn,Female,Ireland,-6.3219759,53.2976886
631,Amy,Haxby,ahaxbyhi@chicagotribune.com,Genderfluid,Ireland,-6.124065,53.231395
632,Madelene,Nestoruk,mnestorukhj@noaa.gov,Genderqueer,Ireland,-6.3539424,53.3666338
633,Nadean,Vitler,nvitlerhk@over-blog.com,Female,Ireland,-9.1327273,53.806868
634,Isobel,Saynor,isaynorhl@washingtonpost.com,Female,Ireland,-8.642661,52.1361219
635,Angeli,Allcott,aallcotthm@reverbnation.com,Male,Ireland,-6.2071246,53.4562426
636,Percival,Andreix,pandreixhn@linkedin.com,Male,Ireland,-6.4008792,53.9215606
637,Lucias,Cowles,lcowlesho@multiply.com,Bigender,Ireland,-8.05,51.9166667
638,Walliw,Hickinbottom,whickinbottomhp@mapquest.com,Female,Ireland,-6.2633149,53.377533
639,Bel,Treswell,btreswellhq@dot.gov,Female,Ireland,-6.5924609,53.2482376
640,Jim,Cordero,jcorderohr@booking.com,Male,Ireland,-7.086877,53.8363325
641,Ettie,O'Brollachain,eobrollachainhs@boston.com,Female,Ireland,-6.1644997,53.4266145
642,Ricard,Walworche,rwalworcheht@google.nl,Male,Ireland,-6.67045,53.213319
643,Kristina,Soden,ksodenhu@cnbc.com,Female,Ireland,-6.2152673,53.3323703
644,Goldarina,Kuhnel,gkuhnelhv@freewebs.com,Female,Ireland,-8.5047067,51.8830697
645,Terri,Doberer,tdobererhw@independent.co.uk,Male,Ireland,-6.313755,53.366736
646,Livia,Godber,lgodberhx@nationalgeographic.com,Female,Ireland,-7.1297243,52.2509369
647,Isobel,Dickens,idickenshy@ucoz.com,Female,Ireland,-6.0690645,53.1257486
648,Fransisco,Loutheane,floutheanehz@sbwire.com,Male,Ireland,-8.1722002,54.3051891
649,Kerrin,Mew,kmewi0@miibeian.gov.cn,Female,Ireland,-6.5853664,53.378253
650,Eula,Laurent,elaurenti1@hud.gov,Female,Ireland,-7.185387,53.158984
651,Gertie,Meneyer,gmeneyeri2@flavors.me,Non-binary,Ireland,-7.8004329,53.7283566
652,Carlota,Brydie,cbrydiei3@narod.ru,Female,Ireland,-6.1136478,53.2121335
653,Neale,Brinsden,nbrinsdeni4@csmonitor.com,Male,Ireland,-6.1406578,53.2886387
654,Brendon,Parnby,bparnbyi5@hhs.gov,Genderqueer,Ireland,-6.1822287,53.3788495
655,Paloma,MacAnulty,pmacanultyi6@imdb.com,Female,Ireland,-6.1215213,53.2724538
656,Milzie,Dufton,mduftoni7@hibu.com,Genderqueer,Ireland,-6.1406578,53.2886387
657,Quintus,De Vries,qdevriesi8@themeforest.net,Male,Ireland,-6.9140788,53.169971
658,Moselle,Postians,mpostiansi9@mapy.cz,Female,Ireland,-8.8562835,53.510243
659,Gary,Gladman,ggladmania@guardian.co.uk,Male,Ireland,-8.642661,52.1361219
660,Gene,Ranklin,granklinib@pcworld.com,Male,Ireland,-6.9692181,52.7009338
661,Danice,Courtenay,dcourtenayic@mashable.com,Female,Ireland,-6.9692181,52.7009338
662,Paulo,Keddey,pkeddeyid@lulu.com,Male,Ireland,-9.0288689,53.2737147
663,Charisse,Haldene,chaldeneie@cloudflare.com,Agender,Ireland,-7.9027266,53.4148582
664,Godard,Aylwin,gaylwinif@blogtalkradio.com,Male,Ireland,-6.9711886,53.916791
665,Talya,Hembry,thembryig@unc.edu,Female,Ireland,-6.2890702,53.3201497
666,Elisabetta,Rowthorne,erowthorneih@nydailynews.com,Female,Ireland,-8.5047067,51.8830697
667,Ansley,Eborall,aeborallii@sogou.com,Female,Ireland,-6.3219759,53.2976886
668,Burr,Mangon,bmangonij@pbs.org,Male,Ireland,-9.7359765,54.1433253
669,Clementina,Brisley,cbrisleyik@tiny.cc,Polygender,Ireland,-6.3422325,53.719155
670,Ottilie,Dudderidge,odudderidgeil@pcworld.com,Female,Ireland,-6.1603828,53.2599034
671,Violet,Sorrel,vsorrelim@histats.com,Female,Ireland,-6.1406578,53.2886387
672,Putnam,Probate,pprobatein@usnews.com,Male,Ireland,-6.2755912,53.3500473
673,Gerardo,Nayer,gnayerio@nba.com,Male,Ireland,-6.3539424,53.3666338
674,Allianora,Pessold,apessoldip@liveinternet.ru,Female,Ireland,-7.888894,52.516323
675,Livia,O'Hallihane,lohallihaneiq@edublogs.org,Female,Ireland,-6.5899765,52.176031
676,Eduardo,Nelmes,enelmesir@macromedia.com,Male,Ireland,-8.1722002,54.3051891
677,Antonie,Physick,aphysickis@sfgate.com,Female,Ireland,-7.518792,53.284466
678,Faythe,Skehens,fskehensit@webnode.com,Female,Ireland,-6.1920933,53.3916434
679,Wittie,Woodall,wwoodalliu@japanpost.jp,Male,Ireland,-6.2890702,53.3201497
680,Loy,Laidlaw,llaidlawiv@zdnet.com,Male,Ireland,-6.1157412,53.2774963
681,Burgess,Weymouth,bweymouthiw@netlog.com,Male,Ireland,-6.473025,54.0086093
682,Jared,Tatchell,jtatchellix@usnews.com,Male,Ireland,-8.5369154,52.6681994
683,Vince,Maulden,vmauldeniy@miibeian.gov.cn,Male,Ireland,-6.1097188,53.3895926
684,Maggie,Sleep,msleepiz@wix.com,Female,Ireland,-9.1097137,53.2582868
685,Luigi,MacMearty,lmacmeartyj0@themeforest.net,Male,Ireland,-6.2429997,53.7902634
686,Quinn,Hadkins,qhadkinsj1@hc360.com,Male,Ireland,-6.3660863,53.2874153
687,Amble,Donahue,adonahuej2@nature.com,Male,Ireland,-6.3695384,53.3734053
688,Pablo,Wellbelove,pwellbelovej3@sohu.com,Male,Ireland,-8.9949917,53.8533151
689,Shadow,Harpham,sharphamj4@sakura.ne.jp,Male,Ireland,-8.5070436,54.2109904
690,Caresse,Scotsbrook,cscotsbrookj5@163.com,Female,Ireland,-6.1215213,53.2724538
691,Anselm,Croisier,acroisierj6@cdbaby.com,Male,Ireland,-6.1072403,53.2780047
692,Karel,Storer,kstorerj7@i2i.jp,Male,Ireland,-6.2633149,53.377533
693,Kimberlyn,Gainseford,kgainsefordj8@slideshare.net,Female,Ireland,-7.0625888,53.1387595
694,Dulcea,Liffey,dliffeyj9@samsung.com,Female,Ireland,-6.2554371,53.2767301
695,Crosby,Loude,cloudeja@networksolutions.com,Male,Ireland,-9.0197835,53.2736466
696,Stephan,Eglise,seglisejb@ucsd.edu,Male,Ireland,-8.489012,51.923707
697,Maxwell,Hardingham,mhardinghamjc@ameblo.jp,Male,Ireland,-9.0248232,53.2760162
698,Maddy,Dunstone,mdunstonejd@icq.com,Male,Ireland,-6.2387374,53.3141205
699,Esther,Sheirlaw,esheirlawje@cafepress.com,Female,Ireland,-8.337871,52.0097259
700,Vonny,Bourgaize,vbourgaizejf@answers.com,Female,Ireland,-8.445614,51.8885086
701,Franciskus,Vondrys,fvondrysjg@mapy.cz,Male,Ireland,-7.0472382,52.9480781
702,Corrie,Soppit,csoppitjh@twitter.com,Female,Ireland,-6.1157412,53.2774963
703,Mohammed,Mallabone,mmallaboneji@cnbc.com,Male,Ireland,-8.958931,51.904635
704,Morrie,Schutze,mschutzejj@smh.com.au,Male,Ireland,-6.64937,54.10269
705,Ibbie,Gergus,igergusjk@stanford.edu,Female,Ireland,-8.05,51.9166667
706,Birch,Elnough,belnoughjl@live.com,Male,Ireland,-6.2057463,53.3870149
707,Royce,Sibylla,rsibyllajm@wp.com,Non-binary,Ireland,-6.1072403,53.2780047
708,Marrilee,Haryngton,mharyngtonjn@feedburner.com,Female,Ireland,-6.9858993,53.0018699
709,Chester,Mairs,cmairsjo@cyberchimps.com,Male,Ireland,-6.2387374,53.3141205
710,Obidiah,Volonte,ovolontejp@sun.com,Male,Ireland,-8.9821467,52.8498651
711,Banky,Kembery,bkemberyjq@hugedomains.com,Male,Ireland,-6.5899765,52.176031
712,Tabbie,Pallasch,tpallaschjr@merriam-webster.com,Female,Ireland,-7.269174,55.0650892
713,Madlen,Quarrington,mquarringtonjs@hugedomains.com,Female,Ireland,-7.606287,53.6972399
714,Kellen,Fordyce,kfordycejt@about.com,Male,Ireland,-6.2152673,53.3323703
715,Carla,Sherlock,csherlockju@t.co,Female,Ireland,-6.9140788,53.169971
716,Abby,Keese,akeesejv@tinypic.com,Female,Ireland,-80.7087609,35.7797381
717,Philippe,Crumly,pcrumlyjw@xinhuanet.com,Female,Ireland,-6.1406578,53.2886387
718,Patrice,Pillington,ppillingtonjx@ucoz.ru,Male,Ireland,-6.3828795,53.385304
719,Susi,Whyte,swhytejy@devhub.com,Female,Ireland,-8.489012,51.923707
720,Jaime,Assiratti,jassirattijz@wunderground.com,Male,Ireland,-6.9140788,53.169971
721,Mariam,Pitchers,mpitchersk0@csmonitor.com,Female,Ireland,-6.590926,53.1936864
722,Gilligan,Canto,gcantok1@princeton.edu,Female,Ireland,-6.176659,53.4487975
723,Rivi,Otto,rottok2@umn.edu,Female,Ireland,-7.0472382,52.9480781
724,Ax,Chaplyn,achaplynk3@ebay.co.uk,Male,Ireland,-6.1011147,53.2000455
725,Sigmund,Bertolin,sbertolink4@tamu.edu,Male,Ireland,-6.4671298,53.5050031
726,Cale,Scathard,cscathardk5@infoseek.co.jp,Male,Ireland,-9.7850991,52.1058991
727,Dorthy,Prestidge,dprestidgek6@nsw.gov.au,Bigender,Ireland,-6.2755912,53.3500473
728,Sharline,Retallick,sretallickk7@accuweather.com,Female,Ireland,-6.2429997,53.7902634
729,Amalea,Matyushonok,amatyushonokk8@addtoany.com,Female,Ireland,-6.5853664,53.378253
730,Bruis,McNirlan,bmcnirlank9@ehow.com,Male,Ireland,-10.0320886,54.2223118
731,Rosie,Metterick,rmetterickka@drupal.org,Female,Ireland,-6.1349155,53.5834008
732,Christiane,McRill,cmcrillkb@upenn.edu,Female,Ireland,-6.3660863,53.2874153
733,Tiphany,Smallbone,tsmallbonekc@sina.com.cn,Female,Ireland,-9.1115941,51.7203863
734,Correy,Kenworthey,ckenwortheykd@privacy.gov.au,Male,Ireland,-7.888894,52.516323
735,Hermia,Backsal,hbacksalke@google.com,Female,Ireland,-6.1603828,53.2599034
736,Ansel,Cormode,acormodekf@marriott.com,Male,Ireland,-8.2001004,52.86326
737,Alla,Forward,aforwardkg@mlb.com,Female,Ireland,-8.83565,53.49417
738,Suzanna,Huston,shustonkh@posterous.com,Female,Ireland,-8.5171384,51.876873
739,Rebekah,Cheeney,rcheeneyki@nyu.edu,Female,Ireland,-6.5028415,53.3806398
740,Lorain,Magor,lmagorkj@vistaprint.com,Female,Ireland,-6.133718,53.291512
741,Lexis,De Moreno,ldemorenokk@hc360.com,Female,Ireland,-6.1644997,53.4266145
742,Alyss,Brooking,abrookingkl@shareasale.com,Female,Ireland,-8.9706844,52.6004448
743,Wood,Duly,wdulykm@dailymotion.com,Male,Ireland,-6.4887534,53.3653866
744,Rickert,Elsie,relsiekn@reddit.com,Genderqueer,Ireland,-6.9692181,52.7009338
745,Candi,Yerborn,cyerbornko@cpanel.net,Genderqueer,Ireland,-8.9342111,52.182304
746,Agatha,Shillam,ashillamkp@google.com,Female,Ireland,-6.374155,53.3223974
747,Jarred,Whapple,jwhapplekq@usatoday.com,Male,Ireland,-6.4202878,54.0026343
748,Amandie,Boulter,aboulterkr@eepurl.com,Female,Ireland,-7.2584,52.655184
749,Derril,Croston,dcrostonks@printfriendly.com,Male,Ireland,-6.590926,53.1936864
750,Culley,Seabright,cseabrightkt@moonfruit.com,Male,Ireland,-8.7683674,53.7942932
751,Taryn,Lammin,tlamminku@histats.com,Polygender,Ireland,-6.2892907,53.310122
752,Sawyer,Camili,scamilikv@ifeng.com,Male,Ireland,-6.3539424,53.3666338
753,Edi,Foottit,efoottitkw@cbsnews.com,Female,Ireland,-6.2892907,53.310122
754,Storm,Pottiphar,spottipharkx@homestead.com,Female,Ireland,-6.1349155,53.5834008
755,Annmarie,Bessey,abesseyky@yolasite.com,Female,Ireland,-8.4824714,51.8862378
756,Tiebout,Joye,tjoyekz@ucsd.edu,Male,Ireland,-6.2324705,53.3177535
757,Kipp,Ianizzi,kianizzil0@wisc.edu,Male,Ireland,-6.9898366,53.2265199
758,Liesa,Ell,lelll1@xrea.com,Female,Ireland,-6.3506335,53.2911347
759,Filberto,Hitchens,fhitchensl2@aboutads.info,Male,Ireland,-6.5028415,53.3806398
760,Mommy,Baxendale,mbaxendalel3@yahoo.com,Female,Ireland,-8.642661,52.1361219
761,Marcellus,Tender,mtenderl4@so-net.ne.jp,Male,Ireland,-6.2057463,53.3870149
762,Crissy,Skeat,cskeatl5@xinhuanet.com,Female,Ireland,-7.297914,54.026345
763,Banky,Sewill,bsewilll6@noaa.gov,Male,Ireland,-8.8950821,52.7604883
764,Kath,Arnett,karnettl7@slideshare.net,Female,Ireland,-8.9775014,52.8314927
765,Bertina,Le Provost,bleprovostl8@tmall.com,Female,Ireland,-8.9480659,53.940892
766,Patrick,Rowter,prowterl9@wikipedia.org,Male,Ireland,-7.888894,52.516323
767,Luella,Sommersett,lsommersettla@yellowbook.com,Female,Ireland,-6.176659,53.4487975
768,Yuri,Caverhill,ycaverhilllb@gov.uk,Male,Ireland,-6.7434401,53.2229873
769,Revkah,Ashdown,rashdownlc@lycos.com,Female,Ireland,-9.448724,51.680591
770,Livvie,Swadling,lswadlingld@howstuffworks.com,Bigender,Ireland,-9.1115941,51.7203863
771,Jarad,Popham,jpophamle@china.com.cn,Male,Ireland,-6.4202878,54.0026343
772,Kerstin,Turville,kturvillelf@sitemeter.com,Agender,Ireland,-6.2611953,53.3881832
773,Nyssa,Goodred,ngoodredlg@paginegialle.it,Female,Ireland,-7.2979911,53.6785169
774,Kristel,Streatfeild,kstreatfeildlh@google.pl,Female,Ireland,-6.5853664,53.378253
775,Bonnibelle,Standeven,bstandevenli@e-recht24.de,Polygender,Ireland,-9.0248232,53.2760162
776,Francine,Veracruysse,fveracruysselj@nyu.edu,Female,Ireland,-6.374155,53.3223974
777,Afton,Lockier,alockierlk@skype.com,Female,Ireland,-8.3929404,51.8113447
778,Tawnya,Pessler,tpesslerll@constantcontact.com,Female,Ireland,-6.9711886,53.916791
779,Allayne,Renachowski,arenachowskilm@wiley.com,Male,Ireland,-8.3545704,52.5593605
780,Darya,Leddy,dleddyln@time.com,Female,Ireland,-7.2979911,53.6785169
781,Bradford,Fraczek,bfraczeklo@t-online.de,Male,Ireland,-6.0690645,53.1257486
782,Mill,Suttie,msuttielp@mysql.com,Male,Ireland,-6.1011147,53.2000455
783,Randee,Wrixon,rwrixonlq@plala.or.jp,Female,Ireland,-6.2508196,53.2866372
784,Gisele,Fraser,gfraserlr@mediafire.com,Female,Ireland,-6.2398782,53.32112
785,Levey,McKenney,lmckenneyls@opera.com,Polygender,Ireland,-6.3077823,53.3655256
786,Bernadette,Davidek,bdavideklt@wufoo.com,Female,Ireland,-6.1191333,53.1915379
787,Harwilll,Milburne,hmilburnelu@bbc.co.uk,Male,Ireland,-7.1111732,52.2513095
788,Angelique,McSparran,amcsparranlv@un.org,Female,Ireland,-6.1011147,53.2000455
789,Dougy,Piegrome,dpiegromelw@canalblog.com,Male,Ireland,-6.163027,53.2339841
790,Opaline,Flacknell,oflacknelllx@mozilla.com,Female,Ireland,-8.5171384,51.876873
791,Doretta,Fuzzard,dfuzzardly@yellowbook.com,Female,Ireland,-8.7683674,53.7942932
792,Davy,Urlin,durlinlz@ucoz.com,Male,Ireland,-6.9858993,53.0018699
793,Cornie,Harborow,charborowm0@who.int,Male,Ireland,-6.7515223,53.2888321
794,Frankie,Brew,fbrewm1@woothemes.com,Female,Ireland,-8.337871,52.0097259
795,Paxon,Quinnette,pquinnettem2@drupal.org,Male,Ireland,-6.2071246,53.4562426
796,Ardith,Gravy,agravym3@miibeian.gov.cn,Female,Ireland,-7.145971,53.508326
797,Timmy,Togwell,ttogwellm4@ucsd.edu,Male,Ireland,-6.9140788,53.169971
798,Evelina,Tinham,etinhamm5@biblegateway.com,Female,Ireland,-6.2057463,53.3870149
799,Adoree,Shuker,ashukerm6@fema.gov,Female,Ireland,-9.4851741,52.4460804
800,Annnora,Telfer,atelferm7@omniture.com,Polygender,Ireland,-7.8434254,51.949401
801,Davie,Clarkson,dclarksonm8@usa.gov,Male,Ireland,-7.5011999,53.776647
802,Hermon,Sikorsky,hsikorskym9@vk.com,Male,Ireland,-8.337871,52.0097259
803,Marwin,Crowche,mcrowchema@dmoz.org,Male,Ireland,-8.4784945,51.8815586
804,Romona,Delong,rdelongmb@mapy.cz,Female,Ireland,-8.6346959,53.7423435
805,Rhea,Statton,rstattonmc@sourceforge.net,Female,Ireland,-7.606287,53.6972399
806,Lenci,Fellowes,lfellowesmd@mapy.cz,Male,Ireland,-8.6346959,53.7423435
807,Idette,Barsam,ibarsamme@gov.uk,Female,Ireland,-6.4008792,53.9215606
808,Archibold,Watford,awatfordmf@google.nl,Male,Ireland,-6.313755,53.366736
809,Errol,Radley,eradleymg@cnbc.com,Male,Ireland,-8.259128,51.908209
810,Corine,Stocker,cstockermh@census.gov,Female,Ireland,-6.1215213,53.2724538
811,Tom,Pranger,tprangermi@forbes.com,Male,Ireland,-6.590926,53.1936864
812,Milli,McIlhagga,mmcilhaggamj@mapy.cz,Female,Ireland,-8.9706844,52.6004448
813,Reinhard,Alpin,ralpinmk@virginia.edu,Male,Ireland,-7.74208,54.70972
814,Gherardo,Browell,gbrowellml@vinaora.com,Male,Ireland,-7.5011999,53.776647
815,Imelda,Pourveer,ipourveermm@stanford.edu,Female,Ireland,-8.298942,51.848898
816,Kym,Plinck,kplinckmn@ustream.tv,Female,Ireland,-8.5054897,52.7107501
817,Bevon,Atkinson,batkinsonmo@istockphoto.com,Male,Ireland,-6.313755,53.366736
818,Trevor,Brecher,tbrechermp@e-recht24.de,Male,Ireland,-8.9706844,52.6004448
819,Ezekiel,Laidel,elaidelmq@yale.edu,Male,Ireland,-9.268589,51.549106
820,Paule,Imorts,pimortsmr@yale.edu,Female,Ireland,-6.9898366,53.2265199
821,Coral,Rowland,crowlandms@desdev.cn,Female,Ireland,-6.2554371,53.2767301
822,Ed,Fantone,efantonemt@miibeian.gov.cn,Male,Ireland,-7.1111732,52.2513095
823,Babette,Jarlmann,bjarlmannmu@mayoclinic.com,Female,Ireland,-8.2755058,52.2627273
824,Latashia,Seres,lseresmv@stumbleupon.com,Female,Ireland,-7.5011999,53.776647
825,Mauricio,Lorence,mlorencemw@pinterest.com,Male,Ireland,-8.489012,51.923707
826,Orsa,Jeandet,ojeandetmx@ibm.com,Female,Ireland,-8.4784945,51.8815586
827,Prissie,Lehrmann,plehrmannmy@live.com,Female,Ireland,-8.9342111,52.182304
828,Sawyer,Sivills,ssivillsmz@ycombinator.com,Male,Ireland,-7.9139891,53.0949398
829,Dwight,Bansal,dbansaln0@behance.net,Male,Ireland,-6.2057463,53.3870149
830,Gabi,Whyborn,gwhybornn1@google.ca,Bigender,Ireland,-6.1544115,53.4855448
831,Iormina,Curtiss,icurtissn2@google.es,Female,Ireland,-8.4977746,51.8895954
832,Reynolds,Delooze,rdeloozen3@ovh.net,Male,Ireland,-6.1820563,53.3786861
833,Griswold,MacCague,gmaccaguen4@1688.com,Male,Ireland,-8.2755058,52.2627273
834,Lark,Sotworth,lsotworthn5@ihg.com,Female,Ireland,-6.374155,53.3223974
835,Enid,Clearley,eclearleyn6@themeforest.net,Female,Ireland,-8.9342111,52.182304
836,Charity,Guise,cguisen7@opensource.org,Female,Ireland,-8.259128,51.908209
837,Graham,Niesegen,gniesegenn8@gravatar.com,Male,Ireland,-9.448724,51.680591
838,Si,Wrout,swroutn9@ihg.com,Genderqueer,Ireland,-6.3539424,53.3666338
839,Rikki,Mouan,rmouanna@imageshack.us,Male,Ireland,-6.2611953,53.3881832
840,Eleni,Mirfin,emirfinnb@sun.com,Female,Ireland,-6.3539424,53.3666338
841,Bel,Fylan,bfylannc@com.com,Female,Ireland,-9.4904891,52.6396679
842,Pauli,Guard,pguardnd@whitehouse.gov,Female,Ireland,-8.4784945,51.8815586
843,Aurthur,Corneljes,acorneljesne@tamu.edu,Male,Ireland,-9.1097137,53.2582868
844,Kerstin,Ropcke,kropckenf@wiley.com,Female,Ireland,-6.1884248,53.5879156
845,Jacquie,Percy,jpercyng@reference.com,Female,Ireland,-7.2979911,53.6785169
846,Chalmers,Rainbow,crainbownh@cargocollective.com,Male,Ireland,-9.0288689,53.2737147
847,Katerine,Blasius,kblasiusni@t-online.de,Female,Ireland,-6.2633149,53.377533
848,Gilbertine,Faraker,gfarakernj@goo.ne.jp,Female,Ireland,-6.3539424,53.3666338
849,Dona,Eilers,deilersnk@plala.or.jp,Genderfluid,Ireland,-6.3049392,53.3021194
850,Frankie,Nevet,fnevetnl@oakley.com,Female,Ireland,-8.9480659,53.940892
851,Cynthy,Haworth,chaworthnm@nps.gov,Female,Ireland,-6.1603828,53.2599034
852,Karlens,Carrivick,kcarrivicknn@issuu.com,Male,Ireland,-8.8562835,53.510243
853,Ilka,Rosettini,irosettinino@vk.com,Female,Ireland,-6.1535181,53.5220275
854,Sena,Girardengo,sgirardengonp@usa.gov,Female,Ireland,-7.2314132,54.1794814
855,Nicolis,Dunrige,ndunrigenq@moonfruit.com,Male,Ireland,-7.269174,55.0650892
856,Margaret,Bettenay,mbettenaynr@mac.com,Female,Ireland,-9.4851741,52.4460804
857,Paco,Tregonna,ptregonnans@uiuc.edu,Male,Ireland,-6.0704904,53.1286984
858,Wayne,Currie,wcurrient@shinystat.com,Male,Ireland,-8.298942,51.848898
859,Briano,Woodeson,bwoodesonnu@1und1.de,Male,Ireland,-7.888894,52.516323
860,Adorne,Provest,aprovestnv@baidu.com,Female,Ireland,-7.74208,54.70972
861,Brier,Potkin,bpotkinnw@google.ca,Female,Ireland,-8.6340751,52.6638144
862,Tonye,Yerlett,tyerlettnx@pagesperso-orange.fr,Female,Ireland,-7.0472382,52.9480781
863,Nowell,Merrigan,nmerriganny@google.com.au,Male,Ireland,-7.2979911,53.6785169
864,Park,Ridge,pridgenz@paypal.com,Male,Ireland,-6.3660863,53.2874153
865,Monroe,De Giovanni,mdegiovannio0@hexun.com,Male,Ireland,-6.251714,53.3169419
866,Cris,Roll,crollo1@shareasale.com,Female,Ireland,-9.1097137,53.2582868
867,Arie,Dunnett,adunnetto2@fotki.com,Male,Ireland,-6.2057463,53.3870149
868,Shanda,Gabites,sgabiteso3@over-blog.com,Female,Ireland,-9.268589,51.549106
869,Ethelind,Jeffcock,ejeffcocko4@t.co,Female,Ireland,-8.334953,51.8610022
870,Amargo,Habin,ahabino5@nhs.uk,Female,Ireland,-6.1011147,53.2000455
871,Fredia,Hirth,fhirtho6@cafepress.com,Female,Ireland,-6.67045,53.213319
872,Vincenz,Matusiak,vmatusiako7@apache.org,Male,Ireland,-8.8562835,53.510243
873,Allyce,Buswell,abuswello8@eventbrite.com,Bigender,Ireland,-6.2071246,53.4562426
874,Erroll,Merrall,emerrallo9@nbcnews.com,Male,Ireland,-8.7683674,53.7942932
875,Di,Standish,dstandishoa@theatlantic.com,Female,Ireland,-7.74208,54.70972
876,Kacey,Mowling,kmowlingob@tmall.com,Female,Ireland,-6.4202878,54.0026343
877,Andre,Seeler,aseeleroc@patch.com,Male,Ireland,-6.1979853,53.3046353
878,Jdavie,Guthrum,jguthrumod@phoca.cz,Male,Ireland,-8.5176583,51.8863277
879,Iorgo,Junifer,ijuniferoe@cyberchimps.com,Male,Ireland,-6.1544115,53.4855448
880,Dov,Duthy,dduthyof@angelfire.com,Male,Ireland,-6.1349155,53.5834008
881,Cornie,Bailes,cbailesog@freewebs.com,Male,Ireland,-6.2611953,53.3881832
882,Neille,Footer,nfooteroh@alibaba.com,Female,Ireland,-6.2324705,53.3177535
883,Scotty,Mould,smouldoi@zimbio.com,Male,Ireland,-6.2071246,53.4562426
884,Kinsley,Littlepage,klittlepageoj@wsj.com,Male,Ireland,-7.086877,53.8363325
885,August,Tschursch,atschurschok@globo.com,Male,Ireland,-8.2969737,53.9735591
886,Kristin,Durnford,kdurnfordol@t-online.de,Female,Ireland,-7.1111732,52.2513095
887,Giffer,Bertolin,gbertolinom@cnet.com,Male,Ireland,-6.1215213,53.2724538
888,Cecilius,Burkhill,cburkhillon@ed.gov,Male,Ireland,-8.9480659,53.940892
889,Tiertza,Dakin,tdakinoo@cyberchimps.com,Female,Ireland,-6.1535181,53.5220275
890,Melly,Grigorey,mgrigoreyop@photobucket.com,Female,Ireland,-6.3049392,53.3021194
891,Floyd,Jacks,fjacksoq@dmoz.org,Male,Ireland,-6.3828795,53.385304
892,Isidora,Adne,iadneor@photobucket.com,Female,Ireland,-6.9692181,52.7009338
893,Bourke,Petracek,bpetracekos@webeden.co.uk,Male,Ireland,-6.1011147,53.2000455
894,Florri,Kubasek,fkubasekot@de.vu,Polygender,Ireland,-6.139018,53.171935
895,Clair,Chevolleau,cchevolleauou@google.es,Female,Ireland,-6.7449927,53.1310185
896,Dulsea,Stouther,dstoutherov@ucoz.com,Female,Ireland,-8.5176583,51.8863277
897,Zarla,Ridoutt,zridouttow@wired.com,Female,Ireland,-6.3695384,53.3734053
898,Rica,Camin,rcaminox@ucoz.com,Female,Ireland,-8.05,51.9166667
899,Cliff,Stevani,cstevanioy@whitehouse.gov,Male,Ireland,-8.8562835,53.510243
900,Sonnnie,Velte,svelteoz@typepad.com,Female,Ireland,-7.1111732,52.2513095
901,Rossy,Peinke,rpeinkep0@pen.io,Male,Ireland,-6.1479779,53.450694
902,Caye,Heasman,cheasmanp1@bloomberg.com,Bigender,Ireland,-6.251714,53.3169419
903,Lindsay,Allwright,lallwrightp2@cmu.edu,Male,Ireland,-6.2890702,53.3201497
904,Rip,O'Dempsey,rodempseyp3@altervista.org,Male,Ireland,-6.3049392,53.3021194
905,Taber,Presho,tpreshop4@slate.com,Male,Ireland,-7.74208,54.70972
906,Tristam,Tregunnah,ttregunnahp5@artisteer.com,Male,Ireland,-8.9342111,52.182304
907,Norean,Oldacres,noldacresp6@unesco.org,Bigender,Ireland,-7.0943023,54.2694844
908,Arlene,Edridge,aedridgep7@kickstarter.com,Female,Ireland,-6.64937,54.10269
909,Rodi,Gian,rgianp8@theguardian.com,Female,Ireland,-6.9898366,53.2265199
910,Rick,Doelle,rdoellep9@chicagotribune.com,Male,Ireland,-6.1942058,53.3604483
911,Gillian,Harrington,gharringtonpa@reuters.com,Agender,Ireland,-6.1097188,53.3895926
912,Fred,Stanistrete,fstanistretepb@netvibes.com,Female,Ireland,-6.7449927,53.1310185
913,Emogene,Schuchmacher,eschuchmacherpc@freewebs.com,Female,Ireland,-6.163027,53.2339841
914,Klaus,Cochran,kcochranpd@slate.com,Male,Ireland,-8.5946591,54.632283
915,Martin,Gansbuhler,mgansbuhlerpe@wsj.com,Polygender,Ireland,-7.606287,53.6972399
916,Aubree,Chaperlin,achaperlinpf@merriam-webster.com,Non-binary,Ireland,-10.022186,53.488087
917,Barby,Rosenvasser,brosenvasserpg@who.int,Female,Ireland,-6.67045,53.213319
918,Allie,Casiroli,acasiroliph@imdb.com,Female,Ireland,-8.4977746,51.8895954
919,Morgen,Garman,mgarmanpi@reverbnation.com,Female,Ireland,-7.269174,55.0650892
920,Aldus,Greenset,agreensetpj@china.com.cn,Male,Ireland,-7.8004329,53.7283566
921,Amery,Sturgeon,asturgeonpk@sbwire.com,Male,Ireland,-8.1722002,54.3051891
922,Heinrick,MacCaffery,hmaccafferypl@dropbox.com,Male,Ireland,-6.2152673,53.3323703
923,Donia,Steinhammer,dsteinhammerpm@eepurl.com,Female,Ireland,-9.0288689,53.2737147
924,Herschel,Pogg,hpoggpn@unicef.org,Male,Ireland,-6.1215213,53.2724538
925,Orion,Waddington,owaddingtonpo@g.co,Polygender,Ireland,-6.336393,53.3122864
926,Isaac,Plan,iplanpp@craigslist.org,Male,Ireland,-7.145971,53.508326
927,Zedekiah,Palfreyman,zpalfreymanpq@thetimes.co.uk,Male,Ireland,-8.259128,51.908209
928,Tandi,Dalgarnowch,tdalgarnowchpr@dailymotion.com,Female,Ireland,-8.5111664,51.8858819
929,Othello,Vero,overops@g.co,Male,Ireland,-6.5924609,53.2482376
930,Antonietta,Bramsen,abramsenpt@artisteer.com,Female,Ireland,-6.4887534,53.3653866
931,Murvyn,Jenny,mjennypu@360.cn,Male,Ireland,-8.5176583,51.8863277
932,Marabel,Synke,msynkepv@army.mil,Female,Ireland,-6.0690645,53.1257486
933,Abby,Orgel,aorgelpw@aboutads.info,Non-binary,Ireland,-8.9480659,53.940892
934,Ryun,Pymer,rpymerpx@elpais.com,Male,Ireland,-6.9858993,53.0018699
935,Gamaliel,Steuart,gsteuartpy@smugmug.com,Male,Ireland,-6.313755,53.366736
936,Valaree,Filippello,vfilippellopz@japanpost.jp,Female,Ireland,-6.6633404,53.2492381
937,Linoel,Healy,lhealyq0@utexas.edu,Male,Ireland,-8.2755058,52.2627273
938,Tripp,Kohring,tkohringq1@cisco.com,Male,Ireland,-8.2969737,53.9735591
939,Audy,Hartwright,ahartwrightq2@instagram.com,Female,Ireland,-6.7434401,53.2229873
940,Trever,Di Carli,tdicarliq3@technorati.com,Male,Ireland,-6.1191333,53.1915379
941,Ranee,Alderwick,ralderwickq4@soup.io,Female,Ireland,-7.8004329,53.7283566
942,Chiquia,Boulter,cboulterq5@msu.edu,Polygender,Ireland,-6.3025448,53.6920618
943,Trent,Behneke,tbehnekeq6@etsy.com,Male,Ireland,-6.336393,53.3122864
944,Mozes,Karpets,mkarpetsq7@google.fr,Male,Ireland,-8.8562835,53.510243
945,Inger,Dunford,idunfordq8@statcounter.com,Female,Ireland,-7.7655701,53.5650926
946,Kimmie,Lambricht,klambrichtq9@marriott.com,Female,Ireland,-6.163027,53.2339841
947,Gerri,Kupker,gkupkerqa@ovh.net,Male,Ireland,-6.3049392,53.3021194
948,Troy,Roger,trogerqb@blogtalkradio.com,Male,Ireland,-7.145971,53.508326
949,Sebastiano,Smiths,ssmithsqc@google.co.uk,Male,Ireland,-8.4242597,51.8910459
950,Amandie,Heaney`,aheaneyqd@who.int,Female,Ireland,-8.2817353,54.4771768
951,Lonnie,Spurman,lspurmanqe@ovh.net,Female,Ireland,-8.3929404,51.8113447
952,Alli,Billyard,abillyardqf@a8.net,Female,Ireland,-6.3048641,53.3284298
953,Ailis,McGauhy,amcgauhyqg@admin.ch,Female,Ireland,-6.4496384,53.3582341
954,Othello,Hinstridge,ohinstridgeqh@walmart.com,Male,Ireland,-9.1115941,51.7203863
955,Goldie,Matuszyk,gmatuszykqi@pinterest.com,Female,Ireland,-10.022186,53.488087
956,Trish,Linde,tlindeqj@scribd.com,Female,Ireland,-80.7087609,35.7797381
957,Liam,D'Costa,ldcostaqk@g.co,Male,Ireland,-6.1535181,53.5220275
958,Modestine,Massinger,mmassingerql@dailymail.co.uk,Female,Ireland,-6.2755912,53.3500473
959,Wang,Dawidowitz,wdawidowitzqm@craigslist.org,Male,Ireland,-80.7087609,35.7797381
960,Reginald,Cobleigh,rcobleighqn@google.com.br,Male,Ireland,-6.266734,53.3829319
961,Alix,Petz,apetzqo@berkeley.edu,Male,Ireland,-6.3219759,53.2976886
962,Selig,Clowes,sclowesqp@surveymonkey.com,Male,Ireland,-6.3539424,53.3666338
963,Frasquito,Tebb,ftebbqq@ca.gov,Male,Ireland,-6.2152673,53.3323703
964,Billy,Raine,braineqr@baidu.com,Male,Ireland,-8.958931,51.904635
965,Putnem,Waghorne,pwaghorneqs@cornell.edu,Male,Ireland,-6.3506335,53.2911347
966,Christen,Wrighton,cwrightonqt@skyrock.com,Female,Ireland,-6.3660863,53.2874153
967,Mei,Placido,mplacidoqu@psu.edu,Female,Ireland,-8.337871,52.0097259
968,Lucian,Jerosch,ljeroschqv@google.fr,Male,Ireland,-9.1115941,51.7203863
969,Mace,Mathys,mmathysqw@bravesites.com,Male,Ireland,-7.606287,53.6972399
970,Shaw,Pettis,spettisqx@wp.com,Male,Ireland,-6.3506335,53.2911347
971,Niccolo,Bardsley,nbardsleyqy@histats.com,Male,Ireland,-8.337871,52.0097259
972,Rhiamon,Chown,rchownqz@newsvine.com,Female,Ireland,-6.3219759,53.2976886
973,Leonelle,Cochern,lcochernr0@phpbb.com,Female,Ireland,-6.2611953,53.3881832
974,Oby,Spurgeon,ospurgeonr1@bluehost.com,Male,Ireland,-6.1884248,53.5879156
975,Christian,Bulter,cbulterr2@xinhuanet.com,Male,Ireland,-7.1297243,52.2509369
976,Glyn,Lusgdin,glusgdinr3@umn.edu,Male,Ireland,-6.366762,53.2987724
977,Gretna,Kitchener,gkitchenerr4@unblog.fr,Female,Ireland,-6.2057463,53.3870149
978,Ailbert,Akroyd,aakroydr5@qq.com,Male,Ireland,-9.448724,51.680591
979,Quentin,Melanaphy,qmelanaphyr6@springer.com,Male,Ireland,-8.4523258,51.880525
980,Edmon,Kaas,ekaasr7@reverbnation.com,Male,Ireland,-8.2969737,53.9735591
981,Marianna,Eteen,meteenr8@boston.com,Female,Ireland,-9.159604,53.302644
982,Joy,Cereceres,jcereceresr9@blinklist.com,Female,Ireland,-8.6340751,52.6638144
983,Sinclare,McGrann,smcgrannra@mit.edu,Male,Ireland,-8.9949917,53.8533151
984,Benny,Vanyukov,bvanyukovrb@engadget.com,Female,Ireland,-9.1327273,53.806868
985,Eduardo,Sweatland,esweatlandrc@goo.ne.jp,Male,Ireland,-8.8562835,53.510243
986,Janot,Laminman,jlaminmanrd@wufoo.com,Female,Ireland,-7.297914,54.026345
987,Glenn,Ewings,gewingsre@pagesperso-orange.fr,Female,Ireland,-8.6340751,52.6638144
988,Dosi,Kivell,dkivellrf@theglobeandmail.com,Female,Ireland,-9.0248232,53.2760162
989,Virgilio,Clausner,vclausnerrg@bloomberg.com,Polygender,Ireland,-9.1327273,53.806868
990,Hieronymus,Palatino,hpalatinorh@istockphoto.com,Male,Ireland,-8.4523258,51.880525
991,Raimund,Dennison,rdennisonri@weather.com,Male,Ireland,-7.9139891,53.0949398
992,Angie,Wheelband,awheelbandrj@un.org,Male,Ireland,-7.5717688,52.1045472
993,Constancia,Vial,cvialrk@deviantart.com,Female,Ireland,-6.3077823,53.3655256
994,Herc,Jerwood,hjerwoodrl@fema.gov,Male,Ireland,-6.2057463,53.3870149
995,Rivalee,Cackett,rcackettrm@aol.com,Female,Ireland,-8.5070436,54.2109904
996,Warde,Boame,wboamern@facebook.com,Male,Ireland,-8.3929404,51.8113447
997,Merell,Churchyard,mchurchyardro@nature.com,Male,Ireland,-6.1136478,53.2121335
998,Rick,Hudd,rhuddrp@webnode.com,Non-binary,Ireland,-6.251714,53.3169419
999,Iorgos,Palliser,ipalliserrq@berkeley.edu,Male,Ireland,-6.5853664,53.378253
1000,Karoline,La Vigne,klavignerr@sakura.ne.jp,Female,Ireland,-6.374155,53.3223974
