id,first_name,last_name,email,gender,country,lon,lat
1,Susanetta,Headford,sheadford0@livejournal.com,Genderqueer,Ireland,-6.2057463,53.3870149
2,Thekla,Bertelet,tbertelet1@yolasite.com,Female,Ireland,-8.4627451,54.25645
3,Michaella,Grolle,mgrolle2@jiathis.com,Polygender,Ireland,-8.259128,51.908209
4,Maurine,Pursehouse,mpursehouse3@state.gov,Female,Ireland,-8.445614,51.8885086
5,Tedda,Treadgall,ttreadgall4@nyu.edu,Female,Ireland,-6.1072403,53.2780047
6,Vickie,Matura,vmatura5@ebay.co.uk,Female,Ireland,-6.1820563,53.3786861
7,Onofredo,Prestige,oprestige6@springer.com,Male,Ireland,-6.374155,53.3223974
8,Stormi,Earl,searl7@miitbeian.gov.cn,Genderqueer,Ireland,-6.3025448,53.6920618
9,Jacqui,Tarzey,jtarzey8@chicagotribune.com,Female,Ireland,-6.3077823,53.3655256
10,Brade,Dymock,bdymock9@deliciousdays.com,Male,Ireland,-9.1327273,53.806868
11,Judi,Northleigh,jnorthleigha@npr.org,Female,Ireland,-6.1920933,53.3916434
12,Petr,Clamo,pclamob@pinterest.com,Male,Ireland,-6.590926,53.1936864
13,Willa,Whorton,wwhortonc@archive.org,Female,Ireland,-6.313755,53.366736
14,Zacherie,Ferdinand,zferdinandd@altervista.org,Male,Ireland,-6.9711886,53.916791
15,Gianna,Valentinetti,gvalentinettie@cloudflare.com,Female,Ireland,-6.3660863,53.2874153
16,Gus,Cicetti,gcicettif@angelfire.com,Female,Ireland,-6.7449927,53.1310185
17,Sada,Rotherforth,srotherforthg@shutterfly.com,Female,Ireland,-6.133718,53.291512
18,Morris,Blitzer,mblitzerh@miitbeian.gov.cn,Male,Ireland,-6.67045,53.213319
19,Roxanna,Brade,rbradei@dmoz.org,Female,Ireland,-9.448724,51.680591
20,Vinni,Hollyar,vhollyarj@java.com,Female,Ireland,-6.2340942,53.2993199
21,Gregorio,Perrat,gperratk@vk.com,Male,Ireland,-8.5111664,51.8858819
22,Korella,Strowger,kstrowgerl@va.gov,Female,Ireland,-6.4496384,53.3582341
23,Asa,Habens,ahabensm@imdb.com,Male,Ireland,-8.2215941,53.0917381
24,Jyoti,Rupp,jruppn@prweb.com,Female,Ireland,-6.1603828,53.2599034
25,Dorette,Dibley,ddibleyo@biblegateway.com,Female,Ireland,-6.133718,53.291512
26,Darcy,Boskell,dboskellp@linkedin.com,Female,Ireland,-7.5717688,52.1045472
27,Jeramie,Lusk,jluskq@github.com,Male,Ireland,-8.5176583,51.8863277
28,Lurette,Arsnell,larsnellr@comcast.net,Female,Ireland,-6.366762,53.2987724
29,Gwynne,McTiernan,gmctiernans@netscape.com,Female,Ireland,-7.8434254,51.949401
30,Gradey,Munehay,gmunehayt@guardian.co.uk,Non-binary,Ireland,-10.022186,53.488087
31,Roddie,Griffith,rgriffithu@msn.com,Male,Ireland,-7.0472382,52.9480781
32,Prisca,Stillert,pstillertv@live.com,Female,Ireland,-6.4496384,53.3582341
33,Jackie,Reeme,jreemew@patch.com,Male,Ireland,-8.445614,51.8885086
34,Arvy,Caddies,acaddiesx@buzzfeed.com,Male,Ireland,-7.1111732,52.2513095
35,Max,Poytres,mpoytresy@cisco.com,Male,Ireland,-7.269174,55.0650892
36,Kellen,McCromley,kmccromleyz@bing.com,Female,Ireland,-6.1349155,53.5834008
37,Shayne,Pirozzi,spirozzi10@tripod.com,Agender,Ireland,-8.5171384,51.876873
38,Rosanna,McGettrick,rmcgettrick11@chicagotribune.com,Agender,Ireland,-6.4671298,53.5050031
39,Jacquelynn,Dell,jdell12@sohu.com,Female,Ireland,-6.473025,54.0086093
40,Brand,Duesbury,bduesbury13@ftc.gov,Male,Ireland,-8.5054897,52.7107501
41,Den,Godbold,dgodbold14@tmall.com,Male,Ireland,-6.1097188,53.3895926
42,Stevy,Zmitrovich,szmitrovich15@soundcloud.com,Male,Ireland,-8.958931,51.904635
43,Maggie,Habbin,mhabbin16@sfgate.com,Female,Ireland,-8.2215941,53.0917381
44,Vannie,Grunbaum,vgrunbaum17@mapquest.com,Female,Ireland,-6.2324705,53.3177535
45,Curran,Fassbindler,cfassbindler18@paginegialle.it,Male,Ireland,-7.086877,53.8363325
46,Alessandro,Attiwill,aattiwill19@engadget.com,Male,Ireland,-8.9706844,52.6004448
47,Sidney,Twaits,stwaits1a@stanford.edu,Male,Ireland,-8.1722002,54.3051891
48,Yorgos,Dadswell,ydadswell1b@comsenz.com,Male,Ireland,-9.7850991,52.1058991
49,Mac,Mewton,mmewton1c@yellowpages.com,Male,Ireland,-9.0288689,53.2737147
50,Dorree,Rapelli,drapelli1d@trellian.com,Genderqueer,Ireland,-6.1920933,53.3916434
51,Joellyn,McTrustie,jmctrustie1e@odnoklassniki.ru,Female,Ireland,-7.9428197,53.4231032
52,Dane,Cartmill,dcartmill1f@spotify.com,Male,Ireland,-7.518792,53.284466
53,Bettine,Langhorn,blanghorn1g@uol.com.br,Genderqueer,Ireland,-8.5946591,54.632283
54,Yancy,Menezes,ymenezes1h@friendfeed.com,Male,Ireland,-6.2429997,53.7902634
55,Aleksandr,Tezure,atezure1i@mail.ru,Male,Ireland,-6.2152673,53.3323703
56,Thea,Kulis,tkulis1j@icio.us,Female,Ireland,-6.2755912,53.3500473
57,Marguerite,Sharman,msharman1k@indiegogo.com,Bigender,Ireland,-7.9428197,53.4231032
58,Domini,Gero,dgero1l@opera.com,Female,Ireland,-8.9342111,52.182304
59,Hew,Eke,heke1m@rakuten.co.jp,Male,Ireland,-9.151825,54.11215
60,Hermie,Denisevich,hdenisevich1n@example.com,Male,Ireland,-9.159604,53.302644
61,Alejoa,Dows,adows1o@jalbum.net,Male,Ireland,-8.2755058,52.2627273
62,Pamelina,Darling,pdarling1p@who.int,Female,Ireland,-6.4241156,53.7369009
63,Maribeth,Aveling,maveling1q@biblegateway.com,Female,Ireland,-6.308522,52.665267
64,Christoforo,Kulvear,ckulvear1r@shop-pro.jp,Male,Ireland,-6.2324705,53.3177535
65,Perceval,Stent,pstent1s@virginia.edu,Male,Ireland,-7.269174,55.0650892
66,Clayborn,Hannay,channay1t@spiegel.de,Male,Ireland,-6.1349155,53.5834008
67,Mavis,Panther,mpanther1u@squidoo.com,Female,Ireland,-8.4242597,51.8910459
68,Enid,Heddy,eheddy1v@dell.com,Female,Ireland,-6.366762,53.2987724
69,Konstantine,Glozman,kglozman1w@slideshare.net,Male,Ireland,-6.2892907,53.310122
70,Jodee,Shutt,jshutt1x@a8.net,Female,Ireland,-6.1072403,53.2780047
71,Neila,Fallis,nfallis1y@facebook.com,Female,Ireland,-7.7655701,53.5650926
72,Yorgo,Jesper,yjesper1z@sakura.ne.jp,Male,Ireland,-6.3219759,53.2976886
73,Gard,Hriinchenko,ghriinchenko20@soundcloud.com,Male,Ireland,-8.7683674,53.7942932
74,Miguelita,Fender,mfender21@hibu.com,Female,Ireland,-6.9858993,53.0018699
75,Kelli,Lilian,klilian22@timesonline.co.uk,Female,Ireland,-7.7655701,53.5650926
76,Hercule,Elwel,helwel23@ft.com,Male,Ireland,-6.139018,53.171935
77,Bentley,Maggi,bmaggi24@exblog.jp,Male,Ireland,-7.086877,53.8363325
78,Hedwiga,Manston,hmanston25@shinystat.com,Female,Ireland,-9.159604,53.302644
79,Filide,Rarity,frarity26@chron.com,Genderfluid,Ireland,-6.3828795,53.385304
80,Barnabe,Burthom,bburthom27@macromedia.com,Male,Ireland,-6.251714,53.3169419
81,Chase,Janks,cjanks28@etsy.com,Male,Ireland,-7.185387,53.158984
82,Wayland,Arunowicz,warunowicz29@reddit.com,Male,Ireland,-8.5111664,51.8858819
83,Jocelin,Innis,jinnis2a@github.com,Female,Ireland,-6.0690645,53.1257486
84,Tatiania,Corradini,tcorradini2b@boston.com,Female,Ireland,-6.3695384,53.3734053
85,Kerri,Santos,ksantos2c@state.tx.us,Female,Ireland,-6.4496384,53.3582341
86,Evita,Grassin,egrassin2d@elegantthemes.com,Female,Ireland,-7.5011999,53.776647
87,Buckie,Liversley,bliversley2e@blogs.com,Male,Ireland,-6.7434401,53.2229873
88,Donna,Snoddin,dsnoddin2f@accuweather.com,Female,Ireland,-9.7850991,52.1058991
89,Nike,Handrok,nhandrok2g@sciencedirect.com,Female,Ireland,-7.2314132,54.1794814
90,Wainwright,Matevosian,wmatevosian2h@businessweek.com,Male,Ireland,-6.0704904,53.1286984
91,Gibbie,Rops,grops2i@usatoday.com,Male,Ireland,-6.4887534,53.3653866
92,Mariette,Giovanizio,mgiovanizio2j@wiley.com,Female,Ireland,-6.2152673,53.3323703
93,Lenore,MacIan,lmacian2k@businessinsider.com,Female,Ireland,-6.1544115,53.4855448
94,Reynold,Koppelmann,rkoppelmann2l@ca.gov,Male,Ireland,-6.1942058,53.3604483
95,Angelina,Bowdidge,abowdidge2m@about.com,Female,Ireland,-8.8950821,52.7604883
96,Florian,Kelby,fkelby2n@netscape.com,Male,Ireland,-8.9821467,52.8498651
97,Blinnie,Walthew,bwalthew2o@twitpic.com,Female,Ireland,-6.163027,53.2339841
98,Scarlett,Bold,sbold2p@dmoz.org,Female,Ireland,-6.2554371,53.2767301
99,Mayor,Ebbs,mebbs2q@smh.com.au,Male,Ireland,-6.9898366,53.2265199
100,Klaus,Mattin,kmattin2r@godaddy.com,Male,Ireland,-6.308522,52.665267
101,Kelcey,Heyward,kheyward2s@epa.gov,Female,Ireland,-6.6633404,53.2492381
102,Mathew,Elijah,melijah2t@ebay.co.uk,Male,Ireland,-8.298942,51.848898
103,Ashely,Kohter,akohter2u@opensource.org,Female,Ireland,-9.7850991,52.1058991
104,Boy,Hupka,bhupka2v@wikispaces.com,Male,Ireland,-8.4242597,51.8910459
105,Blondie,Dendon,bdendon2w@oracle.com,Female,Ireland,-6.124065,53.231395
106,Irma,Gallaway,igallaway2x@delicious.com,Female,Ireland,-7.9139891,53.0949398
107,Moira,Jupe,mjupe2y@mtv.com,Female,Ireland,-6.308522,52.665267
108,Norbert,Pimlott,npimlott2z@netscape.com,Male,Ireland,-6.374155,53.3223974
109,Tabbitha,Reese,treese30@sohu.com,Female,Ireland,-7.8434254,51.949401
110,Maryjo,Aliberti,maliberti31@xrea.com,Female,Ireland,-7.9139891,53.0949398
111,Weider,Pothbury,wpothbury32@tuttocitta.it,Male,Ireland,-7.8004329,53.7283566
112,Adolphus,Bakewell,abakewell33@tmall.com,Male,Ireland,-7.888894,52.516323
113,Xymenes,Rollings,xrollings34@wix.com,Male,Ireland,-6.1820563,53.3786861
114,Eydie,Laterza,elaterza35@youtube.com,Female,Ireland,-8.4627451,54.25645
115,Husein,Craigs,hcraigs36@com.com,Male,Ireland,-9.5003786,52.4458588
116,Ken,Mylechreest,kmylechreest37@cmu.edu,Male,Ireland,-6.1644997,53.4266145
117,Rockey,Underhill,runderhill38@princeton.edu,Male,Ireland,-6.7515223,53.2888321
118,Corri,Greatreax,cgreatreax39@example.com,Female,Ireland,-6.9140788,53.169971
119,Maximilianus,Dash,mdash3a@posterous.com,Male,Ireland,-8.4627451,54.25645
120,Ainslee,Tomanek,atomanek3b@illinois.edu,Female,Ireland,-7.7655701,53.5650926
121,Henrieta,Jeromson,hjeromson3c@baidu.com,Agender,Ireland,-9.7850991,52.1058991
122,Hill,Heintzsch,hheintzsch3d@va.gov,Male,Ireland,-6.251714,53.3169419
123,Cherilynn,Tatum,ctatum3e@deviantart.com,Female,Ireland,-6.3695384,53.3734053
124,Fredek,Lotwich,flotwich3f@dedecms.com,Male,Ireland,-7.1111732,52.2513095
125,Fionnula,Mattiacci,fmattiacci3g@seattletimes.com,Female,Ireland,-6.3025448,53.6920618
126,Dacy,Ferro,dferro3h@woothemes.com,Female,Ireland,-6.1406578,53.2886387
127,Arnoldo,McCritchie,amccritchie3i@nyu.edu,Male,Ireland,-6.5899765,52.176031
128,Ronny,Glozman,rglozman3j@google.ca,Male,Ireland,-8.334953,51.8610022
129,Cornie,Amoore,camoore3k@phpbb.com,Male,Ireland,-10.0320886,54.2223118
130,Dena,O'Kynsillaghe,dokynsillaghe3l@wordpress.com,Female,Ireland,-8.489012,51.923707
131,Vin,Texton,vtexton3m@prweb.com,Male,Ireland,-9.1097137,53.2582868
132,Westbrooke,McNamee,wmcnamee3n@ed.gov,Male,Ireland,-8.6346959,53.7423435
133,Rachelle,Friary,rfriary3o@xinhuanet.com,Polygender,Ireland,-9.1115941,51.7203863
134,Monah,Cristol,mcristol3p@ucsd.edu,Polygender,Ireland,-8.5111664,51.8858819
135,Rickey,Haglington,rhaglington3q@furl.net,Male,Ireland,-8.5111664,51.8858819
136,Timothy,Drakeley,tdrakeley3r@marriott.com,Male,Ireland,-7.0472382,52.9480781
137,Wright,McOwan,wmcowan3s@answers.com,Male,Ireland,-6.1822287,53.3788495
138,Hilario,Porcher,hporcher3t@topsy.com,Male,Ireland,-8.4523258,51.880525
139,Bobbi,Olliffe,bolliffe3u@bbc.co.uk,Bigender,Ireland,-6.1822287,53.3788495
140,Phylys,Uden,puden3v@cisco.com,Female,Ireland,-9.4851741,52.4460804
141,Guinna,Blankley,gblankley3w@unicef.org,Female,Ireland,-10.022186,53.488087
142,Odie,Gentiry,ogentiry3x@barnesandnoble.com,Male,Ireland,-6.366762,53.2987724
143,Therine,Macken,tmacken3y@flavors.me,Female,Ireland,-6.1920933,53.3916434
144,Hobart,Stede,hstede3z@chron.com,Male,Ireland,-6.473025,54.0086093
145,Milissent,Miko,mmiko40@technorati.com,Female,Ireland,-8.5176583,51.8863277
146,Melonie,Lepper,mlepper41@samsung.com,Female,Ireland,-8.298942,51.848898
147,Quillan,Eberst,qeberst42@clickbank.net,Male,Ireland,-8.4784945,51.8815586
148,Eric,Benthall,ebenthall43@ebay.com,Male,Ireland,-8.2969737,53.9735591
149,Felike,Del Monte,fdelmonte44@4shared.com,Male,Ireland,-8.9821467,52.8498651
150,Linda,Krebs,lkrebs45@nifty.com,Female,Ireland,-9.151825,54.11215
151,Salvatore,Ward,sward46@smugmug.com,Non-binary,Ireland,-7.0943023,54.2694844
152,Rriocard,Kuban,rkuban47@buzzfeed.com,Male,Ireland,-8.445614,51.8885086
153,Tull,Mephan,tmephan48@acquirethisname.com,Male,Ireland,-6.473025,54.0086093
154,Riva,Venners,rvenners49@youtube.com,Female,Ireland,-9.5003786,52.4458588
155,Forster,Noteyoung,fnoteyoung4a@diigo.com,Male,Ireland,-6.64937,54.10269
156,Claudette,Tear,ctear4b@wsj.com,Female,Ireland,-8.4784945,51.8815586
157,Melisande,Larimer,mlarimer4c@cornell.edu,Female,Ireland,-6.1820563,53.3786861
158,Morganica,Missenden,mmissenden4d@ted.com,Female,Ireland,-8.334953,51.8610022
159,Loy,Kilcoyne,lkilcoyne4e@home.pl,Male,Ireland,-7.74208,54.70972
160,Theodore,Allenson,tallenson4f@feedburner.com,Male,Ireland,-6.1215213,53.2724538
161,Egbert,Outerbridge,eouterbridge4g@slate.com,Male,Ireland,-6.2057463,53.3870149
162,Zarah,Gookey,zgookey4h@surveymonkey.com,Female,Ireland,-6.1544115,53.4855448
163,Adrian,Baldin,abaldin4i@omniture.com,Male,Ireland,-6.67045,53.213319
164,Aurthur,Lealle,alealle4j@vk.com,Male,Ireland,-9.0248232,53.2760162
165,Antoine,Lathwell,alathwell4k@bigcartel.com,Male,Ireland,-8.4627451,54.25645
166,Benedicta,Sealey,bsealey4l@geocities.com,Female,Ireland,-9.151825,54.11215
167,Lynea,Boom,lboom4m@yellowbook.com,Female,Ireland,-8.3929404,51.8113447
168,Greer,Purchase,gpurchase4n@accuweather.com,Female,Ireland,-7.2584,52.655184
169,Gloriane,Clougher,gclougher4o@senate.gov,Female,Ireland,-6.1884248,53.5879156
170,Annora,McQueen,amcqueen4p@walmart.com,Female,Ireland,-6.336393,53.3122864
171,Renee,Whiting,rwhiting4q@usatoday.com,Female,Ireland,-6.1603828,53.2599034
172,Ardys,Jehan,ajehan4r@hugedomains.com,Female,Ireland,-6.3219759,53.2976886
173,Virgil,Lilian,vlilian4s@chronoengine.com,Male,Ireland,-8.5047067,51.8830697
174,Delmer,Valasek,dvalasek4t@istockphoto.com,Male,Ireland,-6.7449927,53.1310185
175,Shay,Adlem,sadlem4u@google.nl,Female,Ireland,-6.2427004,53.3347733
176,Krispin,Kleinberer,kkleinberer4v@archive.org,Male,Ireland,-9.268589,51.549106
177,Gaultiero,Absolom,gabsolom4w@wired.com,Male,Ireland,-6.2429997,53.7902634
178,Margarete,Armatys,marmatys4x@blinklist.com,Female,Ireland,-6.7515223,53.2888321
179,Ramonda,Strongitharm,rstrongitharm4y@amazon.de,Female,Ireland,-8.5070436,54.2109904
180,Karyn,Stair,kstair4z@bbb.org,Female,Ireland,-6.3828795,53.385304
181,Rana,Stallon,rstallon50@mozilla.org,Female,Ireland,-8.83565,53.49417
182,Jordan,Trustram,jtrustram51@mlb.com,Male,Ireland,-6.2398782,53.32112
183,Elsa,Wride,ewride52@nba.com,Female,Ireland,-6.1884248,53.5879156
184,Pietrek,Persicke,ppersicke53@time.com,Male,Ireland,-8.5946591,54.632283
185,Olva,Pirrey,opirrey54@ehow.com,Female,Ireland,-9.448724,51.680591
186,Freda,Petracchi,fpetracchi55@globo.com,Female,Ireland,-8.2001004,52.86326
187,Ardine,Dyke,adyke56@canalblog.com,Female,Ireland,-6.5028415,53.3806398
188,Rosanna,Sleeman,rsleeman57@merriam-webster.com,Female,Ireland,-7.74208,54.70972
189,Jojo,Forde,jforde58@last.fm,Female,Ireland,-7.1111732,52.2513095
190,Colby,Bachman,cbachman59@macromedia.com,Male,Ireland,-8.4627451,54.25645
191,Wildon,Lapthorn,wlapthorn5a@dailymotion.com,Male,Ireland,-6.5028415,53.3806398
192,Nannette,Matschuk,nmatschuk5b@delicious.com,Female,Ireland,-8.6346959,53.7423435
193,Tessi,Jeffcoate,tjeffcoate5c@nationalgeographic.com,Female,Ireland,-8.2215941,53.0917381
194,Hiram,Sansum,hsansum5d@mysql.com,Male,Ireland,-8.337871,52.0097259
195,Lynn,Belsher,lbelsher5e@disqus.com,Non-binary,Ireland,-7.0833118,52.2413206
196,Lisette,Eddington,leddington5f@europa.eu,Female,Ireland,-6.1136478,53.2121335
197,Kori,Giacovelli,kgiacovelli5g@senate.gov,Female,Ireland,-6.2429997,53.7902634
198,Eden,Pepon,epepon5h@army.mil,Female,Ireland,-6.1349155,53.5834008
199,Gerald,Goodman,ggoodman5i@nsw.gov.au,Male,Ireland,-8.2817353,54.4771768
200,Aggie,Flatley,aflatley5j@nasa.gov,Female,Ireland,-6.2071246,53.4562426
201,Fields,Kondratyuk,fkondratyuk5k@cocolog-nifty.com,Male,Ireland,-6.1215213,53.2724538
202,Corrina,Addenbrooke,caddenbrooke5l@free.fr,Female,Ireland,-9.1115941,51.7203863
203,Jere,Gossage,jgossage5m@pagesperso-orange.fr,Male,Ireland,-8.5111664,51.8858819
204,Robers,Giraudo,rgiraudo5n@rediff.com,Male,Ireland,-6.3219759,53.2976886
205,Florentia,O' Bee,fobee5o@princeton.edu,Female,Ireland,-6.67045,53.213319
206,Orren,Margerrison,omargerrison5p@wiley.com,Male,Ireland,-7.9027266,53.4148582
207,Gauthier,Dring,gdring5q@networkadvertising.org,Male,Ireland,-7.9139891,53.0949398
208,Dietrich,Gresham,dgresham5r@sun.com,Male,Ireland,-6.2057463,53.3870149
209,Sonnie,Soreau,ssoreau5s@live.com,Genderqueer,Ireland,-7.5011999,53.776647
210,Grace,Bloyes,gbloyes5t@senate.gov,Female,Ireland,-8.2969737,53.9735591
211,Haywood,Hardesty,hhardesty5u@networkadvertising.org,Male,Ireland,-7.185387,53.158984
212,Jemimah,Hosten,jhosten5v@usatoday.com,Female,Ireland,-8.9480659,53.940892
213,Mychal,Crisp,mcrisp5w@myspace.com,Male,Ireland,-8.5054897,52.7107501
214,Verge,Dack,vdack5x@csmonitor.com,Male,Ireland,-9.0288689,53.2737147
215,Jervis,Peever,jpeever5y@usda.gov,Male,Ireland,-6.176659,53.4487975
216,Onofredo,Fransseni,ofransseni5z@si.edu,Male,Ireland,-6.2892907,53.310122
217,Maressa,McInnes,mmcinnes60@google.de,Female,Ireland,-9.4904891,52.6396679
218,Sande,Dobbson,sdobbson61@ow.ly,Female,Ireland,-6.2892907,53.310122
219,Willa,Bolduc,wbolduc62@fda.gov,Genderqueer,Ireland,-9.4851741,52.4460804
220,Laural,Clemmey,lclemmey63@foxnews.com,Female,Ireland,-8.5054897,52.7107501
221,Ree,Henriksson,rhenriksson64@washingtonpost.com,Female,Ireland,-6.7434401,53.2229873
222,Riannon,McKibbin,rmckibbin65@tinypic.com,Female,Ireland,-6.7434401,53.2229873
223,Hildagard,Jenner,hjenner66@youtube.com,Genderfluid,Ireland,-6.3048641,53.3284298
224,Ivonne,Pharrow,ipharrow67@mtv.com,Female,Ireland,-8.4627451,54.25645
225,Kaspar,L'oiseau,kloiseau68@google.it,Male,Ireland,-8.83565,53.49417
226,Dino,Gurdon,dgurdon69@cargocollective.com,Male,Ireland,-9.5003786,52.4458588
227,Carmela,Roberto,croberto6a@cornell.edu,Female,Ireland,-9.0288689,53.2737147
228,Skippy,Drees,sdrees6b@nydailynews.com,Polygender,Ireland,-7.888894,52.516323
229,Sianna,Livesay,slivesay6c@adobe.com,Female,Ireland,-7.0625888,53.1387595
230,Albrecht,Nicklen,anicklen6d@timesonline.co.uk,Male,Ireland,-6.1603828,53.2599034
231,Manya,Landre,mlandre6e@themeforest.net,Female,Ireland,-8.4523258,51.880525
232,Felice,Longhirst,flonghirst6f@google.es,Female,Ireland,-6.1979853,53.3046353
233,Mariquilla,Wrist,mwrist6g@weibo.com,Female,Ireland,-6.9692181,52.7009338
234,Rossy,Le Gallo,rlegallo6h@trellian.com,Genderfluid,Ireland,-6.5899765,52.176031
235,Emlyn,Brazel,ebrazel6i@trellian.com,Male,Ireland,-8.5070436,54.2109904
236,Lucky,McGaughay,lmcgaughay6j@intel.com,Female,Ireland,-6.5899765,52.176031
237,Bentlee,Haseley,bhaseley6k@tripadvisor.com,Male,Ireland,-6.2057463,53.3870149
238,Cullen,Remmer,cremmer6l@nsw.gov.au,Male,Ireland,-8.5054897,52.7107501
239,Elston,Hanbury-Brown,ehanburybrown6m@google.co.jp,Genderqueer,Ireland,-6.1349155,53.5834008
240,Kalinda,Cuddihy,kcuddihy6n@issuu.com,Female,Ireland,-6.1544115,53.4855448
241,Faustine,Drummer,fdrummer6o@imdb.com,Female,Ireland,-9.1327273,53.806868
242,Dana,Waiton,dwaiton6p@thetimes.co.uk,Male,Ireland,-6.4671298,53.5050031
243,Kort,Drewitt,kdrewitt6q@webeden.co.uk,Male,Ireland,-9.448724,51.680591
244,Angeline,Guerrieri,aguerrieri6r@instagram.com,Female,Ireland,-6.7434401,53.2229873
245,Fin,Mcimmie,fmcimmie6s@acquirethisname.com,Male,Ireland,-6.67045,53.213319
246,Teddy,Penley,tpenley6t@cargocollective.com,Female,Ireland,-6.7434401,53.2229873
247,Haleigh,Marieton,hmarieton6u@squidoo.com,Male,Ireland,-6.1644997,53.4266145
248,Sigfrid,Allwood,sallwood6v@dedecms.com,Male,Ireland,-6.9692181,52.7009338
249,Powell,Fawdrey,pfawdrey6w@ezinearticles.com,Male,Ireland,-6.1544115,53.4855448
250,Saleem,Noe,snoe6x@alexa.com,Male,Ireland,-6.391149,53.8996586
251,Maria,Cobbing,mcobbing6y@yelp.com,Female,Ireland,-6.3025448,53.6920618
252,Aubrey,Gemlett,agemlett6z@google.co.uk,Non-binary,Ireland,-6.1191333,53.1915379
253,Wade,McMackin,wmcmackin70@cam.ac.uk,Male,Ireland,-10.022186,53.488087
254,Francesco,Millthorpe,fmillthorpe71@who.int,Male,Ireland,-8.4784945,51.8815586
255,Kassie,Janowski,kjanowski72@elegantthemes.com,Polygender,Ireland,-7.8434254,51.949401
256,Ezequiel,Lambdin,elambdin73@hexun.com,Male,Ireland,-7.5011999,53.776647
257,Giordano,Mazzei,gmazzei74@blogtalkradio.com,Male,Ireland,-6.5853664,53.378253
258,Trix,Alsford,talsford75@google.fr,Female,Ireland,-6.67045,53.213319
259,Larisa,McIlriach,lmcilriach76@mozilla.com,Female,Ireland,-6.1479779,53.450694
260,Della,Dofty,ddofty77@diigo.com,Female,Ireland,-6.308522,52.665267
261,Clarke,Extance,cextance78@cnet.com,Male,Ireland,-7.8434254,51.949401
262,Gail,Schmuhl,gschmuhl79@mapquest.com,Female,Ireland,-9.0288689,53.2737147
263,Cherish,Wisedale,cwisedale7a@engadget.com,Female,Ireland,-6.5924609,53.2482376
264,Inger,Dellatorre,idellatorre7b@theatlantic.com,Male,Ireland,-8.259128,51.908209
265,Octavia,Culbert,oculbert7c@nyu.edu,Female,Ireland,-8.4627451,54.25645
266,Bronny,Aron,baron7d@about.me,Male,Ireland,-6.176659,53.4487975
267,Cindee,Keyden,ckeyden7e@whitehouse.gov,Female,Ireland,-6.4887534,53.3653866
268,Niven,MacLese,nmaclese7f@npr.org,Male,Ireland,-6.4887534,53.3653866
269,Marvin,Braune,mbraune7g@google.com,Male,Ireland,-8.4977746,51.8895954
270,Coleen,Bacop,cbacop7h@pbs.org,Female,Ireland,-8.5070436,54.2109904
271,Glenda,Prinett,gprinett7i@ezinearticles.com,Female,Ireland,-8.4977746,51.8895954
272,Lenore,Geall,lgeall7j@oracle.com,Female,Ireland,-8.5054897,52.7107501
273,Agustin,McNabb,amcnabb7k@addthis.com,Male,Ireland,-6.3660863,53.2874153
274,Willie,Hillam,whillam7l@google.com.br,Female,Ireland,-6.9140788,53.169971
275,Bartholomeus,Pagitt,bpagitt7m@arstechnica.com,Male,Ireland,-6.133718,53.291512
276,Diane,Pyburn,dpyburn7n@cnet.com,Female,Ireland,-6.124065,53.231395
277,Jorge,Cawson,jcawson7o@privacy.gov.au,Bigender,Ireland,-8.5070436,54.2109904
278,Haven,Tointon,htointon7p@squidoo.com,Male,Ireland,-6.5924609,53.2482376
279,Salem,Verity,sverity7q@feedburner.com,Male,Ireland,-6.3025448,53.6920618
280,Rhodie,Tedstone,rtedstone7r@ucsd.edu,Female,Ireland,-7.2584,52.655184
281,Jamey,Ligertwood,jligertwood7s@dmoz.org,Male,Ireland,-6.4887534,53.3653866
282,Gunar,Boldt,gboldt7t@ustream.tv,Male,Ireland,-6.3048641,53.3284298
283,Madlen,Yukhnin,myukhnin7u@mayoclinic.com,Female,Ireland,-6.3828795,53.385304
284,Jayme,Rosling,jrosling7v@webeden.co.uk,Female,Ireland,-7.9027266,53.4148582
285,Rivalee,Seabert,rseabert7w@springer.com,Female,Ireland,-6.336393,53.3122864
286,Andrej,Lancaster,alancaster7x@exblog.jp,Male,Ireland,-8.9480659,53.940892
287,Kelli,Fernihough,kfernihough7y@smh.com.au,Female,Ireland,-6.366762,53.2987724
288,Yorke,Arntzen,yarntzen7z@nydailynews.com,Male,Ireland,-7.269174,55.0650892
289,Britta,Bryers,bbryers80@posterous.com,Female,Ireland,-9.5003786,52.4458588
290,Carrie,Matusov,cmatusov81@ucsd.edu,Female,Ireland,-6.2057463,53.3870149
291,Marlin,Youd,myoud82@hatena.ne.jp,Male,Ireland,-7.2314132,54.1794814
292,Aurelea,Watt,awatt83@oaic.gov.au,Female,Ireland,-9.0288689,53.2737147
293,Mathilde,Hobell,mhobell84@google.ru,Female,Ireland,-7.5011999,53.776647
294,Yolane,Wiggans,ywiggans85@virginia.edu,Female,Ireland,-6.2429997,53.7902634
295,Bendick,Steuhlmeyer,bsteuhlmeyer86@dailymail.co.uk,Male,Ireland,-7.145971,53.508326
296,Peyter,Blasik,pblasik87@tripod.com,Male,Ireland,-8.6340751,52.6638144
297,Rowen,Lorek,rlorek88@unc.edu,Male,Ireland,-8.9706844,52.6004448
298,Letty,Glyne,lglyne89@123-reg.co.uk,Female,Ireland,-8.4523258,51.880525
299,Dalenna,Klarzynski,dklarzynski8a@amazon.de,Female,Ireland,-8.5369154,52.6681994
300,Desmond,Harkins,dharkins8b@hubpages.com,Male,Ireland,-8.6340751,52.6638144
301,Anson,O'Cuddie,aocuddie8c@tiny.cc,Male,Ireland,-6.1920933,53.3916434
302,Ewan,Ewenson,eewenson8d@canalblog.com,Male,Ireland,-7.297914,54.026345
303,Jeralee,Charon,jcharon8e@youku.com,Female,Ireland,-7.086877,53.8363325
304,Tommy,Hugill,thugill8f@dropbox.com,Male,Ireland,-8.259128,51.908209
305,Norby,Dallyn,ndallyn8g@techcrunch.com,Male,Ireland,-6.1820563,53.3786861
306,Hanson,Parnham,hparnham8h@scientificamerican.com,Male,Ireland,-7.9139891,53.0949398
307,Eddi,Lammers,elammers8i@comcast.net,Female,Ireland,-9.4904891,52.6396679
308,Darryl,Felstead,dfelstead8j@e-recht24.de,Male,Ireland,-7.0625888,53.1387595
309,Atalanta,Van Merwe,avanmerwe8k@chronoengine.com,Female,Ireland,-10.022186,53.488087
310,Emmy,Manvell,emanvell8l@angelfire.com,Female,Ireland,-6.176659,53.4487975
311,Nollie,Reid,nreid8m@businesswire.com,Female,Ireland,-8.2001004,52.86326
312,Cammie,Dorking,cdorking8n@symantec.com,Female,Ireland,-7.1297243,52.2509369
313,Genvieve,Maharey,gmaharey8o@cbc.ca,Female,Ireland,-6.3049392,53.3021194
314,Betsey,Allingham,ballingham8p@shareasale.com,Female,Ireland,-6.67045,53.213319
315,Keriann,McDugal,kmcdugal8q@sohu.com,Female,Ireland,-6.1072403,53.2780047
316,Atlanta,Weippert,aweippert8r@ca.gov,Female,Ireland,-7.888894,52.516323
317,Penny,Malbon,pmalbon8s@delicious.com,Male,Ireland,-6.124065,53.231395
318,Moreen,Kroon,mkroon8t@cdc.gov,Female,Ireland,-6.1406578,53.2886387
319,Myrtia,Mardell,mmardell8u@prnewswire.com,Genderqueer,Ireland,-8.4242597,51.8910459
320,Mathias,Cattenach,mcattenach8v@stumbleupon.com,Male,Ireland,-7.606287,53.6972399
321,Leanor,Warrender,lwarrender8w@artisteer.com,Female,Ireland,-8.1722173,51.9138694
322,Lauralee,Spellessy,lspellessy8x@harvard.edu,Female,Ireland,-8.4977746,51.8895954
323,Ingamar,Matschuk,imatschuk8y@ox.ac.uk,Male,Ireland,-7.9027266,53.4148582
324,Fifine,Muat,fmuat8z@opera.com,Female,Ireland,-7.8434254,51.949401
325,Francklin,McCandless,fmccandless90@sina.com.cn,Genderqueer,Ireland,-8.5946591,54.632283
326,Karissa,Penwright,kpenwright91@trellian.com,Genderfluid,Ireland,-6.5899765,52.176031
327,Quintilla,Benz,qbenz92@fastcompany.com,Non-binary,Ireland,-9.151825,54.11215
328,Naomi,Challice,nchallice93@amazon.com,Female,Ireland,-7.0472382,52.9480781
329,Gennie,Greeves,ggreeves94@army.mil,Female,Ireland,-8.4977746,51.8895954
330,Gerry,Kleanthous,gkleanthous95@slate.com,Male,Ireland,-10.0320886,54.2223118
331,Emanuel,Tunnock,etunnock96@behance.net,Male,Ireland,-6.5924609,53.2482376
332,Horatia,Pomeroy,hpomeroy97@yelp.com,Genderqueer,Ireland,-9.268589,51.549106
333,Karin,Halahan,khalahan98@moonfruit.com,Female,Ireland,-6.366762,53.2987724
334,Anatol,Ridgeway,aridgeway99@house.gov,Male,Ireland,-6.9711886,53.916791
335,Nonnah,Ottewell,nottewell9a@diigo.com,Female,Ireland,-6.1349155,53.5834008
336,Winny,Howsin,whowsin9b@npr.org,Male,Ireland,-7.145971,53.508326
337,Bennie,Barneville,bbarneville9c@dropbox.com,Male,Ireland,-6.4496384,53.3582341
338,Euphemia,Hainge,ehainge9d@skyrock.com,Non-binary,Ireland,-6.3077823,53.3655256
339,Rafaellle,Moreno,rmoreno9e@php.net,Male,Ireland,-8.3929404,51.8113447
340,Carter,Hallwood,challwood9f@zimbio.com,Male,Ireland,-6.1215213,53.2724538
341,Kennett,Gartin,kgartin9g@moonfruit.com,Male,Ireland,-7.0943023,54.2694844
342,Nerte,Robertson,nrobertson9h@themeforest.net,Female,Ireland,-6.2340942,53.2993199
343,Nicoli,Albasini,nalbasini9i@yolasite.com,Female,Ireland,-9.159604,53.302644
344,Nobe,Bolino,nbolino9j@1688.com,Male,Ireland,-8.2001004,52.86326
345,Yetta,Huncote,yhuncote9k@bbb.org,Female,Ireland,-8.7683674,53.7942932
346,Cord,Tolcharde,ctolcharde9l@abc.net.au,Male,Ireland,-9.1097137,53.2582868
347,Sacha,Huntingdon,shuntingdon9m@diigo.com,Female,Ireland,-8.5111664,51.8858819
348,Karlie,Sleight,ksleight9n@npr.org,Female,Ireland,-80.7087609,35.7797381
349,Roobbie,Foltin,rfoltin9o@scribd.com,Female,Ireland,-8.259128,51.908209
350,Nathanil,Clopton,nclopton9p@harvard.edu,Male,Ireland,-7.7655701,53.5650926
351,Ulrike,Grace,ugrace9q@mayoclinic.com,Female,Ireland,-6.6633404,53.2492381
352,Viviana,Drinan,vdrinan9r@skyrock.com,Female,Ireland,-8.5111664,51.8858819
353,Quinlan,Dandy,qdandy9s@gnu.org,Male,Ireland,-8.2817353,54.4771768
354,Ephrayim,Corhard,ecorhard9t@lycos.com,Male,Ireland,-7.269174,55.0650892
355,Cassius,Sandys,csandys9u@drupal.org,Male,Ireland,-6.1136478,53.2121335
356,Delaney,O'Crevy,docrevy9v@wikipedia.org,Male,Ireland,-8.9706844,52.6004448
357,Dix,Stockall,dstockall9w@artisteer.com,Female,Ireland,-6.4887534,53.3653866
358,Mia,Sommerlin,msommerlin9x@arizona.edu,Female,Ireland,-8.4523258,51.880525
359,Sofie,Sudworth,ssudworth9y@imgur.com,Female,Ireland,-6.5899765,52.176031
360,Sasha,Bumpass,sbumpass9z@godaddy.com,Female,Ireland,-6.218069,53.374266
361,Caye,Abatelli,cabatellia0@technorati.com,Female,Ireland,-8.5047067,51.8830697
362,Lorin,Drogan,ldrogana1@army.mil,Male,Ireland,-6.2611953,53.3881832
363,Rebbecca,Prettyjohns,rprettyjohnsa2@dot.gov,Female,Ireland,-9.151825,54.11215
364,Myrta,Nuton,mnutona3@constantcontact.com,Female,Ireland,-7.8004329,53.7283566
365,Cathe,Bausmann,cbausmanna4@yellowpages.com,Female,Ireland,-8.83565,53.49417
366,De,Delagnes,ddelagnesa5@pbs.org,Female,Ireland,-8.5047067,51.8830697
367,Faustina,Scandrett,fscandretta6@qq.com,Female,Ireland,-6.1136478,53.2121335
368,Denise,Paolino,dpaolinoa7@oaic.gov.au,Female,Ireland,-80.7087609,35.7797381
369,Tad,Debill,tdebilla8@mashable.com,Male,Ireland,-7.2979911,53.6785169
370,Livy,Deverell,ldeverella9@bandcamp.com,Female,Ireland,-6.1979853,53.3046353
371,Carissa,Paffot,cpaffotaa@google.co.jp,Female,Ireland,-6.7434401,53.2229873
372,Korney,Gopsell,kgopsellab@google.com.au,Female,Ireland,-7.8004329,53.7283566
373,Freddie,Ungaretti,fungarettiac@patch.com,Female,Ireland,-8.4627451,54.25645
374,Katuscha,Jeandel,kjeandelad@dot.gov,Female,Ireland,-8.334953,51.8610022
375,Jena,De Dei,jdedeiae@google.ru,Female,Ireland,-6.1349155,53.5834008
376,Hilly,Brockman,hbrockmanaf@army.mil,Male,Ireland,-6.218069,53.374266
377,Lowell,Assante,lassanteag@mediafire.com,Male,Ireland,-6.2324705,53.3177535
378,Turner,Nalder,tnalderah@house.gov,Male,Ireland,-8.5111664,51.8858819
379,Melany,Tiesman,mtiesmanai@naver.com,Female,Ireland,-8.5946591,54.632283
380,Shayla,Balwin,sbalwinaj@dell.com,Female,Ireland,-8.83565,53.49417
381,Terrell,Neal,tnealak@engadget.com,Male,Ireland,-6.251714,53.3169419
382,Deva,Drayn,ddraynal@ibm.com,Female,Ireland,-8.5176583,51.8863277
383,Emmi,Hargess,ehargessam@squarespace.com,Female,Ireland,-6.1097188,53.3895926
384,Patsy,Melin,pmelinan@dion.ne.jp,Female,Ireland,-6.5028415,53.3806398
385,Obidiah,Barbary,obarbaryao@blogger.com,Male,Ireland,-9.0248232,53.2760162
386,Benito,Kearney,bkearneyap@newyorker.com,Male,Ireland,-6.2340942,53.2993199
387,Riordan,Laydon,rlaydonaq@umich.edu,Male,Ireland,-6.1920933,53.3916434
388,Lorain,Truswell,ltruswellar@hibu.com,Female,Ireland,-7.2979911,53.6785169
389,Kenyon,Treadgear,ktreadgearas@imageshack.us,Male,Ireland,-6.1479779,53.450694
390,Bunny,Cleugher,bcleugherat@over-blog.com,Female,Ireland,-6.2398782,53.32112
391,Pascal,Mulder,pmulderau@indiegogo.com,Male,Ireland,-6.2152673,53.3323703
392,Kare,Ghiroldi,kghiroldiav@desdev.cn,Female,Ireland,-8.9706844,52.6004448
393,Fredrika,Champerlen,fchamperlenaw@bizjournals.com,Female,Ireland,-6.2429997,53.7902634
394,Kurtis,Scanderet,kscanderetax@tumblr.com,Male,Ireland,-6.1544115,53.4855448
395,Bengt,Colleck,bcolleckay@chronoengine.com,Male,Ireland,-7.888894,52.516323
396,Becki,Olliar,bolliaraz@theatlantic.com,Female,Ireland,-6.1644997,53.4266145
397,Sinclare,Melpuss,smelpussb0@jalbum.net,Male,Ireland,-8.5070436,54.2109904
398,Kippie,Maddox,kmaddoxb1@pbs.org,Female,Ireland,-6.473025,54.0086093
399,Ashli,Vergo,avergob2@creativecommons.org,Female,Ireland,-6.3828795,53.385304
400,Adler,Gwyther,agwytherb3@alibaba.com,Male,Ireland,-7.086877,53.8363325
401,Jackelyn,Legging,jleggingb4@ning.com,Female,Ireland,-8.8562835,53.510243
402,Daron,Codlin,dcodlinb5@earthlink.net,Female,Ireland,-8.8562835,53.510243
403,Alikee,Dyball,adyballb6@go.com,Female,Ireland,-8.5171384,51.876873
404,Rodney,Muff,rmuffb7@ycombinator.com,Genderqueer,Ireland,-8.2001004,52.86326
405,Naoma,Bockmann,nbockmannb8@psu.edu,Female,Ireland,-6.3077823,53.3655256
406,Ashien,Abramovitch,aabramovitchb9@exblog.jp,Female,Ireland,-6.2398782,53.32112
407,Murray,Luis,mluisba@examiner.com,Male,Ireland,-6.0690645,53.1257486
408,Luke,Joselovitch,ljoselovitchbb@dell.com,Male,Ireland,-6.2554371,53.2767301
409,Filippo,Verdun,fverdunbc@toplist.cz,Male,Ireland,-8.3545704,52.5593605
410,Renaldo,Allot,rallotbd@woothemes.com,Non-binary,Ireland,-7.1111732,52.2513095
411,Benni,Ellse,bellsebe@surveymonkey.com,Female,Ireland,-8.5369154,52.6681994
412,Martie,Currie,mcurriebf@free.fr,Male,Ireland,-6.264963,53.3897152
413,Marlee,Gilderoy,mgilderoybg@jugem.jp,Female,Ireland,-6.218069,53.374266
414,Kevan,Local,klocalbh@mit.edu,Male,Ireland,-9.448724,51.680591
415,Carr,Siemianowicz,csiemianowiczbi@nhs.uk,Male,Ireland,-9.0248232,53.2760162
416,Amalle,Pockett,apockettbj@imgur.com,Female,Ireland,-8.5171384,51.876873
417,Fawnia,McLurg,fmclurgbk@weebly.com,Female,Ireland,-8.6340751,52.6638144
418,Hilde,Alvarado,halvaradobl@photobucket.com,Female,Ireland,-6.1191333,53.1915379
419,Cristy,Wolfindale,cwolfindalebm@who.int,Female,Ireland,-8.5176583,51.8863277
420,Verene,Buckler,vbucklerbn@acquirethisname.com,Female,Ireland,-9.0197835,53.2736466
421,Shel,Tylor,stylorbo@cbc.ca,Female,Ireland,-6.1479779,53.450694
422,Ray,Fairbairn,rfairbairnbp@tinypic.com,Male,Ireland,-7.2584,52.655184
423,Menard,Jeaves,mjeavesbq@google.ru,Agender,Ireland,-8.9949917,53.8533151
424,Gerrie,Fairney,gfairneybr@hexun.com,Female,Ireland,-6.1979853,53.3046353
425,Antoine,Bovey,aboveybs@51.la,Male,Ireland,-6.473025,54.0086093
426,Chelsae,Hurrion,churrionbt@discovery.com,Female,Ireland,-6.2633149,53.377533
427,Vaughan,Smogur,vsmogurbu@berkeley.edu,Male,Ireland,-9.4851741,52.4460804
428,Janine,Snoad,jsnoadbv@biblegateway.com,Female,Ireland,-6.7434401,53.2229873
429,Blake,Burgin,bburginbw@nationalgeographic.com,Female,Ireland,-6.9858993,53.0018699
430,Truda,Dugdale,tdugdalebx@hud.gov,Female,Ireland,-10.0320886,54.2223118
431,Dulcine,Jammes,djammesby@oakley.com,Female,Ireland,-7.0943023,54.2694844
432,Noemi,Laflin,nlaflinbz@narod.ru,Female,Ireland,-6.1097188,53.3895926
433,Dore,Dury,dduryc0@nhs.uk,Male,Ireland,-6.4887534,53.3653866
434,Stephannie,Tubbs,stubbsc1@vimeo.com,Female,Ireland,-8.9706844,52.6004448
435,Brooke,Pywell,bpywellc2@scientificamerican.com,Male,Ireland,-9.159604,53.302644
436,Stacie,Algeo,salgeoc3@who.int,Female,Ireland,-6.3025448,53.6920618
437,Delcine,Gimbrett,dgimbrettc4@mlb.com,Female,Ireland,-6.4241156,53.7369009
438,Hector,Garnam,hgarnamc5@mozilla.com,Male,Ireland,-6.7449927,53.1310185
439,Dix,Secker,dseckerc6@dagondesign.com,Polygender,Ireland,-6.6633404,53.2492381
440,Byrle,Pleven,bplevenc7@ycombinator.com,Male,Ireland,-6.7434401,53.2229873
441,Clemmy,Waddy,cwaddyc8@vk.com,Female,Ireland,-8.4824714,51.8862378
442,Edward,Palfree,epalfreec9@pinterest.com,Male,Ireland,-8.489012,51.923707
443,Tommie,Dutch,tdutchca@joomla.org,Female,Ireland,-6.1822287,53.3788495
444,Krishnah,Elloway,kellowaycb@paypal.com,Male,Ireland,-6.1884248,53.5879156
445,Ives,Goding,igodingcc@cnn.com,Male,Ireland,-6.2398782,53.32112
446,Carrol,Le Breton,clebretoncd@globo.com,Male,Ireland,-7.2314132,54.1794814
447,Clifford,Josovitz,cjosovitzce@utexas.edu,Male,Ireland,-7.2979911,53.6785169
448,Heywood,Blakeman,hblakemancf@posterous.com,Male,Ireland,-7.0472382,52.9480781
449,Isis,Lampl,ilamplcg@youtube.com,Female,Ireland,-6.0690645,53.1257486
450,Flora,Mosco,fmoscoch@gnu.org,Female,Ireland,-6.3828795,53.385304
451,Dieter,Khomin,dkhominci@amazon.com,Male,Ireland,-7.0833118,52.2413206
452,Sim,Snodin,ssnodincj@nasa.gov,Polygender,Ireland,-6.264963,53.3897152
453,Rafaela,Rockwill,rrockwillck@ezinearticles.com,Female,Ireland,-6.3828795,53.385304
454,Cassandry,Noorwood,cnoorwoodcl@senate.gov,Female,Ireland,-8.4627451,54.25645
455,Cherida,Kits,ckitscm@mozilla.org,Female,Ireland,-7.9139891,53.0949398
456,Gale,Bundey,gbundeycn@gravatar.com,Female,Ireland,-6.2554371,53.2767301
457,Ado,Isham,aishamco@woothemes.com,Male,Ireland,-6.1942058,53.3604483
458,Reinald,Grisewood,rgrisewoodcp@paypal.com,Male,Ireland,-6.3539424,53.3666338
459,Verene,Calltone,vcalltonecq@businessinsider.com,Female,Ireland,-8.6340751,52.6638144
460,Scotty,Lowther,slowthercr@purevolume.com,Male,Ireland,-8.1722002,54.3051891
461,Livvyy,Doddemeade,ldoddemeadecs@shutterfly.com,Female,Ireland,-6.3660863,53.2874153
462,Lura,Janecek,ljanecekct@whitehouse.gov,Female,Ireland,-6.67045,53.213319
463,Shaine,Layman,slaymancu@feedburner.com,Female,Ireland,-8.4784945,51.8815586
464,Franchot,Dunne,fdunnecv@cyberchimps.com,Male,Ireland,-6.391149,53.8996586
465,Valeda,Agg,vaggcw@uol.com.br,Female,Ireland,-8.05,51.9166667
466,Claire,Pretious,cpretiouscx@usatoday.com,Male,Ireland,-8.2969737,53.9735591
467,Shell,Easterling,seasterlingcy@posterous.com,Male,Ireland,-6.1011147,53.2000455
468,Breena,Moisey,bmoiseycz@hao123.com,Non-binary,Ireland,-9.0288689,53.2737147
469,Patti,Spens,pspensd0@goo.ne.jp,Female,Ireland,-6.5028415,53.3806398
470,Theodore,Daville,tdavilled1@narod.ru,Male,Ireland,-6.3660863,53.2874153
471,Hashim,Reaman,hreamand2@wufoo.com,Male,Ireland,-6.4008792,53.9215606
472,Torrance,Beed,tbeedd3@macromedia.com,Male,Ireland,-9.151825,54.11215
473,Ilysa,McKinnon,imckinnond4@nymag.com,Female,Ireland,-7.606287,53.6972399
474,Barn,Gritsunov,bgritsunovd5@soup.io,Male,Ireland,-6.4671298,53.5050031
475,Aldis,Ballinger,aballingerd6@skype.com,Male,Ireland,-6.4496384,53.3582341
476,Kristina,Liddiatt,kliddiattd7@hatena.ne.jp,Female,Ireland,-6.1191333,53.1915379
477,Fran,Rogister,frogisterd8@ask.com,Agender,Ireland,-6.336393,53.3122864
478,Gibby,Arnow,garnowd9@timesonline.co.uk,Male,Ireland,-9.1327273,53.806868
479,Sarene,Barttrum,sbarttrumda@jugem.jp,Female,Ireland,-6.1072403,53.2780047
480,Ikey,Barnham,ibarnhamdb@wikia.com,Male,Ireland,-9.5003786,52.4458588
481,Mata,Laverick,mlaverickdc@usa.gov,Agender,Ireland,-8.7683674,53.7942932
482,Pia,Haswell,phaswelldd@blog.com,Female,Ireland,-8.4977746,51.8895954
483,Elsbeth,Fowler,efowlerde@networkadvertising.org,Female,Ireland,-7.9428197,53.4231032
484,Rob,McGlade,rmcgladedf@vimeo.com,Male,Ireland,-6.64937,54.10269
485,Orbadiah,Diffley,odiffleydg@chronoengine.com,Male,Ireland,-9.7359765,54.1433253
486,Tiphany,McGinley,tmcginleydh@parallels.com,Genderfluid,Ireland,-6.9140788,53.169971
487,Claus,Fores,cforesdi@tumblr.com,Male,Ireland,-7.518792,53.284466
488,Christa,Streatley,cstreatleydj@gov.uk,Female,Ireland,-7.518792,53.284466
489,Heidi,Takkos,htakkosdk@ox.ac.uk,Female,Ireland,-7.0833118,52.2413206
490,Bette,Clemendet,bclemendetdl@rakuten.co.jp,Female,Ireland,-6.1820563,53.3786861
491,Waly,Naile,wnailedm@flickr.com,Female,Ireland,-6.1072403,53.2780047
492,Stella,Le Borgne,sleborgnedn@networkadvertising.org,Female,Ireland,-8.5054897,52.7107501
493,Herbert,Leatham,hleathamdo@google.ca,Male,Ireland,-8.334953,51.8610022
494,Sally,Streeter,sstreeterdp@rakuten.co.jp,Female,Ireland,-9.1115941,51.7203863
495,Adoree,Rounsefull,arounsefulldq@army.mil,Female,Ireland,-6.4241156,53.7369009
496,Randie,Tersay,rtersaydr@webmd.com,Female,Ireland,-8.9480659,53.940892
497,Trenna,Hamshaw,thamshawds@drupal.org,Polygender,Ireland,-6.1097188,53.3895926
498,Benedicta,Dockery,bdockerydt@hud.gov,Female,Ireland,-6.1942058,53.3604483
499,Giselbert,Yosselevitch,gyosselevitchdu@yellowpages.com,Male,Ireland,-8.1722173,51.9138694
500,Yanaton,Eliez,yeliezdv@surveymonkey.com,Male,Ireland,-7.9027266,53.4148582
501,Clementina,Baggiani,cbaggianidw@paginegialle.it,Female,Ireland,-8.4242597,51.8910459
502,Cyrill,Greguol,cgreguoldx@de.vu,Male,Ireland,-9.0288689,53.2737147
503,Donalt,Blaxill,dblaxilldy@nsw.gov.au,Male,Ireland,-8.5070436,54.2109904
504,Emera,Strudwick,estrudwickdz@shareasale.com,Female,Ireland,-8.2001004,52.86326
505,Dyann,Braidman,dbraidmane0@globo.com,Female,Ireland,-7.518792,53.284466
506,Valencia,Dymock,vdymocke1@qq.com,Female,Ireland,-7.185387,53.158984
507,Giorgia,Goldney,ggoldneye2@disqus.com,Bigender,Ireland,-6.9898366,53.2265199
508,Jorge,Cargen,jcargene3@microsoft.com,Male,Ireland,-7.0472382,52.9480781
509,Rodolph,Semmens,rsemmense4@edublogs.org,Male,Ireland,-9.1327273,53.806868
510,Andrej,Linkleter,alinkletere5@tinyurl.com,Male,Ireland,-6.3506335,53.2911347
511,Phylys,Faire,pfairee6@liveinternet.ru,Female,Ireland,-10.0320886,54.2223118
512,Cathryn,Gilders,cgilderse7@tripadvisor.com,Female,Ireland,-7.8434254,51.949401
513,Omero,Giraudot,ogiraudote8@yahoo.co.jp,Male,Ireland,-8.5111664,51.8858819
514,Coral,Mullaney,cmullaneye9@hibu.com,Female,Ireland,-6.4241156,53.7369009
515,Eadie,Sweett,esweettea@thetimes.co.uk,Female,Ireland,-6.264963,53.3897152
516,Claudell,Huxstep,chuxstepeb@harvard.edu,Male,Ireland,-7.0833118,52.2413206
517,Bernhard,Stoakley,bstoakleyec@youku.com,Male,Ireland,-6.2508196,53.2866372
518,Riki,Bucky,rbuckyed@youtube.com,Female,Ireland,-6.3539424,53.3666338
519,Kay,Roston,krostonee@sbwire.com,Female,Ireland,-7.9027266,53.4148582
520,Nanni,Domico,ndomicoef@archive.org,Female,Ireland,-7.0625888,53.1387595
521,Debra,Flatt,dflatteg@vistaprint.com,Female,Ireland,-8.5171384,51.876873
522,Evered,Couser,ecousereh@umn.edu,Male,Ireland,-6.4202878,54.0026343
523,Shepperd,Terzi,sterziei@ustream.tv,Male,Ireland,-6.1920933,53.3916434
524,Elianora,Krahl,ekrahlej@mail.ru,Female,Ireland,-9.268589,51.549106
525,Mitzi,Scotting,mscottingek@google.ru,Female,Ireland,-6.2508196,53.2866372
526,Carlye,Ison,cisonel@time.com,Female,Ireland,-6.391149,53.8996586
527,Matthieu,Schneidar,mschneidarem@newyorker.com,Male,Ireland,-8.3929404,51.8113447
528,Virgie,Corse,vcorseen@google.com,Male,Ireland,-6.3422325,53.719155
529,Lorenza,Duffil,lduffileo@fda.gov,Female,Ireland,-7.9027266,53.4148582
530,Klemens,Quayle,kquayleep@cisco.com,Male,Ireland,-6.2340942,53.2993199
531,Annissa,Yendall,ayendalleq@photobucket.com,Female,Ireland,-6.0690645,53.1257486
532,Feodora,Lewty,flewtyer@ebay.co.uk,Female,Ireland,-7.2314132,54.1794814
533,Lefty,Evans,levanses@oakley.com,Male,Ireland,-8.489012,51.923707
534,Ermina,Welbrock,ewelbrocket@businesswire.com,Female,Ireland,-8.5171384,51.876873
535,Yalonda,Jehaes,yjehaeseu@scribd.com,Female,Ireland,-8.5176583,51.8863277
536,Odilia,Freyne,ofreyneev@aol.com,Female,Ireland,-6.3506335,53.2911347
537,Cosette,Shailer,cshailerew@opensource.org,Female,Ireland,-9.5003786,52.4458588
538,Lorrin,Bailes,lbailesex@netvibes.com,Bigender,Ireland,-6.1157412,53.2774963
539,Constantine,Samples,csamplesey@163.com,Male,Ireland,-8.5111664,51.8858819
540,Greg,Maryan,gmaryanez@cam.ac.uk,Male,Ireland,-8.958931,51.904635
541,Charlena,Laxton,claxtonf0@discuz.net,Female,Ireland,-6.2508196,53.2866372
542,Dana,Sich,dsichf1@spiegel.de,Male,Ireland,-6.2340942,53.2993199
543,Urbanus,O'Gorman,uogormanf2@microsoft.com,Male,Ireland,-6.2427004,53.3347733
544,Judah,Coates,jcoatesf3@nydailynews.com,Male,Ireland,-6.1157412,53.2774963
545,Otes,Nelthrop,onelthropf4@imdb.com,Male,Ireland,-6.2890702,53.3201497
546,Gustave,Branford,gbranfordf5@nhs.uk,Male,Ireland,-6.139018,53.171935
547,Von,Flament,vflamentf6@barnesandnoble.com,Male,Ireland,-6.1072403,53.2780047
548,Allix,Hasard,ahasardf7@techcrunch.com,Female,Ireland,-6.2071246,53.4562426
549,Sissy,O'Concannon,soconcannonf8@etsy.com,Female,Ireland,-8.2215941,53.0917381
550,Alanna,Rojas,arojasf9@purevolume.com,Female,Ireland,-6.9140788,53.169971
551,Andros,Storrie,astorriefa@clickbank.net,Male,Ireland,-8.334953,51.8610022
552,Daniela,De Bischop,ddebischopfb@redcross.org,Female,Ireland,-6.5028415,53.3806398
553,Julianne,Laphorn,jlaphornfc@mac.com,Female,Ireland,-8.337871,52.0097259
554,Nita,Cawood,ncawoodfd@wikia.com,Female,Ireland,-7.2979911,53.6785169
555,Husain,Zollner,hzollnerfe@ow.ly,Male,Ireland,-8.7683674,53.7942932
556,Regina,Corgenvin,rcorgenvinff@w3.org,Female,Ireland,-9.448724,51.680591
557,Scarface,Winteringham,swinteringhamfg@soup.io,Male,Ireland,-7.145971,53.508326
558,Ode,Emer,oemerfh@reuters.com,Male,Ireland,-6.176659,53.4487975
559,Blakelee,Mariyushkin,bmariyushkinfi@salon.com,Female,Ireland,-7.0943023,54.2694844
560,Rosa,Handlin,rhandlinfj@psu.edu,Female,Ireland,-80.7087609,35.7797381
561,Jim,Gillum,jgillumfk@irs.gov,Male,Ireland,-6.176659,53.4487975
562,Mischa,Fradgley,mfradgleyfl@parallels.com,Male,Ireland,-6.3219759,53.2976886
563,Lynde,Stivani,lstivanifm@uol.com.br,Female,Ireland,-7.74208,54.70972
564,Evin,Defries,edefriesfn@japanpost.jp,Male,Ireland,-6.1603828,53.2599034
565,Read,Valentin,rvalentinfo@ft.com,Male,Ireland,-6.64937,54.10269
566,Henriette,Cornborough,hcornboroughfp@economist.com,Female,Ireland,-6.1215213,53.2724538
567,Jakob,Edelman,jedelmanfq@moonfruit.com,Male,Ireland,-6.2892907,53.310122
568,Stanly,Hanaby,shanabyfr@amazon.com,Male,Ireland,-6.124065,53.231395
569,Allys,Coates,acoatesfs@yandex.ru,Female,Ireland,-6.1820563,53.3786861
570,Holly-anne,Rospars,hrosparsft@hud.gov,Female,Ireland,-7.0833118,52.2413206
571,Trever,Parsonage,tparsonagefu@skyrock.com,Male,Ireland,-8.5111664,51.8858819
572,Walsh,Cronshaw,wcronshawfv@wufoo.com,Male,Ireland,-6.1603828,53.2599034
573,Corinna,Crosse,ccrossefw@github.io,Female,Ireland,-6.139018,53.171935
574,Claudianus,Wheatley,cwheatleyfx@people.com.cn,Male,Ireland,-9.268589,51.549106
575,Natty,Lent,nlentfy@clickbank.net,Female,Ireland,-7.1297243,52.2509369
576,Claudianus,Giuron,cgiuronfz@comcast.net,Male,Ireland,-6.366762,53.2987724
577,Berkly,Scading,bscadingg0@census.gov,Male,Ireland,-8.9949917,53.8533151
578,Dyane,Sussex,dsussexg1@histats.com,Female,Ireland,-8.4824714,51.8862378
579,Maye,Baert,mbaertg2@whitehouse.gov,Female,Ireland,-8.4824714,51.8862378
580,Beverlie,Barnby,bbarnbyg3@usgs.gov,Female,Ireland,-7.185387,53.158984
581,Corbie,Theaker,ctheakerg4@privacy.gov.au,Male,Ireland,-6.2892907,53.310122
582,Ross,Paddington,rpaddingtong5@opera.com,Male,Ireland,-6.3695384,53.3734053
583,Codi,Lynch,clynchg6@home.pl,Male,Ireland,-6.3660863,53.2874153
584,Anabel,Garnett,agarnettg7@posterous.com,Female,Ireland,-6.1136478,53.2121335
585,David,Bonnell,dbonnellg8@latimes.com,Male,Ireland,-6.133718,53.291512
586,Bartlett,MacTerrelly,bmacterrellyg9@blog.com,Male,Ireland,-9.1115941,51.7203863
587,Toiboid,Housegoe,thousegoega@cornell.edu,Male,Ireland,-6.2755912,53.3500473
588,Anders,Pauluzzi,apauluzzigb@google.ca,Male,Ireland,-6.4671298,53.5050031
589,Mitch,Bullant,mbullantgc@latimes.com,Male,Ireland,-8.4627451,54.25645
590,Ryon,Ozelton,rozeltongd@vistaprint.com,Male,Ireland,-9.0197835,53.2736466
591,Chery,Stembridge,cstembridgege@blinklist.com,Bigender,Ireland,-6.7449927,53.1310185
592,Eadmund,Lindenberg,elindenberggf@icio.us,Male,Ireland,-7.74208,54.70972
593,Rorke,Ayre,rayregg@fema.gov,Male,Ireland,-8.489012,51.923707
594,Nataline,Sharville,nsharvillegh@feedburner.com,Female,Ireland,-6.2057463,53.3870149
595,Tuckie,Gligorijevic,tgligorijevicgi@un.org,Male,Ireland,-8.5171384,51.876873
596,Rubie,Britney,rbritneygj@constantcontact.com,Female,Ireland,-6.2429997,53.7902634
597,Rodney,Heimann,rheimanngk@ihg.com,Agender,Ireland,-6.251714,53.3169419
598,Theobald,Comazzo,tcomazzogl@aboutads.info,Male,Ireland,-6.3048641,53.3284298
599,Sandie,Dudbridge,sdudbridgegm@dagondesign.com,Female,Ireland,-8.5171384,51.876873
600,Winny,McGeechan,wmcgeechangn@opera.com,Male,Ireland,-6.139018,53.171935
601,Alisander,McElwee,amcelweego@cnet.com,Male,Ireland,-8.9791425,52.8638391
602,Coraline,Brechin,cbrechingp@hexun.com,Female,Ireland,-8.9821467,52.8498651
603,Gerianne,Pauer,gpauergq@examiner.com,Female,Ireland,-6.4671298,53.5050031
604,Brennan,Sherebrook,bsherebrookgr@loc.gov,Male,Ireland,-6.218069,53.374266
605,Mar,Bromige,mbromigegs@omniture.com,Male,Ireland,-6.336393,53.3122864
606,Brit,Franzonello,bfranzonellogt@angelfire.com,Male,Ireland,-7.297914,54.026345
607,Cassandra,Betho,cbethogu@umn.edu,Female,Ireland,-6.2057463,53.3870149
608,Borden,Joontjes,bjoontjesgv@thetimes.co.uk,Male,Ireland,-8.4977746,51.8895954
609,Vincenz,Mandy,vmandygw@google.com.au,Male,Ireland,-8.489012,51.923707
610,Farlee,Cauldwell,fcauldwellgx@wordpress.com,Male,Ireland,-7.269174,55.0650892
611,Ferd,Levis,flevisgy@instagram.com,Male,Ireland,-9.0248232,53.2760162
612,Yanaton,Dalmon,ydalmongz@mit.edu,Male,Ireland,-7.145971,53.508326
613,Mariel,Bunce,mbunceh0@google.com.au,Genderfluid,Ireland,-6.163027,53.2339841
614,Nevsa,Raden,nradenh1@artisteer.com,Female,Ireland,-7.8004329,53.7283566
615,Heidi,Radeliffe,hradeliffeh2@jimdo.com,Genderfluid,Ireland,-8.2215941,53.0917381
616,Tobi,Corley,tcorleyh3@businessinsider.com,Female,Ireland,-6.7434401,53.2229873
617,Hedvig,Theobald,htheobaldh4@mozilla.com,Female,Ireland,-6.0704904,53.1286984
618,Bren,Toth,btothh5@bigcartel.com,Female,Ireland,-9.7359765,54.1433253
619,Vladamir,Mishaw,vmishawh6@g.co,Male,Ireland,-6.3077823,53.3655256
620,Alasdair,Lingley,alingleyh7@omniture.com,Male,Ireland,-8.4242597,51.8910459
621,Ebba,Gelland,egellandh8@opera.com,Female,Ireland,-6.1920933,53.3916434
622,Larine,Tapscott,ltapscotth9@wix.com,Female,Ireland,-6.2398782,53.32112
623,Auria,Hedaux,ahedauxha@infoseek.co.jp,Female,Ireland,-7.0833118,52.2413206
624,Marion,MacDaid,mmacdaidhb@linkedin.com,Female,Ireland,-8.4977746,51.8895954
625,Codie,Gillise,cgillisehc@furl.net,Male,Ireland,-8.9791425,52.8638391
626,Early,Brainsby,ebrainsbyhd@youku.com,Male,Ireland,-9.4851741,52.4460804
627,Randy,Claibourn,rclaibournhe@blogtalkradio.com,Female,Ireland,-7.145971,53.508326
628,Tabbie,Pirri,tpirrihf@washingtonpost.com,Non-binary,Ireland,-6.1535181,53.5220275
629,Harv,Flemming,hflemminghg@home.pl,Male,Ireland,-8.642661,52.1361219
630,Rodolphe,Edwardson,redwardsonhh@google.co.uk,Male,Ireland,-7.0625888,53.1387595
631,Raeann,Perrat,rperrathi@csmonitor.com,Female,Ireland,-8.2755058,52.2627273
632,Wald,Pittle,wpittlehj@acquirethisname.com,Polygender,Ireland,-6.264963,53.3897152
633,Waly,Frisch,wfrischhk@deviantart.com,Female,Ireland,-8.5111664,51.8858819
634,Thorin,Varrow,tvarrowhl@ucla.edu,Male,Ireland,-7.5717688,52.1045472
635,Tobiah,Bucknall,tbucknallhm@paginegialle.it,Male,Ireland,-7.606287,53.6972399
636,Hillel,Nickols,hnickolshn@meetup.com,Male,Ireland,-6.1011147,53.2000455
637,Odele,Scrine,oscrineho@vinaora.com,Female,Ireland,-6.2398782,53.32112
638,Charleen,Cottage,ccottagehp@columbia.edu,Female,Ireland,-80.7087609,35.7797381
639,Palm,Hanmer,phanmerhq@rakuten.co.jp,Male,Ireland,-6.9858993,53.0018699
640,Blake,Manhood,bmanhoodhr@ucoz.com,Female,Ireland,-6.1979853,53.3046353
641,Viv,Stuke,vstukehs@xinhuanet.com,Female,Ireland,-6.1544115,53.4855448
642,Maurita,Clerke,mclerkeht@bloomberg.com,Female,Ireland,-6.9711886,53.916791
643,Coreen,Pittel,cpittelhu@patch.com,Female,Ireland,-9.1115941,51.7203863
644,Prudy,Ashfold,pashfoldhv@columbia.edu,Female,Ireland,-6.2508196,53.2866372
645,Barth,Isitt,bisitthw@microsoft.com,Genderqueer,Ireland,-6.1215213,53.2724538
646,Karalee,Zottoli,kzottolihx@meetup.com,Female,Ireland,-8.259128,51.908209
647,Kele,Grogor,kgrogorhy@aol.com,Male,Ireland,-6.133718,53.291512
648,Emmit,Givens,egivenshz@nba.com,Male,Ireland,-6.1136478,53.2121335
649,Adore,Sterte,astertei0@taobao.com,Female,Ireland,-7.185387,53.158984
650,Norbert,Scolli,nscollii1@cbc.ca,Male,Ireland,-7.145971,53.508326
651,Arther,Keightley,akeightleyi2@webeden.co.uk,Male,Ireland,-6.1157412,53.2774963
652,Henrik,Rapkins,hrapkinsi3@ebay.com,Male,Ireland,-6.1157412,53.2774963
653,Bathsheba,Humbert,bhumberti4@odnoklassniki.ru,Female,Ireland,-9.1115941,51.7203863
654,Hewet,Burnhard,hburnhardi5@slideshare.net,Male,Ireland,-6.336393,53.3122864
655,Austen,Yuill,ayuilli6@statcounter.com,Male,Ireland,-6.1644997,53.4266145
656,Bryn,MacRirie,bmacririei7@wordpress.org,Female,Ireland,-80.7087609,35.7797381
657,Amata,Truse,atrusei8@geocities.com,Non-binary,Ireland,-6.2755912,53.3500473
658,Kenneth,Stavers,kstaversi9@illinois.edu,Male,Ireland,-6.366762,53.2987724
659,Josias,Firmin,jfirminia@usa.gov,Male,Ireland,-6.391149,53.8996586
660,Heindrick,Zamorrano,hzamorranoib@sourceforge.net,Male,Ireland,-6.3219759,53.2976886
661,Nicholas,Lewsie,nlewsieic@istockphoto.com,Male,Ireland,-6.1603828,53.2599034
662,Pavia,Pine,ppineid@sciencedirect.com,Female,Ireland,-7.9428197,53.4231032
663,Keefer,Oakshott,koakshottie@csmonitor.com,Male,Ireland,-9.448724,51.680591
664,Jessica,Grievson,jgrievsonif@wikispaces.com,Female,Ireland,-6.9711886,53.916791
665,Isis,Cockton,icocktonig@zdnet.com,Female,Ireland,-7.145971,53.508326
666,Leanna,Zumbusch,lzumbuschih@psu.edu,Female,Ireland,-6.590926,53.1936864
667,Gipsy,Laudham,glaudhamii@flickr.com,Female,Ireland,-7.5717688,52.1045472
668,Raimund,Thoresby,rthoresbyij@google.com.au,Bigender,Ireland,-8.4627451,54.25645
669,Johnny,Tippell,jtippellik@cbsnews.com,Male,Ireland,-8.9821467,52.8498651
670,Birk,Gurko,bgurkoil@chronoengine.com,Genderfluid,Ireland,-8.4242597,51.8910459
671,Scotti,Ratley,sratleyim@oakley.com,Male,Ireland,-8.1722002,54.3051891
672,Darice,Grabbam,dgrabbamin@phoca.cz,Female,Ireland,-6.366762,53.2987724
673,Ursulina,Shelliday,ushellidayio@vk.com,Female,Ireland,-6.2508196,53.2866372
674,Ashli,Escoffrey,aescoffreyip@gov.uk,Female,Ireland,-8.958931,51.904635
675,Vance,Riste,vristeiq@instagram.com,Male,Ireland,-6.2387374,53.3141205
676,Weston,Chrisp,wchrispir@vimeo.com,Male,Ireland,-7.0943023,54.2694844
677,Laura,Ruff,lruffis@storify.com,Female,Ireland,-6.2508196,53.2866372
678,Ada,Landrick,alandrickit@ezinearticles.com,Female,Ireland,-6.2427004,53.3347733
679,Celie,Elcocks,celcocksiu@prnewswire.com,Female,Ireland,-6.590926,53.1936864
680,Chane,Toghill,ctoghilliv@cnet.com,Male,Ireland,-8.489012,51.923707
681,Will,Mattis,wmattisiw@state.tx.us,Male,Ireland,-7.0472382,52.9480781
682,Brewer,Breissan,bbreissanix@newsvine.com,Male,Ireland,-6.3048641,53.3284298
683,Barbette,Studdeard,bstuddeardiy@mysql.com,Female,Ireland,-6.1349155,53.5834008
684,Scottie,McAlinion,smcalinioniz@addthis.com,Bigender,Ireland,-6.9898366,53.2265199
685,Thane,Lunk,tlunkj0@aol.com,Male,Ireland,-8.5176583,51.8863277
686,Kassandra,Anthonsen,kanthonsenj1@mtv.com,Female,Ireland,-6.473025,54.0086093
687,Waldon,Dowker,wdowkerj2@amazon.co.jp,Male,Ireland,-8.337871,52.0097259
688,Merry,Rochelle,mrochellej3@a8.net,Male,Ireland,-7.2314132,54.1794814
689,Melly,Rosin,mrosinj4@pcworld.com,Female,Ireland,-6.308522,52.665267
690,Mahalia,Hulstrom,mhulstromj5@slashdot.org,Genderqueer,Ireland,-6.4496384,53.3582341
691,Chevalier,Farra,cfarraj6@virginia.edu,Male,Ireland,-6.6633404,53.2492381
692,Levin,Powis,lpowisj7@statcounter.com,Male,Ireland,-6.1011147,53.2000455
693,Kate,Boerderman,kboerdermanj8@va.gov,Female,Ireland,-7.888894,52.516323
694,Wallis,Morpeth,wmorpethj9@phoca.cz,Male,Ireland,-6.2429997,53.7902634
695,Keelby,Wellum,kwellumja@photobucket.com,Male,Ireland,-9.448724,51.680591
696,Cozmo,Matys,cmatysjb@accuweather.com,Male,Ireland,-6.1822287,53.3788495
697,Corrianne,Bellow,cbellowjc@tinyurl.com,Female,Ireland,-8.9706844,52.6004448
698,Tiphany,Verzey,tverzeyjd@army.mil,Female,Ireland,-6.4671298,53.5050031
699,Ibrahim,Petrasek,ipetrasekje@hp.com,Male,Ireland,-7.0472382,52.9480781
700,Bobbee,Gutch,bgutchjf@usatoday.com,Non-binary,Ireland,-7.888894,52.516323
701,Sinclare,Weinberg,sweinbergjg@businessweek.com,Male,Ireland,-8.4977746,51.8895954
702,Aguie,Headan,aheadanjh@google.nl,Male,Ireland,-8.9775014,52.8314927
703,Tony,Husk,thuskji@unesco.org,Female,Ireland,-6.1157412,53.2774963
704,Clemente,Frensch,cfrenschjj@php.net,Male,Ireland,-7.9027266,53.4148582
705,Bella,Niemetz,bniemetzjk@nydailynews.com,Female,Ireland,-6.1479779,53.450694
706,Frederic,Sadat,fsadatjl@amazon.co.uk,Male,Ireland,-6.391149,53.8996586
707,Jameson,Ventham,jventhamjm@alexa.com,Male,Ireland,-6.3506335,53.2911347
708,Gunter,Zaniolini,gzaniolinijn@naver.com,Male,Ireland,-6.308522,52.665267
709,Dorothy,Gianasi,dgianasijo@constantcontact.com,Female,Ireland,-8.9791425,52.8638391
710,Brendin,Bras,bbrasjp@comsenz.com,Male,Ireland,-8.6346959,53.7423435
711,Lacee,Bamlett,lbamlettjq@foxnews.com,Female,Ireland,-6.1942058,53.3604483
712,Emmet,Marmon,emarmonjr@weibo.com,Male,Ireland,-6.1072403,53.2780047
713,Blondie,Murton,bmurtonjs@army.mil,Female,Ireland,-8.2817353,54.4771768
714,Inglebert,McCaffery,imccafferyjt@businessinsider.com,Male,Ireland,-8.3929404,51.8113447
715,Virgilio,Lappine,vlappineju@wikipedia.org,Male,Ireland,-6.1942058,53.3604483
716,Marlow,Cyphus,mcyphusjv@ycombinator.com,Male,Ireland,-8.9821467,52.8498651
717,Kassia,Pauli,kpaulijw@nih.gov,Female,Ireland,-8.4242597,51.8910459
718,Holly,Mouncher,hmouncherjx@deliciousdays.com,Female,Ireland,-7.0943023,54.2694844
719,Nicolas,Enderson,nendersonjy@wikipedia.org,Male,Ireland,-6.139018,53.171935
720,Jehu,Sayce,jsaycejz@people.com.cn,Male,Ireland,-6.1884248,53.5879156
721,Omar,Domney,odomneyk0@virginia.edu,Male,Ireland,-6.2398782,53.32112
722,Briny,Rought,broughtk1@jimdo.com,Female,Ireland,-8.334953,51.8610022
723,Darelle,Cawston,dcawstonk2@qq.com,Female,Ireland,-6.266734,53.3829319
724,Austin,O'Codihie,aocodihiek3@mysql.com,Female,Ireland,-8.6346959,53.7423435
725,Ambrosio,Markwick,amarkwickk4@bloomberg.com,Male,Ireland,-6.1136478,53.2121335
726,Robbie,Pover,rpoverk5@vistaprint.com,Female,Ireland,-9.5003786,52.4458588
727,Hunt,Ridgedell,hridgedellk6@angelfire.com,Male,Ireland,-8.1722002,54.3051891
728,Elise,Bartelot,ebartelotk7@senate.gov,Female,Ireland,-6.7515223,53.2888321
729,Bogey,Scroxton,bscroxtonk8@boston.com,Male,Ireland,-6.1535181,53.5220275
730,Arron,Larchier,alarchierk9@cnet.com,Male,Ireland,-6.2890702,53.3201497
731,Alethea,Stiffkins,astiffkinska@tuttocitta.it,Female,Ireland,-8.8950821,52.7604883
732,Alyse,Starr,astarrkb@hostgator.com,Female,Ireland,-6.2071246,53.4562426
733,Aryn,Ouver,aouverkc@cdc.gov,Female,Ireland,-8.3545704,52.5593605
734,Cortney,Vedenichev,cvedenichevkd@hugedomains.com,Female,Ireland,-8.5047067,51.8830697
735,Stavro,Eddowis,seddowiske@twitpic.com,Male,Ireland,-6.9711886,53.916791
736,Pet,Files,pfileskf@i2i.jp,Female,Ireland,-6.1603828,53.2599034
737,Homerus,Yashnov,hyashnovkg@nps.gov,Male,Ireland,-6.218069,53.374266
738,Hillary,Dudny,hdudnykh@angelfire.com,Male,Ireland,-8.3545704,52.5593605
739,Tonya,Dance,tdanceki@google.ru,Female,Ireland,-8.2817353,54.4771768
740,Cozmo,Slides,cslideskj@mediafire.com,Male,Ireland,-6.67045,53.213319
741,Sherwood,Mussett,smussettkk@purevolume.com,Male,Ireland,-7.086877,53.8363325
742,Alfie,Ramm,arammkl@house.gov,Male,Ireland,-8.5070436,54.2109904
743,Stephani,Mathissen,smathissenkm@thetimes.co.uk,Female,Ireland,-6.6633404,53.2492381
744,Inesita,Armall,iarmallkn@51.la,Female,Ireland,-6.3660863,53.2874153
745,Eilis,Dykas,edykasko@gravatar.com,Female,Ireland,-8.4977746,51.8895954
746,Tucker,Ferrers,tferrerskp@bigcartel.com,Male,Ireland,-8.2755058,52.2627273
747,Skelly,Keepin,skeepinkq@jugem.jp,Male,Ireland,-8.259128,51.908209
748,Chad,Dillintone,cdillintonekr@hc360.com,Male,Ireland,-6.4241156,53.7369009
749,Nefen,Allcott,nallcottks@wp.com,Male,Ireland,-6.2152673,53.3323703
750,Northrup,Hortop,nhortopkt@bloomberg.com,Male,Ireland,-6.4496384,53.3582341
751,Kerianne,Mapletoft,kmapletoftku@hc360.com,Female,Ireland,-6.5924609,53.2482376
752,Charlot,Lotze,clotzekv@china.com.cn,Female,Ireland,-6.64937,54.10269
753,Maurizia,Woodyatt,mwoodyattkw@fastcompany.com,Female,Ireland,-8.6340751,52.6638144
754,Aurelie,Backman,abackmankx@last.fm,Female,Ireland,-8.9342111,52.182304
755,Ricky,Pigne,rpigneky@usgs.gov,Female,Ireland,-7.5011999,53.776647
756,Corby,Gardiner,cgardinerkz@cornell.edu,Male,Ireland,-9.4851741,52.4460804
757,Reena,Jorcke,rjorckel0@nyu.edu,Genderqueer,Ireland,-7.297914,54.026345
758,Julianne,Spiers,jspiersl1@sfgate.com,Female,Ireland,-6.313755,53.366736
759,Zulema,Mowles,zmowlesl2@miibeian.gov.cn,Female,Ireland,-6.1644997,53.4266145
760,Lorilyn,Burtwell,lburtwelll3@vk.com,Female,Ireland,-6.2755912,53.3500473
761,Hendrick,Moreing,hmoreingl4@csmonitor.com,Male,Ireland,-6.1191333,53.1915379
762,Wendie,Ravenscroftt,wravenscrofttl5@imageshack.us,Female,Ireland,-6.5853664,53.378253
763,Reed,Colbron,rcolbronl6@blogger.com,Male,Ireland,-8.4523258,51.880525
764,Maybelle,Stelle,mstellel7@gmpg.org,Female,Ireland,-6.313755,53.366736
765,Anette,Rimes,arimesl8@gravatar.com,Female,Ireland,-9.448724,51.680591
766,Genevieve,Don,gdonl9@miitbeian.gov.cn,Female,Ireland,-6.9140788,53.169971
767,Alina,Wilber,awilberla@webmd.com,Agender,Ireland,-7.2979911,53.6785169
768,Jarrid,Netherclift,jnethercliftlb@imdb.com,Male,Ireland,-8.7683674,53.7942932
769,Somerset,Fridlington,sfridlingtonlc@reverbnation.com,Non-binary,Ireland,-6.2387374,53.3141205
770,Willie,Wimpeney,wwimpeneyld@mysql.com,Female,Ireland,-6.3048641,53.3284298
771,Ninette,Kilby,nkilbyle@stanford.edu,Female,Ireland,-6.3049392,53.3021194
772,Denny,Tiner,dtinerlf@altervista.org,Male,Ireland,-8.958931,51.904635
773,Gertrud,Tiffney,gtiffneylg@unesco.org,Female,Ireland,-6.1136478,53.2121335
774,Cindee,Jobson,cjobsonlh@hugedomains.com,Female,Ireland,-6.0704904,53.1286984
775,Seamus,Delve,sdelveli@drupal.org,Male,Ireland,-6.2427004,53.3347733
776,Rayshell,Hutchinson,rhutchinsonlj@homestead.com,Female,Ireland,-9.0197835,53.2736466
777,Brice,Mithon,bmithonlk@ted.com,Non-binary,Ireland,-6.3049392,53.3021194
778,Titos,Masterson,tmastersonll@pbs.org,Male,Ireland,-6.1942058,53.3604483
779,Dewain,Dietz,ddietzlm@tmall.com,Male,Ireland,-6.3422325,53.719155
780,Galvan,Vakhonin,gvakhoninln@moonfruit.com,Male,Ireland,-8.4977746,51.8895954
781,Vannie,Skewis,vskewislo@businessinsider.com,Female,Ireland,-9.448724,51.680591
782,Gleda,MacIllrick,gmacillricklp@edublogs.org,Female,Ireland,-7.9027266,53.4148582
783,Herve,Chazelle,hchazellelq@nature.com,Agender,Ireland,-9.1097137,53.2582868
784,Minetta,Vaillant,mvaillantlr@netvibes.com,Female,Ireland,-9.0248232,53.2760162
785,Clemente,Brusby,cbrusbyls@sun.com,Male,Ireland,-8.2969737,53.9735591
786,Kimbell,Gamlin,kgamlinlt@canalblog.com,Male,Ireland,-7.145971,53.508326
787,Hunfredo,Surcombe,hsurcombelu@eventbrite.com,Male,Ireland,-6.67045,53.213319
788,Briney,Pembry,bpembrylv@ucla.edu,Female,Ireland,-9.1115941,51.7203863
789,Roanne,Batha,rbathalw@bluehost.com,Female,Ireland,-8.298942,51.848898
790,Ansel,Hellyer,ahellyerlx@dot.gov,Male,Ireland,-8.2215941,53.0917381
791,Melvyn,Planke,mplankely@google.com,Male,Ireland,-7.145971,53.508326
792,Dorolisa,Bibb,dbibblz@tamu.edu,Female,Ireland,-8.6346959,53.7423435
793,Lanita,Darwent,ldarwentm0@geocities.com,Female,Ireland,-7.2584,52.655184
794,Mella,Bresland,mbreslandm1@uiuc.edu,Female,Ireland,-6.176659,53.4487975
795,Karolina,Tommaseo,ktommaseom2@dropbox.com,Genderqueer,Ireland,-6.1072403,53.2780047
796,Benito,Maton,bmatonm3@shinystat.com,Male,Ireland,-6.3660863,53.2874153
797,Francesco,Denny,fdennym4@surveymonkey.com,Male,Ireland,-8.445614,51.8885086
798,Washington,Elvy,welvym5@cocolog-nifty.com,Male,Ireland,-6.7434401,53.2229873
799,Garret,Pert,gpertm6@ow.ly,Male,Ireland,-9.7850991,52.1058991
800,Casey,O'Harney,coharneym7@yahoo.co.jp,Agender,Ireland,-6.3660863,53.2874153
801,Eleni,Butterworth,ebutterworthm8@technorati.com,Female,Ireland,-9.4851741,52.4460804
802,Giacomo,Emsden,gemsdenm9@newyorker.com,Genderfluid,Ireland,-6.1644997,53.4266145
803,Gale,Bevans,gbevansma@hugedomains.com,Male,Ireland,-9.151825,54.11215
804,Forbes,Possel,fposselmb@barnesandnoble.com,Male,Ireland,-6.1942058,53.3604483
805,Filide,Van Baaren,fvanbaarenmc@stumbleupon.com,Female,Ireland,-6.7515223,53.2888321
806,Johny,Challender,jchallendermd@springer.com,Genderqueer,Ireland,-7.0943023,54.2694844
807,Merna,Gossipin,mgossipinme@usa.gov,Female,Ireland,-8.958931,51.904635
808,Angelita,McAneny,amcanenymf@phpbb.com,Female,Ireland,-7.2584,52.655184
809,Elsworth,Werndly,ewerndlymg@scientificamerican.com,Male,Ireland,-6.7434401,53.2229873
810,Willa,Goranov,wgoranovmh@google.com.br,Genderfluid,Ireland,-6.3077823,53.3655256
811,Kizzee,MacNeill,kmacneillmi@salon.com,Female,Ireland,-6.163027,53.2339841
812,Rosy,Nottingham,rnottinghammj@rakuten.co.jp,Female,Ireland,-9.1097137,53.2582868
813,Maximilian,Purkins,mpurkinsmk@nih.gov,Male,Ireland,-6.374155,53.3223974
814,Humbert,Leyman,hleymanml@reddit.com,Male,Ireland,-6.7449927,53.1310185
815,Abigale,Benting,abentingmm@apple.com,Female,Ireland,-7.606287,53.6972399
816,Yancy,Ruxton,yruxtonmn@bbc.co.uk,Male,Ireland,-8.445614,51.8885086
817,Holly,Spratt,hsprattmo@economist.com,Female,Ireland,-8.259128,51.908209
818,Lonee,Hatfull,lhatfullmp@ox.ac.uk,Female,Ireland,-6.2429997,53.7902634
819,Alta,McQuillin,amcquillinmq@hubpages.com,Female,Ireland,-8.5171384,51.876873
820,Beverly,Wilmot,bwilmotmr@51.la,Female,Ireland,-7.9428197,53.4231032
821,Olenka,Haeslier,ohaeslierms@dropbox.com,Female,Ireland,-6.2152673,53.3323703
822,Ruthanne,Pardey,rpardeymt@forbes.com,Female,Ireland,-8.8562835,53.510243
823,Werner,Heaysman,wheaysmanmu@networksolutions.com,Male,Ireland,-6.1349155,53.5834008
824,Drew,Ellcock,dellcockmv@phpbb.com,Male,Ireland,-6.473025,54.0086093
825,Ezra,Wadman,ewadmanmw@epa.gov,Male,Ireland,-6.7434401,53.2229873
826,Kristy,Beseke,kbesekemx@tuttocitta.it,Female,Ireland,-8.5171384,51.876873
827,Emelen,Tremathick,etremathickmy@tripod.com,Male,Ireland,-6.3219759,53.2976886
828,Marius,Ellar,mellarmz@gmpg.org,Male,Ireland,-8.05,51.9166667
829,Aylmer,Couvet,acouvetn0@weather.com,Male,Ireland,-6.4671298,53.5050031
830,Pepillo,Bumpas,pbumpasn1@jimdo.com,Male,Ireland,-7.9428197,53.4231032
831,Shae,Rawles,srawlesn2@hud.gov,Female,Ireland,-8.3929404,51.8113447
832,Averil,Reaper,areapern3@hhs.gov,Female,Ireland,-8.298942,51.848898
833,Emmet,Venning,evenningn4@360.cn,Male,Ireland,-7.0625888,53.1387595
834,Vassili,Mcasparan,vmcasparann5@printfriendly.com,Male,Ireland,-8.2817353,54.4771768
835,Thor,Simm,tsimmn6@ning.com,Male,Ireland,-6.7434401,53.2229873
836,Janos,Catlow,jcatlown7@phoca.cz,Male,Ireland,-6.2427004,53.3347733
837,Jeff,Le Noir,jlenoirn8@nsw.gov.au,Male,Ireland,-7.145971,53.508326
838,Obediah,Britton,obrittonn9@mapquest.com,Male,Ireland,-8.4523258,51.880525
839,Weber,Van Brug,wvanbrugna@stumbleupon.com,Male,Ireland,-8.334953,51.8610022
840,Whittaker,Hebden,whebdennb@yahoo.com,Male,Ireland,-8.1722002,54.3051891
841,Leupold,Dutt,lduttnc@mediafire.com,Male,Ireland,-8.9342111,52.182304
842,Ashia,Kimpton,akimptonnd@weibo.com,Female,Ireland,-8.6346959,53.7423435
843,Tallulah,Lowdiane,tlowdianene@trellian.com,Bigender,Ireland,-7.888894,52.516323
844,Desmund,Alway,dalwaynf@berkeley.edu,Male,Ireland,-6.3048641,53.3284298
845,Jeth,Gonoude,jgonoudeng@deviantart.com,Bigender,Ireland,-6.1406578,53.2886387
846,Joni,Pischof,jpischofnh@eepurl.com,Genderfluid,Ireland,-6.1820563,53.3786861
847,Florie,Tolomelli,ftolomellini@thetimes.co.uk,Genderqueer,Ireland,-7.5717688,52.1045472
848,Lawton,Yurin,lyurinnj@smh.com.au,Male,Ireland,-8.9775014,52.8314927
849,Fedora,Traise,ftraisenk@usa.gov,Female,Ireland,-9.1115941,51.7203863
850,Marleah,Brixey,mbrixeynl@nasa.gov,Female,Ireland,-8.9791425,52.8638391
851,Deeann,Ashard,dashardnm@hao123.com,Female,Ireland,-8.958931,51.904635
852,Consuelo,Nelm,cnelmnn@nsw.gov.au,Female,Ireland,-6.1603828,53.2599034
853,Darren,Hebblewaite,dhebblewaiteno@icio.us,Male,Ireland,-7.297914,54.026345
854,Harriet,Sorby,hsorbynp@163.com,Female,Ireland,-6.124065,53.231395
855,Adham,Sutter,asutternq@wufoo.com,Male,Ireland,-6.0690645,53.1257486
856,Karlik,Ismirnioglou,kismirnioglounr@rambler.ru,Male,Ireland,-8.5946591,54.632283
857,Aldin,Verring,averringns@wunderground.com,Male,Ireland,-7.2314132,54.1794814
858,Audrey,Collimore,acollimorent@weibo.com,Female,Ireland,-6.4496384,53.3582341
859,Dorie,Watson,dwatsonnu@vimeo.com,Male,Ireland,-7.9428197,53.4231032
860,Brewster,Bendle,bbendlenv@ycombinator.com,Male,Ireland,-6.1820563,53.3786861
861,Marshal,Farherty,mfarhertynw@sciencedaily.com,Polygender,Ireland,-8.337871,52.0097259
862,Ryan,Radmer,rradmernx@businesswire.com,Genderfluid,Ireland,-8.3545704,52.5593605
863,Jolee,Rookes,jrookesny@biglobe.ne.jp,Female,Ireland,-6.3219759,53.2976886
864,Griz,Danilyuk,gdanilyuknz@si.edu,Male,Ireland,-9.1327273,53.806868
865,Reggie,Kaasmann,rkaasmanno0@unc.edu,Female,Ireland,-6.1215213,53.2724538
866,Marcia,Wadman,mwadmano1@gov.uk,Female,Ireland,-6.1215213,53.2724538
867,Jessalyn,Dziwisz,jdziwiszo2@chron.com,Female,Ireland,-6.2340942,53.2993199
868,Delmor,Goodfellow,dgoodfellowo3@reddit.com,Male,Ireland,-6.1479779,53.450694
869,Meggi,Alkins,malkinso4@java.com,Female,Ireland,-8.9775014,52.8314927
870,Gordon,Manion,gmaniono5@themeforest.net,Male,Ireland,-6.374155,53.3223974
871,Sarette,Detloff,sdetloffo6@360.cn,Female,Ireland,-6.2429997,53.7902634
872,Robinia,Garrat,rgarrato7@cafepress.com,Female,Ireland,-8.9706844,52.6004448
873,Shelagh,Stickells,sstickellso8@huffingtonpost.com,Female,Ireland,-6.3422325,53.719155
874,Verney,Stammler,vstammlero9@patch.com,Male,Ireland,-8.5946591,54.632283
875,Dagmar,McTrustey,dmctrusteyoa@github.com,Female,Ireland,-6.2071246,53.4562426
876,Darill,Mallabon,dmallabonob@blinklist.com,Male,Ireland,-6.7449927,53.1310185
877,Nicola,Kesper,nkesperoc@wordpress.org,Genderfluid,Ireland,-8.9821467,52.8498651
878,Shandy,Carlucci,scarlucciod@yellowbook.com,Bigender,Ireland,-6.5899765,52.176031
879,Wally,Horley,whorleyoe@blogspot.com,Male,Ireland,-8.4627451,54.25645
880,Jaquith,Tybalt,jtybaltof@washington.edu,Female,Ireland,-6.3048641,53.3284298
881,Raddie,Mangeot,rmangeotog@usgs.gov,Male,Ireland,-7.5011999,53.776647
882,Nara,Coulthard,ncoulthardoh@japanpost.jp,Female,Ireland,-6.0704904,53.1286984
883,Pearl,Yapp,pyappoi@google.it,Female,Ireland,-8.7683674,53.7942932
884,Demetri,Klemmt,dklemmtoj@irs.gov,Agender,Ireland,-6.2611953,53.3881832
885,Britta,Tevelov,btevelovok@woothemes.com,Female,Ireland,-8.5369154,52.6681994
886,Paddie,Goggin,pgogginol@vistaprint.com,Male,Ireland,-6.1406578,53.2886387
887,Benoite,Mecozzi,bmecozziom@blogs.com,Female,Ireland,-6.3049392,53.3021194
888,Johnath,Biasotti,jbiasottion@t-online.de,Female,Ireland,-6.473025,54.0086093
889,Barb,Falconar,bfalconaroo@github.io,Female,Ireland,-6.2611953,53.3881832
890,Corena,Jaze,cjazeop@opensource.org,Female,Ireland,-8.5070436,54.2109904
891,Pauly,O'Gready,pogreadyoq@yelp.com,Male,Ireland,-6.4496384,53.3582341
892,Tanhya,Ottewill,tottewillor@wix.com,Female,Ireland,-8.9342111,52.182304
893,Mar,Bende,mbendeos@senate.gov,Male,Ireland,-6.1349155,53.5834008
894,Alec,Gronaver,agronaverot@canalblog.com,Male,Ireland,-7.8004329,53.7283566
895,Jarret,Denton,jdentonou@cnet.com,Male,Ireland,-8.5054897,52.7107501
896,Zacherie,Sannes,zsannesov@spotify.com,Male,Ireland,-7.5011999,53.776647
897,Nicky,Lighten,nlightenow@spiegel.de,Male,Ireland,-6.1820563,53.3786861
898,Dell,Cowle,dcowleox@xinhuanet.com,Male,Ireland,-8.9342111,52.182304
899,Alva,Paffley,apaffleyoy@cdbaby.com,Male,Ireland,-8.8562835,53.510243
900,Zsa zsa,Swiffan,zswiffanoz@arizona.edu,Female,Ireland,-6.9711886,53.916791
901,Rosene,Titcumb,rtitcumbp0@ca.gov,Female,Ireland,-6.0704904,53.1286984
902,Jesse,Cathenod,jcathenodp1@hud.gov,Male,Ireland,-7.2314132,54.1794814
903,Harrison,McTeague,hmcteaguep2@netscape.com,Male,Ireland,-8.7683674,53.7942932
904,Donall,Gorusso,dgorussop3@nba.com,Male,Ireland,-8.7683674,53.7942932
905,Joshia,Simner,jsimnerp4@census.gov,Male,Ireland,-6.2057463,53.3870149
906,Cassie,Owers,cowersp5@stanford.edu,Female,Ireland,-8.1722173,51.9138694
907,Cherey,Bilbery,cbilberyp6@dropbox.com,Female,Ireland,-8.5369154,52.6681994
908,Wittie,Willeman,wwillemanp7@wufoo.com,Male,Ireland,-8.2755058,52.2627273
909,Dottie,Tebb,dtebbp8@devhub.com,Female,Ireland,-6.64937,54.10269
910,Kenna,Atwater,katwaterp9@zimbio.com,Female,Ireland,-8.2969737,53.9735591
911,Umberto,Serle,userlepa@google.co.jp,Male,Ireland,-6.4671298,53.5050031
912,Quillan,Deakins,qdeakinspb@bloomberg.com,Male,Ireland,-8.5171384,51.876873
913,Judy,Roberti,jrobertipc@parallels.com,Non-binary,Ireland,-6.1136478,53.2121335
914,Rakel,Creeboe,rcreeboepd@elegantthemes.com,Female,Ireland,-6.2890702,53.3201497
915,Geralda,Pickard,gpickardpe@elegantthemes.com,Female,Ireland,-9.268589,51.549106
916,Candi,Dexter,cdexterpf@hp.com,Female,Ireland,-8.2817353,54.4771768
917,Cash,Clemow,cclemowpg@cafepress.com,Male,Ireland,-8.9791425,52.8638391
918,Allina,Seeney,aseeneyph@tripod.com,Female,Ireland,-8.334953,51.8610022
919,Had,Clamp,hclamppi@huffingtonpost.com,Male,Ireland,-6.2057463,53.3870149
920,Simmonds,Pellington,spellingtonpj@accuweather.com,Male,Ireland,-6.7515223,53.2888321
921,Annabell,Pheasant,apheasantpk@ucla.edu,Female,Ireland,-6.4241156,53.7369009
922,Perceval,Reglar,preglarpl@nationalgeographic.com,Male,Ireland,-6.9692181,52.7009338
923,Hugues,Tew,htewpm@ucla.edu,Male,Ireland,-8.2215941,53.0917381
924,Nesta,Finder,nfinderpn@blinklist.com,Female,Ireland,-6.1544115,53.4855448
925,Cordie,Aguirrezabal,caguirrezabalpo@imageshack.us,Male,Ireland,-8.9342111,52.182304
926,Lizbeth,Whetnell,lwhetnellpp@bloglines.com,Female,Ireland,-6.1349155,53.5834008
927,Genny,Graveney,ggraveneypq@blogger.com,Female,Ireland,-7.9027266,53.4148582
928,Barbette,Kurten,bkurtenpr@sbwire.com,Female,Ireland,-6.3660863,53.2874153
929,Selinda,Toffts,stofftsps@si.edu,Female,Ireland,-6.3539424,53.3666338
930,Deane,Rhodes,drhodespt@ted.com,Male,Ireland,-9.448724,51.680591
931,Birgitta,Fazzioli,bfazziolipu@scientificamerican.com,Female,Ireland,-6.366762,53.2987724
932,Della,Horley,dhorleypv@domainmarket.com,Female,Ireland,-6.4241156,53.7369009
933,Arvy,Sainsbury-Brown,asainsburybrownpw@canalblog.com,Male,Ireland,-6.308522,52.665267
934,Ray,Ranaghan,rranaghanpx@amazonaws.com,Female,Ireland,-6.2427004,53.3347733
935,Giacomo,Meffin,gmeffinpy@who.int,Male,Ireland,-6.2152673,53.3323703
936,Laurie,Stabbins,lstabbinspz@senate.gov,Male,Ireland,-7.086877,53.8363325
937,Sayres,Martinovsky,smartinovskyq0@pcworld.com,Male,Ireland,-6.3219759,53.2976886
938,Eberhard,Mc Giffin,emcgiffinq1@arizona.edu,Male,Ireland,-9.7359765,54.1433253
939,Henry,Duncklee,hdunckleeq2@freewebs.com,Male,Ireland,-6.1820563,53.3786861
940,Chariot,Keenlyside,ckeenlysideq3@weather.com,Male,Ireland,-7.518792,53.284466
941,Shalna,Tiffany,stiffanyq4@de.vu,Female,Ireland,-6.9692181,52.7009338
942,Torie,Emsden,temsdenq5@globo.com,Female,Ireland,-8.4784945,51.8815586
943,Wylma,Burdass,wburdassq6@hc360.com,Female,Ireland,-7.518792,53.284466
944,Tonia,Roseaman,troseamanq7@cbc.ca,Female,Ireland,-6.2892907,53.310122
945,Antonie,O' Hanvey,aohanveyq8@nih.gov,Female,Ireland,-6.4671298,53.5050031
946,Bartel,Andreone,bandreoneq9@wunderground.com,Male,Ireland,-8.5176583,51.8863277
947,Joseito,Wayne,jwayneqa@ihg.com,Male,Ireland,-8.6346959,53.7423435
948,Cody,Tyre,ctyreqb@amazonaws.com,Female,Ireland,-8.8562835,53.510243
949,Fernando,Nielson,fnielsonqc@narod.ru,Male,Ireland,-10.0320886,54.2223118
950,Obidiah,Winkworth,owinkworthqd@de.vu,Male,Ireland,-7.1297243,52.2509369
951,Rachel,Swallow,rswallowqe@apple.com,Female,Ireland,-8.6346959,53.7423435
952,Georgeta,Pringley,gpringleyqf@mapquest.com,Female,Ireland,-8.5176583,51.8863277
953,Damita,Hanvey,dhanveyqg@si.edu,Female,Ireland,-6.1822287,53.3788495
954,Nicholas,Gason,ngasonqh@sina.com.cn,Male,Ireland,-6.264963,53.3897152
955,Kahaleel,Jolliff,kjolliffqi@flickr.com,Male,Ireland,-6.1822287,53.3788495
956,Laurette,Faraker,lfarakerqj@nyu.edu,Female,Ireland,-9.0248232,53.2760162
957,Edythe,Brevetor,ebrevetorqk@stumbleupon.com,Female,Ireland,-8.5171384,51.876873
958,Cello,Dunford,cdunfordql@mapquest.com,Male,Ireland,-7.8434254,51.949401
959,Dolly,Mangin,dmanginqm@weebly.com,Female,Ireland,-6.313755,53.366736
960,Ethelbert,Shank,eshankqn@xrea.com,Male,Ireland,-8.8950821,52.7604883
961,Maximilien,Latty,mlattyqo@loc.gov,Male,Ireland,-7.2314132,54.1794814
962,Averil,Wherrit,awherritqp@dell.com,Female,Ireland,-8.4523258,51.880525
963,Robinet,Brydell,rbrydellqq@wired.com,Male,Ireland,-6.2890702,53.3201497
964,Zed,Hartfield,zhartfieldqr@addtoany.com,Male,Ireland,-8.9706844,52.6004448
965,Bo,Shah,bshahqs@wsj.com,Male,Ireland,-9.159604,53.302644
966,Mattie,Blunt,mbluntqt@xinhuanet.com,Male,Ireland,-6.3422325,53.719155
967,Paco,Neads,pneadsqu@yandex.ru,Male,Ireland,-6.5028415,53.3806398
968,Dulcie,Sporrij,dsporrijqv@answers.com,Female,Ireland,-8.5946591,54.632283
969,Nikolos,Shearsby,nshearsbyqw@sciencedirect.com,Male,Ireland,-6.1535181,53.5220275
970,Franklin,Tyre,ftyreqx@npr.org,Male,Ireland,-8.259128,51.908209
971,Moishe,Flooks,mflooksqy@ameblo.jp,Male,Ireland,-7.74208,54.70972
972,Laurette,Churchouse,lchurchouseqz@unicef.org,Female,Ireland,-6.1349155,53.5834008
973,Madelin,Lewis,mlewisr0@lycos.com,Female,Ireland,-6.1544115,53.4855448
974,Uri,Gartan,ugartanr1@youtu.be,Male,Ireland,-7.518792,53.284466
975,Courtney,Hrynczyk,chrynczykr2@psu.edu,Bigender,Ireland,-8.445614,51.8885086
976,Randolf,Templar,rtemplarr3@yelp.com,Male,Ireland,-8.259128,51.908209
977,Winona,Satterley,wsatterleyr4@barnesandnoble.com,Female,Ireland,-9.1097137,53.2582868
978,Reginald,Duffy,rduffyr5@weebly.com,Male,Ireland,-6.1942058,53.3604483
979,Ray,Stilliard,rstilliardr6@utexas.edu,Male,Ireland,-7.9139891,53.0949398
980,Annemarie,Collingworth,acollingworthr7@narod.ru,Female,Ireland,-6.1535181,53.5220275
981,Abagael,Sodo,asodor8@barnesandnoble.com,Female,Ireland,-6.0690645,53.1257486
982,Shermie,St. Paul,sstpaulr9@cpanel.net,Genderfluid,Ireland,-6.3077823,53.3655256
983,Brunhilda,Mildner,bmildnerra@flickr.com,Female,Ireland,-7.0833118,52.2413206
984,Wildon,Ding,wdingrb@alibaba.com,Male,Ireland,-8.2001004,52.86326
985,Dotti,McKeevers,dmckeeversrc@newsvine.com,Female,Ireland,-6.4671298,53.5050031
986,Raoul,Childers,rchildersrd@blogger.com,Male,Ireland,-7.2979911,53.6785169
987,Adria,Boumphrey,aboumphreyre@bbb.org,Female,Ireland,-6.64937,54.10269
988,Shermie,Ghiron,sghironrf@liveinternet.ru,Genderfluid,Ireland,-8.4977746,51.8895954
989,Raine,Jearum,rjearumrg@answers.com,Female,Ireland,-6.176659,53.4487975
990,Tansy,Huyche,thuycherh@cisco.com,Female,Ireland,-6.2057463,53.3870149
991,Maryl,Baddiley,mbaddileyri@alibaba.com,Female,Ireland,-8.5946591,54.632283
992,Darla,Toman,dtomanrj@admin.ch,Female,Ireland,-8.2969737,53.9735591
993,Jourdain,Conibeer,jconibeerrk@flickr.com,Male,Ireland,-6.2890702,53.3201497
994,Hildagard,Huddart,hhuddartrl@paypal.com,Female,Ireland,-8.1722173,51.9138694
995,Jeanne,Bullene,jbullenerm@wikimedia.org,Female,Ireland,-6.4202878,54.0026343
996,Berry,Gynn,bgynnrn@cyberchimps.com,Female,Ireland,-7.8434254,51.949401
997,Marya,Beldon,mbeldonro@imageshack.us,Female,Ireland,-6.5028415,53.3806398
998,Zorah,Melbourne,zmelbournerp@statcounter.com,Female,Ireland,-6.9140788,53.169971
999,Arnie,Lamps,alampsrq@goo.ne.jp,Male,Ireland,-6.1349155,53.5834008
1000,Jenn,Bellamy,jbellamyrr@rediff.com,Female,Ireland,-9.0288689,53.2737147
