id,first_name,last_name,email,gender,country,lon,lat
1,Arluene,Gwilliams,agwilliams0@angelfire.com,Female,Ireland,-9.7359765,54.1433253
2,Willdon,Pinckstone,wpinckstone1@google.pl,Male,Ireland,-9.1097137,53.2582868
3,Cam,Bale,cbale2@nps.gov,Male,Ireland,-9.4851741,52.4460804
4,Ellary,Souza,esouza3@apple.com,Male,Ireland,-9.5003786,52.4458588
5,Gerrie,Drees,gdrees4@un.org,Male,Ireland,-6.2890702,53.3201497
6,Read,Temporal,rtemporal5@google.com.br,Male,Ireland,-6.3422325,53.719155
7,Arabelle,Marquot,amarquot6@guardian.co.uk,Female,Ireland,-7.9428197,53.4231032
8,Grace,Vanlint,gvanlint7@biglobe.ne.jp,Male,Ireland,-8.4977746,51.8895954
9,Sherry,Aspinal,saspinal8@ihg.com,Female,Ireland,-6.2554371,53.2767301
10,Buiron,Bellson,bbellson9@japanpost.jp,Male,Ireland,-8.05,51.9166667
11,Selle,Diver,sdivera@loc.gov,Female,Ireland,-7.0833118,52.2413206
12,Bram,Rainsdon,brainsdonb@cdbaby.com,Male,Ireland,-8.445614,51.8885086
13,Ollie,Dominec,odominecc@ifeng.com,Male,Ireland,-8.6340751,52.6638144
14,Terza,Gorstidge,tgorstidged@instagram.com,Female,Ireland,-8.5946591,54.632283
15,Lavina,Rebert,lreberte@army.mil,Female,Ireland,-6.391149,53.8996586
16,Edy,Grabeham,egrabehamf@whitehouse.gov,Genderqueer,Ireland,-6.2427004,53.3347733
17,Montague,Renihan,mrenihang@yahoo.com,Male,Ireland,-7.086877,53.8363325
18,Elyse,Boddis,eboddish@bigcartel.com,Female,Ireland,-6.336393,53.3122864
19,Minor,Sutherby,msutherbyi@mapy.cz,Male,Ireland,-6.64937,54.10269
20,Valaria,Body,vbodyj@facebook.com,Female,Ireland,-6.2508196,53.2866372
21,Gwennie,Rettie,grettiek@wiley.com,Female,Ireland,-9.5003786,52.4458588
22,Odele,Rea,oreal@mtv.com,Female,Ireland,-6.1157412,53.2774963
23,Jarid,Pentlow,jpentlowm@ed.gov,Male,Ireland,-6.7449927,53.1310185
24,Sergeant,McGeachey,smcgeacheyn@newsvine.com,Male,Ireland,-6.67045,53.213319
25,Kalina,Vanni,kvannio@scribd.com,Female,Ireland,-8.489012,51.923707
26,Gabe,Klarzynski,gklarzynskip@360.cn,Male,Ireland,-6.2508196,53.2866372
27,Currey,Estevez,cestevezq@livejournal.com,Male,Ireland,-9.448724,51.680591
28,Stella,Volonte,svolonter@com.com,Female,Ireland,-6.1011147,53.2000455
29,Drona,Dibdale,ddibdales@bloglovin.com,Female,Ireland,-6.4008792,53.9215606
30,Bone,Carrigan,bcarrigant@marketwatch.com,Male,Ireland,-6.2892907,53.310122
31,Whit,Hoxey,whoxeyu@ucsd.edu,Male,Ireland,-9.4904891,52.6396679
32,Alexine,Finlator,afinlatorv@businessinsider.com,Female,Ireland,-6.9140788,53.169971
33,Algernon,Noon,anoonw@usnews.com,Male,Ireland,-9.268589,51.549106
34,Misty,Dumbar,mdumbarx@census.gov,Female,Ireland,-80.7087609,35.7797381
35,Maisie,Kanter,mkantery@adobe.com,Female,Ireland,-8.334953,51.8610022
36,Corney,Plesing,cplesingz@arizona.edu,Male,Ireland,-7.74208,54.70972
37,Mercy,Cullinane,mcullinane10@last.fm,Female,Ireland,-8.3545704,52.5593605
38,Osmund,Hanhart,ohanhart11@bloglines.com,Male,Ireland,-8.5047067,51.8830697
39,Norry,Compfort,ncompfort12@nyu.edu,Female,Ireland,-6.2890702,53.3201497
40,Antonino,Ubee,aubee13@gov.uk,Male,Ireland,-6.3828795,53.385304
41,Felecia,Laughnan,flaughnan14@g.co,Female,Ireland,-80.7087609,35.7797381
42,Cash,Longwood,clongwood15@skyrock.com,Male,Ireland,-6.1603828,53.2599034
43,Netty,Buckston,nbuckston16@nasa.gov,Female,Ireland,-6.1072403,53.2780047
44,Fielding,Doneld,fdoneld17@howstuffworks.com,Male,Ireland,-8.1722002,54.3051891
45,Lek,Brecon,lbrecon18@uiuc.edu,Male,Ireland,-8.8562835,53.510243
46,Joellen,Leroux,jleroux19@ca.gov,Female,Ireland,-6.3025448,53.6920618
47,Ronna,Marrion,rmarrion1a@wired.com,Female,Ireland,-6.308522,52.665267
48,Bo,Zum Felde,bzumfelde1b@mozilla.org,Male,Ireland,-6.2387374,53.3141205
49,Moina,Chappel,mchappel1c@artisteer.com,Female,Ireland,-6.4496384,53.3582341
50,Jimmie,Crudge,jcrudge1d@xinhuanet.com,Male,Ireland,-6.1942058,53.3604483
51,Roger,Leibold,rleibold1e@comsenz.com,Male,Ireland,-8.9342111,52.182304
52,Lance,Hamblett,lhamblett1f@samsung.com,Male,Ireland,-6.3077823,53.3655256
53,Nelly,Drury,ndrury1g@1und1.de,Female,Ireland,-6.9858993,53.0018699
54,Krishna,Arr,karr1h@cdc.gov,Genderfluid,Ireland,-6.0704904,53.1286984
55,Ashleigh,Steeples,asteeples1i@ox.ac.uk,Female,Ireland,-6.1942058,53.3604483
56,Tadio,Cleiment,tcleiment1j@nbcnews.com,Male,Ireland,-8.83565,53.49417
57,Dex,Standell,dstandell1k@hhs.gov,Male,Ireland,-6.1544115,53.4855448
58,Gary,Bazely,gbazely1l@prweb.com,Male,Ireland,-6.3422325,53.719155
59,Brina,Cluatt,bcluatt1m@wordpress.com,Female,Ireland,-8.9480659,53.940892
60,Pail,Simco,psimco1n@canalblog.com,Male,Ireland,-8.958931,51.904635
61,Kean,Galbreth,kgalbreth1o@forbes.com,Male,Ireland,-8.2215941,53.0917381
62,Gusta,Eamer,geamer1p@quantcast.com,Female,Ireland,-8.5054897,52.7107501
63,Lazar,Pimblett,lpimblett1q@upenn.edu,Male,Ireland,-7.1297243,52.2509369
64,Selig,Nattriss,snattriss1r@cnn.com,Male,Ireland,-7.0943023,54.2694844
65,Markos,Russi,mrussi1s@cloudflare.com,Male,Ireland,-6.473025,54.0086093
66,Asia,Seden,aseden1t@china.com.cn,Bigender,Ireland,-6.0690645,53.1257486
67,Hewitt,Hebburn,hhebburn1u@bbb.org,Polygender,Ireland,-6.266734,53.3829319
68,Enrico,Yerlett,eyerlett1v@umn.edu,Non-binary,Ireland,-6.1136478,53.2121335
69,Dorthy,Ashness,dashness1w@ning.com,Female,Ireland,-8.7683674,53.7942932
70,Laryssa,Thumim,lthumim1x@vistaprint.com,Female,Ireland,-6.5028415,53.3806398
71,Gabi,Ruste,gruste1y@indiatimes.com,Female,Ireland,-6.264963,53.3897152
72,Karolina,Hubner,khubner1z@i2i.jp,Female,Ireland,-6.218069,53.374266
73,Austen,Savery,asavery20@domainmarket.com,Male,Ireland,-8.334953,51.8610022
74,Cherye,De Filippo,cdefilippo21@lulu.com,Female,Ireland,-6.3828795,53.385304
75,Emmalynn,De Carlo,edecarlo22@artisteer.com,Female,Ireland,-8.2001004,52.86326
76,Egon,Barnby,ebarnby23@patch.com,Male,Ireland,-6.7449927,53.1310185
77,Sharity,Habgood,shabgood24@ihg.com,Female,Ireland,-8.5176583,51.8863277
78,Josh,Queyeiro,jqueyeiro25@about.com,Male,Ireland,-6.2633149,53.377533
79,Derk,Snowdon,dsnowdon26@phpbb.com,Male,Ireland,-7.606287,53.6972399
80,Eden,Otley,eotley27@hibu.com,Female,Ireland,-6.1011147,53.2000455
81,Alyce,Rawlyns,arawlyns28@google.co.uk,Female,Ireland,-6.2892907,53.310122
82,Giustina,D'Avaux,gdavaux29@yelp.com,Female,Ireland,-6.1072403,53.2780047
83,Desi,Lemmon,dlemmon2a@yale.edu,Agender,Ireland,-8.445614,51.8885086
84,Cullen,Riba,criba2b@paginegialle.it,Agender,Ireland,-8.3929404,51.8113447
85,Eal,Antonsson,eantonsson2c@youtube.com,Bigender,Ireland,-6.3048641,53.3284298
86,Onofredo,Rand,orand2d@home.pl,Male,Ireland,-6.308522,52.665267
87,Zachary,MacCrachen,zmaccrachen2e@springer.com,Male,Ireland,-7.5011999,53.776647
88,Parnell,Band,pband2f@unicef.org,Male,Ireland,-8.5176583,51.8863277
89,Devon,Yannikov,dyannikov2g@behance.net,Female,Ireland,-6.2427004,53.3347733
90,Cheston,Medlin,cmedlin2h@imgur.com,Male,Ireland,-7.9139891,53.0949398
91,Kirby,Plews,kplews2i@ow.ly,Female,Ireland,-6.1979853,53.3046353
92,Victor,Fipp,vfipp2j@vinaora.com,Bigender,Ireland,-9.0288689,53.2737147
93,Bryn,De Simone,bdesimone2k@aboutads.info,Male,Ireland,-6.1979853,53.3046353
94,Walton,Gerald,wgerald2l@pagesperso-orange.fr,Genderqueer,Ireland,-7.7655701,53.5650926
95,Jackie,de Keyser,jdekeyser2m@ask.com,Female,Ireland,-9.4904891,52.6396679
96,Broderic,Pereira,bpereira2n@utexas.edu,Male,Ireland,-8.642661,52.1361219
97,Wadsworth,Boij,wboij2o@liveinternet.ru,Male,Ireland,-6.2152673,53.3323703
98,Renado,Markova,rmarkova2p@edublogs.org,Male,Ireland,-7.9027266,53.4148582
99,Hurleigh,Walsom,hwalsom2q@histats.com,Male,Ireland,-6.1349155,53.5834008
100,Matty,Gredden,mgredden2r@photobucket.com,Non-binary,Ireland,-8.1722173,51.9138694
101,Amabel,Adney,aadney2s@cornell.edu,Female,Ireland,-6.1884248,53.5879156
102,Jonas,Buck,jbuck2t@themeforest.net,Male,Ireland,-6.3048641,53.3284298
103,Reece,De Antoni,rdeantoni2u@feedburner.com,Male,Ireland,-8.9821467,52.8498651
104,Trixi,Sigsworth,tsigsworth2v@nps.gov,Female,Ireland,-8.5054897,52.7107501
105,Laurena,Redwin,lredwin2w@foxnews.com,Female,Ireland,-6.266734,53.3829319
106,Jammie,Rout,jrout2x@netlog.com,Female,Ireland,-6.1920933,53.3916434
107,Brena,Durtnel,bdurtnel2y@nsw.gov.au,Female,Ireland,-8.337871,52.0097259
108,Giovanna,Broadist,gbroadist2z@ycombinator.com,Female,Ireland,-8.642661,52.1361219
109,Wallie,Hyde,whyde30@godaddy.com,Male,Ireland,-6.2554371,53.2767301
110,Kai,Seamons,kseamons31@prnewswire.com,Female,Ireland,-7.269174,55.0650892
111,Tobe,Hanson,thanson32@odnoklassniki.ru,Male,Ireland,-9.1327273,53.806868
112,Gaspard,Chmarny,gchmarny33@tripadvisor.com,Male,Ireland,-9.5003786,52.4458588
113,Bord,Schwandt,bschwandt34@slate.com,Male,Ireland,-10.022186,53.488087
114,Arnaldo,Ege,aege35@gov.uk,Male,Ireland,-8.05,51.9166667
115,Rorke,Brook,rbrook36@symantec.com,Male,Ireland,-6.3828795,53.385304
116,Simone,Struan,sstruan37@furl.net,Female,Ireland,-6.1097188,53.3895926
117,Sharia,Goodby,sgoodby38@woothemes.com,Female,Ireland,-9.0248232,53.2760162
118,Vernice,Goodhay,vgoodhay39@upenn.edu,Female,Ireland,-9.5003786,52.4458588
119,Thorstein,Roseburgh,troseburgh3a@kickstarter.com,Genderfluid,Ireland,-6.308522,52.665267
120,Daveen,Reubel,dreubel3b@moonfruit.com,Female,Ireland,-6.3695384,53.3734053
121,Ev,Becconsall,ebecconsall3c@vinaora.com,Male,Ireland,-8.5111664,51.8858819
122,Franciska,Heckner,fheckner3d@ezinearticles.com,Female,Ireland,-7.0833118,52.2413206
123,Marchelle,Gebhardt,mgebhardt3e@tinyurl.com,Female,Ireland,-7.0943023,54.2694844
124,Jaime,Edards,jedards3f@simplemachines.org,Male,Ireland,-6.2324705,53.3177535
125,Nichole,Goford,ngoford3g@nymag.com,Male,Ireland,-6.366762,53.2987724
126,Kennedy,Narramor,knarramor3h@homestead.com,Male,Ireland,-6.2890702,53.3201497
127,Leticia,Haithwaite,lhaithwaite3i@admin.ch,Female,Ireland,-6.336393,53.3122864
128,Davide,Carlyle,dcarlyle3j@github.com,Male,Ireland,-6.264963,53.3897152
129,Eloisa,Van Baaren,evanbaaren3k@time.com,Female,Ireland,-6.1920933,53.3916434
130,Wini,Onge,wonge3l@booking.com,Female,Ireland,-6.1535181,53.5220275
131,Abran,Chivrall,achivrall3m@uol.com.br,Bigender,Ireland,-6.9858993,53.0018699
132,Porter,Lazenbury,plazenbury3n@blinklist.com,Male,Ireland,-8.8950821,52.7604883
133,Jacquetta,Skeen,jskeen3o@scribd.com,Genderfluid,Ireland,-6.3539424,53.3666338
134,Judas,Marunchak,jmarunchak3p@nps.gov,Male,Ireland,-6.374155,53.3223974
135,Andros,Bugdale,abugdale3q@accuweather.com,Male,Ireland,-8.6340751,52.6638144
136,Oby,Spadari,ospadari3r@live.com,Male,Ireland,-6.1822287,53.3788495
137,Nola,Whitewood,nwhitewood3s@nps.gov,Agender,Ireland,-6.2890702,53.3201497
138,Teodoro,Bleeze,tbleeze3t@photobucket.com,Male,Ireland,-6.133718,53.291512
139,Willyt,Newey,wnewey3u@msu.edu,Genderqueer,Ireland,-6.3422325,53.719155
140,Breanne,Chalice,bchalice3v@qq.com,Female,Ireland,-9.0197835,53.2736466
141,Katrine,Decourcy,kdecourcy3w@disqus.com,Female,Ireland,-6.1011147,53.2000455
142,Harrison,Sergeaunt,hsergeaunt3x@businessweek.com,Male,Ireland,-8.3545704,52.5593605
143,Arleen,Edel,aedel3y@tiny.cc,Female,Ireland,-8.2755058,52.2627273
144,Katheryn,Strand,kstrand3z@ocn.ne.jp,Female,Ireland,-6.1011147,53.2000455
145,Homere,Coast,hcoast40@shop-pro.jp,Male,Ireland,-6.266734,53.3829319
146,Ravid,Merry,rmerry41@etsy.com,Male,Ireland,-6.1191333,53.1915379
147,Meg,Arnholtz,marnholtz42@hud.gov,Female,Ireland,-9.0248232,53.2760162
148,Amye,Flook,aflook43@ucla.edu,Female,Ireland,-7.9428197,53.4231032
149,Germain,Elan,gelan44@topsy.com,Male,Ireland,-7.1297243,52.2509369
150,Sigvard,Sewill,ssewill45@hexun.com,Male,Ireland,-9.1327273,53.806868
151,Ozzie,Peiro,opeiro46@edublogs.org,Male,Ireland,-6.2071246,53.4562426
152,Wernher,Posen,wposen47@ow.ly,Male,Ireland,-8.2001004,52.86326
153,Pembroke,D'Antoni,pdantoni48@dropbox.com,Male,Ireland,-7.7655701,53.5650926
154,Gibbie,Marke,gmarke49@house.gov,Male,Ireland,-6.163027,53.2339841
155,Tucky,Whitaker,twhitaker4a@xing.com,Male,Ireland,-9.0248232,53.2760162
156,Osbourn,Fost,ofost4b@instagram.com,Male,Ireland,-6.3695384,53.3734053
157,Kingston,Braybrookes,kbraybrookes4c@baidu.com,Male,Ireland,-6.1822287,53.3788495
158,Archambault,Longhorne,alonghorne4d@cbslocal.com,Male,Ireland,-8.5054897,52.7107501
159,Samantha,McGaugie,smcgaugie4e@reddit.com,Female,Ireland,-8.2969737,53.9735591
160,Darcy,Gierhard,dgierhard4f@blogs.com,Female,Ireland,-6.124065,53.231395
161,Major,Romanin,mromanin4g@eepurl.com,Male,Ireland,-6.4241156,53.7369009
162,Inna,Reilingen,ireilingen4h@amazon.de,Female,Ireland,-8.2215941,53.0917381
163,Ardath,Turland,aturland4i@mlb.com,Female,Ireland,-8.9775014,52.8314927
164,Tim,Pullen,tpullen4j@google.fr,Female,Ireland,-6.336393,53.3122864
165,Doralin,Gristwood,dgristwood4k@ca.gov,Female,Ireland,-6.2611953,53.3881832
166,Bram,Bullers,bbullers4l@ucsd.edu,Polygender,Ireland,-9.7850991,52.1058991
167,Vanya,Bazely,vbazely4m@devhub.com,Female,Ireland,-6.2387374,53.3141205
168,Anthe,Petersen,apetersen4n@ox.ac.uk,Female,Ireland,-6.4202878,54.0026343
169,Selina,Butchers,sbutchers4o@topsy.com,Non-binary,Ireland,-8.642661,52.1361219
170,Ty,Schruyer,tschruyer4p@hc360.com,Bigender,Ireland,-6.3695384,53.3734053
171,Jessie,Christiensen,jchristiensen4q@ning.com,Male,Ireland,-8.5171384,51.876873
172,Hastings,Illes,hilles4r@house.gov,Male,Ireland,-8.7683674,53.7942932
173,Gerta,Sibbs,gsibbs4s@usatoday.com,Female,Ireland,-9.151825,54.11215
174,Vida,Haddacks,vhaddacks4t@blog.com,Female,Ireland,-6.5924609,53.2482376
175,Stephan,Lacroutz,slacroutz4u@hugedomains.com,Agender,Ireland,-6.2633149,53.377533
176,Sancho,Luter,sluter4v@people.com.cn,Male,Ireland,-8.5171384,51.876873
177,Yovonnda,Eschalette,yeschalette4w@indiegogo.com,Female,Ireland,-6.4008792,53.9215606
178,Boycie,Pigot,bpigot4x@lycos.com,Genderqueer,Ireland,-7.1111732,52.2513095
179,Mada,Vlasenko,mvlasenko4y@nbcnews.com,Female,Ireland,-8.2755058,52.2627273
180,Coralyn,Tooting,ctooting4z@salon.com,Female,Ireland,-6.4241156,53.7369009
181,Krystal,Ethridge,kethridge50@hibu.com,Female,Ireland,-7.2979911,53.6785169
182,Rodney,Eglaise,reglaise51@skype.com,Male,Ireland,-6.4496384,53.3582341
183,Zulema,Bicheno,zbicheno52@wunderground.com,Female,Ireland,-7.185387,53.158984
184,Juliette,Charity,jcharity53@intel.com,Female,Ireland,-7.0625888,53.1387595
185,Bertina,Megany,bmegany54@bbb.org,Female,Ireland,-6.1822287,53.3788495
186,Niko,Goutcher,ngoutcher55@behance.net,Male,Ireland,-6.9898366,53.2265199
187,Curry,Weightman,cweightman56@dropbox.com,Genderfluid,Ireland,-6.2890702,53.3201497
188,Cristian,Sparry,csparry57@mozilla.org,Male,Ireland,-7.1111732,52.2513095
189,Carroll,McCome,cmccome58@ox.ac.uk,Male,Ireland,-6.3660863,53.2874153
190,Rockey,Gland,rgland59@homestead.com,Male,Ireland,-6.251714,53.3169419
191,Dania,Dashkovich,ddashkovich5a@smh.com.au,Female,Ireland,-6.2429997,53.7902634
192,Ulric,MacCahee,umaccahee5b@bing.com,Genderfluid,Ireland,-6.5924609,53.2482376
193,Cyrille,Hall-Gough,challgough5c@webnode.com,Male,Ireland,-6.366762,53.2987724
194,Deane,Filipov,dfilipov5d@nhs.uk,Male,Ireland,-6.1884248,53.5879156
195,Latisha,Marron,lmarron5e@barnesandnoble.com,Female,Ireland,-7.185387,53.158984
196,Joceline,Tetther,jtetther5f@bbb.org,Polygender,Ireland,-8.5111664,51.8858819
197,Bettina,Gadeaux,bgadeaux5g@ovh.net,Agender,Ireland,-8.5171384,51.876873
198,Carena,Dowding,cdowding5h@archive.org,Female,Ireland,-6.2071246,53.4562426
199,Vlad,Gauntley,vgauntley5i@godaddy.com,Male,Ireland,-8.958931,51.904635
200,Ashley,Ivankov,aivankov5j@dedecms.com,Female,Ireland,-6.7515223,53.2888321
201,Shandee,Lewsie,slewsie5k@last.fm,Female,Ireland,-7.9428197,53.4231032
202,Wilt,Sauniere,wsauniere5l@techcrunch.com,Male,Ireland,-6.3077823,53.3655256
203,Rorie,Lowen,rlowen5m@walmart.com,Female,Ireland,-7.2314132,54.1794814
204,Fritz,Ranken,franken5n@sakura.ne.jp,Male,Ireland,-6.2755912,53.3500473
205,Danyelle,Byatt,dbyatt5o@sogou.com,Genderfluid,Ireland,-8.259128,51.908209
206,Delcina,Smallsman,dsmallsman5p@phpbb.com,Female,Ireland,-7.74208,54.70972
207,Justinian,Caghan,jcaghan5q@slashdot.org,Male,Ireland,-6.1479779,53.450694
208,Mil,Tobias,mtobias5r@issuu.com,Female,Ireland,-8.2969737,53.9735591
209,Berty,Feltham,bfeltham5s@edublogs.org,Male,Ireland,-6.2387374,53.3141205
210,Diann,Von Oertzen,dvonoertzen5t@reddit.com,Female,Ireland,-8.7683674,53.7942932
211,Masha,Leaver,mleaver5u@ox.ac.uk,Non-binary,Ireland,-6.5028415,53.3806398
212,Trumaine,Bruhnicke,tbruhnicke5v@netlog.com,Male,Ireland,-7.518792,53.284466
213,Coretta,Muscat,cmuscat5w@narod.ru,Female,Ireland,-6.4496384,53.3582341
214,Dorian,Slateford,dslateford5x@dell.com,Male,Ireland,-9.1097137,53.2582868
215,Barbaraanne,O'Rourke,borourke5y@google.ru,Genderfluid,Ireland,-9.1327273,53.806868
216,Bernita,Cheng,bcheng5z@purevolume.com,Female,Ireland,-9.5003786,52.4458588
217,Ileane,MacCrossan,imaccrossan60@nyu.edu,Polygender,Ireland,-6.2890702,53.3201497
218,Clo,Metzke,cmetzke61@ft.com,Female,Ireland,-6.3539424,53.3666338
219,Meagan,Bearward,mbearward62@ustream.tv,Female,Ireland,-6.6633404,53.2492381
220,Kippy,Harburtson,kharburtson63@google.cn,Female,Ireland,-8.642661,52.1361219
221,Anitra,Samples,asamples64@imgur.com,Female,Ireland,-6.1884248,53.5879156
222,Malcolm,Isaq,misaq65@weather.com,Male,Ireland,-6.2387374,53.3141205
223,Shay,Stribbling,sstribbling66@va.gov,Male,Ireland,-6.133718,53.291512
224,Dianemarie,Bruckent,dbruckent67@narod.ru,Female,Ireland,-6.3049392,53.3021194
225,Laurent,Hevey,lhevey68@springer.com,Male,Ireland,-6.1535181,53.5220275
226,Margret,Eseler,meseler69@hao123.com,Female,Ireland,-6.2554371,53.2767301
227,Ambrosius,Briscow,abriscow6a@statcounter.com,Male,Ireland,-8.5946591,54.632283
228,Sigismundo,Denton,sdenton6b@bbb.org,Male,Ireland,-7.9027266,53.4148582
229,Hermina,Lilley,hlilley6c@homestead.com,Female,Ireland,-6.4496384,53.3582341
230,Danie,Pettegree,dpettegree6d@ucla.edu,Polygender,Ireland,-8.642661,52.1361219
231,Kale,Barstowk,kbarstowk6e@infoseek.co.jp,Agender,Ireland,-6.1191333,53.1915379
232,Christiana,Gartan,cgartan6f@narod.ru,Female,Ireland,-8.298942,51.848898
233,Barron,Geely,bgeely6g@discovery.com,Male,Ireland,-6.1884248,53.5879156
234,Kimbra,Neward,kneward6h@hugedomains.com,Female,Ireland,-8.6346959,53.7423435
235,Ian,Askwith,iaskwith6i@tmall.com,Male,Ireland,-6.1072403,53.2780047
236,Stacee,Choke,schoke6j@google.co.uk,Female,Ireland,-6.4887534,53.3653866
237,Carly,Pessold,cpessold6k@tumblr.com,Female,Ireland,-7.5717688,52.1045472
238,Sibylle,Rocco,srocco6l@gnu.org,Female,Ireland,-9.7850991,52.1058991
239,Estrellita,Ferrarello,eferrarello6m@cyberchimps.com,Female,Ireland,-10.0320886,54.2223118
240,Byrle,Dupree,bdupree6n@scientificamerican.com,Male,Ireland,-6.1884248,53.5879156
241,Ryan,Bickers,rbickers6o@twitpic.com,Male,Ireland,-9.1115941,51.7203863
242,Nelly,Covely,ncovely6p@hugedomains.com,Female,Ireland,-7.0625888,53.1387595
243,Sebastiano,Attwood,sattwood6q@gnu.org,Male,Ireland,-8.489012,51.923707
244,Doro,Neubigging,dneubigging6r@de.vu,Female,Ireland,-7.269174,55.0650892
245,Aldo,Dowyer,adowyer6s@123-reg.co.uk,Male,Ireland,-7.74208,54.70972
246,Vincenty,Hazle,vhazle6t@merriam-webster.com,Male,Ireland,-6.1136478,53.2121335
247,Ynes,Marjoribanks,ymarjoribanks6u@networkadvertising.org,Female,Ireland,-6.3048641,53.3284298
248,Hyman,Size,hsize6v@sciencedirect.com,Male,Ireland,-6.1191333,53.1915379
249,Moishe,Symmons,msymmons6w@4shared.com,Male,Ireland,-6.6633404,53.2492381
250,Allene,Spriddle,aspriddle6x@go.com,Female,Ireland,-8.8562835,53.510243
251,Isahella,Christal,ichristal6y@weebly.com,Bigender,Ireland,-6.2890702,53.3201497
252,Wye,Theyer,wtheyer6z@hatena.ne.jp,Male,Ireland,-8.4784945,51.8815586
253,Gaye,Ladds,gladds70@shareasale.com,Bigender,Ireland,-6.1820563,53.3786861
254,Jenica,Arnopp,jarnopp71@howstuffworks.com,Female,Ireland,-8.5171384,51.876873
255,Doro,Di Nisco,ddinisco72@jigsy.com,Female,Ireland,-6.176659,53.4487975
256,Mead,Eyeington,meyeington73@usgs.gov,Male,Ireland,-6.9858993,53.0018699
257,Michelle,Andrzejewski,mandrzejewski74@cocolog-nifty.com,Female,Ireland,-7.606287,53.6972399
258,Clemmy,Barrs,cbarrs75@xinhuanet.com,Male,Ireland,-6.3048641,53.3284298
259,Raymond,Jeremaes,rjeremaes76@com.com,Male,Ireland,-7.1297243,52.2509369
260,Jennee,Laite,jlaite77@networksolutions.com,Female,Ireland,-7.7655701,53.5650926
261,Grannie,Cowden,gcowden78@slate.com,Male,Ireland,-6.2057463,53.3870149
262,Dulce,Tunnacliffe,dtunnacliffe79@dyndns.org,Female,Ireland,-6.0690645,53.1257486
263,Chalmers,Reeds,creeds7a@cyberchimps.com,Male,Ireland,-8.1722173,51.9138694
264,Dicky,Gallemore,dgallemore7b@prlog.org,Male,Ireland,-6.1603828,53.2599034
265,Rolf,D'Alesio,rdalesio7c@alexa.com,Male,Ireland,-9.268589,51.549106
266,Gan,Grisedale,ggrisedale7d@e-recht24.de,Male,Ireland,-7.8434254,51.949401
267,Bobbee,MacKomb,bmackomb7e@columbia.edu,Female,Ireland,-7.9428197,53.4231032
268,Robin,Markl,rmarkl7f@shareasale.com,Agender,Ireland,-8.5054897,52.7107501
269,Lucinda,Rosenkranc,lrosenkranc7g@icio.us,Female,Ireland,-6.313755,53.366736
270,Orville,Volkers,ovolkers7h@foxnews.com,Male,Ireland,-9.4904891,52.6396679
271,Maxi,Widdocks,mwiddocks7i@cbc.ca,Female,Ireland,-6.473025,54.0086093
272,Rosie,Turville,rturville7j@bloglines.com,Female,Ireland,-6.473025,54.0086093
273,Elmer,Cobelli,ecobelli7k@nhs.uk,Male,Ireland,-6.3506335,53.2911347
274,Hayes,Ladell,hladell7l@biglobe.ne.jp,Male,Ireland,-8.4977746,51.8895954
275,Leelah,Anderl,landerl7m@nymag.com,Female,Ireland,-6.313755,53.366736
276,Darrell,Cadore,dcadore7n@ca.gov,Male,Ireland,-7.888894,52.516323
277,Lilas,Kinnach,lkinnach7o@imageshack.us,Female,Ireland,-9.0288689,53.2737147
278,Andee,Silcock,asilcock7p@pcworld.com,Female,Ireland,-6.2152673,53.3323703
279,Koral,Dyet,kdyet7q@independent.co.uk,Female,Ireland,-6.0690645,53.1257486
280,Klaus,Ferneyhough,kferneyhough7r@redcross.org,Male,Ireland,-8.489012,51.923707
281,Bria,Antley,bantley7s@weebly.com,Female,Ireland,-6.124065,53.231395
282,Chelsy,Kettlestringes,ckettlestringes7t@ameblo.jp,Female,Ireland,-8.337871,52.0097259
283,Emmalynn,Janew,ejanew7u@sina.com.cn,Female,Ireland,-7.7655701,53.5650926
284,Pincas,Banfill,pbanfill7v@answers.com,Male,Ireland,-6.7515223,53.2888321
285,Karl,Scorey,kscorey7w@sun.com,Male,Ireland,-8.958931,51.904635
286,Rees,Forrington,rforrington7x@deliciousdays.com,Male,Ireland,-6.2611953,53.3881832
287,Francois,Looks,flooks7y@opensource.org,Male,Ireland,-6.264963,53.3897152
288,Nicoline,Bardwall,nbardwall7z@admin.ch,Female,Ireland,-8.259128,51.908209
289,Nyssa,Gimber,ngimber80@aol.com,Female,Ireland,-6.2508196,53.2866372
290,Linell,Wheatley,lwheatley81@samsung.com,Female,Ireland,-7.185387,53.158984
291,Fernando,Hedger,fhedger82@sakura.ne.jp,Male,Ireland,-6.4887534,53.3653866
292,Margaux,Boas,mboas83@myspace.com,Female,Ireland,-8.5070436,54.2109904
293,Everard,Greedy,egreedy84@examiner.com,Male,Ireland,-6.3539424,53.3666338
294,Leanora,Burnhams,lburnhams85@fotki.com,Female,Ireland,-7.2314132,54.1794814
295,Kaia,Peppett,kpeppett86@va.gov,Female,Ireland,-6.1136478,53.2121335
296,Jaquenette,Gee,jgee87@phpbb.com,Female,Ireland,-6.1544115,53.4855448
297,Fee,Minichillo,fminichillo88@ucoz.com,Male,Ireland,-6.374155,53.3223974
298,Uriel,Rawling,urawling89@yelp.com,Male,Ireland,-7.2314132,54.1794814
299,Karoly,Pikhno,kpikhno8a@unicef.org,Agender,Ireland,-8.5070436,54.2109904
300,Wynny,Leacy,wleacy8b@google.pl,Female,Ireland,-6.3539424,53.3666338
301,Maison,Snary,msnary8c@shutterfly.com,Bigender,Ireland,-6.3077823,53.3655256
302,Marius,Grealish,mgrealish8d@live.com,Male,Ireland,-6.1820563,53.3786861
303,Joletta,Dameisele,jdameisele8e@illinois.edu,Female,Ireland,-6.2071246,53.4562426
304,Gerhardt,Bleasdille,gbleasdille8f@geocities.com,Male,Ireland,-6.590926,53.1936864
305,Corby,Verbrugge,cverbrugge8g@macromedia.com,Male,Ireland,-7.0472382,52.9480781
306,Lannie,Dabney,ldabney8h@opera.com,Male,Ireland,-6.2892907,53.310122
307,Darci,Audsley,daudsley8i@wikia.com,Female,Ireland,-7.2584,52.655184
308,Gerick,Lorroway,glorroway8j@friendfeed.com,Male,Ireland,-6.266734,53.3829319
309,Madelaine,Galley,mgalley8k@bizjournals.com,Female,Ireland,-7.518792,53.284466
310,Nettle,Twinbrow,ntwinbrow8l@gmpg.org,Female,Ireland,-8.5171384,51.876873
311,Kendell,Baudone,kbaudone8m@bizjournals.com,Male,Ireland,-6.2508196,53.2866372
312,Astrix,Openshaw,aopenshaw8n@xinhuanet.com,Female,Ireland,-6.2633149,53.377533
313,Evan,Escott,eescott8o@studiopress.com,Male,Ireland,-6.7434401,53.2229873
314,Caria,Spriggen,cspriggen8p@tuttocitta.it,Female,Ireland,-8.337871,52.0097259
315,Radcliffe,Glazebrook,rglazebrook8q@dion.ne.jp,Male,Ireland,-6.1097188,53.3895926
316,Daloris,Worden,dworden8r@howstuffworks.com,Genderqueer,Ireland,-8.7683674,53.7942932
317,Tobye,Rounsivall,trounsivall8s@privacy.gov.au,Female,Ireland,-8.334953,51.8610022
318,Nikoletta,Trowler,ntrowler8t@discuz.net,Female,Ireland,-8.2215941,53.0917381
319,Nettle,le Keux,nlekeux8u@google.cn,Female,Ireland,-6.218069,53.374266
320,Mufi,Dilgarno,mdilgarno8v@reference.com,Agender,Ireland,-8.4784945,51.8815586
321,Bob,Walshaw,bwalshaw8w@samsung.com,Non-binary,Ireland,-8.05,51.9166667
322,Elizabet,Freshwater,efreshwater8x@sina.com.cn,Female,Ireland,-6.2508196,53.2866372
323,Elysee,Cordie,ecordie8y@answers.com,Female,Ireland,-6.9140788,53.169971
324,Patrizius,Rounding,prounding8z@icq.com,Male,Ireland,-9.448724,51.680591
325,Ernest,Burchell,eburchell90@earthlink.net,Male,Ireland,-9.5003786,52.4458588
326,Erich,Danilewicz,edanilewicz91@mysql.com,Male,Ireland,-8.2817353,54.4771768
327,Clayborn,Myerscough,cmyerscough92@sun.com,Male,Ireland,-8.5047067,51.8830697
328,Leann,Dable,ldable93@vimeo.com,Female,Ireland,-8.642661,52.1361219
329,Linda,Royl,lroyl94@gmpg.org,Female,Ireland,-6.4008792,53.9215606
330,Marvin,Tinto,mtinto95@wunderground.com,Male,Ireland,-8.5054897,52.7107501
331,Karyl,Randal,krandal96@time.com,Female,Ireland,-6.366762,53.2987724
332,Noam,Fulk,nfulk97@howstuffworks.com,Male,Ireland,-6.2508196,53.2866372
333,Brody,Elener,belener98@dagondesign.com,Male,Ireland,-7.5717688,52.1045472
334,Jarid,Goodricke,jgoodricke99@fda.gov,Male,Ireland,-6.1820563,53.3786861
335,Sholom,Querrard,squerrard9a@sbwire.com,Male,Ireland,-6.2755912,53.3500473
336,Roselin,Darrach,rdarrach9b@europa.eu,Genderqueer,Ireland,-6.0704904,53.1286984
337,Andres,Maloney,amaloney9c@123-reg.co.uk,Male,Ireland,-6.7434401,53.2229873
338,Frayda,Chippin,fchippin9d@amazon.com,Female,Ireland,-6.1406578,53.2886387
339,Rodrigo,Bernardot,rbernardot9e@forbes.com,Male,Ireland,-8.2001004,52.86326
340,Codee,Sothcott,csothcott9f@hugedomains.com,Female,Ireland,-6.0704904,53.1286984
341,Rubina,Yakuntsov,ryakuntsov9g@wunderground.com,Female,Ireland,-8.2817353,54.4771768
342,Kevina,Penella,kpenella9h@blogspot.com,Bigender,Ireland,-6.1544115,53.4855448
343,Conni,Mews,cmews9i@salon.com,Female,Ireland,-7.1297243,52.2509369
344,Beatrice,Newton,bnewton9j@fda.gov,Female,Ireland,-6.0690645,53.1257486
345,Shela,Brockhurst,sbrockhurst9k@freewebs.com,Female,Ireland,-6.313755,53.366736
346,Janifer,Gottelier,jgottelier9l@vkontakte.ru,Female,Ireland,-6.124065,53.231395
347,Lee,Straniero,lstraniero9m@cbc.ca,Male,Ireland,-6.1535181,53.5220275
348,Georas,Dog,gdog9n@jiathis.com,Male,Ireland,-8.8950821,52.7604883
349,Murry,Sandey,msandey9o@fc2.com,Male,Ireland,-8.334953,51.8610022
350,Billie,Adlem,badlem9p@skyrock.com,Male,Ireland,-7.269174,55.0650892
351,Lazaro,Morrant,lmorrant9q@latimes.com,Male,Ireland,-6.5924609,53.2482376
352,Valentino,Ramsbottom,vramsbottom9r@dagondesign.com,Male,Ireland,-6.0690645,53.1257486
353,Camala,Pantin,cpantin9s@cloudflare.com,Female,Ireland,-6.4008792,53.9215606
354,Clem,Belvard,cbelvard9t@flavors.me,Male,Ireland,-9.7850991,52.1058991
355,Bendix,Linbohm,blinbohm9u@list-manage.com,Male,Ireland,-6.2152673,53.3323703
356,Reeva,Esche,resche9v@theguardian.com,Female,Ireland,-8.298942,51.848898
357,Eldon,Derle,ederle9w@sakura.ne.jp,Male,Ireland,-6.3077823,53.3655256
358,Christye,Sadlier,csadlier9x@samsung.com,Female,Ireland,-7.297914,54.026345
359,Loreen,Bullock,lbullock9y@odnoklassniki.ru,Bigender,Ireland,-8.4627451,54.25645
360,Evin,D'Oyly,edoyly9z@123-reg.co.uk,Male,Ireland,-7.74208,54.70972
361,Brody,Bartczak,bbartczaka0@purevolume.com,Male,Ireland,-6.264963,53.3897152
362,Jobina,Dietz,jdietza1@wikimedia.org,Female,Ireland,-6.2071246,53.4562426
363,Christophorus,Braine,cbrainea2@skype.com,Male,Ireland,-8.337871,52.0097259
364,Ximenes,Deveral,xdeverala3@chicagotribune.com,Agender,Ireland,-7.2584,52.655184
365,Kerrill,Duthie,kduthiea4@pinterest.com,Female,Ireland,-8.9791425,52.8638391
366,Amargo,Coulthart,acoultharta5@bravesites.com,Female,Ireland,-6.1942058,53.3604483
367,Yoko,Paolozzi,ypaolozzia6@blog.com,Female,Ireland,-8.5111664,51.8858819
368,Kerwinn,Frammingham,kframminghama7@newyorker.com,Male,Ireland,-8.5111664,51.8858819
369,Grenville,Kurton,gkurtona8@pagesperso-orange.fr,Male,Ireland,-6.4887534,53.3653866
370,Henka,Saundercock,hsaundercocka9@mysql.com,Female,Ireland,-7.0833118,52.2413206
371,Clayton,Muschette,cmuschetteaa@google.ca,Genderqueer,Ireland,-6.5899765,52.176031
372,Chaddy,Asipenko,casipenkoab@usgs.gov,Male,Ireland,-9.268589,51.549106
373,Zacherie,Cleen,zcleenac@w3.org,Male,Ireland,-8.5171384,51.876873
374,Edwin,McGuff,emcguffad@photobucket.com,Male,Ireland,-7.8434254,51.949401
375,Jeff,Ryves,jryvesae@alexa.com,Male,Ireland,-6.9140788,53.169971
376,Ole,Bellon,obellonaf@marriott.com,Male,Ireland,-6.133718,53.291512
377,Aldis,Bellson,abellsonag@usatoday.com,Male,Ireland,-6.2892907,53.310122
378,Arman,Sitlington,asitlingtonah@mysql.com,Male,Ireland,-6.4671298,53.5050031
379,Angel,Haythorne,ahaythorneai@imdb.com,Female,Ireland,-6.1157412,53.2774963
380,Benyamin,Maffi,bmaffiaj@mayoclinic.com,Male,Ireland,-6.2429997,53.7902634
381,Skipper,Guillem,sguillemak@google.co.jp,Bigender,Ireland,-7.5717688,52.1045472
382,Cosimo,Srawley,csrawleyal@google.es,Male,Ireland,-9.4851741,52.4460804
383,Kerwinn,Barbey,kbarbeyam@last.fm,Male,Ireland,-7.8004329,53.7283566
384,Shalna,McDaid,smcdaidan@hao123.com,Female,Ireland,-9.0248232,53.2760162
385,Tommie,Dowderswell,tdowderswellao@delicious.com,Genderfluid,Ireland,-9.0288689,53.2737147
386,Kelci,Tewnion,ktewnionap@businessinsider.com,Female,Ireland,-6.9692181,52.7009338
387,Corney,Spivie,cspivieaq@shareasale.com,Male,Ireland,-7.0625888,53.1387595
388,Rubetta,Wones,rwonesar@wp.com,Female,Ireland,-8.4242597,51.8910459
389,Vera,Fellini,vfellinias@nifty.com,Female,Ireland,-7.2584,52.655184
390,Teodorico,Binestead,tbinesteadat@nifty.com,Male,Ireland,-6.374155,53.3223974
391,Davy,Fattorini,dfattoriniau@kickstarter.com,Male,Ireland,-9.7359765,54.1433253
392,Ware,Maso,wmasoav@seesaa.net,Male,Ireland,-8.2215941,53.0917381
393,Burtie,Bavidge,bbavidgeaw@addtoany.com,Male,Ireland,-6.218069,53.374266
394,Berkly,Vaughn,bvaughnax@ebay.com,Male,Ireland,-6.2633149,53.377533
395,Ileane,Creigan,icreiganay@hhs.gov,Polygender,Ireland,-7.0943023,54.2694844
396,Leann,Duester,lduesteraz@nymag.com,Female,Ireland,-6.1979853,53.3046353
397,Laurette,Mathieu,lmathieub0@sogou.com,Genderqueer,Ireland,-6.3025448,53.6920618
398,Miles,Doyland,mdoylandb1@tuttocitta.it,Male,Ireland,-9.159604,53.302644
399,Dotty,Calkin,dcalkinb2@google.com.br,Female,Ireland,-8.334953,51.8610022
400,Eada,Bellerby,ebellerbyb3@marketwatch.com,Female,Ireland,-8.3545704,52.5593605
401,Tamiko,Frantz,tfrantzb4@1688.com,Female,Ireland,-8.5054897,52.7107501
402,Sorcha,Axell,saxellb5@linkedin.com,Female,Ireland,-6.2554371,53.2767301
403,Yehudi,Meadowcroft,ymeadowcroftb6@tumblr.com,Male,Ireland,-8.2215941,53.0917381
404,Toby,Frood,tfroodb7@loc.gov,Male,Ireland,-6.3219759,53.2976886
405,Gisele,Rayson,graysonb8@hibu.com,Female,Ireland,-6.218069,53.374266
406,Missy,Gunda,mgundab9@multiply.com,Female,Ireland,-7.185387,53.158984
407,Artemis,Harower,aharowerba@bluehost.com,Male,Ireland,-8.5946591,54.632283
408,Julian,Burrel,jburrelbb@skyrock.com,Male,Ireland,-9.0197835,53.2736466
409,Jaquenette,Sleite,jsleitebc@mapquest.com,Female,Ireland,-6.1349155,53.5834008
410,Bartram,Tejada,btejadabd@si.edu,Male,Ireland,-8.9706844,52.6004448
411,Mar,Rosetti,mrosettibe@psu.edu,Male,Ireland,-8.489012,51.923707
412,Zondra,Rosindill,zrosindillbf@tripadvisor.com,Female,Ireland,-8.958931,51.904635
413,Franklyn,Raccio,fracciobg@youku.com,Male,Ireland,-7.2314132,54.1794814
414,Maddy,Rhydderch,mrhydderchbh@blog.com,Female,Ireland,-8.259128,51.908209
415,Missie,Dudmarsh,mdudmarshbi@example.com,Female,Ireland,-6.5899765,52.176031
416,Titus,Shingler,tshinglerbj@howstuffworks.com,Male,Ireland,-7.8434254,51.949401
417,Zabrina,Allgood,zallgoodbk@reverbnation.com,Female,Ireland,-9.7359765,54.1433253
418,Ban,Oxenden,boxendenbl@ted.com,Male,Ireland,-6.3219759,53.2976886
419,Juieta,Cicero,jcicerobm@reverbnation.com,Female,Ireland,-8.1722002,54.3051891
420,Frederigo,Bendan,fbendanbn@arstechnica.com,Male,Ireland,-6.6633404,53.2492381
421,Maryanne,Fairbrother,mfairbrotherbo@cnbc.com,Female,Ireland,-6.2057463,53.3870149
422,Ferdie,Shirer,fshirerbp@netscape.com,Male,Ireland,-8.8950821,52.7604883
423,Rebeka,Bulley,rbulleybq@shinystat.com,Female,Ireland,-6.2340942,53.2993199
424,Belle,Sollam,bsollambr@princeton.edu,Female,Ireland,-7.8004329,53.7283566
425,Ignazio,Etchell,ietchellbs@blogspot.com,Male,Ireland,-9.4851741,52.4460804
426,Alex,Olesen,aolesenbt@nba.com,Male,Ireland,-6.5853664,53.378253
427,Binni,Hodgon,bhodgonbu@bloomberg.com,Female,Ireland,-8.7683674,53.7942932
428,Creigh,Nuttall,cnuttallbv@tripod.com,Male,Ireland,-9.151825,54.11215
429,Hermann,Gland,hglandbw@google.it,Non-binary,Ireland,-6.264963,53.3897152
430,Mattheus,Moyers,mmoyersbx@example.com,Male,Ireland,-8.9949917,53.8533151
431,Silvain,Seligson,sseligsonby@ucoz.com,Male,Ireland,-6.3660863,53.2874153
432,Virge,Duckels,vduckelsbz@ameblo.jp,Male,Ireland,-6.1884248,53.5879156
433,Erda,Strippling,estripplingc0@fc2.com,Female,Ireland,-8.334953,51.8610022
434,Perice,Allender,pallenderc1@pcworld.com,Agender,Ireland,-7.086877,53.8363325
435,Randolph,Corss,rcorssc2@yellowbook.com,Male,Ireland,-6.3219759,53.2976886
436,Lotty,Sexcey,lsexceyc3@google.com.hk,Female,Ireland,-6.2755912,53.3500473
437,Chery,Darinton,cdarintonc4@photobucket.com,Female,Ireland,-8.7683674,53.7942932
438,Raphaela,Arnall,rarnallc5@yellowpages.com,Female,Ireland,-6.176659,53.4487975
439,Thor,Chatan,tchatanc6@ifeng.com,Male,Ireland,-8.4824714,51.8862378
440,Slade,Flowerdew,sflowerdewc7@dedecms.com,Male,Ireland,-8.298942,51.848898
441,Clevey,Wheatland,cwheatlandc8@usnews.com,Male,Ireland,-7.74208,54.70972
442,Rasia,Cuniffe,rcuniffec9@geocities.jp,Female,Ireland,-6.1157412,53.2774963
443,Melissa,Garfoot,mgarfootca@so-net.ne.jp,Female,Ireland,-6.3539424,53.3666338
444,Chicky,Blackaller,cblackallercb@simplemachines.org,Male,Ireland,-8.5176583,51.8863277
445,Nelly,Tilby,ntilbycc@smh.com.au,Female,Ireland,-7.0472382,52.9480781
446,Emile,Wyvill,ewyvillcd@tamu.edu,Male,Ireland,-6.1136478,53.2121335
447,Gaspar,Chorley,gchorleyce@ftc.gov,Agender,Ireland,-6.2324705,53.3177535
448,Corliss,Triggel,ctriggelcf@diigo.com,Female,Ireland,-6.2340942,53.2993199
449,Spenser,Gavini,sgavinicg@trellian.com,Genderqueer,Ireland,-8.298942,51.848898
450,Annmaria,Izaac,aizaacch@360.cn,Female,Ireland,-6.336393,53.3122864
451,Shadow,Lowle,slowleci@miitbeian.gov.cn,Male,Ireland,-9.448724,51.680591
452,Cornela,Laurens,claurenscj@qq.com,Female,Ireland,-7.1111732,52.2513095
453,Dulcine,Ritchard,dritchardck@cloudflare.com,Female,Ireland,-6.2427004,53.3347733
454,Boot,Cammack,bcammackcl@webs.com,Male,Ireland,-8.9480659,53.940892
455,Stefan,Yewdell,syewdellcm@unicef.org,Male,Ireland,-8.5369154,52.6681994
456,Floria,Meaders,fmeaderscn@twitter.com,Female,Ireland,-6.1072403,53.2780047
457,Eldredge,Strothers,estrothersco@vinaora.com,Male,Ireland,-6.3049392,53.3021194
458,Theodora,Colles,tcollescp@examiner.com,Female,Ireland,-6.2340942,53.2993199
459,Jacky,O'Neal,jonealcq@umich.edu,Male,Ireland,-8.5171384,51.876873
460,Allen,Bogie,abogiecr@privacy.gov.au,Male,Ireland,-6.139018,53.171935
461,Gusella,Bordman,gbordmancs@indiatimes.com,Female,Ireland,-6.1942058,53.3604483
462,Fallon,Bandiera,fbandieract@networksolutions.com,Female,Ireland,-8.642661,52.1361219
463,Pearline,Corkett,pcorkettcu@sogou.com,Female,Ireland,-8.9949917,53.8533151
464,Keenan,Igoe,kigoecv@skyrock.com,Male,Ireland,-7.1297243,52.2509369
465,Diannne,Durante,ddurantecw@cnbc.com,Female,Ireland,-8.642661,52.1361219
466,Kira,Glascott,kglascottcx@europa.eu,Female,Ireland,-7.269174,55.0650892
467,Calhoun,Andrusov,candrusovcy@live.com,Male,Ireland,-8.298942,51.848898
468,Martguerita,McBride,mmcbridecz@cyberchimps.com,Female,Ireland,-6.176659,53.4487975
469,Amalie,Ricketts,arickettsd0@comcast.net,Female,Ireland,-6.5853664,53.378253
470,Cyrus,Pesticcio,cpesticciod1@studiopress.com,Bigender,Ireland,-8.9706844,52.6004448
471,Ellie,Elsmore,eelsmored2@google.fr,Bigender,Ireland,-8.445614,51.8885086
472,Arney,Dundridge,adundridged3@desdev.cn,Male,Ireland,-6.2633149,53.377533
473,Freida,Benoi,fbenoid4@cnet.com,Female,Ireland,-6.2427004,53.3347733
474,Percy,MacKerley,pmackerleyd5@biblegateway.com,Male,Ireland,-8.3545704,52.5593605
475,Brantley,Clowser,bclowserd6@independent.co.uk,Male,Ireland,-6.9711886,53.916791
476,Hamil,Snowling,hsnowlingd7@weebly.com,Male,Ireland,-6.5924609,53.2482376
477,Stormie,Blackater,sblackaterd8@deviantart.com,Female,Ireland,-7.1111732,52.2513095
478,Sergio,Faircloth,sfairclothd9@google.co.jp,Male,Ireland,-6.1920933,53.3916434
479,Lia,Cunradi,lcunradida@dell.com,Female,Ireland,-7.74208,54.70972
480,Xylina,Livings,xlivingsdb@addthis.com,Genderqueer,Ireland,-8.642661,52.1361219
481,Allina,Asquith,aasquithdc@twitpic.com,Female,Ireland,-8.3545704,52.5593605
482,Georgena,Blacktin,gblacktindd@earthlink.net,Female,Ireland,-7.606287,53.6972399
483,Darby,Hriinchenko,dhriinchenkode@vinaora.com,Male,Ireland,-8.2969737,53.9735591
484,Silvie,Chandler,schandlerdf@domainmarket.com,Female,Ireland,-8.259128,51.908209
485,Anson,Culy,aculydg@youku.com,Male,Ireland,-9.0248232,53.2760162
486,Desiree,Guisler,dguislerdh@qq.com,Female,Ireland,-6.336393,53.3122864
487,Berti,Upex,bupexdi@washington.edu,Male,Ireland,-9.448724,51.680591
488,Aharon,Bourdas,abourdasdj@bigcartel.com,Male,Ireland,-8.2969737,53.9735591
489,Lyon,Glenfield,lglenfielddk@discovery.com,Male,Ireland,-8.3545704,52.5593605
490,Harmony,Rape,hrapedl@si.edu,Female,Ireland,-6.1603828,53.2599034
491,Gertrude,Abbis,gabbisdm@moonfruit.com,Female,Ireland,-6.124065,53.231395
492,Ardyce,Fairhead,afairheaddn@yahoo.co.jp,Female,Ireland,-9.7850991,52.1058991
493,Petrina,Pengelly,ppengellydo@51.la,Bigender,Ireland,-7.2584,52.655184
494,Netti,Dymond,ndymonddp@elegantthemes.com,Genderqueer,Ireland,-7.888894,52.516323
495,Amabelle,Haken,ahakendq@sogou.com,Genderfluid,Ireland,-6.1822287,53.3788495
496,Wilbert,Woodward,wwoodwarddr@deviantart.com,Male,Ireland,-6.1544115,53.4855448
497,Bari,Shand,bshandds@seattletimes.com,Female,Ireland,-6.366762,53.2987724
498,Christan,Ambrogioli,cambrogiolidt@hp.com,Non-binary,Ireland,-6.0704904,53.1286984
499,Glenine,Hardwin,ghardwindu@booking.com,Female,Ireland,-6.64937,54.10269
500,Julee,Gotcher,jgotcherdv@hatena.ne.jp,Agender,Ireland,-6.9898366,53.2265199
501,Dudley,Normaville,dnormavilledw@free.fr,Male,Ireland,-6.1884248,53.5879156
502,Mic,Storey,mstoreydx@senate.gov,Male,Ireland,-6.1979853,53.3046353
503,Paloma,Tuplin,ptuplindy@nytimes.com,Female,Ireland,-8.3929404,51.8113447
504,Bev,Spurden,bspurdendz@webnode.com,Male,Ireland,-6.163027,53.2339841
505,Randie,Bruton,rbrutone0@google.com,Male,Ireland,-6.3539424,53.3666338
506,Clarabelle,Spyer,cspyere1@tripadvisor.com,Female,Ireland,-8.4977746,51.8895954
507,Creighton,Lilywhite,clilywhitee2@free.fr,Male,Ireland,-6.2387374,53.3141205
508,Serge,Janikowski,sjanikowskie3@narod.ru,Male,Ireland,-8.2001004,52.86326
509,Merle,Baillie,mbailliee4@xing.com,Male,Ireland,-6.313755,53.366736
510,Lucius,Franzen,lfranzene5@cornell.edu,Male,Ireland,-8.1722002,54.3051891
511,Bobby,Bidwell,bbidwelle6@salon.com,Female,Ireland,-6.3049392,53.3021194
512,Lowe,Caltera,lcalterae7@shareasale.com,Male,Ireland,-8.9342111,52.182304
513,Albertine,Dummer,adummere8@pen.io,Female,Ireland,-6.2340942,53.2993199
514,Randie,Brazener,rbrazenere9@soundcloud.com,Male,Ireland,-6.4241156,53.7369009
515,Amara,Laverty,alavertyea@t-online.de,Female,Ireland,-8.2817353,54.4771768
516,Bonnie,Busson,bbussoneb@examiner.com,Female,Ireland,-6.4202878,54.0026343
517,Pegeen,Scudamore,pscudamoreec@hibu.com,Female,Ireland,-6.366762,53.2987724
518,Chilton,Blaver,cblavered@drupal.org,Genderqueer,Ireland,-8.9706844,52.6004448
519,Salmon,Hamshar,shamsharee@joomla.org,Male,Ireland,-6.9140788,53.169971
520,Stacy,Ielden,sieldenef@europa.eu,Female,Ireland,-6.336393,53.3122864
521,Mallorie,Kingsnod,mkingsnodeg@meetup.com,Female,Ireland,-7.1297243,52.2509369
522,Carolyne,Zarfai,czarfaieh@goodreads.com,Female,Ireland,-6.5899765,52.176031
523,Colene,Handling,chandlingei@naver.com,Polygender,Ireland,-6.308522,52.665267
524,Alethea,Robus,arobusej@bizjournals.com,Genderqueer,Ireland,-8.2817353,54.4771768
525,Pearl,Rimington,primingtonek@latimes.com,Female,Ireland,-7.888894,52.516323
526,Pierce,Dalgleish,pdalgleishel@gmpg.org,Male,Ireland,-8.5111664,51.8858819
527,Brnaba,Kiff,bkiffem@psu.edu,Male,Ireland,-6.366762,53.2987724
528,Felipe,Crosbie,fcrosbieen@canalblog.com,Male,Ireland,-6.1191333,53.1915379
529,Helenka,Rizon,hrizoneo@artisteer.com,Female,Ireland,-6.473025,54.0086093
530,Kellsie,Trenholme,ktrenholmeep@opensource.org,Female,Ireland,-7.145971,53.508326
531,Guinevere,Cadigan,gcadiganeq@wikipedia.org,Female,Ireland,-7.2584,52.655184
532,Andrew,Dennis,adenniser@photobucket.com,Male,Ireland,-6.1644997,53.4266145
533,Ethe,Billings,ebillingses@networkadvertising.org,Male,Ireland,-9.5003786,52.4458588
534,Rani,Boyn,rboynet@time.com,Female,Ireland,-8.4627451,54.25645
535,Jeramie,Hourahan,jhourahaneu@nytimes.com,Male,Ireland,-8.8562835,53.510243
536,Car,Orrin,corrinev@amazon.co.uk,Male,Ireland,-8.8562835,53.510243
537,Amalee,Webburn,awebburnew@multiply.com,Genderfluid,Ireland,-9.1327273,53.806868
538,Gizela,Spivie,gspivieex@deliciousdays.com,Female,Ireland,-9.7359765,54.1433253
539,Mona,Cominoli,mcominoliey@uiuc.edu,Genderqueer,Ireland,-8.4784945,51.8815586
540,Elysha,Sharphurst,esharphurstez@mediafire.com,Female,Ireland,-7.8434254,51.949401
541,Clemmy,Friedank,cfriedankf0@so-net.ne.jp,Female,Ireland,-9.448724,51.680591
542,Karolina,Mullany,kmullanyf1@chicagotribune.com,Female,Ireland,-6.9711886,53.916791
543,Marcelia,Castagna,mcastagnaf2@stanford.edu,Female,Ireland,-6.9711886,53.916791
544,Clemens,Vickress,cvickressf3@smh.com.au,Male,Ireland,-7.9027266,53.4148582
545,Cherry,Velten,cveltenf4@samsung.com,Female,Ireland,-8.6346959,53.7423435
546,Kent,Ussher,kussherf5@i2i.jp,Male,Ireland,-6.391149,53.8996586
547,Letta,Gerrie,lgerrief6@cmu.edu,Female,Ireland,-6.3660863,53.2874153
548,Kasper,Ben,kbenf7@cdbaby.com,Male,Ireland,-7.297914,54.026345
549,Artie,Sloane,asloanef8@xrea.com,Male,Ireland,-6.2508196,53.2866372
550,Ingeborg,Antunez,iantunezf9@ucoz.ru,Female,Ireland,-8.2969737,53.9735591
551,Karlen,Charlick,kcharlickfa@mediafire.com,Female,Ireland,-8.1722173,51.9138694
552,Cazzie,Verrell,cverrellfb@earthlink.net,Male,Ireland,-7.0472382,52.9480781
553,Laney,Lodwig,llodwigfc@wikimedia.org,Male,Ireland,-6.313755,53.366736
554,Zacharia,Pitkaithly,zpitkaithlyfd@businesswire.com,Male,Ireland,-6.5924609,53.2482376
555,Keri,Reichardt,kreichardtfe@intel.com,Female,Ireland,-8.259128,51.908209
556,Reggie,Rassell,rrassellff@timesonline.co.uk,Female,Ireland,-6.473025,54.0086093
557,Rutledge,Walduck,rwalduckfg@amazon.de,Male,Ireland,-6.1942058,53.3604483
558,Cirilo,Thurby,cthurbyfh@google.ru,Male,Ireland,-6.1822287,53.3788495
559,Christoph,Gwillym,cgwillymfi@independent.co.uk,Male,Ireland,-6.2755912,53.3500473
560,Russell,Ruppele,rruppelefj@patch.com,Male,Ireland,-10.0320886,54.2223118
561,Cristionna,Capozzi,ccapozzifk@1und1.de,Female,Ireland,-6.1942058,53.3604483
562,Felizio,De la croix,fdelacroixfl@ft.com,Male,Ireland,-6.1406578,53.2886387
563,Vittorio,Freeborn,vfreebornfm@themeforest.net,Male,Ireland,-6.3506335,53.2911347
564,Malissia,Daynter,mdaynterfn@whitehouse.gov,Female,Ireland,-10.022186,53.488087
565,Celinka,Oty,cotyfo@weather.com,Polygender,Ireland,-6.2071246,53.4562426
566,Dallon,McCritchie,dmccritchiefp@examiner.com,Male,Ireland,-6.3219759,53.2976886
567,Kenneth,Fesby,kfesbyfq@mashable.com,Male,Ireland,-8.5946591,54.632283
568,Lindi,Shilladay,lshilladayfr@usda.gov,Female,Ireland,-7.5717688,52.1045472
569,Estrellita,Jimeno,ejimenofs@twitpic.com,Female,Ireland,-8.2969737,53.9735591
570,Shirley,Handscombe,shandscombeft@lycos.com,Female,Ireland,-8.642661,52.1361219
571,Robby,Mogie,rmogiefu@house.gov,Female,Ireland,-6.2427004,53.3347733
572,Port,Rimour,primourfv@trellian.com,Male,Ireland,-7.1297243,52.2509369
573,Dario,Boland,dbolandfw@fotki.com,Male,Ireland,-6.1191333,53.1915379
574,Rhett,Terrazzo,rterrazzofx@shinystat.com,Male,Ireland,-8.3545704,52.5593605
575,Paulie,Woodhall,pwoodhallfy@answers.com,Male,Ireland,-7.1297243,52.2509369
576,Terri-jo,Dennehy,tdennehyfz@smh.com.au,Female,Ireland,-7.8434254,51.949401
577,Warner,Sanchiz,wsanchizg0@springer.com,Male,Ireland,-9.0248232,53.2760162
578,Jacquelin,Penton,jpentong1@ifeng.com,Female,Ireland,-7.9428197,53.4231032
579,Pia,Heigl,pheiglg2@wunderground.com,Female,Ireland,-6.336393,53.3122864
580,Lilllie,Peert,lpeertg3@geocities.jp,Female,Ireland,-6.1097188,53.3895926
581,Shana,Middle,smiddleg4@jalbum.net,Female,Ireland,-6.2508196,53.2866372
582,Bran,Fossitt,bfossittg5@alibaba.com,Male,Ireland,-6.1884248,53.5879156
583,Jessalyn,Beckley,jbeckleyg6@un.org,Female,Ireland,-8.445614,51.8885086
584,Leelah,Meineking,lmeinekingg7@bravesites.com,Female,Ireland,-6.366762,53.2987724
585,Osgood,Clouston,ocloustong8@princeton.edu,Male,Ireland,-6.9711886,53.916791
586,Esther,Niece,enieceg9@wikia.com,Female,Ireland,-6.5899765,52.176031
587,Kasper,Geertje,kgeertjega@twitter.com,Male,Ireland,-7.5717688,52.1045472
588,Shayna,Davidson,sdavidsongb@ask.com,Female,Ireland,-6.2340942,53.2993199
589,Toby,Bailie,tbailiegc@oaic.gov.au,Female,Ireland,-6.3422325,53.719155
590,Vinnie,Skelbeck,vskelbeckgd@behance.net,Male,Ireland,-6.266734,53.3829319
591,Bryanty,Layman,blaymange@chicagotribune.com,Male,Ireland,-8.9342111,52.182304
592,Tyrone,Gilbee,tgilbeegf@cloudflare.com,Male,Ireland,-8.9480659,53.940892
593,Tamar,Kippin,tkippingg@google.es,Female,Ireland,-6.2387374,53.3141205
594,Frederic,Brackpool,fbrackpoolgh@cbc.ca,Male,Ireland,-6.3695384,53.3734053
595,Murray,Sinyard,msinyardgi@who.int,Non-binary,Ireland,-7.0625888,53.1387595
596,Nelly,Lutwidge,nlutwidgegj@opera.com,Genderfluid,Ireland,-6.5028415,53.3806398
597,Shaylynn,Briggdale,sbriggdalegk@guardian.co.uk,Female,Ireland,-7.5011999,53.776647
598,Gerty,Somerled,gsomerledgl@nature.com,Female,Ireland,-7.185387,53.158984
599,Ingelbert,Giddings,igiddingsgm@theatlantic.com,Male,Ireland,-10.022186,53.488087
600,Lindie,Mcwhinney,lmcwhinneygn@smh.com.au,Female,Ireland,-6.4241156,53.7369009
601,Veradis,Cockhill,vcockhillgo@1und1.de,Female,Ireland,-8.4242597,51.8910459
602,Ermin,Ellerington,eelleringtongp@baidu.com,Male,Ireland,-8.5946591,54.632283
603,Kaycee,Scutter,kscuttergq@sogou.com,Female,Ireland,-6.2427004,53.3347733
604,Gustavo,Skyner,gskynergr@qq.com,Male,Ireland,-6.3695384,53.3734053
605,Quillan,Rustman,qrustmangs@ning.com,Male,Ireland,-6.1920933,53.3916434
606,Alva,Manterfield,amanterfieldgt@sitemeter.com,Male,Ireland,-8.6340751,52.6638144
607,Hubert,Mattiazzo,hmattiazzogu@skyrock.com,Male,Ireland,-8.5047067,51.8830697
608,Caspar,Hollindale,chollindalegv@odnoklassniki.ru,Male,Ireland,-8.2215941,53.0917381
609,Roby,Lacheze,rlachezegw@prnewswire.com,Female,Ireland,-6.4241156,53.7369009
610,Ted,MacVaugh,tmacvaughgx@newsvine.com,Female,Ireland,-7.888894,52.516323
611,Thaine,Benck,tbenckgy@theguardian.com,Male,Ireland,-10.022186,53.488087
612,Ches,Skuse,cskusegz@addthis.com,Male,Ireland,-8.8950821,52.7604883
613,Hayward,Tinson,htinsonh0@cam.ac.uk,Male,Ireland,-8.05,51.9166667
614,Giselle,Sulter,gsulterh1@salon.com,Female,Ireland,-7.8004329,53.7283566
615,Renae,MacAlester,rmacalesterh2@yandex.ru,Female,Ireland,-6.391149,53.8996586
616,Darrelle,Klich,dklichh3@typepad.com,Female,Ireland,-6.264963,53.3897152
617,Bronson,Hegg,bheggh4@cpanel.net,Male,Ireland,-8.1722173,51.9138694
618,Lothaire,Graddon,lgraddonh5@so-net.ne.jp,Male,Ireland,-6.9711886,53.916791
619,Paola,Botfield,pbotfieldh6@telegraph.co.uk,Female,Ireland,-6.9711886,53.916791
620,Anatollo,Scholig,ascholigh7@dropbox.com,Male,Ireland,-6.2892907,53.310122
621,Aldric,Tomlins,atomlinsh8@skyrock.com,Male,Ireland,-7.74208,54.70972
622,Syman,Nozzolii,snozzoliih9@nymag.com,Male,Ireland,-7.606287,53.6972399
623,Gonzalo,Lofty,gloftyha@booking.com,Male,Ireland,-6.4671298,53.5050031
624,Charisse,Gergler,cgerglerhb@bigcartel.com,Female,Ireland,-8.8562835,53.510243
625,Ancell,Kulver,akulverhc@sourceforge.net,Male,Ireland,-6.2427004,53.3347733
626,Otha,McKyrrelly,omckyrrellyhd@marriott.com,Female,Ireland,-7.606287,53.6972399
627,Mandie,Beaton,mbeatonhe@networkadvertising.org,Female,Ireland,-6.4671298,53.5050031
628,Babb,Mazdon,bmazdonhf@hubpages.com,Female,Ireland,-8.4242597,51.8910459
629,Leslie,Middlehurst,lmiddlehursthg@reference.com,Female,Ireland,-8.4977746,51.8895954
630,Vladamir,Chaster,vchasterhh@soundcloud.com,Male,Ireland,-7.185387,53.158984
631,Duane,Croisier,dcroisierhi@foxnews.com,Male,Ireland,-6.313755,53.366736
632,Hamlen,Shephard,hshephardhj@hhs.gov,Male,Ireland,-7.5011999,53.776647
633,Glori,Macvey,gmacveyhk@multiply.com,Female,Ireland,-6.313755,53.366736
634,Hymie,Navarre,hnavarrehl@wiley.com,Male,Ireland,-6.1884248,53.5879156
635,Raimund,Booler,rboolerhm@comcast.net,Male,Ireland,-8.2817353,54.4771768
636,Garreth,Wilford,gwilfordhn@wired.com,Male,Ireland,-8.642661,52.1361219
637,Annemarie,Glavin,aglavinho@answers.com,Female,Ireland,-7.5011999,53.776647
638,Carly,Dawdry,cdawdryhp@oakley.com,Male,Ireland,-6.2633149,53.377533
639,Maud,Marriner,mmarrinerhq@sohu.com,Genderqueer,Ireland,-8.5070436,54.2109904
640,Wyn,Sibbald,wsibbaldhr@behance.net,Male,Ireland,-8.9775014,52.8314927
641,Judon,Courage,jcouragehs@mozilla.com,Male,Ireland,-6.1349155,53.5834008
642,Cathryn,Lillee,clilleeht@myspace.com,Female,Ireland,-8.1722173,51.9138694
643,Fred,Glabach,fglabachhu@icio.us,Female,Ireland,-9.151825,54.11215
644,Nydia,Fountaine,nfountainehv@irs.gov,Polygender,Ireland,-6.1349155,53.5834008
645,Mathilda,Kincade,mkincadehw@altervista.org,Female,Ireland,-6.2152673,53.3323703
646,Ricardo,Whillock,rwhillockhx@ocn.ne.jp,Male,Ireland,-6.473025,54.0086093
647,Dorothee,Demschke,ddemschkehy@amazon.com,Female,Ireland,-6.336393,53.3122864
648,Chauncey,Cridge,ccridgehz@chicagotribune.com,Male,Ireland,-7.5011999,53.776647
649,Murry,Spencelayh,mspencelayhi0@cargocollective.com,Male,Ireland,-6.3219759,53.2976886
650,Reagen,Battany,rbattanyi1@chron.com,Male,Ireland,-8.2215941,53.0917381
651,Eugen,De Carolis,edecarolisi2@sohu.com,Male,Ireland,-6.2324705,53.3177535
652,Corena,Jeanneau,cjeanneaui3@dailymail.co.uk,Female,Ireland,-6.7449927,53.1310185
653,Heriberto,Davidavidovics,hdavidavidovicsi4@devhub.com,Male,Ireland,-7.8004329,53.7283566
654,Gerianne,Rowan,growani5@reddit.com,Female,Ireland,-6.1215213,53.2724538
655,Tymon,Boni,tbonii6@state.tx.us,Male,Ireland,-6.7515223,53.2888321
656,Robbie,Millbank,rmillbanki7@diigo.com,Female,Ireland,-8.1722173,51.9138694
657,Germain,Brickstock,gbrickstocki8@list-manage.com,Male,Ireland,-6.3048641,53.3284298
658,Charil,O'Carran,cocarrani9@earthlink.net,Female,Ireland,-6.1097188,53.3895926
659,Janela,Jolliffe,jjolliffeia@drupal.org,Female,Ireland,-8.5054897,52.7107501
660,Tabby,MacNeill,tmacneillib@yellowpages.com,Male,Ireland,-6.7515223,53.2888321
661,Verge,Killbey,vkillbeyic@google.ca,Male,Ireland,-7.518792,53.284466
662,Munroe,Leyes,mleyesid@reference.com,Male,Ireland,-6.124065,53.231395
663,Bryna,Chaudrelle,bchaudrelleie@wunderground.com,Female,Ireland,-6.4671298,53.5050031
664,Davie,Bayston,dbaystonif@aboutads.info,Male,Ireland,-7.9027266,53.4148582
665,Cordelie,Davidson,cdavidsonig@nature.com,Bigender,Ireland,-8.334953,51.8610022
666,Louie,Toupe,ltoupeih@washingtonpost.com,Male,Ireland,-8.4824714,51.8862378
667,Katrina,Scrivner,kscrivnerii@devhub.com,Female,Ireland,-8.83565,53.49417
668,Patrizius,McMenamy,pmcmenamyij@nymag.com,Male,Ireland,-6.2755912,53.3500473
669,Crosby,Eckersall,ceckersallik@newyorker.com,Male,Ireland,-8.334953,51.8610022
670,Theodora,McAdam,tmcadamil@mysql.com,Female,Ireland,-6.9711886,53.916791
671,Tori,Bewlay,tbewlayim@paginegialle.it,Female,Ireland,-6.3422325,53.719155
672,Nadya,Myles,nmylesin@clickbank.net,Female,Ireland,-6.1157412,53.2774963
673,Ezechiel,Petruk,epetrukio@addtoany.com,Male,Ireland,-6.5899765,52.176031
674,Georgeanna,Willavoys,gwillavoysip@squarespace.com,Female,Ireland,-6.4202878,54.0026343
675,Carlin,Spellacy,cspellacyiq@si.edu,Female,Ireland,-7.74208,54.70972
676,Tris,Fairholme,tfairholmeir@shareasale.com,Male,Ireland,-8.8562835,53.510243
677,Joceline,Mitkcov,jmitkcovis@eepurl.com,Female,Ireland,-7.5011999,53.776647
678,Kassia,Winram,kwinramit@weibo.com,Female,Ireland,-6.1644997,53.4266145
679,Merell,Rosensaft,mrosensaftiu@bbc.co.uk,Male,Ireland,-8.9342111,52.182304
680,Ivette,Baptiste,ibaptisteiv@aboutads.info,Female,Ireland,-7.2314132,54.1794814
681,Tymon,Abramof,tabramofiw@bloglines.com,Non-binary,Ireland,-6.2398782,53.32112
682,Silvan,Greydon,sgreydonix@slate.com,Male,Ireland,-6.3539424,53.3666338
683,Si,Esler,sesleriy@shareasale.com,Male,Ireland,-6.5853664,53.378253
684,Sidney,Cronk,scronkiz@google.fr,Male,Ireland,-9.1115941,51.7203863
685,Larry,Erridge,lerridgej0@yandex.ru,Male,Ireland,-6.1215213,53.2724538
686,Pearline,Sidey,psideyj1@time.com,Female,Ireland,-6.2057463,53.3870149
687,Tamera,Rissom,trissomj2@canalblog.com,Female,Ireland,-8.5054897,52.7107501
688,Care,Galfour,cgalfourj3@over-blog.com,Male,Ireland,-8.83565,53.49417
689,Evelina,McLane,emclanej4@apache.org,Female,Ireland,-9.268589,51.549106
690,Caritta,Vanichev,cvanichevj5@woothemes.com,Bigender,Ireland,-6.3828795,53.385304
691,Kale,Legate,klegatej6@posterous.com,Male,Ireland,-6.64937,54.10269
692,Rinaldo,McLernon,rmclernonj7@msn.com,Male,Ireland,-6.2340942,53.2993199
693,Amil,Stirton,astirtonj8@sfgate.com,Female,Ireland,-8.8562835,53.510243
694,Bari,Beevens,bbeevensj9@google.cn,Female,Ireland,-8.83565,53.49417
695,Georas,Rickford,grickfordja@dropbox.com,Male,Ireland,-6.2340942,53.2993199
696,Angelle,Knaggs,aknaggsjb@prnewswire.com,Female,Ireland,-8.5111664,51.8858819
697,Demott,Thews,dthewsjc@europa.eu,Male,Ireland,-8.5047067,51.8830697
698,Darryl,Ferrelli,dferrellijd@eepurl.com,Female,Ireland,-8.9791425,52.8638391
699,Forester,Tapsell,ftapsellje@oakley.com,Agender,Ireland,-8.5171384,51.876873
700,Zachery,Rogerot,zrogerotjf@163.com,Male,Ireland,-6.2554371,53.2767301
701,Jocko,Willgoose,jwillgoosejg@unesco.org,Male,Ireland,-8.2755058,52.2627273
702,Coralyn,Maffetti,cmaffettijh@over-blog.com,Female,Ireland,-6.2611953,53.3881832
703,Marlo,Udall,mudallji@joomla.org,Female,Ireland,-6.391149,53.8996586
704,Felita,Lount,flountjj@altervista.org,Female,Ireland,-6.2071246,53.4562426
705,Antonio,Bernadon,abernadonjk@jigsy.com,Male,Ireland,-6.176659,53.4487975
706,Gilligan,Wathan,gwathanjl@dot.gov,Female,Ireland,-6.3660863,53.2874153
707,Richie,Klimochkin,rklimochkinjm@nhs.uk,Male,Ireland,-6.4241156,53.7369009
708,Eulalie,Grieves,egrievesjn@jimdo.com,Female,Ireland,-7.1297243,52.2509369
709,Tim,Breen,tbreenjo@ustream.tv,Male,Ireland,-9.268589,51.549106
710,Zeb,Franceschi,zfranceschijp@wikipedia.org,Male,Ireland,-7.0943023,54.2694844
711,Amitie,Alps,aalpsjq@usnews.com,Female,Ireland,-6.3660863,53.2874153
712,Janeczka,Plumm,jplummjr@51.la,Female,Ireland,-8.6346959,53.7423435
713,Lind,Pavkovic,lpavkovicjs@reddit.com,Male,Ireland,-6.3695384,53.3734053
714,Ly,Joanaud,ljoanaudjt@adobe.com,Male,Ireland,-6.2398782,53.32112
715,Tremayne,Heggie,theggieju@salon.com,Male,Ireland,-6.9692181,52.7009338
716,Dominique,Woolam,dwoolamjv@google.pl,Male,Ireland,-8.8950821,52.7604883
717,Lucien,Setchfield,lsetchfieldjw@japanpost.jp,Male,Ireland,-8.5369154,52.6681994
718,Olia,Watling,owatlingjx@networkadvertising.org,Female,Ireland,-7.1297243,52.2509369
719,Hali,Harkus,hharkusjy@fastcompany.com,Female,Ireland,-9.268589,51.549106
720,Cordelia,Yerrington,cyerringtonjz@networkadvertising.org,Female,Ireland,-7.0833118,52.2413206
721,Tessy,Adamson,tadamsonk0@privacy.gov.au,Female,Ireland,-9.0197835,53.2736466
722,Silvester,Cullabine,scullabinek1@shop-pro.jp,Polygender,Ireland,-6.1349155,53.5834008
723,Stewart,Cronk,scronkk2@columbia.edu,Non-binary,Ireland,-8.8950821,52.7604883
724,Dewain,Mairs,dmairsk3@wikispaces.com,Male,Ireland,-6.67045,53.213319
725,Brigitta,Lindelof,blindelofk4@xinhuanet.com,Female,Ireland,-8.4824714,51.8862378
726,Eran,Balentyne,ebalentynek5@nature.com,Female,Ireland,-6.1920933,53.3916434
727,Dorthea,Ranson,dransonk6@baidu.com,Female,Ireland,-8.9791425,52.8638391
728,Desmund,Snowling,dsnowlingk7@berkeley.edu,Male,Ireland,-6.67045,53.213319
729,Anstice,McPhilip,amcphilipk8@gnu.org,Agender,Ireland,-6.0690645,53.1257486
730,Dorena,Tod,dtodk9@pen.io,Female,Ireland,-6.6633404,53.2492381
731,Yoshi,Jeenes,yjeeneska@earthlink.net,Female,Ireland,-8.3545704,52.5593605
732,Veronique,Olohan,volohankb@privacy.gov.au,Female,Ireland,-6.3660863,53.2874153
733,Annaliese,Friedlos,afriedloskc@noaa.gov,Female,Ireland,-8.9775014,52.8314927
734,Sascha,Padefield,spadefieldkd@ft.com,Female,Ireland,-8.3545704,52.5593605
735,Gus,Commings,gcommingske@vkontakte.ru,Non-binary,Ireland,-6.3695384,53.3734053
736,Panchito,Docharty,pdochartykf@sogou.com,Male,Ireland,-6.5853664,53.378253
737,Adorne,Sawyer,asawyerkg@bloglovin.com,Female,Ireland,-6.3828795,53.385304
738,Charil,McMurty,cmcmurtykh@bravesites.com,Female,Ireland,-6.5899765,52.176031
739,Ethelin,Statersfield,estatersfieldki@mail.ru,Female,Ireland,-6.1136478,53.2121335
740,Pattin,Grimestone,pgrimestonekj@ifeng.com,Male,Ireland,-6.2071246,53.4562426
741,Bendick,Boyle,bboylekk@etsy.com,Male,Ireland,-6.3219759,53.2976886
742,Yorker,Brinson,ybrinsonkl@skype.com,Male,Ireland,-9.151825,54.11215
743,Manny,Neljes,mneljeskm@ucsd.edu,Genderfluid,Ireland,-8.5369154,52.6681994
744,Ruby,Golt,rgoltkn@accuweather.com,Female,Ireland,-8.9821467,52.8498651
745,Nata,Hemmingway,nhemmingwayko@ftc.gov,Female,Ireland,-6.3695384,53.3734053
746,Daisie,Alenikov,dalenikovkp@ow.ly,Polygender,Ireland,-6.2324705,53.3177535
747,Rollins,Torald,rtoraldkq@prweb.com,Male,Ireland,-6.266734,53.3829319
748,Gabriel,Kimbrey,gkimbreykr@vk.com,Male,Ireland,-6.218069,53.374266
749,Armin,Finnan,afinnanks@youku.com,Male,Ireland,-6.9711886,53.916791
750,Lucius,Nellen,lnellenkt@4shared.com,Male,Ireland,-9.4904891,52.6396679
751,Raymond,Wolland,rwollandku@weather.com,Male,Ireland,-6.1603828,53.2599034
752,Cacilie,Allenson,callensonkv@guardian.co.uk,Female,Ireland,-6.133718,53.291512
753,Reina,Challace,rchallacekw@china.com.cn,Female,Ireland,-8.1722002,54.3051891
754,Kirk,Huband,khubandkx@stanford.edu,Male,Ireland,-6.4887534,53.3653866
755,Gerri,Vazquez,gvazquezky@domainmarket.com,Male,Ireland,-8.8562835,53.510243
756,Spenser,Beert,sbeertkz@dyndns.org,Male,Ireland,-10.0320886,54.2223118
757,Cristi,Britnell,cbritnelll0@hexun.com,Female,Ireland,-8.5047067,51.8830697
758,Nichole,Rossiter,nrossiterl1@google.ru,Female,Ireland,-6.1544115,53.4855448
759,Karrah,Maydway,kmaydwayl2@angelfire.com,Female,Ireland,-6.2071246,53.4562426
760,Adore,Chaffe,achaffel3@dyndns.org,Female,Ireland,-7.9027266,53.4148582
761,Bernard,Fludgate,bfludgatel4@livejournal.com,Male,Ireland,-6.163027,53.2339841
762,Harlan,Tregunna,htregunnal5@yellowbook.com,Male,Ireland,-8.9342111,52.182304
763,Mendy,Ketley,mketleyl6@apache.org,Male,Ireland,-6.1920933,53.3916434
764,Orsola,Rockhill,orockhilll7@stanford.edu,Female,Ireland,-8.1722173,51.9138694
765,Chiarra,Fright,cfrightl8@apache.org,Female,Ireland,-8.9791425,52.8638391
766,Thurstan,Veljes,tveljesl9@pinterest.com,Non-binary,Ireland,-7.606287,53.6972399
767,Aggie,Howis,ahowisla@nyu.edu,Female,Ireland,-6.3048641,53.3284298
768,Con,Matthensen,cmatthensenlb@dagondesign.com,Female,Ireland,-6.3077823,53.3655256
769,Quintin,Kordes,qkordeslc@wordpress.com,Male,Ireland,-9.0197835,53.2736466
770,Brucie,Jenkin,bjenkinld@businesswire.com,Male,Ireland,-6.6633404,53.2492381
771,Simona,Helleckas,shelleckasle@baidu.com,Female,Ireland,-7.5717688,52.1045472
772,Kerby,Divell,kdivelllf@google.ru,Male,Ireland,-6.163027,53.2339841
773,Fleming,McFfaden,fmcffadenlg@wix.com,Male,Ireland,-7.888894,52.516323
774,Agretha,Randles,arandleslh@google.ca,Female,Ireland,-6.1136478,53.2121335
775,Gibb,Kirkbright,gkirkbrightli@dedecms.com,Male,Ireland,-8.9480659,53.940892
776,Terencio,Williment,twillimentlj@ezinearticles.com,Male,Ireland,-8.337871,52.0097259
777,Thayne,Wedmore.,twedmorelk@delicious.com,Male,Ireland,-6.374155,53.3223974
778,Yves,Turrell,yturrellll@google.com.au,Male,Ireland,-6.1822287,53.3788495
779,Nigel,Leah,nleahlm@seesaa.net,Male,Ireland,-8.5070436,54.2109904
780,Iain,Wager,iwagerln@bbc.co.uk,Male,Ireland,-6.67045,53.213319
781,Jordan,Conboy,jconboylo@ibm.com,Female,Ireland,-6.1822287,53.3788495
782,Andreana,Lewerenz,alewerenzlp@latimes.com,Female,Ireland,-6.1979853,53.3046353
783,Maribelle,Dickings,mdickingslq@japanpost.jp,Female,Ireland,-8.05,51.9166667
784,Inigo,Schoales,ischoaleslr@scientificamerican.com,Male,Ireland,-6.3539424,53.3666338
785,Pablo,Bradder,pbradderls@booking.com,Male,Ireland,-6.9898366,53.2265199
786,Peder,Hudghton,phudghtonlt@tuttocitta.it,Male,Ireland,-6.9711886,53.916791
787,Kamillah,Hansill,khansilllu@amazonaws.com,Female,Ireland,-6.1157412,53.2774963
788,Berny,Antognetti,bantognettilv@opera.com,Male,Ireland,-9.0248232,53.2760162
789,Danielle,Alexsandrev,dalexsandrevlw@smh.com.au,Female,Ireland,-8.8950821,52.7604883
790,Sonnie,Duke,sdukelx@sphinn.com,Female,Ireland,-9.7850991,52.1058991
791,Cassy,Rugieri,crugierily@xing.com,Female,Ireland,-6.133718,53.291512
792,Fitzgerald,Persence,fpersencelz@homestead.com,Male,Ireland,-6.308522,52.665267
793,Nikaniki,Fitzsimon,nfitzsimonm0@delicious.com,Female,Ireland,-6.7449927,53.1310185
794,Miof mela,Scarsbrooke,mscarsbrookem1@kickstarter.com,Female,Ireland,-6.2398782,53.32112
795,Julio,Chung,jchungm2@privacy.gov.au,Male,Ireland,-6.1136478,53.2121335
796,Eduardo,Ilott,eilottm3@berkeley.edu,Male,Ireland,-8.8562835,53.510243
797,Theda,Jurewicz,tjurewiczm4@amazon.co.uk,Bigender,Ireland,-8.5054897,52.7107501
798,Erl,Larroway,elarrowaym5@mashable.com,Male,Ireland,-8.5047067,51.8830697
799,Manuel,Shooter,mshooterm6@intel.com,Male,Ireland,-8.9821467,52.8498651
800,Sayers,Espada,sespadam7@berkeley.edu,Male,Ireland,-6.0704904,53.1286984
801,Walliw,Huckster,whucksterm8@ox.ac.uk,Female,Ireland,-6.6633404,53.2492381
802,Correna,Fallowfield,cfallowfieldm9@instagram.com,Female,Ireland,-8.2817353,54.4771768
803,Livia,Stickney,lstickneyma@jalbum.net,Female,Ireland,-8.958931,51.904635
804,Lauri,Whitmore,lwhitmoremb@weather.com,Female,Ireland,-6.0690645,53.1257486
805,Ky,Lathan,klathanmc@toplist.cz,Male,Ireland,-8.6340751,52.6638144
806,Cordula,Littrell,clittrellmd@yahoo.com,Female,Ireland,-7.9428197,53.4231032
807,Dulcinea,Hunnywell,dhunnywellme@over-blog.com,Female,Ireland,-9.4904891,52.6396679
808,Melesa,Dukesbury,mdukesburymf@timesonline.co.uk,Female,Ireland,-8.9775014,52.8314927
809,Rodolph,Pitkaithly,rpitkaithlymg@google.co.uk,Male,Ireland,-8.4627451,54.25645
810,Dodi,Freund,dfreundmh@themeforest.net,Female,Ireland,-8.259128,51.908209
811,Leif,Beavon,lbeavonmi@rakuten.co.jp,Male,Ireland,-8.298942,51.848898
812,Boothe,Nannoni,bnannonimj@printfriendly.com,Male,Ireland,-7.518792,53.284466
813,Walker,Boscher,wboschermk@nature.com,Male,Ireland,-6.1820563,53.3786861
814,Maximilianus,Chaperlin,mchaperlinml@google.cn,Male,Ireland,-8.3545704,52.5593605
815,Yard,MacVicar,ymacvicarmm@jigsy.com,Male,Ireland,-6.1920933,53.3916434
816,Garfield,Bello,gbellomn@businessweek.com,Male,Ireland,-6.3695384,53.3734053
817,Eugene,Hayer,ehayermo@eepurl.com,Male,Ireland,-8.642661,52.1361219
818,Paxton,Wivell,pwivellmp@sun.com,Male,Ireland,-6.1884248,53.5879156
819,Alaine,Lownes,alownesmq@slate.com,Bigender,Ireland,-9.5003786,52.4458588
820,Roderick,Bethell,rbethellmr@jiathis.com,Male,Ireland,-6.2429997,53.7902634
821,Benedikta,Minker,bminkerms@squidoo.com,Female,Ireland,-6.163027,53.2339841
822,Shelley,Maultby,smaultbymt@mac.com,Male,Ireland,-6.3422325,53.719155
823,Sidnee,Flowitt,sflowittmu@trellian.com,Non-binary,Ireland,-80.7087609,35.7797381
824,Hailey,Kegan,hkeganmv@fda.gov,Male,Ireland,-6.1942058,53.3604483
825,Winthrop,Abbati,wabbatimw@bloglovin.com,Male,Ireland,-6.9711886,53.916791
826,Cathrine,Dionsetto,cdionsettomx@devhub.com,Female,Ireland,-6.4671298,53.5050031
827,Caroljean,Rocca,croccamy@buzzfeed.com,Female,Ireland,-8.3545704,52.5593605
828,Barnie,Voak,bvoakmz@barnesandnoble.com,Male,Ireland,-6.2152673,53.3323703
829,Wilfrid,Bendik,wbendikn0@globo.com,Male,Ireland,-80.7087609,35.7797381
830,Selina,Mangam,smangamn1@google.co.uk,Female,Ireland,-8.4784945,51.8815586
831,Marline,Dimbleby,mdimblebyn2@multiply.com,Female,Ireland,-8.4977746,51.8895954
832,Cherilyn,Hafner,chafnern3@alexa.com,Female,Ireland,-8.2755058,52.2627273
833,Gray,Polk,gpolkn4@omniture.com,Female,Ireland,-7.8434254,51.949401
834,Francklyn,Bamlett,fbamlettn5@themeforest.net,Male,Ireland,-8.298942,51.848898
835,Fern,Sowersby,fsowersbyn6@shinystat.com,Female,Ireland,-8.5171384,51.876873
836,Cammy,Deaville,cdeavillen7@acquirethisname.com,Male,Ireland,-6.2071246,53.4562426
837,Phedra,Sillito,psilliton8@seesaa.net,Female,Ireland,-6.124065,53.231395
838,Dru,MacFarland,dmacfarlandn9@elpais.com,Female,Ireland,-8.642661,52.1361219
839,Rad,Whyard,rwhyardna@umn.edu,Male,Ireland,-6.1822287,53.3788495
840,Cameron,Koubek,ckoubeknb@youtube.com,Male,Ireland,-6.5028415,53.3806398
841,Ira,Di Ruggero,idiruggeronc@wikipedia.org,Male,Ireland,-6.308522,52.665267
842,Hughie,Jesteco,hjestecond@ebay.co.uk,Male,Ireland,-9.1097137,53.2582868
843,Reube,Hazelby,rhazelbyne@theatlantic.com,Male,Ireland,-8.05,51.9166667
844,Sarina,Swadlinge,sswadlingenf@go.com,Female,Ireland,-8.9775014,52.8314927
845,Hephzibah,Burdell,hburdellng@prweb.com,Female,Ireland,-6.2429997,53.7902634
846,Giorgio,Rawnsley,grawnsleynh@goodreads.com,Non-binary,Ireland,-6.133718,53.291512
847,Natalee,Lanchbury,nlanchburyni@wikipedia.org,Female,Ireland,-8.9342111,52.182304
848,Hendrick,Widdowfield,hwiddowfieldnj@vinaora.com,Genderfluid,Ireland,-8.259128,51.908209
849,Storm,Lingard,slingardnk@pcworld.com,Female,Ireland,-7.5717688,52.1045472
850,Madalena,Georgelin,mgeorgelinnl@webs.com,Female,Ireland,-6.391149,53.8996586
851,Nedi,Sandys,nsandysnm@ucoz.com,Female,Ireland,-6.3219759,53.2976886
852,Barnard,Chisman,bchismannn@china.com.cn,Male,Ireland,-8.4977746,51.8895954
853,Adriana,Sarfat,asarfatno@fc2.com,Female,Ireland,-6.3539424,53.3666338
854,Patin,Pine,ppinenp@linkedin.com,Male,Ireland,-6.2755912,53.3500473
855,Alikee,Crudgington,acrudgingtonnq@bigcartel.com,Female,Ireland,-10.0320886,54.2223118
856,Vinnie,Crayk,vcrayknr@mysql.com,Female,Ireland,-6.9711886,53.916791
857,Saxe,Langstone,slangstonens@cargocollective.com,Male,Ireland,-6.2890702,53.3201497
858,Candida,Skitteral,cskitteralnt@usatoday.com,Female,Ireland,-6.1011147,53.2000455
859,Monah,Cristofano,mcristofanonu@shutterfly.com,Female,Ireland,-9.1327273,53.806868
860,Richart,Franzonello,rfranzonellonv@shutterfly.com,Male,Ireland,-6.0690645,53.1257486
861,Susi,Duignan,sduignannw@t.co,Female,Ireland,-6.2387374,53.3141205
862,Calley,Tolerton,ctolertonnx@4shared.com,Female,Ireland,-6.4008792,53.9215606
863,Donnajean,Keerl,dkeerlny@businesswire.com,Female,Ireland,-6.3077823,53.3655256
864,Alexandr,Berkelay,aberkelaynz@thetimes.co.uk,Male,Ireland,-8.9775014,52.8314927
865,Lelia,Bierton,lbiertono0@ask.com,Non-binary,Ireland,-7.297914,54.026345
866,Muhammad,Worvill,mworvillo1@nature.com,Male,Ireland,-8.259128,51.908209
867,Fiona,Flancinbaum,fflancinbaumo2@toplist.cz,Genderfluid,Ireland,-6.3695384,53.3734053
868,Ardyth,Possel,aposselo3@discuz.net,Female,Ireland,-6.139018,53.171935
869,Silvio,Bickerstaffe,sbickerstaffeo4@goodreads.com,Agender,Ireland,-7.9027266,53.4148582
870,Pepillo,Jonczyk,pjonczyko5@epa.gov,Male,Ireland,-6.2057463,53.3870149
871,Antonia,Reuben,areubeno6@gnu.org,Female,Ireland,-9.448724,51.680591
872,Kalil,Giacopello,kgiacopelloo7@oaic.gov.au,Male,Ireland,-8.5171384,51.876873
873,Robbert,MacEvilly,rmacevillyo8@istockphoto.com,Male,Ireland,-6.2508196,53.2866372
874,Sigismundo,Fittis,sfittiso9@addtoany.com,Male,Ireland,-9.0288689,53.2737147
875,Davy,Mitkov,dmitkovoa@icq.com,Male,Ireland,-6.1822287,53.3788495
876,Haven,Lantuff,hlantuffob@toplist.cz,Male,Ireland,-8.4784945,51.8815586
877,Fair,Defont,fdefontoc@ocn.ne.jp,Male,Ireland,-6.1603828,53.2599034
878,Arvy,Juster,ajusterod@mapquest.com,Genderqueer,Ireland,-6.1097188,53.3895926
879,Nicol,Trett,ntrettoe@dot.gov,Genderfluid,Ireland,-7.1111732,52.2513095
880,Milicent,Rodgier,mrodgierof@vk.com,Female,Ireland,-8.2001004,52.86326
881,Sim,Cowthard,scowthardog@microsoft.com,Male,Ireland,-6.1215213,53.2724538
882,Laraine,McGurn,lmcgurnoh@skype.com,Female,Ireland,-6.1544115,53.4855448
883,Kalle,Jarrard,kjarrardoi@cbslocal.com,Male,Ireland,-6.7515223,53.2888321
884,Virgil,Easbie,veasbieoj@geocities.jp,Genderfluid,Ireland,-6.5899765,52.176031
885,Horatius,Brosini,hbrosiniok@yahoo.co.jp,Male,Ireland,-8.8562835,53.510243
886,Ysabel,Bristo,ybristool@apache.org,Polygender,Ireland,-6.2892907,53.310122
887,Carlee,Gameson,cgamesonom@ocn.ne.jp,Female,Ireland,-6.3506335,53.2911347
888,Wilhelmine,Weatherburn,wweatherburnon@ibm.com,Genderfluid,Ireland,-6.3828795,53.385304
889,Gaven,Aspital,gaspitaloo@oaic.gov.au,Male,Ireland,-7.2314132,54.1794814
890,Briant,Corbyn,bcorbynop@omniture.com,Male,Ireland,-6.4671298,53.5050031
891,Remus,Bryson,rbrysonoq@about.me,Male,Ireland,-6.3828795,53.385304
892,Tedmund,Dilliston,tdillistonor@berkeley.edu,Male,Ireland,-6.1097188,53.3895926
893,Dominica,Cubbit,dcubbitos@ocn.ne.jp,Female,Ireland,-6.5924609,53.2482376
894,Kayla,MacClancey,kmacclanceyot@pinterest.com,Female,Ireland,-6.139018,53.171935
895,Vera,Wadhams,vwadhamsou@edublogs.org,Female,Ireland,-6.4496384,53.3582341
896,Uriah,Ewen,uewenov@rakuten.co.jp,Male,Ireland,-8.334953,51.8610022
897,Adrianne,Petris,apetrisow@ow.ly,Female,Ireland,-8.445614,51.8885086
898,Orella,Hubbert,ohubbertox@omniture.com,Female,Ireland,-9.1097137,53.2582868
899,Ber,Gouck,bgouckoy@dion.ne.jp,Male,Ireland,-8.5047067,51.8830697
900,Andrea,Doyle,adoyleoz@theguardian.com,Female,Ireland,-6.2398782,53.32112
901,Ermin,Gleed,egleedp0@goo.ne.jp,Male,Ireland,-8.3929404,51.8113447
902,Gianna,Hanse,ghansep1@bandcamp.com,Female,Ireland,-7.9027266,53.4148582
903,Trev,Liddon,tliddonp2@dropbox.com,Male,Ireland,-8.3545704,52.5593605
904,Drake,Biddulph,dbiddulphp3@uiuc.edu,Male,Ireland,-8.259128,51.908209
905,Meta,Gell,mgellp4@techcrunch.com,Female,Ireland,-6.391149,53.8996586
906,Benedicto,Jaycock,bjaycockp5@lycos.com,Male,Ireland,-6.5899765,52.176031
907,Sharl,Gallgher,sgallgherp6@woothemes.com,Female,Ireland,-8.5054897,52.7107501
908,Delmor,Walbrook,dwalbrookp7@vistaprint.com,Male,Ireland,-7.185387,53.158984
909,Spike,Saice,ssaicep8@squarespace.com,Male,Ireland,-7.888894,52.516323
910,Hillard,Leighton,hleightonp9@bandcamp.com,Non-binary,Ireland,-8.6346959,53.7423435
911,Audy,Fishby,afishbypa@telegraph.co.uk,Female,Ireland,-8.5946591,54.632283
912,Olia,Sango,osangopb@reverbnation.com,Female,Ireland,-7.1297243,52.2509369
913,Dara,Besse,dbessepc@google.de,Female,Ireland,-6.3422325,53.719155
914,Carmella,Barnewelle,cbarnewellepd@technorati.com,Female,Ireland,-6.67045,53.213319
915,Dina,Drinkhill,ddrinkhillpe@diigo.com,Female,Ireland,-6.1349155,53.5834008
916,Chrisse,Banstead,cbansteadpf@biblegateway.com,Male,Ireland,-7.2979911,53.6785169
917,Lindon,Coltart,lcoltartpg@feedburner.com,Male,Ireland,-6.139018,53.171935
918,Hector,Fronczak,hfronczakph@merriam-webster.com,Male,Ireland,-6.1157412,53.2774963
919,Laird,Lawrenceson,llawrencesonpi@theatlantic.com,Bigender,Ireland,-8.8950821,52.7604883
920,Johnette,McLevie,jmcleviepj@deviantart.com,Female,Ireland,-7.74208,54.70972
921,Garret,Mollatt,gmollattpk@mediafire.com,Male,Ireland,-6.1072403,53.2780047
922,Crin,Lamacraft,clamacraftpl@histats.com,Female,Ireland,-8.5369154,52.6681994
923,Bartolomeo,Braley,bbraleypm@slideshare.net,Male,Ireland,-8.5111664,51.8858819
924,Giavani,Balderson,gbaldersonpn@accuweather.com,Male,Ireland,-6.2057463,53.3870149
925,Shurlocke,Bernadzki,sbernadzkipo@dailymail.co.uk,Male,Ireland,-6.1920933,53.3916434
926,Henri,Allberry,hallberrypp@ca.gov,Male,Ireland,-7.0943023,54.2694844
927,Maxie,Karpeev,mkarpeevpq@netvibes.com,Female,Ireland,-8.642661,52.1361219
928,Welby,Rhelton,wrheltonpr@hatena.ne.jp,Male,Ireland,-6.473025,54.0086093
929,Roscoe,Bower,rbowerps@aol.com,Male,Ireland,-6.3077823,53.3655256
930,Ermina,Coatham,ecoathampt@nationalgeographic.com,Female,Ireland,-8.2969737,53.9735591
931,Coralyn,Geistbeck,cgeistbeckpu@amazonaws.com,Female,Ireland,-6.473025,54.0086093
932,Brady,Di Roberto,bdirobertopv@homestead.com,Male,Ireland,-8.3545704,52.5593605
933,Dorian,Poynser,dpoynserpw@rakuten.co.jp,Male,Ireland,-6.313755,53.366736
934,Dianne,Persehouse,dpersehousepx@deviantart.com,Female,Ireland,-6.3219759,53.2976886
935,Tonie,Vassall,tvassallpy@digg.com,Female,Ireland,-6.251714,53.3169419
936,Aksel,Turbard,aturbardpz@ucoz.ru,Male,Ireland,-7.269174,55.0650892
937,Gardy,Spohr,gspohrq0@amazon.com,Male,Ireland,-6.266734,53.3829319
938,Othilia,Kastel,okastelq1@yandex.ru,Female,Ireland,-8.9706844,52.6004448
939,Lezley,Stawell,lstawellq2@flickr.com,Male,Ireland,-6.1011147,53.2000455
940,Jenn,Karolyi,jkarolyiq3@bloglovin.com,Female,Ireland,-8.5369154,52.6681994
941,Tedd,Kaubisch,tkaubischq4@wufoo.com,Male,Ireland,-6.5899765,52.176031
942,Ericha,Dickins,edickinsq5@example.com,Female,Ireland,-8.1722173,51.9138694
943,Kristy,Houndsom,khoundsomq6@moonfruit.com,Female,Ireland,-6.5028415,53.3806398
944,Lyda,Twallin,ltwallinq7@ifeng.com,Polygender,Ireland,-6.366762,53.2987724
945,Devonne,Marte,dmarteq8@eepurl.com,Female,Ireland,-6.1822287,53.3788495
946,Suzy,Crawley,scrawleyq9@dailymail.co.uk,Female,Ireland,-6.1136478,53.2121335
947,Rozalin,Cadell,rcadellqa@fema.gov,Female,Ireland,-6.3660863,53.2874153
948,Alessandro,Tettley,atettleyqb@nsw.gov.au,Male,Ireland,-7.9428197,53.4231032
949,Mel,Valerio,mvalerioqc@cisco.com,Male,Ireland,-6.3049392,53.3021194
950,Aurlie,Pasterfield,apasterfieldqd@quantcast.com,Female,Ireland,-7.518792,53.284466
951,Imojean,Shiel,ishielqe@msn.com,Female,Ireland,-8.9480659,53.940892
952,Parker,Esp,pespqf@tmall.com,Male,Ireland,-7.0472382,52.9480781
953,Sebastiano,D'Ugo,sdugoqg@xinhuanet.com,Male,Ireland,-6.2340942,53.2993199
954,Carly,Michelotti,cmichelottiqh@cocolog-nifty.com,Female,Ireland,-7.518792,53.284466
955,Modestine,Landman,mlandmanqi@sciencedaily.com,Bigender,Ireland,-6.124065,53.231395
956,Roz,Kennicott,rkennicottqj@auda.org.au,Female,Ireland,-9.0288689,53.2737147
957,Hadleigh,Pellamonuten,hpellamonutenqk@yelp.com,Male,Ireland,-9.4904891,52.6396679
958,Charley,Valentinuzzi,cvalentinuzziql@chicagotribune.com,Male,Ireland,-9.268589,51.549106
959,Merrill,Della,mdellaqm@google.pl,Female,Ireland,-6.1920933,53.3916434
960,Carey,Camili,ccamiliqn@ucoz.com,Female,Ireland,-6.139018,53.171935
961,Shirl,Margetts,smargettsqo@360.cn,Agender,Ireland,-6.313755,53.366736
962,Dag,Mara,dmaraqp@barnesandnoble.com,Male,Ireland,-6.2071246,53.4562426
963,Rorie,Jeskins,rjeskinsqq@soup.io,Non-binary,Ireland,-7.7655701,53.5650926
964,Haleigh,Dorricott,hdorricottqr@nasa.gov,Male,Ireland,-6.0704904,53.1286984
965,Chere,Burberow,cburberowqs@sogou.com,Female,Ireland,-8.9480659,53.940892
966,Norris,Borth,nborthqt@flickr.com,Male,Ireland,-9.1327273,53.806868
967,Basilio,Wisniowski,bwisniowskiqu@salon.com,Male,Ireland,-6.67045,53.213319
968,Marilee,Pieracci,mpieracciqv@amazon.de,Female,Ireland,-6.5028415,53.3806398
969,Sabra,Bottoner,sbottonerqw@earthlink.net,Female,Ireland,-9.1327273,53.806868
970,Gertrudis,Turbard,gturbardqx@a8.net,Female,Ireland,-9.151825,54.11215
971,Jim,Harefoot,jharefootqy@domainmarket.com,Male,Ireland,-6.4496384,53.3582341
972,Wandis,Gronauer,wgronauerqz@feedburner.com,Female,Ireland,-6.3219759,53.2976886
973,Edgar,Howis,ehowisr0@pagesperso-orange.fr,Male,Ireland,-6.163027,53.2339841
974,Stephi,Oolahan,soolahanr1@time.com,Genderqueer,Ireland,-6.176659,53.4487975
975,Vinni,Verrico,vverricor2@google.com.hk,Female,Ireland,-9.0197835,53.2736466
976,Bryan,Shields,bshieldsr3@wunderground.com,Male,Ireland,-6.264963,53.3897152
977,Blaire,Plomer,bplomerr4@amazon.co.jp,Female,Ireland,-7.518792,53.284466
978,Ginger,Goodey,ggoodeyr5@ovh.net,Male,Ireland,-6.176659,53.4487975
979,Lorain,Trenouth,ltrenouthr6@icq.com,Female,Ireland,-6.4496384,53.3582341
980,Bambi,Conyard,bconyardr7@phoca.cz,Female,Ireland,-7.1111732,52.2513095
981,Billie,Polet,bpoletr8@cyberchimps.com,Female,Ireland,-9.7359765,54.1433253
982,Nilson,Pickard,npickardr9@goo.gl,Male,Ireland,-8.3929404,51.8113447
983,Sheffie,Maxted,smaxtedra@uol.com.br,Male,Ireland,-6.2755912,53.3500473
984,Olivie,Alenikov,oalenikovrb@bandcamp.com,Female,Ireland,-80.7087609,35.7797381
985,Royce,Revel,rrevelrc@bizjournals.com,Male,Ireland,-8.9775014,52.8314927
986,Hinda,Cahani,hcahanird@businessinsider.com,Female,Ireland,-6.313755,53.366736
987,Krispin,Bertram,kbertramre@amazon.com,Male,Ireland,-9.1327273,53.806868
988,Faunie,Cissell,fcissellrf@admin.ch,Genderqueer,Ireland,-6.2057463,53.3870149
989,Prudy,Timms,ptimmsrg@apache.org,Female,Ireland,-6.391149,53.8996586
990,Rhea,Scroyton,rscroytonrh@cloudflare.com,Female,Ireland,-10.0320886,54.2223118
991,Larine,Gilsthorpe,lgilsthorperi@intel.com,Female,Ireland,-6.1097188,53.3895926
992,Anneliese,Klampt,aklamptrj@booking.com,Female,Ireland,-6.1097188,53.3895926
993,Zacharie,Mansuer,zmansuerrk@cdbaby.com,Male,Ireland,-6.1011147,53.2000455
994,Lewes,McQuarter,lmcquarterrl@bloglines.com,Male,Ireland,-6.1942058,53.3604483
995,Cristen,Runsey,crunseyrm@cloudflare.com,Female,Ireland,-9.159604,53.302644
996,Sibyl,Willison,swillisonrn@discuz.net,Male,Ireland,-6.64937,54.10269
997,Dulcia,Newlyn,dnewlynro@bandcamp.com,Female,Ireland,-6.2057463,53.3870149
998,Nelia,Farn,nfarnrp@wufoo.com,Female,Ireland,-6.374155,53.3223974
999,Michal,Belleny,mbellenyrq@tripadvisor.com,Male,Ireland,-8.5171384,51.876873
1000,Cecil,Nice,cnicerr@indiatimes.com,Male,Ireland,-6.3506335,53.2911347
