id,first_name,last_name,email,gender,country,lon,lat
1,Nero,Sowray,nsowray0@moonfruit.com,Male,Ireland,-9.268589,51.549106
2,Laughton,Titmus,ltitmus1@com.com,Male,Ireland,-8.3929404,51.8113447
3,Ignaz,Organer,iorganer2@psu.edu,Male,Ireland,-8.259128,51.908209
4,Valle,Lauthian,vlauthian3@microsoft.com,Male,Ireland,-6.5924609,53.2482376
5,Maison,Savory,msavory4@webs.com,Male,Ireland,-8.9949917,53.8533151
6,Mervin,Woodman,mwoodman5@auda.org.au,Male,Ireland,-7.8004329,53.7283566
7,Kirsti,Screeton,kscreeton6@slate.com,Female,Ireland,-10.0320886,54.2223118
8,Corabel,Zeplin,czeplin7@tmall.com,Female,Ireland,-6.4202878,54.0026343
9,Andria,Larchier,alarchier8@sitemeter.com,Female,Ireland,-6.124065,53.231395
10,Karlis,Lindborg,klindborg9@scribd.com,Agender,Ireland,-6.7434401,53.2229873
11,Melita,Boddington,mboddingtona@imageshack.us,Female,Ireland,-8.9342111,52.182304
12,Stefano,Zannotti,szannottib@nyu.edu,Polygender,Ireland,-7.0472382,52.9480781
13,Sinclair,Woodburn,swoodburnc@yandex.ru,Male,Ireland,-8.4523258,51.880525
14,Claresta,Galbreth,cgalbrethd@creativecommons.org,Polygender,Ireland,-6.1535181,53.5220275
15,Kelvin,Pollen,kpollene@howstuffworks.com,Male,Ireland,-6.1215213,53.2724538
16,Gabriela,Squire,gsquiref@nytimes.com,Female,Ireland,-6.0704904,53.1286984
17,Sandra,Mandrey,smandreyg@spiegel.de,Female,Ireland,-8.2001004,52.86326
18,Vernen,Darrach,vdarrachh@flavors.me,Male,Ireland,-6.3828795,53.385304
19,Emmet,Livesey,eliveseyi@digg.com,Male,Ireland,-8.489012,51.923707
20,Marvin,Pulbrook,mpulbrookj@microsoft.com,Male,Ireland,-6.5899765,52.176031
21,Georas,Emor,gemork@unicef.org,Male,Ireland,-8.5946591,54.632283
22,Trev,Dudin,tdudinl@pcworld.com,Male,Ireland,-7.297914,54.026345
23,Humbert,Caines,hcainesm@geocities.jp,Male,Ireland,-6.133718,53.291512
24,Ralf,Dengate,rdengaten@ning.com,Male,Ireland,-9.159604,53.302644
25,Vlad,Sheriff,vsheriffo@yahoo.com,Male,Ireland,-6.0690645,53.1257486
26,Kristofor,Newgrosh,knewgroshp@blogspot.com,Male,Ireland,-9.0248232,53.2760162
27,Bibbie,Gorry,bgorryq@wordpress.com,Female,Ireland,-7.8434254,51.949401
28,Tanner,Sharpless,tsharplessr@linkedin.com,Male,Ireland,-6.7434401,53.2229873
29,Billie,Jarritt,bjarritts@cargocollective.com,Male,Ireland,-7.518792,53.284466
30,Renaldo,Preuvost,rpreuvostt@free.fr,Male,Ireland,-6.1479779,53.450694
31,Mariska,Leve,mleveu@geocities.jp,Female,Ireland,-6.3025448,53.6920618
32,Violette,Brimelow,vbrimelowv@japanpost.jp,Female,Ireland,-6.176659,53.4487975
33,Otis,Blench,oblenchw@sbwire.com,Male,Ireland,-6.5899765,52.176031
34,Francis,Jery,fjeryx@ifeng.com,Male,Ireland,-9.448724,51.680591
35,Rod,Birtwistle,rbirtwistley@dagondesign.com,Male,Ireland,-7.9139891,53.0949398
36,Nertie,Hassur,nhassurz@webmd.com,Female,Ireland,-8.1722173,51.9138694
37,Shalna,Attoc,sattoc10@fema.gov,Agender,Ireland,-6.3049392,53.3021194
38,Lonnie,Corsor,lcorsor11@dot.gov,Male,Ireland,-6.313755,53.366736
39,Burty,Coxall,bcoxall12@rediff.com,Male,Ireland,-8.6340751,52.6638144
40,Tobin,Harome,tharome13@indiegogo.com,Male,Ireland,-6.4241156,53.7369009
41,Sayers,Burgoine,sburgoine14@fda.gov,Male,Ireland,-6.2071246,53.4562426
42,Dorthy,Le Marchand,dlemarchand15@cpanel.net,Female,Ireland,-6.5899765,52.176031
43,Elayne,Pessel,epessel16@hostgator.com,Female,Ireland,-9.151825,54.11215
44,Sydel,Stuehmeyer,sstuehmeyer17@ucoz.com,Polygender,Ireland,-9.7359765,54.1433253
45,Alard,Osmund,aosmund18@parallels.com,Male,Ireland,-9.1327273,53.806868
46,Stillmann,Giorgetti,sgiorgetti19@wp.com,Polygender,Ireland,-6.2427004,53.3347733
47,Miran,Dahlbom,mdahlbom1a@storify.com,Non-binary,Ireland,-8.6346959,53.7423435
48,Fiona,Ferrao,fferrao1b@netlog.com,Female,Ireland,-8.7683674,53.7942932
49,Susi,Whife,swhife1c@google.de,Female,Ireland,-8.8950821,52.7604883
50,Shelbi,Matthiae,smatthiae1d@seesaa.net,Female,Ireland,-7.8434254,51.949401
51,Verne,Izhaky,vizhaky1e@wikispaces.com,Male,Ireland,-6.1097188,53.3895926
52,Joela,Kett,jkett1f@vk.com,Female,Ireland,-6.2611953,53.3881832
53,Felice,Ely,fely1g@wufoo.com,Male,Ireland,-6.2554371,53.2767301
54,Lynnea,Ishak,lishak1h@cmu.edu,Female,Ireland,-6.5853664,53.378253
55,Hashim,Lawranson,hlawranson1i@deliciousdays.com,Male,Ireland,-6.5028415,53.3806398
56,Maurie,Drewery,mdrewery1j@sourceforge.net,Male,Ireland,-6.1920933,53.3916434
57,Garald,Sellens,gsellens1k@vistaprint.com,Male,Ireland,-7.145971,53.508326
58,Kamillah,Goodhand,kgoodhand1l@webmd.com,Female,Ireland,-8.958931,51.904635
59,Cristiano,Brunelleschi,cbrunelleschi1m@deviantart.com,Male,Ireland,-8.4242597,51.8910459
60,Mariele,Sagg,msagg1n@godaddy.com,Female,Ireland,-6.3049392,53.3021194
61,Robinet,McFadden,rmcfadden1o@opera.com,Male,Ireland,-7.8004329,53.7283566
62,Juliane,Sahlstrom,jsahlstrom1p@illinois.edu,Female,Ireland,-6.2508196,53.2866372
63,Iosep,Oughtright,ioughtright1q@narod.ru,Male,Ireland,-6.124065,53.231395
64,Athena,O'Regan,aoregan1r@aboutads.info,Female,Ireland,-8.05,51.9166667
65,Kimbell,Arends,karends1s@auda.org.au,Male,Ireland,-6.9711886,53.916791
66,Osbert,Langley,olangley1t@timesonline.co.uk,Male,Ireland,-6.1136478,53.2121335
67,Ailbert,Carlyon,acarlyon1u@freewebs.com,Male,Ireland,-6.2340942,53.2993199
68,Kristofor,Matyas,kmatyas1v@youtube.com,Male,Ireland,-6.0704904,53.1286984
69,Brandyn,O'Shaughnessy,boshaughnessy1w@unc.edu,Male,Ireland,-9.1097137,53.2582868
70,Jasper,Huzzay,jhuzzay1x@dedecms.com,Male,Ireland,-9.4904891,52.6396679
71,Alexandro,Pandie,apandie1y@gnu.org,Bigender,Ireland,-6.2892907,53.310122
72,Bertine,Pendergast,bpendergast1z@networksolutions.com,Female,Ireland,-7.7655701,53.5650926
73,Sianna,Bembrick,sbembrick20@japanpost.jp,Female,Ireland,-7.0625888,53.1387595
74,Myranda,Ilbert,milbert21@bigcartel.com,Female,Ireland,-6.2633149,53.377533
75,Jedd,Stearne,jstearne22@ted.com,Male,Ireland,-6.2554371,53.2767301
76,Tabbitha,Batchelour,tbatchelour23@boston.com,Female,Ireland,-8.9775014,52.8314927
77,Livvie,Allso,lallso24@1688.com,Female,Ireland,-6.2429997,53.7902634
78,Bobina,Downey,bdowney25@domainmarket.com,Female,Ireland,-6.4671298,53.5050031
79,Garfield,Reboulet,greboulet26@arstechnica.com,Male,Ireland,-6.3539424,53.3666338
80,Amelie,Valentin,avalentin27@independent.co.uk,Female,Ireland,-9.7359765,54.1433253
81,Ferne,Rollings,frollings28@sakura.ne.jp,Bigender,Ireland,-6.176659,53.4487975
82,Jammal,Rochewell,jrochewell29@zimbio.com,Male,Ireland,-6.2398782,53.32112
83,Rolfe,Simants,rsimants2a@comcast.net,Male,Ireland,-6.2508196,53.2866372
84,Gabie,Millwall,gmillwall2b@jugem.jp,Female,Ireland,-7.5717688,52.1045472
85,Lazaro,Veneur,lveneur2c@bizjournals.com,Male,Ireland,-8.05,51.9166667
86,Pattin,Mansford,pmansford2d@yale.edu,Male,Ireland,-6.4496384,53.3582341
87,Trula,Whyke,twhyke2e@google.it,Genderqueer,Ireland,-8.5111664,51.8858819
88,Stanislas,Wigin,swigin2f@list-manage.com,Male,Ireland,-8.9480659,53.940892
89,Edgard,Oakeby,eoakeby2g@ovh.net,Genderfluid,Ireland,-6.473025,54.0086093
90,Tobye,Snailham,tsnailham2h@privacy.gov.au,Female,Ireland,-7.185387,53.158984
91,Jerry,Burbank,jburbank2i@1und1.de,Male,Ireland,-6.308522,52.665267
92,Em,Vidgeon,evidgeon2j@fc2.com,Male,Ireland,-8.6346959,53.7423435
93,Matilde,Purvess,mpurvess2k@craigslist.org,Female,Ireland,-9.4904891,52.6396679
94,Pam,Tieman,ptieman2l@pinterest.com,Female,Ireland,-6.5853664,53.378253
95,Hughie,Girard,hgirard2m@ihg.com,Male,Ireland,-8.9821467,52.8498651
96,Hanson,Siggs,hsiggs2n@gmpg.org,Male,Ireland,-6.3695384,53.3734053
97,Ashlen,Wetheril,awetheril2o@imdb.com,Female,Ireland,-6.9140788,53.169971
98,Ari,Lago,alago2p@adobe.com,Male,Ireland,-8.3929404,51.8113447
99,Charlton,Denslow,cdenslow2q@lulu.com,Male,Ireland,-6.7449927,53.1310185
100,Delaney,Scrigmour,dscrigmour2r@cisco.com,Male,Ireland,-7.0625888,53.1387595
101,Eduard,Hauck,ehauck2s@dell.com,Male,Ireland,-6.3025448,53.6920618
102,Gus,Orme,gorme2t@themeforest.net,Female,Ireland,-6.133718,53.291512
103,Kaja,England,kengland2u@hibu.com,Female,Ireland,-6.2554371,53.2767301
104,Darleen,Sustins,dsustins2v@ezinearticles.com,Female,Ireland,-6.1535181,53.5220275
105,Pippy,Chrystie,pchrystie2w@google.co.jp,Female,Ireland,-6.1535181,53.5220275
106,Babette,Mellhuish,bmellhuish2x@who.int,Female,Ireland,-6.5028415,53.3806398
107,Frederica,Fayerman,ffayerman2y@hostgator.com,Bigender,Ireland,-9.7850991,52.1058991
108,Lars,Gallimore,lgallimore2z@devhub.com,Male,Ireland,-7.1297243,52.2509369
109,Gaspard,Stratton,gstratton30@goo.ne.jp,Male,Ireland,-6.4008792,53.9215606
110,Tish,Spearman,tspearman31@t-online.de,Female,Ireland,-7.145971,53.508326
111,Alphonso,Nanni,ananni32@bbb.org,Male,Ireland,-8.958931,51.904635
112,Randal,Kiernan,rkiernan33@answers.com,Male,Ireland,-9.0288689,53.2737147
113,Averil,Thomazin,athomazin34@engadget.com,Male,Ireland,-6.1644997,53.4266145
114,Anallese,Puckham,apuckham35@homestead.com,Female,Ireland,-7.518792,53.284466
115,Elyssa,Isakowicz,eisakowicz36@yahoo.com,Female,Ireland,-8.489012,51.923707
116,Adair,Abramov,aabramov37@cocolog-nifty.com,Genderfluid,Ireland,-6.2508196,53.2866372
117,Delano,Gostyke,dgostyke38@flavors.me,Male,Ireland,-7.086877,53.8363325
118,Skippie,Cuddon,scuddon39@nps.gov,Non-binary,Ireland,-6.5028415,53.3806398
119,Anatollo,Elnaugh,aelnaugh3a@webmd.com,Male,Ireland,-6.1479779,53.450694
120,Charity,Pecht,cpecht3b@dmoz.org,Female,Ireland,-6.2324705,53.3177535
121,Sigfrid,Jirzik,sjirzik3c@nbcnews.com,Male,Ireland,-7.1111732,52.2513095
122,Sanson,Brient,sbrient3d@vistaprint.com,Male,Ireland,-6.133718,53.291512
123,Alyosha,Banke,abanke3e@hugedomains.com,Genderqueer,Ireland,-8.298942,51.848898
124,Aldin,Millichip,amillichip3f@sogou.com,Male,Ireland,-8.6346959,53.7423435
125,Munroe,Cowles,mcowles3g@blinklist.com,Male,Ireland,-7.888894,52.516323
126,Cherilyn,Spurier,cspurier3h@businessweek.com,Female,Ireland,-6.7515223,53.2888321
127,Malinde,Apps,mapps3i@economist.com,Female,Ireland,-8.6340751,52.6638144
128,Alvan,Leng,aleng3j@technorati.com,Male,Ireland,-8.337871,52.0097259
129,Codi,Ciccerale,cciccerale3k@nytimes.com,Male,Ireland,-6.4887534,53.3653866
130,Laney,Gridon,lgridon3l@lycos.com,Female,Ireland,-6.251714,53.3169419
131,Farra,Adrien,fadrien3m@sun.com,Female,Ireland,-6.1979853,53.3046353
132,Rubin,Boreham,rboreham3n@jigsy.com,Male,Ireland,-6.3695384,53.3734053
133,Serene,Cookman,scookman3o@imdb.com,Female,Ireland,-8.8562835,53.510243
134,Ashby,Jephson,ajephson3p@domainmarket.com,Male,Ireland,-6.9692181,52.7009338
135,Roberto,Quantrill,rquantrill3q@reference.com,Male,Ireland,-6.3828795,53.385304
136,Baudoin,Mensler,bmensler3r@gov.uk,Male,Ireland,-6.7515223,53.2888321
137,Fields,Theriot,ftheriot3s@unblog.fr,Male,Ireland,-6.590926,53.1936864
138,Paxton,Le Grys,plegrys3t@wsj.com,Male,Ireland,-6.9711886,53.916791
139,Leonora,Hiseman,lhiseman3u@imdb.com,Female,Ireland,-6.176659,53.4487975
140,Maurizio,Wessel,mwessel3v@springer.com,Male,Ireland,-6.264963,53.3897152
141,Lewiss,Corinton,lcorinton3w@wordpress.org,Male,Ireland,-8.5047067,51.8830697
142,Calv,Cheetham,ccheetham3x@trellian.com,Male,Ireland,-7.606287,53.6972399
143,Jocelyne,Lade,jlade3y@feedburner.com,Female,Ireland,-6.5853664,53.378253
144,Tymon,Ramshay,tramshay3z@si.edu,Male,Ireland,-8.4627451,54.25645
145,Niel,Kleyn,nkleyn40@vkontakte.ru,Male,Ireland,-6.1644997,53.4266145
146,Flory,Goodreid,fgoodreid41@opensource.org,Male,Ireland,-6.1644997,53.4266145
147,Saunderson,McRorie,smcrorie42@myspace.com,Male,Ireland,-9.151825,54.11215
148,Blinni,Langston,blangston43@jimdo.com,Female,Ireland,-6.9140788,53.169971
149,Coral,Barszczewski,cbarszczewski44@cnet.com,Female,Ireland,-6.2633149,53.377533
150,Monti,Oats,moats45@blogtalkradio.com,Male,Ireland,-6.163027,53.2339841
151,Florie,Regler,fregler46@gnu.org,Bigender,Ireland,-8.9775014,52.8314927
152,Bonny,De Leek,bdeleek47@ow.ly,Female,Ireland,-7.0472382,52.9480781
153,Luther,Berick,lberick48@state.tx.us,Male,Ireland,-7.269174,55.0650892
154,Cristine,Cersey,ccersey49@mozilla.com,Female,Ireland,-7.74208,54.70972
155,Amory,Halso,ahalso4a@istockphoto.com,Male,Ireland,-6.9692181,52.7009338
156,Irvine,Moseby,imoseby4b@apple.com,Male,Ireland,-8.2817353,54.4771768
157,Cross,Peoples,cpeoples4c@freewebs.com,Male,Ireland,-6.6633404,53.2492381
158,Bo,Goneau,bgoneau4d@instagram.com,Non-binary,Ireland,-6.1097188,53.3895926
159,Massimiliano,Bodycomb,mbodycomb4e@jalbum.net,Male,Ireland,-9.448724,51.680591
160,Gene,Padly,gpadly4f@dailymail.co.uk,Male,Ireland,-6.2611953,53.3881832
161,Brandi,Cornels,bcornels4g@ezinearticles.com,Female,Ireland,-8.5946591,54.632283
162,Anthony,Guirardin,aguirardin4h@mayoclinic.com,Male,Ireland,-6.2429997,53.7902634
163,Titos,Andriveaux,tandriveaux4i@indiegogo.com,Male,Ireland,-6.1011147,53.2000455
164,Meaghan,Holbarrow,mholbarrow4j@weebly.com,Female,Ireland,-7.269174,55.0650892
165,Wallie,Braysher,wbraysher4k@freewebs.com,Female,Ireland,-6.336393,53.3122864
166,Waylen,Street,wstreet4l@live.com,Male,Ireland,-9.0197835,53.2736466
167,Kingston,Buckenham,kbuckenham4m@comcast.net,Male,Ireland,-8.9821467,52.8498651
168,Janka,Frankish,jfrankish4n@cbc.ca,Female,Ireland,-8.445614,51.8885086
169,Verla,Ashburne,vashburne4o@clickbank.net,Female,Ireland,-6.2755912,53.3500473
170,Steve,Cartmer,scartmer4p@dot.gov,Male,Ireland,-9.4904891,52.6396679
171,Wye,Sibbert,wsibbert4q@facebook.com,Male,Ireland,-9.0248232,53.2760162
172,Jerri,Clashe,jclashe4r@google.fr,Male,Ireland,-8.337871,52.0097259
173,Morgen,Tejero,mtejero4s@answers.com,Male,Ireland,-6.1097188,53.3895926
174,Brooks,Smithend,bsmithend4t@uol.com.br,Female,Ireland,-6.1479779,53.450694
175,Judie,Whyley,jwhyley4u@vk.com,Female,Ireland,-8.6340751,52.6638144
176,Alfonse,Lapre,alapre4v@trellian.com,Male,Ireland,-6.1535181,53.5220275
177,Annabell,Barthrup,abarthrup4w@nih.gov,Female,Ireland,-6.391149,53.8996586
178,Vance,Smurfitt,vsmurfitt4x@istockphoto.com,Male,Ireland,-6.2755912,53.3500473
179,Sosanna,Ashfold,sashfold4y@drupal.org,Female,Ireland,-6.5924609,53.2482376
180,Stephanus,Heaslip,sheaslip4z@discuz.net,Male,Ireland,-7.7655701,53.5650926
181,Melvin,Pollard,mpollard50@usda.gov,Male,Ireland,-6.5028415,53.3806398
182,Shepherd,Elies,selies51@yahoo.co.jp,Male,Ireland,-8.8562835,53.510243
183,Crista,Gillinghams,cgillinghams52@hud.gov,Female,Ireland,-7.1297243,52.2509369
184,Tonie,Larmour,tlarmour53@answers.com,Female,Ireland,-6.2057463,53.3870149
185,Debby,Sondland,dsondland54@netvibes.com,Female,Ireland,-6.3539424,53.3666338
186,Sinclare,Wilflinger,swilflinger55@godaddy.com,Male,Ireland,-6.264963,53.3897152
187,Guilbert,Billows,gbillows56@paypal.com,Male,Ireland,-9.0248232,53.2760162
188,Dian,Duley,dduley57@linkedin.com,Female,Ireland,-6.3506335,53.2911347
189,August,Eich,aeich58@histats.com,Male,Ireland,-8.9791425,52.8638391
190,Hobey,Cosslett,hcosslett59@reference.com,Male,Ireland,-7.74208,54.70972
191,Stanfield,Whylie,swhylie5a@scientificamerican.com,Male,Ireland,-8.958931,51.904635
192,Theobald,Congrave,tcongrave5b@reddit.com,Male,Ireland,-8.8950821,52.7604883
193,Freedman,Gregoraci,fgregoraci5c@woothemes.com,Agender,Ireland,-8.1722173,51.9138694
194,Jesselyn,Eccleshare,jeccleshare5d@about.com,Female,Ireland,-6.2892907,53.310122
195,Florri,Sictornes,fsictornes5e@scribd.com,Female,Ireland,-6.266734,53.3829319
196,Martina,Seal,mseal5f@dedecms.com,Female,Ireland,-6.1535181,53.5220275
197,Trudie,Vaan,tvaan5g@chicagotribune.com,Female,Ireland,-6.1820563,53.3786861
198,Kean,Vasiliu,kvasiliu5h@mtv.com,Male,Ireland,-8.2817353,54.4771768
199,Cleon,Guarin,cguarin5i@ted.com,Male,Ireland,-6.1097188,53.3895926
200,Radcliffe,Roze,rroze5j@about.me,Male,Ireland,-7.145971,53.508326
201,Lynnet,Mickleburgh,lmickleburgh5k@php.net,Female,Ireland,-7.2314132,54.1794814
202,Anderson,Rudland,arudland5l@unc.edu,Male,Ireland,-6.3048641,53.3284298
203,Dilan,Belli,dbelli5m@google.fr,Male,Ireland,-8.2969737,53.9735591
204,Maddalena,Slayford,mslayford5n@ucoz.com,Non-binary,Ireland,-7.518792,53.284466
205,Flint,Giovanizio,fgiovanizio5o@boston.com,Male,Ireland,-6.1136478,53.2121335
206,Alley,Gotcher,agotcher5p@wunderground.com,Male,Ireland,-7.2314132,54.1794814
207,Davin,Bythway,dbythway5q@myspace.com,Male,Ireland,-6.3049392,53.3021194
208,Orren,Posthill,oposthill5r@furl.net,Male,Ireland,-6.9140788,53.169971
209,Clair,Hearthfield,chearthfield5s@drupal.org,Male,Ireland,-9.0288689,53.2737147
210,Pancho,Danilyak,pdanilyak5t@gov.uk,Genderqueer,Ireland,-8.6346959,53.7423435
211,Theodoric,Lenin,tlenin5u@lycos.com,Male,Ireland,-6.133718,53.291512
212,Brice,Woodus,bwoodus5v@usda.gov,Male,Ireland,-9.1115941,51.7203863
213,Harman,Caulder,hcaulder5w@dyndns.org,Male,Ireland,-8.6346959,53.7423435
214,Mischa,Gerraty,mgerraty5x@deviantart.com,Male,Ireland,-6.1822287,53.3788495
215,Cleve,Shellibeer,cshellibeer5y@simplemachines.org,Male,Ireland,-6.3049392,53.3021194
216,Berri,Burberry,bburberry5z@wikispaces.com,Female,Ireland,-6.1603828,53.2599034
217,Tynan,Matthieson,tmatthieson60@prnewswire.com,Male,Ireland,-8.5176583,51.8863277
218,Adrienne,Woodeson,awoodeson61@angelfire.com,Female,Ireland,-6.6633404,53.2492381
219,Rodolph,Busson,rbusson62@google.com.br,Male,Ireland,-80.7087609,35.7797381
220,Kassey,Arnli,karnli63@tuttocitta.it,Female,Ireland,-9.1097137,53.2582868
221,Ber,Colomb,bcolomb64@webmd.com,Male,Ireland,-7.9139891,53.0949398
222,Germana,Poytheras,gpoytheras65@yale.edu,Female,Ireland,-6.590926,53.1936864
223,Rogers,Sermin,rsermin66@wiley.com,Non-binary,Ireland,-6.176659,53.4487975
224,Cassey,Boylin,cboylin67@topsy.com,Female,Ireland,-6.251714,53.3169419
225,Nathanael,Merrilees,nmerrilees68@census.gov,Agender,Ireland,-6.67045,53.213319
226,Ellary,Dallaway,edallaway69@ibm.com,Male,Ireland,-6.3049392,53.3021194
227,Van,Heatherington,vheatherington6a@t.co,Male,Ireland,-9.0197835,53.2736466
228,Bondie,Bladder,bbladder6b@chicagotribune.com,Male,Ireland,-6.374155,53.3223974
229,Lilias,Mulryan,lmulryan6c@arizona.edu,Female,Ireland,-6.4496384,53.3582341
230,Claybourne,Mullin,cmullin6d@baidu.com,Male,Ireland,-7.8004329,53.7283566
231,Mord,Varfalameev,mvarfalameev6e@slideshare.net,Male,Ireland,-8.2001004,52.86326
232,Darill,Burkin,dburkin6f@macromedia.com,Male,Ireland,-8.1722173,51.9138694
233,Cliff,Keson,ckeson6g@unicef.org,Male,Ireland,-6.2892907,53.310122
234,Karlene,Rigardeau,krigardeau6h@adobe.com,Female,Ireland,-7.7655701,53.5650926
235,Gabriele,Whatham,gwhatham6i@opensource.org,Male,Ireland,-6.2755912,53.3500473
236,Paola,Gainfort,pgainfort6j@acquirethisname.com,Female,Ireland,-8.445614,51.8885086
237,Stearn,Bahlmann,sbahlmann6k@ebay.com,Male,Ireland,-9.1327273,53.806868
238,Joy,Victoria,jvictoria6l@latimes.com,Female,Ireland,-8.2969737,53.9735591
239,Delia,Boxen,dboxen6m@soup.io,Female,Ireland,-6.1920933,53.3916434
240,Justinian,Marshalleck,jmarshalleck6n@ucsd.edu,Male,Ireland,-8.9706844,52.6004448
241,Cahra,Hendrick,chendrick6o@networksolutions.com,Female,Ireland,-8.4523258,51.880525
242,Jayson,Rodwell,jrodwell6p@prnewswire.com,Male,Ireland,-6.3828795,53.385304
243,Carmita,Larrad,clarrad6q@ebay.co.uk,Female,Ireland,-8.1722002,54.3051891
244,Dore,Greason,dgreason6r@soundcloud.com,Polygender,Ireland,-9.151825,54.11215
245,Hendrick,Verdie,hverdie6s@a8.net,Male,Ireland,-6.2387374,53.3141205
246,Faber,Brandsma,fbrandsma6t@lycos.com,Male,Ireland,-6.4671298,53.5050031
247,Lorianne,Boulsher,lboulsher6u@cbslocal.com,Female,Ireland,-6.374155,53.3223974
248,Tracie,Giabucci,tgiabucci6v@google.com.br,Female,Ireland,-8.489012,51.923707
249,Portie,Mucklo,pmucklo6w@prlog.org,Male,Ireland,-7.0833118,52.2413206
250,Shela,Wield,swield6x@ihg.com,Female,Ireland,-6.7515223,53.2888321
251,Adore,Petri,apetri6y@ucla.edu,Female,Ireland,-7.74208,54.70972
252,Nesta,Hedau,nhedau6z@eventbrite.com,Female,Ireland,-8.2755058,52.2627273
253,Eugenio,Stringman,estringman70@biglobe.ne.jp,Male,Ireland,-7.0625888,53.1387595
254,Blayne,McPeice,bmcpeice71@discuz.net,Male,Ireland,-6.4241156,53.7369009
255,Lew,Jenkin,ljenkin72@soup.io,Male,Ireland,-6.3539424,53.3666338
256,Gerome,Morling,gmorling73@ebay.com,Male,Ireland,-7.269174,55.0650892
257,Sallyanne,Meeron,smeeron74@hibu.com,Non-binary,Ireland,-9.0248232,53.2760162
258,Mavra,Skillett,mskillett75@ifeng.com,Female,Ireland,-7.74208,54.70972
259,Danny,Forson,dforson76@elpais.com,Female,Ireland,-9.1327273,53.806868
260,Ade,Panas,apanas77@businesswire.com,Male,Ireland,-6.3539424,53.3666338
261,Linet,Trelevan,ltrelevan78@biglobe.ne.jp,Female,Ireland,-6.218069,53.374266
262,Nita,Blazy,nblazy79@europa.eu,Female,Ireland,-8.5070436,54.2109904
263,Joscelin,Bernath,jbernath7a@java.com,Female,Ireland,-6.3219759,53.2976886
264,Karna,Macrow,kmacrow7b@epa.gov,Female,Ireland,-6.2387374,53.3141205
265,Rosy,Bruneton,rbruneton7c@msn.com,Female,Ireland,-8.642661,52.1361219
266,Celisse,MacAlpin,cmacalpin7d@issuu.com,Female,Ireland,-6.218069,53.374266
267,Ami,Brownill,abrownill7e@independent.co.uk,Female,Ireland,-6.3828795,53.385304
268,Conney,Circuitt,ccircuitt7f@nasa.gov,Agender,Ireland,-6.1920933,53.3916434
269,Edita,Choffin,echoffin7g@opensource.org,Female,Ireland,-6.1072403,53.2780047
270,Philip,Wesson,pwesson7h@fda.gov,Male,Ireland,-6.2324705,53.3177535
271,Eduard,Lenormand,elenormand7i@eventbrite.com,Male,Ireland,-7.5717688,52.1045472
272,Idell,Wheeler,iwheeler7j@columbia.edu,Female,Ireland,-7.0833118,52.2413206
273,Jefferey,Bold,jbold7k@1und1.de,Male,Ireland,-6.4202878,54.0026343
274,Granny,Leeds,gleeds7l@google.nl,Male,Ireland,-6.1011147,53.2000455
275,Kial,McKirton,kmckirton7m@soundcloud.com,Female,Ireland,-6.1644997,53.4266145
276,Katharine,Gates,kgates7n@ed.gov,Female,Ireland,-6.9858993,53.0018699
277,Geraldine,Furby,gfurby7o@4shared.com,Bigender,Ireland,-8.2817353,54.4771768
278,Sharon,Treppas,streppas7p@google.fr,Female,Ireland,-8.9342111,52.182304
279,Clyve,Lister,clister7q@nifty.com,Male,Ireland,-6.64937,54.10269
280,Base,Insko,binsko7r@shutterfly.com,Male,Ireland,-8.5369154,52.6681994
281,Wolfgang,Boast,wboast7s@deliciousdays.com,Male,Ireland,-6.124065,53.231395
282,Cary,Bullerwell,cbullerwell7t@a8.net,Female,Ireland,-6.3506335,53.2911347
283,Sascha,Cases,scases7u@latimes.com,Bigender,Ireland,-6.2152673,53.3323703
284,Sandy,Coopey,scoopey7v@meetup.com,Male,Ireland,-9.4851741,52.4460804
285,Mallory,Bush,mbush7w@blogtalkradio.com,Male,Ireland,-6.2508196,53.2866372
286,Claude,Dionisi,cdionisi7x@canalblog.com,Female,Ireland,-6.9858993,53.0018699
287,Emmet,Skentelbery,eskentelbery7y@cisco.com,Male,Ireland,-6.1942058,53.3604483
288,Norry,Imlin,nimlin7z@privacy.gov.au,Genderfluid,Ireland,-6.2611953,53.3881832
289,Court,Brotherhood,cbrotherhood80@google.co.uk,Male,Ireland,-6.7434401,53.2229873
290,Benyamin,Bende,bbende81@webmd.com,Male,Ireland,-7.0833118,52.2413206
291,Damian,Ollerton,dollerton82@quantcast.com,Male,Ireland,-6.313755,53.366736
292,Myriam,Hegel,mhegel83@mapy.cz,Female,Ireland,-6.1136478,53.2121335
293,Alyssa,Jean,ajean84@behance.net,Female,Ireland,-6.3219759,53.2976886
294,Jemmy,Clilverd,jclilverd85@forbes.com,Female,Ireland,-9.151825,54.11215
295,Kippie,Dukelow,kdukelow86@bandcamp.com,Male,Ireland,-7.74208,54.70972
296,Layne,McCobb,lmccobb87@washingtonpost.com,Female,Ireland,-6.2071246,53.4562426
297,Jodie,Iverson,jiverson88@aboutads.info,Male,Ireland,-6.3049392,53.3021194
298,Marilyn,Sigart,msigart89@netlog.com,Female,Ireland,-10.0320886,54.2223118
299,Freddie,Sizeland,fsizeland8a@goo.ne.jp,Male,Ireland,-6.2071246,53.4562426
300,Rosco,McOrkil,rmcorkil8b@zdnet.com,Male,Ireland,-9.0197835,53.2736466
301,Talbot,Roberts,troberts8c@ycombinator.com,Male,Ireland,-7.606287,53.6972399
302,Jere,Rubroe,jrubroe8d@earthlink.net,Male,Ireland,-6.3828795,53.385304
303,Arch,Kleyn,akleyn8e@studiopress.com,Male,Ireland,-6.2554371,53.2767301
304,Rodney,Lamping,rlamping8f@mediafire.com,Male,Ireland,-6.391149,53.8996586
305,Bernardina,Fiddymont,bfiddymont8g@discuz.net,Female,Ireland,-6.3025448,53.6920618
306,Matthieu,Banthorpe,mbanthorpe8h@marriott.com,Male,Ireland,-6.2057463,53.3870149
307,Adair,Cyseley,acyseley8i@bandcamp.com,Male,Ireland,-8.8562835,53.510243
308,Christine,Triplow,ctriplow8j@ocn.ne.jp,Female,Ireland,-8.2001004,52.86326
309,Cassie,Kaley,ckaley8k@dropbox.com,Male,Ireland,-8.5054897,52.7107501
310,Rabi,Petris,rpetris8l@pbs.org,Male,Ireland,-8.2215941,53.0917381
311,Vanna,Laidel,vlaidel8m@usnews.com,Female,Ireland,-6.9140788,53.169971
312,Adela,Jordi,ajordi8n@artisteer.com,Female,Ireland,-6.1820563,53.3786861
313,Si,Dackombe,sdackombe8o@census.gov,Male,Ireland,-6.391149,53.8996586
314,Anselm,Verzey,averzey8p@goo.ne.jp,Male,Ireland,-6.0704904,53.1286984
315,Gustie,McMeyler,gmcmeyler8q@dion.ne.jp,Female,Ireland,-8.6346959,53.7423435
316,Abbye,Gummoe,agummoe8r@elegantthemes.com,Female,Ireland,-7.297914,54.026345
317,Josiah,Krop,jkrop8s@usda.gov,Male,Ireland,-6.0690645,53.1257486
318,Marquita,Muzzi,mmuzzi8t@elpais.com,Female,Ireland,-8.259128,51.908209
319,Cullin,Hogsden,chogsden8u@msn.com,Male,Ireland,-6.1822287,53.3788495
320,Jon,Cristofari,jcristofari8v@nbcnews.com,Male,Ireland,-6.2892907,53.310122
321,Karisa,Glantz,kglantz8w@webs.com,Female,Ireland,-9.1097137,53.2582868
322,Eduardo,Lyddy,elyddy8x@princeton.edu,Male,Ireland,-8.8950821,52.7604883
323,Emilio,O'Feeny,eofeeny8y@wikispaces.com,Male,Ireland,-8.2969737,53.9735591
324,Frayda,Denniss,fdenniss8z@smh.com.au,Female,Ireland,-7.5011999,53.776647
325,Konrad,Vian,kvian90@nymag.com,Male,Ireland,-9.151825,54.11215
326,Hailee,Knottley,hknottley91@blogs.com,Female,Ireland,-8.334953,51.8610022
327,Alejandra,Mumbray,amumbray92@yale.edu,Female,Ireland,-6.3219759,53.2976886
328,Erny,Guisot,eguisot93@yellowbook.com,Male,Ireland,-6.9898366,53.2265199
329,Georgeanna,Pozzi,gpozzi94@hugedomains.com,Female,Ireland,-7.086877,53.8363325
330,Saidee,Starrs,sstarrs95@g.co,Female,Ireland,-7.2979911,53.6785169
331,Jewell,Braferton,jbraferton96@gravatar.com,Female,Ireland,-6.366762,53.2987724
332,Leopold,Zebedee,lzebedee97@bizjournals.com,Male,Ireland,-9.4904891,52.6396679
333,Alisun,Wade,awade98@prnewswire.com,Female,Ireland,-9.5003786,52.4458588
334,Tobe,Stannett,tstannett99@usda.gov,Male,Ireland,-7.9139891,53.0949398
335,Nanete,Booker,nbooker9a@china.com.cn,Female,Ireland,-6.3025448,53.6920618
336,Jacquelin,Gatfield,jgatfield9b@taobao.com,Female,Ireland,-8.4977746,51.8895954
337,Mela,Lathaye,mlathaye9c@usnews.com,Female,Ireland,-6.7515223,53.2888321
338,Greggory,Dmitrienko,gdmitrienko9d@indiatimes.com,Male,Ireland,-8.445614,51.8885086
339,Fanechka,Claworth,fclaworth9e@myspace.com,Female,Ireland,-6.9858993,53.0018699
340,Karrie,Swancott,kswancott9f@nbcnews.com,Female,Ireland,-9.1327273,53.806868
341,Carl,Dawkins,cdawkins9g@ucoz.ru,Male,Ireland,-6.1820563,53.3786861
342,Fanny,Mikalski,fmikalski9h@alibaba.com,Bigender,Ireland,-6.7449927,53.1310185
343,Ferd,Savill,fsavill9i@unesco.org,Male,Ireland,-6.1406578,53.2886387
344,Dane,Polland,dpolland9j@google.fr,Male,Ireland,-8.83565,53.49417
345,Cleveland,McClounan,cmcclounan9k@vistaprint.com,Male,Ireland,-8.4784945,51.8815586
346,Kipp,Grayland,kgrayland9l@addtoany.com,Male,Ireland,-7.0472382,52.9480781
347,Leonhard,Fessions,lfessions9m@reuters.com,Male,Ireland,-6.1822287,53.3788495
348,Marcia,Faas,mfaas9n@bizjournals.com,Female,Ireland,-6.266734,53.3829319
349,Basilius,Buckett,bbuckett9o@jalbum.net,Male,Ireland,-6.2398782,53.32112
350,Lazaro,Sidebotham,lsidebotham9p@reuters.com,Male,Ireland,-8.8950821,52.7604883
351,Maryellen,Leggs,mleggs9q@telegraph.co.uk,Female,Ireland,-6.3828795,53.385304
352,Tiffani,Rowthorn,trowthorn9r@google.ca,Female,Ireland,-6.1349155,53.5834008
353,Rolph,Munford,rmunford9s@so-net.ne.jp,Male,Ireland,-6.5924609,53.2482376
354,Herc,Pulster,hpulster9t@google.co.uk,Male,Ireland,-6.391149,53.8996586
355,Cleopatra,Dawson,cdawson9u@vinaora.com,Female,Ireland,-7.7655701,53.5650926
356,Alidia,Sekulla,asekulla9v@wsj.com,Female,Ireland,-7.5011999,53.776647
357,Katti,Livick,klivick9w@alexa.com,Female,Ireland,-8.5171384,51.876873
358,Bee,Harbinson,bharbinson9x@slideshare.net,Female,Ireland,-6.3077823,53.3655256
359,Yule,Lardier,ylardier9y@xrea.com,Male,Ireland,-6.266734,53.3829319
360,Jimmy,Chace,jchace9z@hao123.com,Male,Ireland,-9.151825,54.11215
361,Cly,Crooks,ccrooksa0@macromedia.com,Male,Ireland,-7.0472382,52.9480781
362,Revkah,Denslow,rdenslowa1@cisco.com,Genderfluid,Ireland,-6.7449927,53.1310185
363,Helenelizabeth,Ship,hshipa2@businessinsider.com,Female,Ireland,-6.3506335,53.2911347
364,Ogdon,McRobert,omcroberta3@google.cn,Male,Ireland,-6.4008792,53.9215606
365,Ginni,Aristide,garistidea4@ihg.com,Female,Ireland,-8.2969737,53.9735591
366,Ashby,Noore,anoorea5@hc360.com,Male,Ireland,-8.4784945,51.8815586
367,Fredric,Oldershaw,foldershawa6@omniture.com,Male,Ireland,-6.590926,53.1936864
368,Brianna,Rhydderch,brhyddercha7@arstechnica.com,Female,Ireland,-6.313755,53.366736
369,Marietta,covino,mcovinoa8@shutterfly.com,Female,Ireland,-8.334953,51.8610022
370,Pamela,Beadham,pbeadhama9@wp.com,Female,Ireland,-7.888894,52.516323
371,Towney,Crankhorn,tcrankhornaa@engadget.com,Male,Ireland,-6.4008792,53.9215606
372,Isidro,Maslin,imaslinab@live.com,Male,Ireland,-6.139018,53.171935
373,Sheilakathryn,Toleman,stolemanac@fotki.com,Female,Ireland,-6.4887534,53.3653866
374,Mariellen,Shurey,mshureyad@globo.com,Female,Ireland,-6.218069,53.374266
375,Guendolen,Longstreet,glongstreetae@about.com,Female,Ireland,-6.9140788,53.169971
376,Miguel,Sarginson,msarginsonaf@ca.gov,Male,Ireland,-6.2427004,53.3347733
377,Joey,Hain,jhainag@google.nl,Female,Ireland,-7.0625888,53.1387595
378,Clovis,Officer,cofficerah@nps.gov,Female,Ireland,-7.185387,53.158984
379,Nellie,Gibson,ngibsonai@google.pl,Female,Ireland,-6.139018,53.171935
380,Claudine,Haszard,chaszardaj@msu.edu,Female,Ireland,-8.2969737,53.9735591
381,Forrester,Sweatman,fsweatmanak@blinklist.com,Male,Ireland,-9.448724,51.680591
382,Jesus,Brayley,jbrayleyal@dropbox.com,Male,Ireland,-7.9139891,53.0949398
383,Greggory,Boome,gboomeam@devhub.com,Male,Ireland,-8.5176583,51.8863277
384,Elisabeth,Matzen,ematzenan@dedecms.com,Female,Ireland,-6.1072403,53.2780047
385,Lennie,Chubb,lchubbao@globo.com,Male,Ireland,-8.1722173,51.9138694
386,Bryce,Pankhurst.,bpankhurstap@ucsd.edu,Male,Ireland,-8.259128,51.908209
387,Ingra,Czajka,iczajkaaq@auda.org.au,Male,Ireland,-9.5003786,52.4458588
388,Alanah,Carren,acarrenar@goodreads.com,Polygender,Ireland,-6.1136478,53.2121335
389,Frederique,Paramor,fparamoras@umn.edu,Female,Ireland,-8.9775014,52.8314927
390,Lanie,Prickett,lprickettat@tamu.edu,Male,Ireland,-8.2001004,52.86326
391,Thatch,O'Glessane,toglessaneau@weibo.com,Male,Ireland,-6.3695384,53.3734053
392,Nanete,Ruoff,nruoffav@va.gov,Female,Ireland,-7.0943023,54.2694844
393,Aron,Wisam,awisamaw@xrea.com,Male,Ireland,-6.9898366,53.2265199
394,Maxwell,Dumberell,mdumberellax@statcounter.com,Male,Ireland,-6.6633404,53.2492381
395,Griffie,McGuffog,gmcguffogay@g.co,Male,Ireland,-7.145971,53.508326
396,Hyacinthie,Nicholl,hnichollaz@ycombinator.com,Female,Ireland,-6.64937,54.10269
397,Donni,Whettleton,dwhettletonb0@census.gov,Female,Ireland,-7.0833118,52.2413206
398,Royal,Crasswell,rcrasswellb1@hp.com,Male,Ireland,-8.9342111,52.182304
399,Langsdon,Touson,ltousonb2@shareasale.com,Male,Ireland,-6.1979853,53.3046353
400,Bertie,Tace,btaceb3@spiegel.de,Genderfluid,Ireland,-6.590926,53.1936864
401,Baily,Vuitton,bvuittonb4@surveymonkey.com,Male,Ireland,-8.1722002,54.3051891
402,Claudell,Iianon,ciianonb5@nsw.gov.au,Male,Ireland,-8.83565,53.49417
403,Nadine,Gergolet,ngergoletb6@dion.ne.jp,Female,Ireland,-6.391149,53.8996586
404,Brita,Dawidowicz,bdawidowiczb7@barnesandnoble.com,Female,Ireland,-6.2611953,53.3881832
405,Tessy,Huckster,thucksterb8@desdev.cn,Female,Ireland,-8.83565,53.49417
406,Nicol,Deverick,ndeverickb9@merriam-webster.com,Polygender,Ireland,-9.159604,53.302644
407,Timmi,Hoffman,thoffmanba@opera.com,Female,Ireland,-8.4627451,54.25645
408,Lorens,Holworth,lholworthbb@dell.com,Male,Ireland,-6.264963,53.3897152
409,Roda,Galley,rgalleybc@quantcast.com,Female,Ireland,-6.4241156,53.7369009
410,Clementius,Brittan,cbrittanbd@tiny.cc,Male,Ireland,-6.9140788,53.169971
411,Corliss,Dupre,cduprebe@cmu.edu,Female,Ireland,-6.3539424,53.3666338
412,Rani,Flett,rflettbf@freewebs.com,Female,Ireland,-7.888894,52.516323
413,Franklyn,Bernardt,fbernardtbg@tripod.com,Male,Ireland,-7.2979911,53.6785169
414,Michaelina,Davidovitz,mdavidovitzbh@domainmarket.com,Female,Ireland,-8.6346959,53.7423435
415,Carol,Conman,cconmanbi@oracle.com,Female,Ireland,-8.9791425,52.8638391
416,Edita,Cash,ecashbj@shop-pro.jp,Female,Ireland,-7.518792,53.284466
417,Quill,Lankester,qlankesterbk@google.co.uk,Male,Ireland,-6.1479779,53.450694
418,Mattheus,Vittet,mvittetbl@mysql.com,Male,Ireland,-10.0320886,54.2223118
419,Sibbie,MacFadyen,smacfadyenbm@e-recht24.de,Polygender,Ireland,-9.4904891,52.6396679
420,Jo-anne,Hinzer,jhinzerbn@cdc.gov,Female,Ireland,-6.1979853,53.3046353
421,Tiebout,Newstead,tnewsteadbo@ycombinator.com,Male,Ireland,-7.2584,52.655184
422,Justine,Strodder,jstrodderbp@networksolutions.com,Agender,Ireland,-8.5111664,51.8858819
423,Rayshell,Di Biaggi,rdibiaggibq@berkeley.edu,Female,Ireland,-8.7683674,53.7942932
424,Wylma,McClounan,wmcclounanbr@archive.org,Female,Ireland,-6.2554371,53.2767301
425,Derwin,Cramphorn,dcramphornbs@yellowpages.com,Male,Ireland,-6.2633149,53.377533
426,Ashlen,Coltart,acoltartbt@over-blog.com,Female,Ireland,-9.1097137,53.2582868
427,Kendrick,Comi,kcomibu@fema.gov,Male,Ireland,-6.391149,53.8996586
428,Adele,Salmoni,asalmonibv@hhs.gov,Female,Ireland,-7.606287,53.6972399
429,Jo-ann,Duffil,jduffilbw@ox.ac.uk,Female,Ireland,-6.3828795,53.385304
430,Cordie,Limpkin,climpkinbx@baidu.com,Male,Ireland,-8.4627451,54.25645
431,Kingsley,Stiegar,kstiegarby@example.com,Male,Ireland,-6.7515223,53.2888321
432,Case,McCaughey,cmccaugheybz@360.cn,Male,Ireland,-6.1072403,53.2780047
433,Fidole,Hartup,fhartupc0@youtu.be,Male,Ireland,-6.336393,53.3122864
434,Bern,Creek,bcreekc1@360.cn,Male,Ireland,-8.83565,53.49417
435,Becky,Gaish,bgaishc2@xinhuanet.com,Female,Ireland,-9.5003786,52.4458588
436,Drake,Beggio,dbeggioc3@issuu.com,Male,Ireland,-7.7655701,53.5650926
437,Clarence,Bratton,cbrattonc4@ifeng.com,Genderfluid,Ireland,-8.2755058,52.2627273
438,Wells,Boddam,wboddamc5@blogspot.com,Male,Ireland,-8.9949917,53.8533151
439,Laurene,Scuse,lscusec6@bbc.co.uk,Female,Ireland,-6.1920933,53.3916434
440,Corney,Farron,cfarronc7@lycos.com,Male,Ireland,-6.3048641,53.3284298
441,Brandise,Morrowe,bmorrowec8@mtv.com,Genderfluid,Ireland,-8.2817353,54.4771768
442,Cherida,Roony,croonyc9@twitter.com,Female,Ireland,-6.2071246,53.4562426
443,Melonie,Spelsbury,mspelsburyca@blogspot.com,Female,Ireland,-8.5176583,51.8863277
444,Dieter,Littefair,dlittefaircb@npr.org,Male,Ireland,-6.264963,53.3897152
445,Leslie,Dionsetto,ldionsettocc@zimbio.com,Male,Ireland,-6.2429997,53.7902634
446,Lanni,Kibble,lkibblecd@weather.com,Female,Ireland,-6.4887534,53.3653866
447,Muffin,Kesley,mkesleyce@about.com,Agender,Ireland,-8.4784945,51.8815586
448,Meaghan,Hovel,mhovelcf@weibo.com,Female,Ireland,-7.145971,53.508326
449,Christel,Groocock,cgroocockcg@youku.com,Female,Ireland,-6.1349155,53.5834008
450,Care,Kiely,ckielych@chicagotribune.com,Male,Ireland,-6.218069,53.374266
451,Ivory,Scardifield,iscardifieldci@google.com.au,Genderqueer,Ireland,-6.2755912,53.3500473
452,Vaclav,Trembath,vtrembathcj@wufoo.com,Male,Ireland,-6.4671298,53.5050031
453,Emmett,Reddie,ereddieck@businesswire.com,Male,Ireland,-8.83565,53.49417
454,Zabrina,Deakes,zdeakescl@sina.com.cn,Female,Ireland,-8.3929404,51.8113447
455,Katusha,Redrup,kredrupcm@reverbnation.com,Female,Ireland,-8.4523258,51.880525
456,Karola,Barnshaw,kbarnshawcn@house.gov,Female,Ireland,-6.2152673,53.3323703
457,Myriam,Checkley,mcheckleyco@slideshare.net,Female,Ireland,-8.1722002,54.3051891
458,Howey,McGinly,hmcginlycp@barnesandnoble.com,Male,Ireland,-6.1349155,53.5834008
459,Maxim,Pymer,mpymercq@hc360.com,Male,Ireland,-9.448724,51.680591
460,Janek,Bees,jbeescr@alexa.com,Male,Ireland,-8.489012,51.923707
461,Cecily,Wybrew,cwybrewcs@constantcontact.com,Female,Ireland,-7.185387,53.158984
462,Raven,Rubie,rrubiect@pcworld.com,Female,Ireland,-7.1111732,52.2513095
463,Ursuline,Linney,ulinneycu@privacy.gov.au,Female,Ireland,-7.0472382,52.9480781
464,Lilla,Ostick,lostickcv@naver.com,Female,Ireland,-6.9858993,53.0018699
465,Mallory,Minto,mmintocw@bing.com,Male,Ireland,-8.334953,51.8610022
466,Matt,Headech,mheadechcx@dell.com,Male,Ireland,-6.133718,53.291512
467,Pandora,Romagosa,promagosacy@wikia.com,Female,Ireland,-7.145971,53.508326
468,Valentino,Libbie,vlibbiecz@thetimes.co.uk,Male,Ireland,-6.9858993,53.0018699
469,Winifield,Furze,wfurzed0@e-recht24.de,Male,Ireland,-6.1136478,53.2121335
470,Baxy,Snipe,bsniped1@ebay.co.uk,Agender,Ireland,-8.4627451,54.25645
471,Lolly,Pietruschka,lpietruschkad2@ocn.ne.jp,Female,Ireland,-6.2427004,53.3347733
472,Dianne,Banes,dbanesd3@jugem.jp,Female,Ireland,-6.9692181,52.7009338
473,Libbi,Orth,lorthd4@lycos.com,Female,Ireland,-7.2979911,53.6785169
474,Mireielle,Hartfield,mhartfieldd5@hugedomains.com,Female,Ireland,-6.2398782,53.32112
475,Mario,Dielhenn,mdielhennd6@amazon.com,Genderfluid,Ireland,-8.642661,52.1361219
476,Matthew,Legges,mleggesd7@bloomberg.com,Male,Ireland,-9.5003786,52.4458588
477,Richart,Plenderleith,rplenderleithd8@blogger.com,Male,Ireland,-6.163027,53.2339841
478,Trefor,Sokill,tsokilld9@usda.gov,Male,Ireland,-9.7850991,52.1058991
479,Sidnee,Berry,sberryda@constantcontact.com,Male,Ireland,-9.1327273,53.806868
480,Jens,Baudoux,jbaudouxdb@goodreads.com,Male,Ireland,-7.8004329,53.7283566
481,Tami,Northill,tnorthilldc@about.com,Female,Ireland,-6.3695384,53.3734053
482,Adrea,Antoniottii,aantoniottiidd@webeden.co.uk,Female,Ireland,-6.308522,52.665267
483,Vilhelmina,Ong,vongde@java.com,Female,Ireland,-7.0943023,54.2694844
484,Walt,Jacquemard,wjacquemarddf@tamu.edu,Male,Ireland,-6.1535181,53.5220275
485,Tobe,Shirt,tshirtdg@51.la,Female,Ireland,-8.5369154,52.6681994
486,Larisa,Staniforth,lstaniforthdh@foxnews.com,Female,Ireland,-8.1722002,54.3051891
487,Amelia,Purbrick,apurbrickdi@cornell.edu,Female,Ireland,-7.8004329,53.7283566
488,Melodie,Swannell,mswannelldj@rakuten.co.jp,Female,Ireland,-8.2755058,52.2627273
489,Alanna,Orbon,aorbondk@vkontakte.ru,Genderqueer,Ireland,-8.1722002,54.3051891
490,Inga,O' Culligan,ioculligandl@xing.com,Female,Ireland,-6.176659,53.4487975
491,Boycie,Harme,bharmedm@ftc.gov,Male,Ireland,-6.1215213,53.2724538
492,Garek,Probet,gprobetdn@economist.com,Male,Ireland,-6.3219759,53.2976886
493,Selia,Tchir,stchirdo@fc2.com,Female,Ireland,-7.5717688,52.1045472
494,Laurent,Tims,ltimsdp@deliciousdays.com,Male,Ireland,-8.2215941,53.0917381
495,Waldo,Caldecot,wcaldecotdq@sogou.com,Male,Ireland,-10.0320886,54.2223118
496,Ernie,Moyler,emoylerdr@shop-pro.jp,Male,Ireland,-6.1644997,53.4266145
497,Letitia,Haskett,lhaskettds@over-blog.com,Female,Ireland,-6.1011147,53.2000455
498,Erv,Conduit,econduitdt@addtoany.com,Male,Ireland,-6.3219759,53.2976886
499,Giuditta,Cramp,gcrampdu@unesco.org,Agender,Ireland,-8.4824714,51.8862378
500,Ellynn,Badgers,ebadgersdv@examiner.com,Female,Ireland,-8.3929404,51.8113447
501,Marcus,Charrington,mcharringtondw@zdnet.com,Male,Ireland,-6.2429997,53.7902634
502,Joyann,Mimmack,jmimmackdx@google.ru,Female,Ireland,-7.269174,55.0650892
503,Stoddard,Issakov,sissakovdy@rediff.com,Female,Ireland,-7.8434254,51.949401
504,Raddie,Matusevich,rmatusevichdz@umich.edu,Male,Ireland,-8.5171384,51.876873
505,Chrissy,Denidge,cdenidgee0@alibaba.com,Female,Ireland,-6.590926,53.1936864
506,Cirilo,Biggerdike,cbiggerdikee1@virginia.edu,Genderqueer,Ireland,-7.0625888,53.1387595
507,Lauretta,Harradence,lharradencee2@sina.com.cn,Female,Ireland,-6.366762,53.2987724
508,Shandeigh,Geane,sgeanee3@fc2.com,Female,Ireland,-6.2508196,53.2866372
509,Abbe,Parkinson,aparkinsone4@cbsnews.com,Male,Ireland,-8.5054897,52.7107501
510,Christie,Burdett,cburdette5@tuttocitta.it,Female,Ireland,-9.7850991,52.1058991
511,Micky,Reinard,mreinarde6@archive.org,Male,Ireland,-7.1111732,52.2513095
512,Stephenie,Oxburgh,soxburghe7@cam.ac.uk,Genderfluid,Ireland,-8.337871,52.0097259
513,Lezlie,Finan,lfinane8@infoseek.co.jp,Female,Ireland,-8.9480659,53.940892
514,Brantley,Elgy,belgye9@weather.com,Male,Ireland,-6.2398782,53.32112
515,Jamil,Jedrzejewsky,jjedrzejewskyea@hatena.ne.jp,Male,Ireland,-6.133718,53.291512
516,Ola,MacTurlough,omacturlougheb@twitter.com,Female,Ireland,-6.2633149,53.377533
517,Ashley,Grief,agriefec@hostgator.com,Male,Ireland,-8.445614,51.8885086
518,Babbette,Deaton,bdeatoned@wiley.com,Female,Ireland,-7.297914,54.026345
519,Crystal,Kears,ckearsee@dropbox.com,Female,Ireland,-6.2387374,53.3141205
520,Delphine,Dugall,ddugallef@fc2.com,Female,Ireland,-7.145971,53.508326
521,Rosemonde,Larkings,rlarkingseg@pagesperso-orange.fr,Female,Ireland,-8.4523258,51.880525
522,Dyna,Artindale,dartindaleeh@yahoo.com,Female,Ireland,-6.2398782,53.32112
523,Ivette,Hayhow,ihayhowei@biglobe.ne.jp,Female,Ireland,-8.6346959,53.7423435
524,Johann,Bodleigh,jbodleighej@mail.ru,Male,Ireland,-8.8950821,52.7604883
525,Eleni,Simkin,esimkinek@techcrunch.com,Female,Ireland,-6.2892907,53.310122
526,Linc,Rosborough,lrosboroughel@myspace.com,Male,Ireland,-7.888894,52.516323
527,Friedrick,Cosgrove,fcosgroveem@pen.io,Male,Ireland,-7.0472382,52.9480781
528,Celesta,Vahl,cvahlen@deviantart.com,Genderqueer,Ireland,-7.297914,54.026345
529,Faina,Witchalls,fwitchallseo@netvibes.com,Agender,Ireland,-80.7087609,35.7797381
530,Vachel,Kop,vkopep@army.mil,Male,Ireland,-7.0625888,53.1387595
531,Jobi,Kleisle,jkleisleeq@sfgate.com,Female,Ireland,-6.1136478,53.2121335
532,Baudoin,Gabbidon,bgabbidoner@wix.com,Male,Ireland,-8.2215941,53.0917381
533,Gawain,Waylett,gwaylettes@barnesandnoble.com,Male,Ireland,-6.9711886,53.916791
534,Worth,Bartunek,wbartuneket@bloglovin.com,Male,Ireland,-9.1327273,53.806868
535,Leon,Van Schafflaer,lvanschafflaereu@un.org,Male,Ireland,-9.159604,53.302644
536,Ianthe,Hodinton,ihodintonev@google.com.au,Female,Ireland,-8.5054897,52.7107501
537,Minor,Mabbitt,mmabbittew@arstechnica.com,Male,Ireland,-6.2387374,53.3141205
538,Joellen,Woolward,jwoolwardex@illinois.edu,Female,Ireland,-6.9140788,53.169971
539,Jo,McAlarney,jmcalarneyey@craigslist.org,Male,Ireland,-6.1406578,53.2886387
540,Ashla,Reddin,areddinez@princeton.edu,Female,Ireland,-6.4202878,54.0026343
541,Jeanie,Carnow,jcarnowf0@alibaba.com,Female,Ireland,-6.2340942,53.2993199
542,Esmaria,McCrainor,emccrainorf1@odnoklassniki.ru,Female,Ireland,-6.2890702,53.3201497
543,Almeria,McKevin,amckevinf2@fda.gov,Female,Ireland,-7.0472382,52.9480781
544,Estrella,Solano,esolanof3@upenn.edu,Female,Ireland,-6.139018,53.171935
545,Kath,Engall,kengallf4@wordpress.com,Female,Ireland,-7.2979911,53.6785169
546,Sibby,Rhucroft,srhucroftf5@sohu.com,Female,Ireland,-9.0248232,53.2760162
547,Fitz,Willden,fwilldenf6@nationalgeographic.com,Male,Ireland,-6.2890702,53.3201497
548,Ruprecht,Bitchener,rbitchenerf7@ameblo.jp,Male,Ireland,-6.2057463,53.3870149
549,Erinn,Laterza,elaterzaf8@ucsd.edu,Female,Ireland,-6.2429997,53.7902634
550,Denice,Teaz,dteazf9@yolasite.com,Female,Ireland,-9.159604,53.302644
551,Fannie,Endley,fendleyfa@imageshack.us,Female,Ireland,-9.7359765,54.1433253
552,Olav,Goodrick,ogoodrickfb@drupal.org,Male,Ireland,-8.9342111,52.182304
553,Marshall,Gawkes,mgawkesfc@examiner.com,Genderfluid,Ireland,-6.1942058,53.3604483
554,Ricky,Lindhe,rlindhefd@google.es,Male,Ireland,-9.4904891,52.6396679
555,Cordy,Highton,chightonfe@tmall.com,Male,Ireland,-9.0248232,53.2760162
556,Hermy,Gerge,hgergeff@jalbum.net,Male,Ireland,-8.5176583,51.8863277
557,Yehudit,Marriott,ymarriottfg@51.la,Male,Ireland,-6.1479779,53.450694
558,Skipp,Westover,swestoverfh@booking.com,Polygender,Ireland,-8.3929404,51.8113447
559,Marielle,Gogarty,mgogartyfi@amazon.de,Female,Ireland,-6.3422325,53.719155
560,Wallache,Rattenbury,wrattenburyfj@scribd.com,Male,Ireland,-6.5924609,53.2482376
561,Irvin,Rawls,irawlsfk@ucla.edu,Genderfluid,Ireland,-9.4904891,52.6396679
562,Spencer,Shiel,sshielfl@china.com.cn,Male,Ireland,-6.9140788,53.169971
563,Halsy,Metrick,hmetrickfm@virginia.edu,Male,Ireland,-7.145971,53.508326
564,Ber,Narramor,bnarramorfn@sciencedirect.com,Male,Ireland,-8.5176583,51.8863277
565,Ikey,Mears,imearsfo@dmoz.org,Male,Ireland,-80.7087609,35.7797381
566,Cyndia,Eykelhof,ceykelhoffp@foxnews.com,Female,Ireland,-6.2429997,53.7902634
567,Zebulen,Legge,zleggefq@cpanel.net,Male,Ireland,-9.0197835,53.2736466
568,Rebecka,Hegerty,rhegertyfr@ehow.com,Non-binary,Ireland,-6.7515223,53.2888321
569,Deborah,Luttgert,dluttgertfs@baidu.com,Polygender,Ireland,-8.83565,53.49417
570,Emeline,Tettersell,etettersellft@wikipedia.org,Female,Ireland,-8.958931,51.904635
571,Rochella,Trickett,rtrickettfu@ted.com,Female,Ireland,-8.958931,51.904635
572,Jule,Huddy,jhuddyfv@booking.com,Bigender,Ireland,-6.3506335,53.2911347
573,Ward,Packman,wpackmanfw@nih.gov,Genderfluid,Ireland,-7.2314132,54.1794814
574,Egon,Jendrach,ejendrachfx@godaddy.com,Male,Ireland,-6.6633404,53.2492381
575,Doyle,Outram,doutramfy@qq.com,Male,Ireland,-9.4904891,52.6396679
576,Eleanor,Obispo,eobispofz@wisc.edu,Female,Ireland,-8.5171384,51.876873
577,Eldon,Franzman,efranzmang0@ebay.co.uk,Male,Ireland,-6.336393,53.3122864
578,Kenon,Balam,kbalamg1@ow.ly,Male,Ireland,-8.9791425,52.8638391
579,Fiorenze,Aldus,faldusg2@last.fm,Female,Ireland,-7.0943023,54.2694844
580,Toby,Zisneros,tzisnerosg3@boston.com,Male,Ireland,-10.0320886,54.2223118
581,Jemie,Scadden,jscaddeng4@sourceforge.net,Polygender,Ireland,-8.2001004,52.86326
582,Demetre,Gatland,dgatlandg5@wsj.com,Male,Ireland,-6.3219759,53.2976886
583,Cleve,Frensch,cfrenschg6@jimdo.com,Male,Ireland,-7.2979911,53.6785169
584,Jackelyn,Ruckhard,jruckhardg7@slideshare.net,Non-binary,Ireland,-6.4496384,53.3582341
585,Rebeca,Ellershaw,rellershawg8@cpanel.net,Female,Ireland,-9.0288689,53.2737147
586,Cesar,Mordon,cmordong9@walmart.com,Male,Ireland,-7.7655701,53.5650926
587,Harlan,Vockings,hvockingsga@dropbox.com,Male,Ireland,-6.2324705,53.3177535
588,Ariel,Lorenz,alorenzgb@buzzfeed.com,Genderfluid,Ireland,-7.269174,55.0650892
589,Sandor,McIlwreath,smcilwreathgc@ucsd.edu,Male,Ireland,-8.334953,51.8610022
590,Allegra,Hindenberger,ahindenbergergd@merriam-webster.com,Female,Ireland,-6.251714,53.3169419
591,Brodie,Pardie,bpardiege@free.fr,Male,Ireland,-6.9711886,53.916791
592,Holly-anne,Colaton,hcolatongf@tinypic.com,Female,Ireland,-6.2633149,53.377533
593,Cesya,Naisby,cnaisbygg@wsj.com,Female,Ireland,-7.2584,52.655184
594,Ema,Skeemer,eskeemergh@wikispaces.com,Female,Ireland,-6.6633404,53.2492381
595,Inigo,Billes,ibillesgi@mtv.com,Male,Ireland,-9.4904891,52.6396679
596,Patricio,Stoile,pstoilegj@fda.gov,Male,Ireland,-6.163027,53.2339841
597,Eliot,Enbury,eenburygk@mail.ru,Male,Ireland,-7.888894,52.516323
598,Meggi,Romand,mromandgl@techcrunch.com,Female,Ireland,-6.2755912,53.3500473
599,Bryna,Ginnell,bginnellgm@mapy.cz,Polygender,Ireland,-8.5054897,52.7107501
600,Roxanne,Plowes,rplowesgn@ycombinator.com,Female,Ireland,-8.1722173,51.9138694
601,Kevon,Torrisi,ktorrisigo@gov.uk,Male,Ireland,-8.4242597,51.8910459
602,Horace,Gander,hgandergp@fema.gov,Male,Ireland,-9.0197835,53.2736466
603,Delphine,MacTague,dmactaguegq@webeden.co.uk,Female,Ireland,-6.251714,53.3169419
604,Cleon,Snassell,csnassellgr@fema.gov,Male,Ireland,-9.151825,54.11215
605,Beckie,Vernon,bvernongs@globo.com,Female,Ireland,-10.0320886,54.2223118
606,Jillana,McTrustey,jmctrusteygt@linkedin.com,Female,Ireland,-7.888894,52.516323
607,Olivero,Colebourne,ocolebournegu@bandcamp.com,Male,Ireland,-7.145971,53.508326
608,Paulette,Rallinshaw,prallinshawgv@cbsnews.com,Female,Ireland,-6.2057463,53.3870149
609,Carce,Solon,csolongw@huffingtonpost.com,Male,Ireland,-6.4496384,53.3582341
610,Alberik,Butt Gow,abuttgowgx@techcrunch.com,Male,Ireland,-6.7449927,53.1310185
611,Cynthie,De Lascy,cdelascygy@google.com,Female,Ireland,-7.8434254,51.949401
612,Currie,Scarasbrick,cscarasbrickgz@51.la,Male,Ireland,-6.1920933,53.3916434
613,Griz,Capini,gcapinih0@dell.com,Male,Ireland,-6.218069,53.374266
614,Arel,Noddings,anoddingsh1@clickbank.net,Male,Ireland,-6.5853664,53.378253
615,Jenelle,Gorling,jgorlingh2@dedecms.com,Female,Ireland,-8.05,51.9166667
616,Amelia,Shemwell,ashemwellh3@slideshare.net,Female,Ireland,-8.2817353,54.4771768
617,Ambrose,Ellesworthe,aelleswortheh4@diigo.com,Male,Ireland,-8.1722173,51.9138694
618,Joann,Cordall,jcordallh5@amazon.co.uk,Female,Ireland,-6.1406578,53.2886387
619,Kati,McCroft,kmccrofth6@sakura.ne.jp,Female,Ireland,-9.268589,51.549106
620,Christina,Douris,cdourish7@slate.com,Female,Ireland,-6.2890702,53.3201497
621,Cherry,Magnus,cmagnush8@instagram.com,Polygender,Ireland,-7.518792,53.284466
622,Lonny,Crasford,lcrasfordh9@elpais.com,Male,Ireland,-10.0320886,54.2223118
623,Reinold,Orpyne,rorpyneha@myspace.com,Non-binary,Ireland,-9.151825,54.11215
624,Ynes,Dolton,ydoltonhb@mapquest.com,Female,Ireland,-8.5176583,51.8863277
625,Arlen,Tarbert,atarberthc@free.fr,Female,Ireland,-6.1535181,53.5220275
626,Pammy,Scotti,pscottihd@eventbrite.com,Female,Ireland,-8.642661,52.1361219
627,Dorena,Pharro,dpharrohe@infoseek.co.jp,Female,Ireland,-6.64937,54.10269
628,Elisha,Twyning,etwyninghf@multiply.com,Male,Ireland,-6.5853664,53.378253
629,Standford,Zarb,szarbhg@xing.com,Male,Ireland,-8.9949917,53.8533151
630,Lorne,Pahl,lpahlhh@live.com,Female,Ireland,-6.1979853,53.3046353
631,Mendel,Edney,medneyhi@uiuc.edu,Male,Ireland,-6.1544115,53.4855448
632,Lidia,Slessar,lslessarhj@businessinsider.com,Female,Ireland,-8.2215941,53.0917381
633,Ximenez,Merck,xmerckhk@gmpg.org,Male,Ireland,-9.0248232,53.2760162
634,Ki,Soltan,ksoltanhl@google.ca,Female,Ireland,-8.9342111,52.182304
635,Desirae,Dinwoodie,ddinwoodiehm@ycombinator.com,Female,Ireland,-8.2001004,52.86326
636,Meade,Tiffin,mtiffinhn@pcworld.com,Male,Ireland,-8.8562835,53.510243
637,Tiebout,Lasseter,tlasseterho@boston.com,Male,Ireland,-8.5369154,52.6681994
638,Neall,Cuzen,ncuzenhp@csmonitor.com,Male,Ireland,-6.2340942,53.2993199
639,Prudence,Lindl,plindlhq@bing.com,Agender,Ireland,-6.7434401,53.2229873
640,Janel,Laity,jlaityhr@weebly.com,Bigender,Ireland,-8.05,51.9166667
641,Berny,Konke,bkonkehs@themeforest.net,Genderfluid,Ireland,-8.7683674,53.7942932
642,Laurette,Sheach,lsheachht@issuu.com,Female,Ireland,-6.5853664,53.378253
643,Immanuel,Rottgers,irottgershu@pen.io,Male,Ireland,-7.2584,52.655184
644,Corabelle,Springham,cspringhamhv@macromedia.com,Female,Ireland,-8.7683674,53.7942932
645,Gauthier,Kummerlowe,gkummerlowehw@etsy.com,Male,Ireland,-6.1884248,53.5879156
646,Siffre,Shirtliff,sshirtliffhx@cbslocal.com,Male,Ireland,-8.8950821,52.7604883
647,Darnell,Goane,dgoanehy@scientificamerican.com,Male,Ireland,-6.9711886,53.916791
648,Doro,Swadling,dswadlinghz@mashable.com,Female,Ireland,-9.159604,53.302644
649,Marylou,Prantl,mprantli0@umn.edu,Female,Ireland,-6.7515223,53.2888321
650,Pacorro,Collins,pcollinsi1@dagondesign.com,Male,Ireland,-6.176659,53.4487975
651,Jade,Metcalfe,jmetcalfei2@ibm.com,Female,Ireland,-6.2340942,53.2993199
652,Stefania,Nelhams,snelhamsi3@unesco.org,Female,Ireland,-6.9711886,53.916791
653,Demetri,Stobbes,dstobbesi4@epa.gov,Male,Ireland,-6.2152673,53.3323703
654,Gena,Joseff,gjoseffi5@multiply.com,Female,Ireland,-6.7449927,53.1310185
655,Caitrin,Chuck,cchucki6@trellian.com,Female,Ireland,-6.2071246,53.4562426
656,Sheppard,Dicker,sdickeri7@naver.com,Male,Ireland,-7.606287,53.6972399
657,Frederick,Crandon,fcrandoni8@hatena.ne.jp,Male,Ireland,-8.9791425,52.8638391
658,Cedric,Bollen,cbolleni9@shutterfly.com,Male,Ireland,-6.308522,52.665267
659,Sinclare,Vasyukhichev,svasyukhichevia@simplemachines.org,Male,Ireland,-8.9791425,52.8638391
660,Lory,Hinemoor,lhinemoorib@quantcast.com,Female,Ireland,-6.2508196,53.2866372
661,Tybi,Aburrow,taburrowic@ebay.co.uk,Female,Ireland,-9.159604,53.302644
662,Darby,Enright,denrightid@etsy.com,Male,Ireland,-6.264963,53.3897152
663,Jedediah,Legh,jleghie@vistaprint.com,Male,Ireland,-8.3545704,52.5593605
664,Coral,Gaymer,cgaymerif@redcross.org,Genderqueer,Ireland,-7.086877,53.8363325
665,Berton,Mellsop,bmellsopig@4shared.com,Male,Ireland,-6.64937,54.10269
666,Katinka,Klimentyonok,kklimentyonokih@foxnews.com,Female,Ireland,-9.5003786,52.4458588
667,Cammie,Schulz,cschulzii@arizona.edu,Female,Ireland,-9.151825,54.11215
668,Natala,Hyrons,nhyronsij@sciencedaily.com,Female,Ireland,-6.3219759,53.2976886
669,Retha,Hannabuss,rhannabussik@pinterest.com,Female,Ireland,-8.2001004,52.86326
670,Mike,Canape,mcanapeil@alibaba.com,Male,Ireland,-6.2398782,53.32112
671,Hy,Venditti,hvendittiim@surveymonkey.com,Male,Ireland,-6.391149,53.8996586
672,Harley,Hessenthaler,hhessenthalerin@disqus.com,Female,Ireland,-8.5946591,54.632283
673,Lewiss,Abramzon,labramzonio@comcast.net,Male,Ireland,-6.9858993,53.0018699
674,Zora,Setchell,zsetchellip@nba.com,Female,Ireland,-8.7683674,53.7942932
675,Dulcy,Lamb-shine,dlambshineiq@mapquest.com,Female,Ireland,-8.259128,51.908209
676,Devora,Mollatt,dmollattir@google.nl,Female,Ireland,-6.2398782,53.32112
677,Peadar,Horburgh,phorburghis@instagram.com,Male,Ireland,-7.5011999,53.776647
678,Reeva,Cleal,rclealit@goo.ne.jp,Female,Ireland,-7.7655701,53.5650926
679,Robyn,Skey,rskeyiu@drupal.org,Female,Ireland,-6.2611953,53.3881832
680,Chalmers,Mahony,cmahonyiv@cam.ac.uk,Male,Ireland,-7.297914,54.026345
681,Vernice,Liger,vligeriw@123-reg.co.uk,Female,Ireland,-6.3695384,53.3734053
682,Lyell,Bruck,lbruckix@abc.net.au,Male,Ireland,-8.334953,51.8610022
683,Amalle,Fumagalli,afumagalliiy@cam.ac.uk,Female,Ireland,-8.334953,51.8610022
684,Averill,Wapples,awapplesiz@sfgate.com,Male,Ireland,-6.124065,53.231395
685,Marley,Rembrant,mrembrantj0@tinyurl.com,Female,Ireland,-6.5853664,53.378253
686,Rosalia,Ambrogio,rambrogioj1@addtoany.com,Female,Ireland,-8.4523258,51.880525
687,Christen,Wildman,cwildmanj2@spotify.com,Female,Ireland,-6.264963,53.3897152
688,Jo-ann,Tuckwood,jtuckwoodj3@huffingtonpost.com,Female,Ireland,-8.9949917,53.8533151
689,Halimeda,Ruff,hruffj4@google.ca,Female,Ireland,-7.5011999,53.776647
690,Jeremiah,Coddrington,jcoddringtonj5@people.com.cn,Male,Ireland,-7.2314132,54.1794814
691,Lyndsey,Sebert,lsebertj6@google.co.uk,Female,Ireland,-6.4496384,53.3582341
692,Gael,Freschi,gfreschij7@liveinternet.ru,Female,Ireland,-8.9791425,52.8638391
693,Zola,Grooby,zgroobyj8@issuu.com,Non-binary,Ireland,-6.67045,53.213319
694,Maude,Ginley,mginleyj9@edublogs.org,Female,Ireland,-8.5047067,51.8830697
695,Quinton,Arrandale,qarrandaleja@shareasale.com,Male,Ireland,-9.7359765,54.1433253
696,Trix,Macieiczyk,tmacieiczykjb@patch.com,Female,Ireland,-6.2324705,53.3177535
697,Karylin,Bamling,kbamlingjc@mac.com,Female,Ireland,-9.159604,53.302644
698,Kacy,Shorbrook,kshorbrookjd@people.com.cn,Female,Ireland,-9.4851741,52.4460804
699,Thain,Nassy,tnassyje@yelp.com,Male,Ireland,-6.2429997,53.7902634
700,Giselle,Gaffney,ggaffneyjf@telegraph.co.uk,Female,Ireland,-6.5028415,53.3806398
701,Ramsey,Taylder,rtaylderjg@sphinn.com,Male,Ireland,-8.4523258,51.880525
702,Massimiliano,Dollin,mdollinjh@pen.io,Male,Ireland,-8.1722173,51.9138694
703,Jose,Fridlington,jfridlingtonji@xrea.com,Male,Ireland,-8.298942,51.848898
704,Tuck,Brandon,tbrandonjj@youku.com,Male,Ireland,-6.3539424,53.3666338
705,Ofella,Priver,opriverjk@jugem.jp,Female,Ireland,-8.4242597,51.8910459
706,Ossie,Lownie,olowniejl@china.com.cn,Male,Ireland,-6.3660863,53.2874153
707,Natka,Clewes,nclewesjm@vinaora.com,Female,Ireland,-6.391149,53.8996586
708,Merell,Gecks,mgecksjn@nifty.com,Male,Ireland,-6.1406578,53.2886387
709,Timothea,McLemon,tmclemonjo@microsoft.com,Female,Ireland,-6.2071246,53.4562426
710,Broderick,Blencoe,bblencoejp@npr.org,Male,Ireland,-6.3539424,53.3666338
711,Skyler,Bastard,sbastardjq@smh.com.au,Male,Ireland,-7.0472382,52.9480781
712,Bourke,Biesterfeld,bbiesterfeldjr@tmall.com,Male,Ireland,-8.5171384,51.876873
713,Courtney,Real,crealjs@edublogs.org,Bigender,Ireland,-6.1920933,53.3916434
714,Yvette,Yashunin,yyashuninjt@ted.com,Female,Ireland,-7.5011999,53.776647
715,Kelley,Krier,kkrierju@newyorker.com,Male,Ireland,-6.1884248,53.5879156
716,Amble,Lahrs,alahrsjv@biglobe.ne.jp,Male,Ireland,-9.1097137,53.2582868
717,Laurette,Hurdiss,lhurdissjw@usnews.com,Genderfluid,Ireland,-6.6633404,53.2492381
718,Kameko,Titcom,ktitcomjx@hibu.com,Female,Ireland,-8.05,51.9166667
719,Randie,Somersett,rsomersettjy@narod.ru,Male,Ireland,-6.3048641,53.3284298
720,Valerie,Wyld,vwyldjz@wunderground.com,Female,Ireland,-10.0320886,54.2223118
721,Gregorius,Coghlan,gcoghlank0@zdnet.com,Male,Ireland,-8.642661,52.1361219
722,Allan,Greenmon,agreenmonk1@hhs.gov,Male,Ireland,-6.1157412,53.2774963
723,Lorettalorna,Burrow,lburrowk2@microsoft.com,Female,Ireland,-9.0248232,53.2760162
724,Laurie,Mahomet,lmahometk3@about.me,Female,Ireland,-6.3025448,53.6920618
725,Elsinore,Vater,evaterk4@dmoz.org,Female,Ireland,-7.2584,52.655184
726,Britte,Quinton,bquintonk5@dailymotion.com,Female,Ireland,-6.2755912,53.3500473
727,Jeanie,Cristofol,jcristofolk6@wufoo.com,Female,Ireland,-8.9706844,52.6004448
728,Bridgette,Chadd,bchaddk7@storify.com,Female,Ireland,-6.9858993,53.0018699
729,Marcellus,Farrens,mfarrensk8@prlog.org,Male,Ireland,-8.4523258,51.880525
730,Larina,Flye,lflyek9@people.com.cn,Agender,Ireland,-7.9139891,53.0949398
731,Hallsy,Hanretty,hhanrettyka@gravatar.com,Male,Ireland,-6.336393,53.3122864
732,Shandie,Blagden,sblagdenkb@freewebs.com,Female,Ireland,-8.445614,51.8885086
733,Elberta,Jeggo,ejeggokc@flavors.me,Female,Ireland,-6.1479779,53.450694
734,Lena,Dansie,ldansiekd@oracle.com,Female,Ireland,-6.2340942,53.2993199
735,Jacob,Teaze,jteazeke@ifeng.com,Male,Ireland,-6.4008792,53.9215606
736,Binny,Vondracek,bvondracekkf@slashdot.org,Genderfluid,Ireland,-7.185387,53.158984
737,Charil,Fenlon,cfenlonkg@toplist.cz,Female,Ireland,-6.391149,53.8996586
738,Ferris,Mirfin,fmirfinkh@jimdo.com,Male,Ireland,-8.2215941,53.0917381
739,Sanderson,Twitty,stwittyki@bluehost.com,Male,Ireland,-6.1011147,53.2000455
740,Clarette,Sellers,csellerskj@miibeian.gov.cn,Female,Ireland,-7.0625888,53.1387595
741,Emmy,Brockie,ebrockiekk@usda.gov,Male,Ireland,-8.4824714,51.8862378
742,Riva,Currie,rcurriekl@last.fm,Genderfluid,Ireland,-6.374155,53.3223974
743,Brook,Gathercoal,bgathercoalkm@newyorker.com,Genderfluid,Ireland,-6.4887534,53.3653866
744,Gideon,Halpeine,ghalpeinekn@aboutads.info,Male,Ireland,-8.259128,51.908209
745,Kim,Nacey,knaceyko@scientificamerican.com,Female,Ireland,-6.1406578,53.2886387
746,Mavis,Strothers,mstrotherskp@dropbox.com,Female,Ireland,-9.1327273,53.806868
747,Charmaine,Dolphin,cdolphinkq@goo.gl,Female,Ireland,-6.0704904,53.1286984
748,Nan,Hodge,nhodgekr@themeforest.net,Female,Ireland,-6.176659,53.4487975
749,Easter,Squirrell,esquirrellks@wikia.com,Female,Ireland,-6.7515223,53.2888321
750,Hunt,Pavlitschek,hpavlitschekkt@cbc.ca,Male,Ireland,-8.5111664,51.8858819
751,Shauna,Brice,sbriceku@1688.com,Female,Ireland,-6.3049392,53.3021194
752,Shelli,Weinberg,sweinbergkv@dmoz.org,Polygender,Ireland,-8.3545704,52.5593605
753,Demott,Rolin,drolinkw@hao123.com,Male,Ireland,-6.4008792,53.9215606
754,Tasia,Gaskamp,tgaskampkx@chicagotribune.com,Female,Ireland,-6.0704904,53.1286984
755,Kristal,Bocken,kbockenky@simplemachines.org,Female,Ireland,-8.4523258,51.880525
756,Brandon,Coldham,bcoldhamkz@wikispaces.com,Male,Ireland,-6.1479779,53.450694
757,Elyssa,Bortoloni,ebortolonil0@go.com,Female,Ireland,-9.7359765,54.1433253
758,Ash,Childes,achildesl1@spotify.com,Male,Ireland,-6.3219759,53.2976886
759,Bryna,Mosedill,bmosedilll2@dailymail.co.uk,Female,Ireland,-6.1544115,53.4855448
760,Riccardo,Urien,rurienl3@independent.co.uk,Male,Ireland,-8.2817353,54.4771768
761,Gerick,Beevor,gbeevorl4@house.gov,Male,Ireland,-7.8004329,53.7283566
762,Dolph,Faithorn,dfaithornl5@com.com,Male,Ireland,-8.05,51.9166667
763,Hattie,MacDermand,hmacdermandl6@marketwatch.com,Female,Ireland,-6.1920933,53.3916434
764,Skipper,Gooms,sgoomsl7@hugedomains.com,Male,Ireland,-7.185387,53.158984
765,Brinna,Goaley,bgoaleyl8@google.es,Female,Ireland,-6.1191333,53.1915379
766,Lazare,Rehm,lrehml9@mac.com,Genderqueer,Ireland,-6.5899765,52.176031
767,Veda,Kundert,vkundertla@tiny.cc,Polygender,Ireland,-6.2071246,53.4562426
768,Clyve,Crabtree,ccrabtreelb@sitemeter.com,Male,Ireland,-7.9027266,53.4148582
769,Dulcine,Combe,dcombelc@va.gov,Female,Ireland,-6.2340942,53.2993199
770,Eben,Harriagn,eharriagnld@tmall.com,Male,Ireland,-8.4784945,51.8815586
771,Udale,Beazer,ubeazerle@sohu.com,Male,Ireland,-8.298942,51.848898
772,Michel,Southernwood,msouthernwoodlf@addthis.com,Female,Ireland,-7.1111732,52.2513095
773,Sylas,Thunderman,sthundermanlg@mysql.com,Male,Ireland,-6.2611953,53.3881832
774,Julina,Boice,jboicelh@ning.com,Female,Ireland,-6.2057463,53.3870149
775,Whitby,Sheivels,wsheivelsli@webs.com,Male,Ireland,-6.2324705,53.3177535
776,Deb,Davidovici,ddavidovicilj@pagesperso-orange.fr,Bigender,Ireland,-10.022186,53.488087
777,Valencia,Rickhuss,vrickhusslk@shutterfly.com,Female,Ireland,-8.6346959,53.7423435
778,Vaughn,Petranek,vpetranekll@ted.com,Male,Ireland,-9.0197835,53.2736466
779,Shaw,Rowbottam,srowbottamlm@huffingtonpost.com,Male,Ireland,-6.67045,53.213319
780,Bruno,Vaughan-Hughes,bvaughanhughesln@go.com,Male,Ireland,-8.5176583,51.8863277
781,Carmel,Waterstone,cwaterstonelo@shop-pro.jp,Female,Ireland,-6.1072403,53.2780047
782,Marjorie,Harkess,mharkesslp@sakura.ne.jp,Female,Ireland,-6.3506335,53.2911347
783,Archaimbaud,De Bischof,adebischoflq@marketwatch.com,Male,Ireland,-8.4523258,51.880525
784,Kennith,Perche,kperchelr@hostgator.com,Genderfluid,Ireland,-7.1111732,52.2513095
785,Hart,Duchart,hduchartls@sciencedirect.com,Male,Ireland,-6.64937,54.10269
786,Armstrong,Ralston,aralstonlt@microsoft.com,Male,Ireland,-7.5717688,52.1045472
787,Jobye,Ferrara,jferraralu@oakley.com,Female,Ireland,-9.159604,53.302644
788,Salomon,MacTague,smactaguelv@admin.ch,Male,Ireland,-9.1097137,53.2582868
789,Dermot,Quickfall,dquickfalllw@economist.com,Male,Ireland,-6.133718,53.291512
790,Austin,Spreadbury,aspreadburylx@networkadvertising.org,Female,Ireland,-6.2324705,53.3177535
791,Alanah,Motherwell,amotherwellly@ihg.com,Female,Ireland,-8.259128,51.908209
792,Lilyan,Cassey,lcasseylz@liveinternet.ru,Female,Ireland,-6.1406578,53.2886387
793,Shanna,Dighton,sdightonm0@wp.com,Female,Ireland,-8.9949917,53.8533151
794,Lainey,Caughey,lcaugheym1@booking.com,Female,Ireland,-8.2817353,54.4771768
795,Mace,Samms,msammsm2@flavors.me,Male,Ireland,-7.9428197,53.4231032
796,Janette,Dockrey,jdockreym3@webs.com,Female,Ireland,-6.2057463,53.3870149
797,Jeffrey,Stratz,jstratzm4@telegraph.co.uk,Male,Ireland,-8.1722002,54.3051891
798,Harold,Mathers,hmathersm5@nyu.edu,Male,Ireland,-8.3929404,51.8113447
799,Juliane,Gridon,jgridonm6@berkeley.edu,Genderfluid,Ireland,-7.1297243,52.2509369
800,Ira,Gillett,igillettm7@ehow.com,Female,Ireland,-6.1136478,53.2121335
801,Fiann,Filewood,ffilewoodm8@comcast.net,Female,Ireland,-7.2979911,53.6785169
802,Dorothee,Stallebrass,dstallebrassm9@businessweek.com,Female,Ireland,-7.74208,54.70972
803,Curran,Speed,cspeedma@360.cn,Male,Ireland,-6.163027,53.2339841
804,Giuditta,Lemmertz,glemmertzmb@hibu.com,Female,Ireland,-7.0943023,54.2694844
805,Philip,O'Quin,poquinmc@nba.com,Male,Ireland,-7.5717688,52.1045472
806,Burk,Turl,bturlmd@hubpages.com,Male,Ireland,-8.4627451,54.25645
807,Lazare,Tulloch,ltullochme@dell.com,Male,Ireland,-8.9775014,52.8314927
808,Keven,Drabble,kdrabblemf@kickstarter.com,Male,Ireland,-9.7850991,52.1058991
809,Gwen,Ottosen,gottosenmg@macromedia.com,Female,Ireland,-6.3049392,53.3021194
810,Kyle,Romaynes,kromaynesmh@woothemes.com,Non-binary,Ireland,-6.139018,53.171935
811,Hort,Flaxman,hflaxmanmi@ovh.net,Male,Ireland,-6.266734,53.3829319
812,Rosana,Corteis,rcorteismj@eventbrite.com,Female,Ireland,-6.4671298,53.5050031
813,Elfreda,Jacomb,ejacombmk@artisteer.com,Female,Ireland,-6.4241156,53.7369009
814,Hannis,McElmurray,hmcelmurrayml@discovery.com,Female,Ireland,-9.448724,51.680591
815,Almeta,Shotton,ashottonmm@amazonaws.com,Female,Ireland,-6.366762,53.2987724
816,Baillie,Van Castele,bvancastelemn@mozilla.com,Male,Ireland,-8.7683674,53.7942932
817,Ritchie,Chetham,rchethammo@weather.com,Genderfluid,Ireland,-7.269174,55.0650892
818,Nelson,Rabbitts,nrabbittsmp@howstuffworks.com,Male,Ireland,-6.2387374,53.3141205
819,Decca,Albasiny,dalbasinymq@webnode.com,Male,Ireland,-8.6346959,53.7423435
820,Guthrie,Dundendale,gdundendalemr@google.it,Male,Ireland,-7.0625888,53.1387595
821,Egan,Bulfoot,ebulfootms@smh.com.au,Male,Ireland,-6.2387374,53.3141205
822,Franzen,Kraft,fkraftmt@a8.net,Male,Ireland,-6.2508196,53.2866372
823,Austin,Fettis,afettismu@cornell.edu,Female,Ireland,-8.642661,52.1361219
824,Hatty,Rabier,hrabiermv@un.org,Female,Ireland,-6.3828795,53.385304
825,Angelia,Pescud,apescudmw@paypal.com,Genderfluid,Ireland,-6.590926,53.1936864
826,Claudell,Skuce,cskucemx@biblegateway.com,Male,Ireland,-9.448724,51.680591
827,Cyrill,MacPeice,cmacpeicemy@angelfire.com,Male,Ireland,-7.888894,52.516323
828,Fredelia,Corstan,fcorstanmz@adobe.com,Female,Ireland,-7.145971,53.508326
829,Panchito,Beringer,pberingern0@gmpg.org,Male,Ireland,-9.159604,53.302644
830,Giorgia,Hanhart,ghanhartn1@tinyurl.com,Female,Ireland,-7.7655701,53.5650926
831,Fredek,Rangle,franglen2@rambler.ru,Male,Ireland,-6.9692181,52.7009338
832,Thorny,Awmack,tawmackn3@ocn.ne.jp,Male,Ireland,-8.4523258,51.880525
833,Riane,Tavner,rtavnern4@sina.com.cn,Female,Ireland,-9.5003786,52.4458588
834,Marijn,Warcop,mwarcopn5@devhub.com,Male,Ireland,-6.176659,53.4487975
835,George,Bohlmann,gbohlmannn6@51.la,Male,Ireland,-8.4784945,51.8815586
836,Cassondra,Duval,cduvaln7@wordpress.com,Female,Ireland,-9.4904891,52.6396679
837,Shayne,Rosenwald,srosenwaldn8@europa.eu,Female,Ireland,-7.7655701,53.5650926
838,Kendell,Hirtzmann,khirtzmannn9@nba.com,Male,Ireland,-10.022186,53.488087
839,Freddy,Chevins,fchevinsna@weather.com,Female,Ireland,-6.3660863,53.2874153
840,Tommie,Dunkerley,tdunkerleynb@epa.gov,Non-binary,Ireland,-9.448724,51.680591
841,Dix,Clausius,dclausiusnc@digg.com,Female,Ireland,-8.5054897,52.7107501
842,Borg,Pleasants,bpleasantsnd@blogtalkradio.com,Male,Ireland,-6.5924609,53.2482376
843,Elli,Southorn,esouthornne@ted.com,Female,Ireland,-8.2969737,53.9735591
844,Rod,Chatenet,rchatenetnf@vkontakte.ru,Male,Ireland,-6.366762,53.2987724
845,Randall,Bussel,rbusselng@qq.com,Male,Ireland,-6.2554371,53.2767301
846,Alexandro,Boycott,aboycottnh@123-reg.co.uk,Male,Ireland,-9.1115941,51.7203863
847,Delly,Jerger,djergerni@de.vu,Female,Ireland,-6.366762,53.2987724
848,Adda,Taree,atareenj@boston.com,Female,Ireland,-8.83565,53.49417
849,Ilene,D'Ruel,idruelnk@123-reg.co.uk,Female,Ireland,-6.1072403,53.2780047
850,Ashlie,Asee,aaseenl@economist.com,Female,Ireland,-6.1097188,53.3895926
851,Jeanne,Ciccottini,jciccottininm@simplemachines.org,Female,Ireland,-6.1406578,53.2886387
852,Hilly,Ends,hendsnn@berkeley.edu,Male,Ireland,-9.268589,51.549106
853,Arlyn,Uttridge,auttridgeno@msn.com,Genderqueer,Ireland,-6.2340942,53.2993199
854,Alick,Brecon,abreconnp@tinyurl.com,Male,Ireland,-6.590926,53.1936864
855,Eran,Lillford,elillfordnq@wunderground.com,Female,Ireland,-6.2057463,53.3870149
856,Clemmie,Sleeny,csleenynr@amazon.co.uk,Female,Ireland,-6.391149,53.8996586
857,Chrotoem,Collingwood,ccollingwoodns@cdc.gov,Male,Ireland,-9.1327273,53.806868
858,Rhodie,Brindle,rbrindlent@dedecms.com,Polygender,Ireland,-6.2398782,53.32112
859,Lowell,Folonin,lfoloninnu@gov.uk,Genderqueer,Ireland,-8.5369154,52.6681994
860,Mirilla,Volke,mvolkenv@vk.com,Female,Ireland,-7.185387,53.158984
861,Phineas,Treagust,ptreagustnw@blogtalkradio.com,Male,Ireland,-8.2817353,54.4771768
862,Jermayne,Collin,jcollinnx@unicef.org,Male,Ireland,-8.6340751,52.6638144
863,Barby,Laugier,blaugierny@tripadvisor.com,Female,Ireland,-8.4977746,51.8895954
864,Torey,Vallerine,tvallerinenz@oaic.gov.au,Male,Ireland,-6.1349155,53.5834008
865,Daryle,Armall,darmallo0@fastcompany.com,Male,Ireland,-6.1479779,53.450694
866,Sterne,Crossfeld,scrossfeldo1@walmart.com,Male,Ireland,-7.2979911,53.6785169
867,Rozamond,Shawcross,rshawcrosso2@howstuffworks.com,Genderfluid,Ireland,-6.308522,52.665267
868,Laurice,Linning,llinningo3@blogs.com,Female,Ireland,-6.3219759,53.2976886
869,Coreen,Glazzard,cglazzardo4@wix.com,Female,Ireland,-8.9791425,52.8638391
870,Kora,Humphris,khumphriso5@comcast.net,Female,Ireland,-9.1097137,53.2582868
871,Willa,Brason,wbrasono6@com.com,Female,Ireland,-7.086877,53.8363325
872,Monro,Thomas,mthomaso7@blogtalkradio.com,Male,Ireland,-6.2611953,53.3881832
873,Guthrey,Haye,ghayeo8@ucla.edu,Male,Ireland,-6.2633149,53.377533
874,Burke,Killingback,bkillingbacko9@weebly.com,Male,Ireland,-6.4887534,53.3653866
875,Kary,Abden,kabdenoa@wisc.edu,Female,Ireland,-8.1722002,54.3051891
876,Aubrey,Sandilands,asandilandsob@google.es,Female,Ireland,-8.5047067,51.8830697
877,Cleo,Attoe,cattoeoc@archive.org,Female,Ireland,-8.259128,51.908209
878,Pen,Shales,pshalesod@youtu.be,Male,Ireland,-6.1884248,53.5879156
879,Lorena,Osborn,losbornoe@ebay.co.uk,Genderfluid,Ireland,-7.297914,54.026345
880,Horst,Brody,hbrodyof@themeforest.net,Male,Ireland,-6.3506335,53.2911347
881,Josee,Dyers,jdyersog@wired.com,Female,Ireland,-8.337871,52.0097259
882,Nertie,Mahedy,nmahedyoh@washington.edu,Female,Ireland,-6.2633149,53.377533
883,Roi,Janjusevic,rjanjusevicoi@pcworld.com,Male,Ireland,-8.8950821,52.7604883
884,Lissie,Craig,lcraigoj@yale.edu,Female,Ireland,-7.5717688,52.1045472
885,Homere,Banfill,hbanfillok@parallels.com,Male,Ireland,-7.74208,54.70972
886,Fredra,McGibbon,fmcgibbonol@tiny.cc,Female,Ireland,-8.5946591,54.632283
887,Eirena,Alvar,ealvarom@google.com.au,Female,Ireland,-8.298942,51.848898
888,Kim,Ohlsen,kohlsenon@alexa.com,Female,Ireland,-8.4523258,51.880525
889,Anthe,Obee,aobeeoo@mac.com,Female,Ireland,-6.1535181,53.5220275
890,Kellina,Jahnig,kjahnigop@google.it,Female,Ireland,-6.163027,53.2339841
891,Maximilian,Lindup,mlindupoq@japanpost.jp,Male,Ireland,-6.1979853,53.3046353
892,Cirilo,Savery,csaveryor@nytimes.com,Male,Ireland,-6.124065,53.231395
893,Jerald,Wallas,jwallasos@moonfruit.com,Male,Ireland,-6.7515223,53.2888321
894,Broderic,Dougher,bdougherot@blogs.com,Male,Ireland,-6.1479779,53.450694
895,Frederich,Syratt,fsyrattou@addtoany.com,Male,Ireland,-9.448724,51.680591
896,Daryle,Challis,dchallisov@census.gov,Male,Ireland,-8.489012,51.923707
897,Mathew,Burnie,mburnieow@eventbrite.com,Male,Ireland,-6.1215213,53.2724538
898,Dorolice,Paute,dpauteox@wiley.com,Female,Ireland,-6.1979853,53.3046353
899,Jay,Kubicki,jkubickioy@go.com,Male,Ireland,-9.0197835,53.2736466
900,Nigel,Orknay,norknayoz@tamu.edu,Male,Ireland,-8.05,51.9166667
901,Winslow,England,wenglandp0@imageshack.us,Male,Ireland,-6.2890702,53.3201497
902,Billie,Nazer,bnazerp1@vinaora.com,Male,Ireland,-6.7515223,53.2888321
903,Phillipp,Jeffress,pjeffressp2@lulu.com,Male,Ireland,-6.3048641,53.3284298
904,Costa,Billington,cbillingtonp3@whitehouse.gov,Male,Ireland,-6.2429997,53.7902634
905,Fax,Halligan,fhalliganp4@kickstarter.com,Male,Ireland,-8.489012,51.923707
906,Thane,Galliver,tgalliverp5@youku.com,Male,Ireland,-6.176659,53.4487975
907,Norina,Titcombe,ntitcombep6@sun.com,Female,Ireland,-6.2890702,53.3201497
908,Loren,Antoszewski,lantoszewskip7@wufoo.com,Male,Ireland,-6.124065,53.231395
909,Herve,Risso,hrissop8@blogspot.com,Non-binary,Ireland,-7.185387,53.158984
910,Bearnard,Million,bmillionp9@latimes.com,Male,Ireland,-8.9821467,52.8498651
911,Monah,Unitt,munittpa@canalblog.com,Female,Ireland,-8.5070436,54.2109904
912,Perice,Gilberthorpe,pgilberthorpepb@tamu.edu,Agender,Ireland,-9.151825,54.11215
913,Quintana,Dast,qdastpc@uiuc.edu,Female,Ireland,-7.2314132,54.1794814
914,Christa,Naish,cnaishpd@woothemes.com,Female,Ireland,-8.1722002,54.3051891
915,Marris,Assinder,massinderpe@booking.com,Female,Ireland,-8.5171384,51.876873
916,Leela,Gilbeart,lgilbeartpf@bravesites.com,Female,Ireland,-6.1191333,53.1915379
917,Rochell,Playfoot,rplayfootpg@homestead.com,Female,Ireland,-8.5369154,52.6681994
918,Jefferson,Grunwall,jgrunwallph@theatlantic.com,Male,Ireland,-6.266734,53.3829319
919,Eulalie,Lepoidevin,elepoidevinpi@t-online.de,Female,Ireland,-8.5171384,51.876873
920,Levy,Hollows,lhollowspj@xing.com,Male,Ireland,-6.1191333,53.1915379
921,Jerrie,Couvert,jcouvertpk@ustream.tv,Male,Ireland,-8.3545704,52.5593605
922,Orelie,Bengough,obengoughpl@scribd.com,Bigender,Ireland,-6.2398782,53.32112
923,Lexine,Stailey,lstaileypm@cargocollective.com,Female,Ireland,-9.151825,54.11215
924,Griffie,Willshear,gwillshearpn@xrea.com,Male,Ireland,-6.7434401,53.2229873
925,Winny,Hurford,whurfordpo@tripod.com,Male,Ireland,-7.2584,52.655184
926,Margaretha,Fautley,mfautleypp@friendfeed.com,Female,Ireland,-7.269174,55.0650892
927,Holli,Browncey,hbrownceypq@hugedomains.com,Female,Ireland,-9.151825,54.11215
928,Lindsey,Jakaway,ljakawaypr@geocities.com,Male,Ireland,-7.888894,52.516323
929,Aubree,Frape,afrapeps@msu.edu,Female,Ireland,-6.6633404,53.2492381
930,Dilly,Mottershead,dmottersheadpt@ifeng.com,Male,Ireland,-8.9791425,52.8638391
931,Benjie,Zouch,bzouchpu@google.cn,Male,Ireland,-6.4008792,53.9215606
932,Titus,Carress,tcarresspv@jigsy.com,Male,Ireland,-6.1349155,53.5834008
933,Silvanus,Firebrace,sfirebracepw@virginia.edu,Male,Ireland,-8.1722173,51.9138694
934,Quinn,Rhydderch,qrhydderchpx@ovh.net,Female,Ireland,-8.259128,51.908209
935,Josy,Coulling,jcoullingpy@usa.gov,Female,Ireland,-6.1136478,53.2121335
936,Israel,Cattermoul,icattermoulpz@exblog.jp,Male,Ireland,-7.297914,54.026345
937,Sissie,Brosetti,sbrosettiq0@lulu.com,Female,Ireland,-6.2152673,53.3323703
938,Caro,Cesaric,ccesaricq1@buzzfeed.com,Female,Ireland,-10.0320886,54.2223118
939,Carly,Sooper,csooperq2@narod.ru,Female,Ireland,-6.1072403,53.2780047
940,Smitty,Seakes,sseakesq3@google.com.au,Male,Ireland,-6.366762,53.2987724
941,Adriana,Hosby,ahosbyq4@berkeley.edu,Female,Ireland,-8.8562835,53.510243
942,Enos,Leel,eleelq5@scribd.com,Agender,Ireland,-6.336393,53.3122864
943,Anstice,Chaffen,achaffenq6@about.me,Female,Ireland,-6.308522,52.665267
944,Isabel,Veque,ivequeq7@mozilla.com,Female,Ireland,-8.259128,51.908209
945,Megen,Sweatman,msweatmanq8@mayoclinic.com,Female,Ireland,-6.1979853,53.3046353
946,Susy,Ferreo,sferreoq9@about.me,Female,Ireland,-7.2979911,53.6785169
947,Fredi,Braams,fbraamsqa@telegraph.co.uk,Female,Ireland,-6.2554371,53.2767301
948,Fletch,Golden of Ireland,fgoldenofirelandqb@nifty.com,Agender,Ireland,-6.6633404,53.2492381
949,Karoline,Serrels,kserrelsqc@clickbank.net,Female,Ireland,-8.8950821,52.7604883
950,Rouvin,Grivori,rgrivoriqd@multiply.com,Male,Ireland,-8.9791425,52.8638391
951,Verile,Doull,vdoullqe@wsj.com,Female,Ireland,-6.218069,53.374266
952,Penni,Auton,pautonqf@state.gov,Female,Ireland,-7.9428197,53.4231032
953,Teodorico,Lille,tlilleqg@guardian.co.uk,Male,Ireland,-8.5070436,54.2109904
954,Doralynn,Klausen,dklausenqh@goo.ne.jp,Female,Ireland,-8.3545704,52.5593605
955,Wendell,Doole,wdooleqi@senate.gov,Male,Ireland,-8.445614,51.8885086
956,Danell,Scarlan,dscarlanqj@ibm.com,Female,Ireland,-8.4824714,51.8862378
957,Kent,Harrop,kharropqk@ucoz.ru,Male,Ireland,-6.2429997,53.7902634
958,Natasha,Bromfield,nbromfieldql@addtoany.com,Female,Ireland,-8.4977746,51.8895954
959,Yvon,Garvagh,ygarvaghqm@paypal.com,Male,Ireland,-6.7434401,53.2229873
960,Gypsy,Amsberger,gamsbergerqn@qq.com,Female,Ireland,-6.1644997,53.4266145
961,Wallas,Allsobrook,wallsobrookqo@soup.io,Male,Ireland,-6.313755,53.366736
962,Dalis,Torricella,dtorricellaqp@washingtonpost.com,Male,Ireland,-6.1979853,53.3046353
963,Terrel,Quoit,tquoitqq@hugedomains.com,Male,Ireland,-6.264963,53.3897152
964,Lennard,Presdie,lpresdieqr@tumblr.com,Male,Ireland,-6.176659,53.4487975
965,Rutledge,Giffin,rgiffinqs@creativecommons.org,Male,Ireland,-6.2429997,53.7902634
966,Rollie,Walkingshaw,rwalkingshawqt@cisco.com,Bigender,Ireland,-8.642661,52.1361219
967,Matthias,Sallis,msallisqu@sakura.ne.jp,Male,Ireland,-6.7434401,53.2229873
968,Dora,Wingeatt,dwingeattqv@upenn.edu,Female,Ireland,-8.9480659,53.940892
969,Harmonie,Leeman,hleemanqw@mozilla.com,Female,Ireland,-6.2152673,53.3323703
970,Godfry,Ortzen,gortzenqx@slideshare.net,Male,Ireland,-6.1072403,53.2780047
971,Bobby,Harmer,bharmerqy@yelp.com,Female,Ireland,-6.2427004,53.3347733
972,Beth,Kinnerley,bkinnerleyqz@netscape.com,Agender,Ireland,-8.9791425,52.8638391
973,Brit,Ridgley,bridgleyr0@jimdo.com,Male,Ireland,-7.2979911,53.6785169
974,Jude,Burdekin,jburdekinr1@arstechnica.com,Male,Ireland,-6.1215213,53.2724538
975,Jobye,Panting,jpantingr2@stumbleupon.com,Female,Ireland,-9.0248232,53.2760162
976,Catlin,Florence,cflorencer3@archive.org,Female,Ireland,-8.9949917,53.8533151
977,Davey,Hawkett,dhawkettr4@globo.com,Male,Ireland,-6.391149,53.8996586
978,Giustino,Cuniam,gcuniamr5@accuweather.com,Male,Ireland,-8.4242597,51.8910459
979,Donny,Packington,dpackingtonr6@unc.edu,Genderfluid,Ireland,-7.74208,54.70972
980,Janaya,Hornung,jhornungr7@alibaba.com,Female,Ireland,-6.366762,53.2987724
981,Dion,Fearns,dfearnsr8@senate.gov,Female,Ireland,-8.9791425,52.8638391
982,Banky,Scawton,bscawtonr9@i2i.jp,Male,Ireland,-6.64937,54.10269
983,Averil,Lake,alakera@indiegogo.com,Female,Ireland,-9.1327273,53.806868
984,Germana,Marcam,gmarcamrb@aboutads.info,Female,Ireland,-10.0320886,54.2223118
985,Orly,Woodhall,owoodhallrc@foxnews.com,Genderqueer,Ireland,-6.1011147,53.2000455
986,Onida,McLarens,omclarensrd@examiner.com,Genderfluid,Ireland,-6.9711886,53.916791
987,Joletta,Polino,jpolinore@ask.com,Female,Ireland,-6.2071246,53.4562426
988,Drusie,Holyland,dholylandrf@who.int,Female,Ireland,-6.176659,53.4487975
989,Robinet,Zaniolo,rzaniolorg@sbwire.com,Male,Ireland,-10.022186,53.488087
990,Casandra,Molyneaux,cmolyneauxrh@moonfruit.com,Female,Ireland,-80.7087609,35.7797381
991,Irving,Humphris,ihumphrisri@about.me,Male,Ireland,-8.2215941,53.0917381
992,Lynne,Sarra,lsarrarj@desdev.cn,Female,Ireland,-6.251714,53.3169419
993,Conrado,Pow,cpowrk@mlb.com,Male,Ireland,-8.259128,51.908209
994,Alric,Laborde,alaborderl@amazon.de,Male,Ireland,-6.2152673,53.3323703
995,Jinny,Parsonage,jparsonagerm@princeton.edu,Female,Ireland,-9.159604,53.302644
996,Adaline,Sleford,aslefordrn@usa.gov,Female,Ireland,-8.4824714,51.8862378
997,Stanford,Standingford,sstandingfordro@reference.com,Male,Ireland,-6.5028415,53.3806398
998,Ad,Longina,alonginarp@networksolutions.com,Male,Ireland,-6.1157412,53.2774963
999,Portie,Gemmell,pgemmellrq@ibm.com,Male,Ireland,-8.337871,52.0097259
1000,Vanya,Biner,vbinerrr@furl.net,Male,Ireland,-7.0472382,52.9480781
