id,first_name,last_name,email,gender,country,lon,lat
1,Damiano,Southam,dsoutham0@bbc.co.uk,Male,Ireland,-6.5853664,53.378253
2,Harcourt,Bradberry,hbradberry1@naver.com,Male,Ireland,-6.374155,53.3223974
3,Joyan,Broadberrie,jbroadberrie2@fda.gov,Female,Ireland,-8.05,51.9166667
4,Jeniece,Brinkman,jbrinkman3@canalblog.com,Female,Ireland,-9.0248232,53.2760162
5,Emma,Fewtrell,efewtrell4@pagesperso-orange.fr,Female,Ireland,-8.5111664,51.8858819
6,Harriet,Hickford,hhickford5@cbc.ca,Female,Ireland,-6.3539424,53.3666338
7,Hanan,Giovannetti,hgiovannetti6@vk.com,Male,Ireland,-6.251714,53.3169419
8,Pierson,Bendall,pbendall7@netvibes.com,Male,Ireland,-6.2398782,53.32112
9,Perry,Swainger,pswainger8@phpbb.com,Male,Ireland,-6.2508196,53.2866372
10,Gerrard,Gerrey,ggerrey9@rakuten.co.jp,Male,Ireland,-6.1820563,53.3786861
11,Jobie,Strafford,jstrafforda@globo.com,Female,Ireland,-6.3422325,53.719155
12,Beaufort,Gorghetto,bgorghettob@so-net.ne.jp,Male,Ireland,-6.4887534,53.3653866
13,Tilda,Shaefer,tshaeferc@engadget.com,Female,Ireland,-6.9692181,52.7009338
14,Robbi,Jenne,rjenned@statcounter.com,Female,Ireland,-8.5070436,54.2109904
15,Corene,Duchan,cduchane@sakura.ne.jp,Female,Ireland,-9.4851741,52.4460804
16,Roddy,Weatherby,rweatherbyf@blinklist.com,Male,Ireland,-6.4671298,53.5050031
17,Selene,Dunican,sdunicang@trellian.com,Female,Ireland,-7.5011999,53.776647
18,Ulric,Kennelly,ukennellyh@comsenz.com,Male,Ireland,-9.4904891,52.6396679
19,Dollie,O'Lenane,dolenanei@jugem.jp,Female,Ireland,-9.4904891,52.6396679
20,Brigg,Oldman,boldmanj@loc.gov,Male,Ireland,-6.139018,53.171935
21,Julietta,Gaythwaite,jgaythwaitek@ox.ac.uk,Female,Ireland,-8.05,51.9166667
22,Wolf,Blanchet,wblanchetl@paypal.com,Male,Ireland,-6.1884248,53.5879156
23,Lorant,Dakhov,ldakhovm@vistaprint.com,Male,Ireland,-6.2427004,53.3347733
24,Pepe,Fairclough,pfaircloughn@cocolog-nifty.com,Male,Ireland,-8.8950821,52.7604883
25,Aylmer,Paladino,apaladinoo@zimbio.com,Male,Ireland,-8.259128,51.908209
26,Fergus,Posselwhite,fposselwhitep@blogtalkradio.com,Male,Ireland,-6.2508196,53.2866372
27,Ailbert,Davidou,adavidouq@goo.gl,Male,Ireland,-10.022186,53.488087
28,Diann,Allchorn,dallchornr@ftc.gov,Female,Ireland,-6.4008792,53.9215606
29,Theressa,Januszkiewicz,tjanuszkiewiczs@google.com,Female,Ireland,-7.0943023,54.2694844
30,Ryun,Thyng,rthyngt@sohu.com,Genderqueer,Ireland,-7.74208,54.70972
31,Alic,Frankom,afrankomu@trellian.com,Male,Ireland,-6.2890702,53.3201497
32,Karil,Farmery,kfarmeryv@taobao.com,Female,Ireland,-6.1479779,53.450694
33,Mathew,Pattini,mpattiniw@nps.gov,Male,Ireland,-6.1884248,53.5879156
34,Cassie,Giovanni,cgiovannix@aboutads.info,Female,Ireland,-7.518792,53.284466
35,Trescha,Kerrod,tkerrody@blogger.com,Female,Ireland,-6.4241156,53.7369009
36,Nicki,Tatlock,ntatlockz@yellowpages.com,Female,Ireland,-8.3929404,51.8113447
37,Merrile,Wittier,mwittier10@mysql.com,Female,Ireland,-6.2554371,53.2767301
38,Erl,Franceschi,efranceschi11@theatlantic.com,Male,Ireland,-6.5028415,53.3806398
39,Augustine,Rodolico,arodolico12@seattletimes.com,Female,Ireland,-6.4008792,53.9215606
40,Egan,Foxen,efoxen13@ustream.tv,Male,Ireland,-6.4241156,53.7369009
41,Jessalin,Caverhill,jcaverhill14@blogs.com,Bigender,Ireland,-9.7359765,54.1433253
42,Karney,Scamadine,kscamadine15@flavors.me,Male,Ireland,-8.9821467,52.8498651
43,Charlena,Neasham,cneasham16@shop-pro.jp,Female,Ireland,-6.0704904,53.1286984
44,Zebadiah,Anthoney,zanthoney17@theatlantic.com,Male,Ireland,-6.3049392,53.3021194
45,Wren,Wetherhead,wwetherhead18@artisteer.com,Female,Ireland,-7.9027266,53.4148582
46,Jori,Aleso,jaleso19@intel.com,Female,Ireland,-6.1644997,53.4266145
47,Parke,Hopewell,phopewell1a@soup.io,Male,Ireland,-6.2508196,53.2866372
48,Kermy,Shellard,kshellard1b@yellowpages.com,Male,Ireland,-8.2817353,54.4771768
49,Mahala,Lalonde,mlalonde1c@elpais.com,Female,Ireland,-7.8004329,53.7283566
50,Rhett,Iddons,riddons1d@aboutads.info,Male,Ireland,-7.086877,53.8363325
51,Anderson,Meaddowcroft,ameaddowcroft1e@miibeian.gov.cn,Male,Ireland,-6.2554371,53.2767301
52,Gerty,Kisby,gkisby1f@reuters.com,Female,Ireland,-7.0472382,52.9480781
53,Ynes,Battle,ybattle1g@cisco.com,Agender,Ireland,-7.0625888,53.1387595
54,Amelia,Baynes,abaynes1h@storify.com,Female,Ireland,-6.163027,53.2339841
55,Ciro,Shirley,cshirley1i@reddit.com,Male,Ireland,-6.3077823,53.3655256
56,Filia,Percival,fpercival1j@canalblog.com,Female,Ireland,-6.264963,53.3897152
57,Trula,Jakov,tjakov1k@theguardian.com,Agender,Ireland,-6.1942058,53.3604483
58,Niall,Barhem,nbarhem1l@who.int,Male,Ireland,-6.4496384,53.3582341
59,Antonino,Westwell,awestwell1m@arstechnica.com,Polygender,Ireland,-6.3077823,53.3655256
60,Josh,Gotobed,jgotobed1n@networksolutions.com,Male,Ireland,-6.1535181,53.5220275
61,Bradford,McFie,bmcfie1o@taobao.com,Male,Ireland,-8.4977746,51.8895954
62,Aylmar,Treeby,atreeby1p@intel.com,Male,Ireland,-9.0248232,53.2760162
63,Gizela,McCrachen,gmccrachen1q@storify.com,Female,Ireland,-9.1115941,51.7203863
64,Toddy,Moffat,tmoffat1r@va.gov,Male,Ireland,-6.2057463,53.3870149
65,Chandal,Gremane,cgremane1s@nih.gov,Female,Ireland,-6.7434401,53.2229873
66,Pauly,Tomeo,ptomeo1t@comcast.net,Female,Ireland,-7.8434254,51.949401
67,Erda,Dullingham,edullingham1u@cisco.com,Female,Ireland,-8.3929404,51.8113447
68,Theressa,Shorte,tshorte1v@aboutads.info,Genderfluid,Ireland,-6.1136478,53.2121335
69,Cyrille,Bilsland,cbilsland1w@vistaprint.com,Male,Ireland,-8.642661,52.1361219
70,Griffie,Kleanthous,gkleanthous1x@omniture.com,Male,Ireland,-6.1822287,53.3788495
71,Doris,Bortol,dbortol1y@irs.gov,Female,Ireland,-6.218069,53.374266
72,Krispin,Oylett,koylett1z@noaa.gov,Male,Ireland,-9.1327273,53.806868
73,Aurel,Tilley,atilley20@opera.com,Female,Ireland,-6.1979853,53.3046353
74,Vince,Whewell,vwhewell21@samsung.com,Male,Ireland,-10.022186,53.488087
75,Carri,Kruschov,ckruschov22@ebay.co.uk,Female,Ireland,-8.9480659,53.940892
76,Tobie,Eley,teley23@nydailynews.com,Male,Ireland,-8.9821467,52.8498651
77,Margy,Novkovic,mnovkovic24@mozilla.com,Genderfluid,Ireland,-9.5003786,52.4458588
78,Mikaela,Albrook,malbrook25@latimes.com,Female,Ireland,-8.05,51.9166667
79,Reiko,Gilliver,rgilliver26@paginegialle.it,Female,Ireland,-6.391149,53.8996586
80,Klaus,Worner,kworner27@elpais.com,Male,Ireland,-7.086877,53.8363325
81,Josefina,Stracey,jstracey28@thetimes.co.uk,Female,Ireland,-9.0248232,53.2760162
82,Sharron,Loakes,sloakes29@engadget.com,Genderfluid,Ireland,-6.3506335,53.2911347
83,Sanford,Sergison,ssergison2a@uol.com.br,Male,Ireland,-8.83565,53.49417
84,Artemus,Dibling,adibling2b@mac.com,Male,Ireland,-8.4784945,51.8815586
85,Waylen,Graalmans,wgraalmans2c@chicagotribune.com,Male,Ireland,-6.7449927,53.1310185
86,Selig,Rack,srack2d@shinystat.com,Male,Ireland,-8.642661,52.1361219
87,Saw,Grayston,sgrayston2e@gnu.org,Male,Ireland,-8.2817353,54.4771768
88,Britt,Shelvey,bshelvey2f@dailymail.co.uk,Bigender,Ireland,-8.2817353,54.4771768
89,Gareth,Misk,gmisk2g@goo.ne.jp,Male,Ireland,-8.5369154,52.6681994
90,Shelia,Bleby,sbleby2h@jigsy.com,Female,Ireland,-6.2398782,53.32112
91,Osborne,McCoy,omccoy2i@ocn.ne.jp,Non-binary,Ireland,-8.1722173,51.9138694
92,Rufus,Lodewick,rlodewick2j@harvard.edu,Male,Ireland,-6.2429997,53.7902634
93,Lilly,Worviell,lworviell2k@paginegialle.it,Female,Ireland,-6.67045,53.213319
94,Nanine,Barden,nbarden2l@themeforest.net,Female,Ireland,-8.1722173,51.9138694
95,Donaugh,Ratnage,dratnage2m@answers.com,Male,Ireland,-9.0197835,53.2736466
96,Wilton,Vinnick,wvinnick2n@over-blog.com,Polygender,Ireland,-6.1191333,53.1915379
97,Roldan,Gettins,rgettins2o@thetimes.co.uk,Male,Ireland,-6.9140788,53.169971
98,Northrup,Rummings,nrummings2p@jugem.jp,Polygender,Ireland,-6.6633404,53.2492381
99,Abdel,Vittery,avittery2q@dagondesign.com,Male,Ireland,-6.2340942,53.2993199
100,Luca,Reynold,lreynold2r@hud.gov,Agender,Ireland,-7.7655701,53.5650926
101,Natal,Callum,ncallum2s@cafepress.com,Male,Ireland,-7.297914,54.026345
102,Carny,Ricco,cricco2t@amazon.com,Male,Ireland,-8.445614,51.8885086
103,Hilly,Ivakin,hivakin2u@feedburner.com,Male,Ireland,-9.0197835,53.2736466
104,Joshia,Dinis,jdinis2v@illinois.edu,Male,Ireland,-6.374155,53.3223974
105,Benni,Dixon,bdixon2w@dailymail.co.uk,Female,Ireland,-8.9480659,53.940892
106,Rolando,Grahamslaw,rgrahamslaw2x@time.com,Male,Ireland,-7.8004329,53.7283566
107,Engracia,Batiste,ebatiste2y@wsj.com,Female,Ireland,-9.7850991,52.1058991
108,Rolland,Lockyer,rlockyer2z@home.pl,Male,Ireland,-6.1644997,53.4266145
109,Gwyn,Piotr,gpiotr30@miibeian.gov.cn,Female,Ireland,-7.2314132,54.1794814
110,Artus,Nann,anann31@friendfeed.com,Male,Ireland,-6.2427004,53.3347733
111,Gerhardine,Jozwiak,gjozwiak32@microsoft.com,Genderfluid,Ireland,-6.2633149,53.377533
112,Jamie,Eddins,jeddins33@usnews.com,Male,Ireland,-8.9949917,53.8533151
113,Auguste,Gilder,agilder34@nasa.gov,Female,Ireland,-8.9791425,52.8638391
114,Consolata,McCulloch,cmcculloch35@acquirethisname.com,Female,Ireland,-8.9775014,52.8314927
115,Olenka,Tooze,otooze36@diigo.com,Female,Ireland,-7.086877,53.8363325
116,Feodor,Thying,fthying37@nature.com,Male,Ireland,-6.1942058,53.3604483
117,Dodie,Harken,dharken38@nsw.gov.au,Female,Ireland,-8.445614,51.8885086
118,Marv,Brudenell,mbrudenell39@weather.com,Male,Ireland,-6.67045,53.213319
119,Basia,Bridgement,bbridgement3a@tinyurl.com,Female,Ireland,-6.218069,53.374266
120,Gannon,Guerrazzi,gguerrazzi3b@forbes.com,Male,Ireland,-9.1097137,53.2582868
121,Timmie,Yglesia,tyglesia3c@marketwatch.com,Female,Ireland,-6.1544115,53.4855448
122,Dian,Sherbourne,dsherbourne3d@so-net.ne.jp,Female,Ireland,-9.0288689,53.2737147
123,Sebastiano,Behnecken,sbehnecken3e@bing.com,Male,Ireland,-7.145971,53.508326
124,Nevin,Blackaby,nblackaby3f@t-online.de,Male,Ireland,-7.518792,53.284466
125,Katha,Winchcombe,kwinchcombe3g@theglobeandmail.com,Female,Ireland,-8.642661,52.1361219
126,Esra,Whitrod,ewhitrod3h@un.org,Male,Ireland,-8.2755058,52.2627273
127,Eula,Ivashov,eivashov3i@multiply.com,Female,Ireland,-7.9139891,53.0949398
128,Magdalena,Coggan,mcoggan3j@army.mil,Female,Ireland,-6.2429997,53.7902634
129,Adrianne,Jaffa,ajaffa3k@freewebs.com,Female,Ireland,-6.1191333,53.1915379
130,Paulita,Casemore,pcasemore3l@yale.edu,Female,Ireland,-6.5853664,53.378253
131,Ricki,Gronav,rgronav3m@army.mil,Female,Ireland,-8.2755058,52.2627273
132,Sal,Savege,ssavege3n@angelfire.com,Male,Ireland,-7.0943023,54.2694844
133,Aylmar,Coverley,acoverley3o@tmall.com,Male,Ireland,-6.4671298,53.5050031
134,Tabina,Twitchings,ttwitchings3p@php.net,Female,Ireland,-8.1722173,51.9138694
135,Braden,Eades,beades3q@google.com,Male,Ireland,-6.1822287,53.3788495
136,Helaina,Cardenas,hcardenas3r@wunderground.com,Female,Ireland,-6.2633149,53.377533
137,Julie,Winwood,jwinwood3s@abc.net.au,Female,Ireland,-6.4241156,53.7369009
138,Con,Hillatt,chillatt3t@hao123.com,Female,Ireland,-8.2001004,52.86326
139,Flinn,Bettenay,fbettenay3u@ucoz.ru,Male,Ireland,-6.64937,54.10269
140,Hodge,Wing,hwing3v@independent.co.uk,Male,Ireland,-8.4627451,54.25645
141,Appolonia,Burdytt,aburdytt3w@census.gov,Female,Ireland,-8.5047067,51.8830697
142,Josias,Paulon,jpaulon3x@cyberchimps.com,Male,Ireland,-6.473025,54.0086093
143,Brendan,Oak,boak3y@biglobe.ne.jp,Male,Ireland,-6.163027,53.2339841
144,Corabel,Kornacki,ckornacki3z@constantcontact.com,Female,Ireland,-7.1297243,52.2509369
145,Vera,Linturn,vlinturn40@nifty.com,Polygender,Ireland,-9.0288689,53.2737147
146,Elaina,Powles,epowles41@ow.ly,Female,Ireland,-6.2057463,53.3870149
147,Shelby,Jakubovski,sjakubovski42@blinklist.com,Female,Ireland,-8.5070436,54.2109904
148,Iorgo,Airlie,iairlie43@baidu.com,Agender,Ireland,-6.313755,53.366736
149,Margot,Thomlinson,mthomlinson44@ox.ac.uk,Female,Ireland,-7.297914,54.026345
150,Lester,Freear,lfreear45@msu.edu,Male,Ireland,-6.5853664,53.378253
151,Cindy,Senussi,csenussi46@theatlantic.com,Female,Ireland,-7.1297243,52.2509369
152,Seana,Mallalieu,smallalieu47@behance.net,Genderfluid,Ireland,-8.2817353,54.4771768
153,Dev,Boribal,dboribal48@hostgator.com,Male,Ireland,-6.7449927,53.1310185
154,Katalin,Pippard,kpippard49@trellian.com,Female,Ireland,-6.1136478,53.2121335
155,Deonne,Stabbins,dstabbins4a@creativecommons.org,Female,Ireland,-7.9027266,53.4148582
156,Nichol,Torbet,ntorbet4b@cafepress.com,Female,Ireland,-9.4851741,52.4460804
157,Steffen,Pauls,spauls4c@imgur.com,Male,Ireland,-7.2314132,54.1794814
158,Clyde,McEvilly,cmcevilly4d@mozilla.com,Male,Ireland,-6.4202878,54.0026343
159,Robers,Serfati,rserfati4e@home.pl,Non-binary,Ireland,-6.3077823,53.3655256
160,Brittney,Sydney,bsydney4f@so-net.ne.jp,Female,Ireland,-6.9140788,53.169971
161,Laverne,Guillem,lguillem4g@dot.gov,Female,Ireland,-8.2969737,53.9735591
162,Temple,Grzegorek,tgrzegorek4h@washington.edu,Male,Ireland,-8.4242597,51.8910459
163,Selby,Ziemke,sziemke4i@sourceforge.net,Male,Ireland,-6.7449927,53.1310185
164,Ulberto,Commings,ucommings4j@rambler.ru,Male,Ireland,-8.642661,52.1361219
165,Tori,Baselio,tbaselio4k@goo.ne.jp,Female,Ireland,-7.2584,52.655184
166,Malvina,Medcalfe,mmedcalfe4l@naver.com,Female,Ireland,-6.391149,53.8996586
167,Kalinda,Kettell,kkettell4m@smh.com.au,Female,Ireland,-7.8004329,53.7283566
168,Debora,Macbane,dmacbane4n@a8.net,Female,Ireland,-6.374155,53.3223974
169,Mack,Toderini,mtoderini4o@hubpages.com,Male,Ireland,-8.8562835,53.510243
170,Rozina,Newlan,rnewlan4p@lycos.com,Female,Ireland,-6.264963,53.3897152
171,Katti,Beals,kbeals4q@engadget.com,Female,Ireland,-9.1327273,53.806868
172,Inge,Seagar,iseagar4r@npr.org,Female,Ireland,-7.086877,53.8363325
173,Gracie,Endrizzi,gendrizzi4s@hugedomains.com,Female,Ireland,-7.086877,53.8363325
174,Berni,Andrichuk,bandrichuk4t@ask.com,Female,Ireland,-8.4242597,51.8910459
175,Malvina,Ledrun,mledrun4u@behance.net,Agender,Ireland,-6.1072403,53.2780047
176,Allianora,Palay,apalay4v@gnu.org,Female,Ireland,-6.2554371,53.2767301
177,Kaela,Zupa,kzupa4w@state.tx.us,Female,Ireland,-6.366762,53.2987724
178,Lionel,Crossdale,lcrossdale4x@youtu.be,Polygender,Ireland,-8.4523258,51.880525
179,Nonna,Folca,nfolca4y@cargocollective.com,Female,Ireland,-6.163027,53.2339841
180,Mada,Addionizio,maddionizio4z@tuttocitta.it,Female,Ireland,-6.5853664,53.378253
181,Harwilll,Tetther,htetther50@opera.com,Male,Ireland,-6.9140788,53.169971
182,Ignace,Iohananof,iiohananof51@engadget.com,Male,Ireland,-6.1942058,53.3604483
183,Celia,Jouanny,cjouanny52@ning.com,Female,Ireland,-8.1722173,51.9138694
184,Luelle,Dellar,ldellar53@skyrock.com,Polygender,Ireland,-6.4496384,53.3582341
185,Lilly,Itzchaky,litzchaky54@usatoday.com,Female,Ireland,-6.4887534,53.3653866
186,Darren,Tumbridge,dtumbridge55@biblegateway.com,Male,Ireland,-6.2398782,53.32112
187,Delphinia,Giddins,dgiddins56@hatena.ne.jp,Female,Ireland,-7.5717688,52.1045472
188,Karita,McIsaac,kmcisaac57@com.com,Female,Ireland,-8.4523258,51.880525
189,Lisha,Cicco,lcicco58@fema.gov,Female,Ireland,-6.1979853,53.3046353
190,Shel,Buzin,sbuzin59@ameblo.jp,Female,Ireland,-6.6633404,53.2492381
191,Richart,Overstreet,roverstreet5a@hhs.gov,Male,Ireland,-7.5717688,52.1045472
192,Port,Whyard,pwhyard5b@upenn.edu,Male,Ireland,-7.1111732,52.2513095
193,Ike,BoHlingolsen,ibohlingolsen5c@java.com,Male,Ireland,-8.4977746,51.8895954
194,Norrie,Giacomozzo,ngiacomozzo5d@examiner.com,Male,Ireland,-6.3695384,53.3734053
195,Dean,Hake,dhake5e@linkedin.com,Male,Ireland,-6.5924609,53.2482376
196,Parry,Greggersen,pgreggersen5f@joomla.org,Male,Ireland,-6.124065,53.231395
197,Tamara,Whitcombe,twhitcombe5g@unesco.org,Female,Ireland,-6.2057463,53.3870149
198,Ody,Skea,oskea5h@cisco.com,Male,Ireland,-7.2979911,53.6785169
199,Theresina,Toffts,ttoffts5i@cbsnews.com,Polygender,Ireland,-6.1822287,53.3788495
200,Holmes,Brooker,hbrooker5j@csmonitor.com,Male,Ireland,-6.64937,54.10269
201,Ferrel,Cosbey,fcosbey5k@samsung.com,Genderqueer,Ireland,-7.7655701,53.5650926
202,Arty,Chesnut,achesnut5l@discuz.net,Male,Ireland,-6.1191333,53.1915379
203,Dominik,MacSween,dmacsween5m@pagesperso-orange.fr,Male,Ireland,-8.334953,51.8610022
204,Granny,Colman,gcolman5n@hugedomains.com,Polygender,Ireland,-6.2398782,53.32112
205,Rayner,Serrurier,rserrurier5o@earthlink.net,Male,Ireland,-6.1157412,53.2774963
206,Eldin,Brookwell,ebrookwell5p@1688.com,Male,Ireland,-6.264963,53.3897152
207,Eb,Wilding,ewilding5q@jalbum.net,Male,Ireland,-6.1644997,53.4266145
208,Fons,Worlidge,fworlidge5r@tiny.cc,Male,Ireland,-6.473025,54.0086093
209,Mel,Tieman,mtieman5s@friendfeed.com,Male,Ireland,-6.133718,53.291512
210,Hannis,Kleiser,hkleiser5t@surveymonkey.com,Female,Ireland,-8.9949917,53.8533151
211,Stephanie,Purkis,spurkis5u@wufoo.com,Female,Ireland,-8.958931,51.904635
212,Tris,Smelley,tsmelley5v@addtoany.com,Male,Ireland,-6.2427004,53.3347733
213,Otis,Mishaw,omishaw5w@dailymotion.com,Male,Ireland,-8.337871,52.0097259
214,Dulcinea,Gerry,dgerry5x@taobao.com,Female,Ireland,-8.83565,53.49417
215,Fiona,Smellie,fsmellie5y@scientificamerican.com,Female,Ireland,-6.67045,53.213319
216,Arne,Filippucci,afilippucci5z@blog.com,Male,Ireland,-7.7655701,53.5650926
217,Vito,Troker,vtroker60@mysql.com,Male,Ireland,-6.9711886,53.916791
218,Nariko,Tumini,ntumini61@joomla.org,Female,Ireland,-6.1544115,53.4855448
219,Hyacinthe,Fontell,hfontell62@xing.com,Genderfluid,Ireland,-6.308522,52.665267
220,Josias,Schwier,jschwier63@apple.com,Male,Ireland,-6.2633149,53.377533
221,Ned,Mapholm,nmapholm64@pagesperso-orange.fr,Male,Ireland,-6.7515223,53.2888321
222,Edy,Aslott,easlott65@gmpg.org,Polygender,Ireland,-8.2001004,52.86326
223,Francisca,Mahady,fmahady66@yandex.ru,Female,Ireland,-8.2215941,53.0917381
224,Kasey,Hugues,khugues67@imgur.com,Female,Ireland,-8.5111664,51.8858819
225,Manya,Fidell,mfidell68@imgur.com,Female,Ireland,-6.1942058,53.3604483
226,Tish,Gillino,tgillino69@twitter.com,Female,Ireland,-8.5946591,54.632283
227,Kristina,Flann,kflann6a@ca.gov,Female,Ireland,-7.2584,52.655184
228,Cammy,Challice,cchallice6b@ocn.ne.jp,Male,Ireland,-8.7683674,53.7942932
229,Humfrid,Maundrell,hmaundrell6c@hugedomains.com,Male,Ireland,-8.2817353,54.4771768
230,Joye,Oneil,joneil6d@live.com,Female,Ireland,-8.5176583,51.8863277
231,Deck,Tribbeck,dtribbeck6e@phoca.cz,Genderfluid,Ireland,-8.83565,53.49417
232,Austen,Fyers,afyers6f@wunderground.com,Male,Ireland,-7.8004329,53.7283566
233,Lorry,Banbrook,lbanbrook6g@wikipedia.org,Male,Ireland,-8.5369154,52.6681994
234,Brennen,Christofides,bchristofides6h@addthis.com,Male,Ireland,-6.4671298,53.5050031
235,Egor,Rudyard,erudyard6i@washington.edu,Male,Ireland,-7.518792,53.284466
236,Tanny,Polamontayne,tpolamontayne6j@comcast.net,Non-binary,Ireland,-6.3695384,53.3734053
237,Neile,Fyndon,nfyndon6k@twitter.com,Polygender,Ireland,-6.6633404,53.2492381
238,Nat,Rutgers,nrutgers6l@apache.org,Male,Ireland,-7.5011999,53.776647
239,Corey,Roizn,croizn6m@amazonaws.com,Male,Ireland,-8.7683674,53.7942932
240,Eleni,Lombard,elombard6n@telegraph.co.uk,Female,Ireland,-8.9706844,52.6004448
241,Agretha,Putton,aputton6o@comsenz.com,Female,Ireland,-7.0472382,52.9480781
242,Isabelita,Kocher,ikocher6p@meetup.com,Female,Ireland,-6.2633149,53.377533
243,Maison,Thuillier,mthuillier6q@cnet.com,Male,Ireland,-6.0690645,53.1257486
244,Malorie,Schubert,mschubert6r@apple.com,Female,Ireland,-6.1942058,53.3604483
245,Jade,Danes,jdanes6s@adobe.com,Female,Ireland,-6.590926,53.1936864
246,Al,Atley,aatley6t@lulu.com,Male,Ireland,-8.2755058,52.2627273
247,Erskine,Thurman,ethurman6u@mozilla.com,Male,Ireland,-6.264963,53.3897152
248,Nadeen,L'Hommee,nlhommee6v@etsy.com,Female,Ireland,-7.0625888,53.1387595
249,Hermie,MacArthur,hmacarthur6w@answers.com,Male,Ireland,-10.022186,53.488087
250,Jobina,Bramham,jbramham6x@tiny.cc,Female,Ireland,-6.1011147,53.2000455
251,Rosalia,Riccetti,rriccetti6y@technorati.com,Female,Ireland,-8.2969737,53.9735591
252,Tamas,Lemmanbie,tlemmanbie6z@clickbank.net,Male,Ireland,-8.83565,53.49417
253,Gasparo,Stive,gstive70@vkontakte.ru,Male,Ireland,-6.1191333,53.1915379
254,Charlena,Barltrop,cbarltrop71@hhs.gov,Agender,Ireland,-8.2755058,52.2627273
255,Dede,Lugard,dlugard72@prlog.org,Female,Ireland,-7.2979911,53.6785169
256,Galina,Pinching,gpinching73@columbia.edu,Bigender,Ireland,-6.2427004,53.3347733
257,Ab,Liccardi,aliccardi74@census.gov,Genderqueer,Ireland,-9.0197835,53.2736466
258,Jacintha,Ferreo,jferreo75@nba.com,Female,Ireland,-8.2817353,54.4771768
259,Victoria,Armand,varmand76@forbes.com,Female,Ireland,-6.4202878,54.0026343
260,Matilda,Cargo,mcargo77@deliciousdays.com,Female,Ireland,-8.6346959,53.7423435
261,Elisabetta,Newart,enewart78@list-manage.com,Female,Ireland,-6.2057463,53.3870149
262,Analiese,Chaddock,achaddock79@geocities.com,Female,Ireland,-7.518792,53.284466
263,Sterne,Alvaro,salvaro7a@tmall.com,Male,Ireland,-9.4851741,52.4460804
264,Dominga,Woodfine,dwoodfine7b@gmpg.org,Female,Ireland,-6.313755,53.366736
265,Rudy,Kinker,rkinker7c@tamu.edu,Male,Ireland,-9.7359765,54.1433253
266,Arielle,Battill,abattill7d@typepad.com,Female,Ireland,-6.218069,53.374266
267,Ailey,Cornils,acornils7e@jugem.jp,Female,Ireland,-7.9428197,53.4231032
268,Camile,Wyldes,cwyldes7f@fastcompany.com,Female,Ireland,-7.8004329,53.7283566
269,Thayne,Galey,tgaley7g@myspace.com,Male,Ireland,-6.3077823,53.3655256
270,Anthony,Cramb,acramb7h@joomla.org,Male,Ireland,-8.5171384,51.876873
271,Rhetta,Mulligan,rmulligan7i@washington.edu,Female,Ireland,-10.0320886,54.2223118
272,Robinson,Marr,rmarr7j@toplist.cz,Male,Ireland,-6.3025448,53.6920618
273,Eb,Dall,edall7k@usda.gov,Male,Ireland,-8.5054897,52.7107501
274,Orbadiah,Parres,oparres7l@harvard.edu,Male,Ireland,-6.1603828,53.2599034
275,Kial,Diem,kdiem7m@dell.com,Female,Ireland,-10.022186,53.488087
276,Linnea,Borles,lborles7n@examiner.com,Female,Ireland,-9.0197835,53.2736466
277,Amara,Merton,amerton7o@japanpost.jp,Female,Ireland,-6.3828795,53.385304
278,Kirby,Beardall,kbeardall7p@xing.com,Male,Ireland,-8.489012,51.923707
279,Ralph,Gatland,rgatland7q@hp.com,Male,Ireland,-9.0248232,53.2760162
280,Hirsch,Lowne,hlowne7r@last.fm,Male,Ireland,-9.0288689,53.2737147
281,Hobart,Murton,hmurton7s@mozilla.com,Male,Ireland,-6.1603828,53.2599034
282,Charisse,Tucknott,ctucknott7t@biblegateway.com,Female,Ireland,-10.0320886,54.2223118
283,Arny,Klimochkin,aklimochkin7u@senate.gov,Male,Ireland,-8.3545704,52.5593605
284,Codie,Piaggia,cpiaggia7v@marriott.com,Agender,Ireland,-8.8562835,53.510243
285,Zara,Hackin,zhackin7w@ucla.edu,Female,Ireland,-6.264963,53.3897152
286,Brande,Legen,blegen7x@bbb.org,Female,Ireland,-6.1920933,53.3916434
287,Mylo,Mascall,mmascall7y@adobe.com,Male,Ireland,-8.5111664,51.8858819
288,Paula,Di Biasio,pdibiasio7z@feedburner.com,Female,Ireland,-6.2340942,53.2993199
289,Lindsey,Townes,ltownes80@indiatimes.com,Female,Ireland,-6.3422325,53.719155
290,Kearney,Werlock,kwerlock81@simplemachines.org,Male,Ireland,-6.264963,53.3897152
291,Arlyn,Peartree,apeartree82@simplemachines.org,Bigender,Ireland,-6.0690645,53.1257486
292,Stirling,Naisey,snaisey83@hugedomains.com,Male,Ireland,-8.83565,53.49417
293,Marlane,Love,mlove84@friendfeed.com,Female,Ireland,-6.3506335,53.2911347
294,Lazarus,Shorton,lshorton85@comsenz.com,Male,Ireland,-6.1011147,53.2000455
295,Ruddy,Gooddie,rgooddie86@jigsy.com,Male,Ireland,-8.9480659,53.940892
296,Northrup,Camillo,ncamillo87@yandex.ru,Bigender,Ireland,-80.7087609,35.7797381
297,Ches,Snel,csnel88@sbwire.com,Male,Ireland,-7.5717688,52.1045472
298,Humberto,Stamper,hstamper89@youtu.be,Male,Ireland,-8.2001004,52.86326
299,Del,Gwatkin,dgwatkin8a@canalblog.com,Male,Ireland,-8.3929404,51.8113447
300,Kristine,Obert,kobert8b@accuweather.com,Female,Ireland,-8.9342111,52.182304
301,Dolorita,Tanner,dtanner8c@google.com.au,Female,Ireland,-7.086877,53.8363325
302,Merell,Rizzolo,mrizzolo8d@usda.gov,Male,Ireland,-6.5028415,53.3806398
303,Alvy,Songest,asongest8e@ovh.net,Male,Ireland,-8.4977746,51.8895954
304,Jessey,Santorini,jsantorini8f@ebay.co.uk,Male,Ireland,-6.336393,53.3122864
305,Riley,Tommen,rtommen8g@typepad.com,Male,Ireland,-8.05,51.9166667
306,Allin,Codron,acodron8h@histats.com,Male,Ireland,-9.0197835,53.2736466
307,Ludwig,Babe,lbabe8i@netlog.com,Male,Ireland,-6.313755,53.366736
308,Elia,Oliveto,eoliveto8j@senate.gov,Male,Ireland,-8.9775014,52.8314927
309,Carry,Snaden,csnaden8k@skype.com,Female,Ireland,-7.145971,53.508326
310,Gizela,Simioni,gsimioni8l@unblog.fr,Female,Ireland,-8.9821467,52.8498651
311,Sigvard,Bruck,sbruck8m@cafepress.com,Male,Ireland,-6.1979853,53.3046353
312,Guilbert,Cotherill,gcotherill8n@wordpress.org,Male,Ireland,-6.1011147,53.2000455
313,Desmund,Glackin,dglackin8o@bbc.co.uk,Male,Ireland,-6.133718,53.291512
314,Samara,Francescozzi,sfrancescozzi8p@dion.ne.jp,Female,Ireland,-9.0248232,53.2760162
315,Hobey,Ugolini,hugolini8q@cafepress.com,Male,Ireland,-6.67045,53.213319
316,Jordan,Yurevich,jyurevich8r@tripod.com,Male,Ireland,-6.0704904,53.1286984
317,Rhiamon,Chaffer,rchaffer8s@smugmug.com,Female,Ireland,-9.1327273,53.806868
318,Cesaro,Switzer,cswitzer8t@paypal.com,Male,Ireland,-80.7087609,35.7797381
319,Eliza,Binyon,ebinyon8u@de.vu,Female,Ireland,-6.1349155,53.5834008
320,Morna,Dukelow,mdukelow8v@weather.com,Female,Ireland,-8.4977746,51.8895954
321,Violetta,Waumsley,vwaumsley8w@ox.ac.uk,Female,Ireland,-6.2340942,53.2993199
322,Jehanna,Tixall,jtixall8x@fastcompany.com,Female,Ireland,-6.2071246,53.4562426
323,Cullie,Cubin,ccubin8y@shinystat.com,Male,Ireland,-6.2340942,53.2993199
324,Fanya,Hellier,fhellier8z@uiuc.edu,Female,Ireland,-8.642661,52.1361219
325,Haskel,Haselwood,hhaselwood90@businessinsider.com,Male,Ireland,-6.7434401,53.2229873
326,Perri,Drejer,pdrejer91@slate.com,Female,Ireland,-7.269174,55.0650892
327,Isidoro,Shipman,ishipman92@blogger.com,Male,Ireland,-6.4887534,53.3653866
328,Ara,Earwaker,aearwaker93@businessweek.com,Female,Ireland,-8.9480659,53.940892
329,Thorndike,Telega,ttelega94@usa.gov,Male,Ireland,-8.5171384,51.876873
330,Conrado,Ripping,cripping95@opera.com,Male,Ireland,-6.2429997,53.7902634
331,Carrissa,Crowch,ccrowch96@cloudflare.com,Genderqueer,Ireland,-6.1349155,53.5834008
332,Eugen,Keitley,ekeitley97@plala.or.jp,Male,Ireland,-8.8950821,52.7604883
333,Aubine,Bodimeade,abodimeade98@163.com,Female,Ireland,-9.1327273,53.806868
334,Gilberte,Gorden,ggorden99@marriott.com,Female,Ireland,-6.1215213,53.2724538
335,Westleigh,Waldron,wwaldron9a@wunderground.com,Male,Ireland,-8.6340751,52.6638144
336,Bella,Dee,bdee9b@kickstarter.com,Polygender,Ireland,-8.489012,51.923707
337,Clayton,Barrie,cbarrie9c@canalblog.com,Male,Ireland,-6.3695384,53.3734053
338,Howard,Garnham,hgarnham9d@cloudflare.com,Male,Ireland,-8.4627451,54.25645
339,Onida,O'Reagan,ooreagan9e@vinaora.com,Female,Ireland,-6.2398782,53.32112
340,Adriane,Roddie,aroddie9f@gmpg.org,Female,Ireland,-6.366762,53.2987724
341,Curr,Skillitt,cskillitt9g@dagondesign.com,Male,Ireland,-6.2890702,53.3201497
342,Percy,Wintle,pwintle9h@cnet.com,Male,Ireland,-9.151825,54.11215
343,Gareth,Bril,gbril9i@boston.com,Male,Ireland,-6.5899765,52.176031
344,George,Van den Hof,gvandenhof9j@engadget.com,Female,Ireland,-6.2387374,53.3141205
345,Ludwig,Hartwell,lhartwell9k@engadget.com,Male,Ireland,-8.7683674,53.7942932
346,Hamnet,Starkey,hstarkey9l@arstechnica.com,Male,Ireland,-6.1011147,53.2000455
347,Horatia,Bagehot,hbagehot9m@nature.com,Female,Ireland,-6.6633404,53.2492381
348,Catrina,Capeling,ccapeling9n@narod.ru,Female,Ireland,-6.1097188,53.3895926
349,Annie,Lober,alober9o@java.com,Female,Ireland,-7.2979911,53.6785169
350,Farand,Ketteridge,fketteridge9p@pcworld.com,Female,Ireland,-6.7434401,53.2229873
351,Annabela,Duesbury,aduesbury9q@parallels.com,Female,Ireland,-8.6340751,52.6638144
352,Sal,Maw,smaw9r@usa.gov,Female,Ireland,-8.4242597,51.8910459
353,Tonia,Lillgard,tlillgard9s@miitbeian.gov.cn,Female,Ireland,-6.163027,53.2339841
354,Boy,Rainbow,brainbow9t@rakuten.co.jp,Male,Ireland,-8.4824714,51.8862378
355,Culley,Willerstone,cwillerstone9u@e-recht24.de,Male,Ireland,-8.5176583,51.8863277
356,Donica,Caig,dcaig9v@hatena.ne.jp,Female,Ireland,-6.0704904,53.1286984
357,Humberto,Piatkow,hpiatkow9w@prlog.org,Male,Ireland,-7.1111732,52.2513095
358,Leona,Saffe,lsaffe9x@macromedia.com,Female,Ireland,-8.5070436,54.2109904
359,Natalie,Tomasicchio,ntomasicchio9y@bandcamp.com,Female,Ireland,-8.4784945,51.8815586
360,Wiley,Harmant,wharmant9z@forbes.com,Male,Ireland,-8.1722173,51.9138694
361,Daloris,Guthrum,dguthruma0@miibeian.gov.cn,Female,Ireland,-9.159604,53.302644
362,Porter,Stonuary,pstonuarya1@4shared.com,Male,Ireland,-7.888894,52.516323
363,Perri,Van der Kruis,pvanderkruisa2@discuz.net,Female,Ireland,-8.9949917,53.8533151
364,Arthur,Meharg,ameharga3@google.cn,Male,Ireland,-8.8562835,53.510243
365,Ailey,Vondrach,avondracha4@jugem.jp,Bigender,Ireland,-8.4784945,51.8815586
366,Jamaal,Piddick,jpiddicka5@sakura.ne.jp,Male,Ireland,-6.1136478,53.2121335
367,Preston,Rabidge,prabidgea6@pbs.org,Male,Ireland,-6.251714,53.3169419
368,Janene,Stetlye,jstetlyea7@etsy.com,Female,Ireland,-7.888894,52.516323
369,Sigismund,Steer,ssteera8@behance.net,Polygender,Ireland,-9.159604,53.302644
370,Bobby,Sonley,bsonleya9@netscape.com,Male,Ireland,-6.1820563,53.3786861
371,Diannne,Waudby,dwaudbyaa@who.int,Female,Ireland,-8.9480659,53.940892
372,Vinny,Goodsall,vgoodsallab@skype.com,Female,Ireland,-7.9428197,53.4231032
373,Lanae,Janaway,ljanawayac@upenn.edu,Female,Ireland,-6.2611953,53.3881832
374,Othello,McCreadie,omccreadiead@amazon.de,Male,Ireland,-7.297914,54.026345
375,Maudie,Ryan,mryanae@google.ca,Female,Ireland,-6.1920933,53.3916434
376,Ollie,Alman,oalmanaf@skype.com,Female,Ireland,-6.2892907,53.310122
377,Tabbie,Thornton,tthorntonag@google.com,Male,Ireland,-8.4977746,51.8895954
378,Gwen,Fogden,gfogdenah@flavors.me,Female,Ireland,-6.2429997,53.7902634
379,Netta,Jaggli,njaggliai@msu.edu,Female,Ireland,-8.9480659,53.940892
380,Lanie,Duplain,lduplainaj@webmd.com,Female,Ireland,-6.9858993,53.0018699
381,Jens,Stachini,jstachiniak@phoca.cz,Male,Ireland,-7.9027266,53.4148582
382,Brandyn,de Savery,bdesaveryal@so-net.ne.jp,Genderfluid,Ireland,-8.5176583,51.8863277
383,Louella,Elliston,lellistonam@huffingtonpost.com,Female,Ireland,-6.4241156,53.7369009
384,Suzette,Lyford,slyfordan@smh.com.au,Female,Ireland,-7.1297243,52.2509369
385,Vincent,Pietz,vpietzao@issuu.com,Male,Ireland,-6.9711886,53.916791
386,Lori,Halton,lhaltonap@cisco.com,Female,Ireland,-8.9821467,52.8498651
387,Tabbie,Airds,tairdsaq@bbb.org,Genderqueer,Ireland,-9.1327273,53.806868
388,Aksel,Spillard,aspillardar@uiuc.edu,Male,Ireland,-6.264963,53.3897152
389,Willem,Dumbare,wdumbareas@wix.com,Male,Ireland,-6.2633149,53.377533
390,Wallis,Stading,wstadingat@woothemes.com,Male,Ireland,-6.9140788,53.169971
391,Kit,Rootes,krootesau@ask.com,Male,Ireland,-6.3219759,53.2976886
392,Bellanca,Brewin,bbrewinav@usgs.gov,Female,Ireland,-6.5853664,53.378253
393,Carmon,Frossell,cfrossellaw@yelp.com,Female,Ireland,-6.1349155,53.5834008
394,Marcello,Cowherd,mcowherdax@desdev.cn,Male,Ireland,-6.133718,53.291512
395,Garek,Jirsa,gjirsaay@ibm.com,Male,Ireland,-8.2215941,53.0917381
396,Barnabas,Pelfer,bpelferaz@prlog.org,Male,Ireland,-6.9898366,53.2265199
397,Alidia,MacAnellye,amacanellyeb0@cmu.edu,Female,Ireland,-6.336393,53.3122864
398,Granger,Coyte,gcoyteb1@unicef.org,Male,Ireland,-8.9791425,52.8638391
399,Sutton,Meers,smeersb2@marriott.com,Male,Ireland,-8.6346959,53.7423435
400,Clea,Menguy,cmenguyb3@csmonitor.com,Female,Ireland,-6.5924609,53.2482376
401,Stacee,Queyeiro,squeyeirob4@oakley.com,Female,Ireland,-8.2969737,53.9735591
402,Kean,Januszewski,kjanuszewskib5@angelfire.com,Male,Ireland,-6.64937,54.10269
403,Hyacinthia,McClifferty,hmccliffertyb6@creativecommons.org,Female,Ireland,-6.2324705,53.3177535
404,Osmond,Thebeaud,othebeaudb7@sina.com.cn,Male,Ireland,-6.1479779,53.450694
405,Eve,Mosedill,emosedillb8@bravesites.com,Genderfluid,Ireland,-6.1644997,53.4266145
406,Shaina,Erni,sernib9@state.gov,Female,Ireland,-7.269174,55.0650892
407,Benton,Deeble,bdeebleba@w3.org,Male,Ireland,-10.022186,53.488087
408,Shandee,Brisbane,sbrisbanebb@ftc.gov,Female,Ireland,-6.590926,53.1936864
409,Vinni,Imos,vimosbc@unc.edu,Genderqueer,Ireland,-6.176659,53.4487975
410,Glen,Cork,gcorkbd@ning.com,Female,Ireland,-8.642661,52.1361219
411,Mabel,Morforth,mmorforthbe@moonfruit.com,Female,Ireland,-7.145971,53.508326
412,Juieta,Kitchinham,jkitchinhambf@google.pl,Female,Ireland,-6.1920933,53.3916434
413,Dale,Curmi,dcurmibg@ca.gov,Female,Ireland,-10.022186,53.488087
414,Kipper,Golledge,kgolledgebh@pcworld.com,Non-binary,Ireland,-6.1157412,53.2774963
415,Irvin,O'Cosgra,iocosgrabi@acquirethisname.com,Male,Ireland,-6.163027,53.2339841
416,Lev,Pideon,lpideonbj@cisco.com,Male,Ireland,-6.2387374,53.3141205
417,Buddie,Champley,bchampleybk@bbc.co.uk,Male,Ireland,-7.888894,52.516323
418,Cheslie,Dorracott,cdorracottbl@amazon.co.jp,Female,Ireland,-6.176659,53.4487975
419,Cristian,Staddom,cstaddombm@vinaora.com,Male,Ireland,-8.2001004,52.86326
420,Brendis,Isakovitch,bisakovitchbn@omniture.com,Male,Ireland,-6.9898366,53.2265199
421,Brennen,Conman,bconmanbo@naver.com,Male,Ireland,-8.05,51.9166667
422,Cornall,Bottomley,cbottomleybp@wikispaces.com,Male,Ireland,-8.4242597,51.8910459
423,Carmita,Choat,cchoatbq@mapquest.com,Female,Ireland,-6.366762,53.2987724
424,Kenn,Novello,knovellobr@ycombinator.com,Male,Ireland,-6.9858993,53.0018699
425,Zorah,Standell,zstandellbs@vimeo.com,Female,Ireland,-8.5946591,54.632283
426,Falkner,Weld,fweldbt@drupal.org,Male,Ireland,-8.298942,51.848898
427,Jimmie,Knight,jknightbu@eventbrite.com,Male,Ireland,-8.4824714,51.8862378
428,Cassius,Janauschek,cjanauschekbv@wordpress.com,Male,Ireland,-6.1644997,53.4266145
429,Broderic,Fanstone,bfanstonebw@creativecommons.org,Non-binary,Ireland,-7.0625888,53.1387595
430,Concettina,Silber,csilberbx@feedburner.com,Female,Ireland,-8.5946591,54.632283
431,Sabra,Lorant,slorantby@marketwatch.com,Female,Ireland,-8.5111664,51.8858819
432,Delila,Slater,dslaterbz@zdnet.com,Female,Ireland,-6.1820563,53.3786861
433,Dorree,Effemy,deffemyc0@paypal.com,Female,Ireland,-8.2001004,52.86326
434,Consolata,Naton,cnatonc1@hao123.com,Female,Ireland,-6.1820563,53.3786861
435,Marley,Maddox,mmaddoxc2@redcross.org,Female,Ireland,-8.2001004,52.86326
436,Lanie,Lyngsted,llyngstedc3@themeforest.net,Male,Ireland,-7.1111732,52.2513095
437,Saree,Doog,sdoogc4@taobao.com,Female,Ireland,-6.3422325,53.719155
438,Barbe,Melsom,bmelsomc5@hhs.gov,Female,Ireland,-6.3695384,53.3734053
439,Hale,Gaitskell,hgaitskellc6@sourceforge.net,Male,Ireland,-6.2611953,53.3881832
440,Dov,Fetherby,dfetherbyc7@i2i.jp,Male,Ireland,-9.448724,51.680591
441,Kent,Arends,karendsc8@icq.com,Male,Ireland,-8.9775014,52.8314927
442,Garrot,Clack,gclackc9@4shared.com,Male,Ireland,-6.67045,53.213319
443,Garwin,Shitliff,gshitliffca@cdc.gov,Male,Ireland,-6.7434401,53.2229873
444,Muriel,Dmych,mdmychcb@sitemeter.com,Female,Ireland,-6.139018,53.171935
445,Jayson,Dickey,jdickeycc@hhs.gov,Male,Ireland,-6.1136478,53.2121335
446,Gus,Skocroft,gskocroftcd@oakley.com,Female,Ireland,-6.313755,53.366736
447,Avril,Dumbrill,adumbrillce@google.nl,Female,Ireland,-6.473025,54.0086093
448,Kim,Bonifant,kbonifantcf@ebay.com,Female,Ireland,-7.297914,54.026345
449,Billie,Blaszkiewicz,bblaszkiewiczcg@bandcamp.com,Male,Ireland,-6.1011147,53.2000455
450,Fredra,Mackie,fmackiech@youtu.be,Female,Ireland,-8.4824714,51.8862378
451,Mel,Colam,mcolamci@sina.com.cn,Male,Ireland,-6.3828795,53.385304
452,Sumner,Rossiter,srossitercj@clickbank.net,Male,Ireland,-7.0943023,54.2694844
453,Rheba,Fright,rfrightck@webnode.com,Female,Ireland,-6.2057463,53.3870149
454,Brendon,Dark,bdarkcl@sina.com.cn,Male,Ireland,-8.1722002,54.3051891
455,Bobette,Laxen,blaxencm@ycombinator.com,Female,Ireland,-6.5853664,53.378253
456,Lynde,Phillimore,lphillimorecn@merriam-webster.com,Female,Ireland,-6.2398782,53.32112
457,Anatole,Ariss,aarissco@indiatimes.com,Male,Ireland,-8.5176583,51.8863277
458,Emlyn,Trubshaw,etrubshawcp@instagram.com,Female,Ireland,-9.159604,53.302644
459,Meredith,Proback,mprobackcq@myspace.com,Male,Ireland,-8.9706844,52.6004448
460,Salem,Creany,screanycr@ca.gov,Male,Ireland,-8.2969737,53.9735591
461,Dede,Huison,dhuisoncs@google.pl,Female,Ireland,-6.9858993,53.0018699
462,Roscoe,Edgerly,redgerlyct@drupal.org,Male,Ireland,-6.1011147,53.2000455
463,Hollyanne,Gledhall,hgledhallcu@cnet.com,Genderqueer,Ireland,-6.9858993,53.0018699
464,Belva,Delagnes,bdelagnescv@senate.gov,Female,Ireland,-6.133718,53.291512
465,Adella,Larsen,alarsencw@virginia.edu,Female,Ireland,-7.145971,53.508326
466,Tucky,Boylund,tboylundcx@ftc.gov,Male,Ireland,-6.2340942,53.2993199
467,Lia,Donovan,ldonovancy@ucla.edu,Female,Ireland,-6.5028415,53.3806398
468,Elita,Cuerda,ecuerdacz@booking.com,Female,Ireland,-9.7850991,52.1058991
469,Karalee,Kording,kkordingd0@google.co.uk,Female,Ireland,-6.4008792,53.9215606
470,Ebeneser,Woods,ewoodsd1@census.gov,Genderqueer,Ireland,-9.0248232,53.2760162
471,Adair,Paolini,apaolinid2@blogtalkradio.com,Male,Ireland,-6.4202878,54.0026343
472,Andie,Okroy,aokroyd3@i2i.jp,Female,Ireland,-6.7515223,53.2888321
473,Christine,Izod,cizodd4@friendfeed.com,Female,Ireland,-6.1535181,53.5220275
474,Kerrin,Charge,kcharged5@ow.ly,Female,Ireland,-8.5946591,54.632283
475,Grete,Lofthouse,glofthoused6@tmall.com,Female,Ireland,-6.473025,54.0086093
476,Ainsley,Diggle,adiggled7@washingtonpost.com,Female,Ireland,-9.1097137,53.2582868
477,Lyon,Malletratt,lmalletrattd8@google.fr,Male,Ireland,-9.1115941,51.7203863
478,Stefanie,Hollier,shollierd9@phoca.cz,Female,Ireland,-8.5176583,51.8863277
479,Lonnard,McGrouther,lmcgroutherda@china.com.cn,Genderfluid,Ireland,-10.0320886,54.2223118
480,Nathalia,Becom,nbecomdb@chicagotribune.com,Agender,Ireland,-7.086877,53.8363325
481,Ysabel,Vondrasek,yvondrasekdc@google.it,Female,Ireland,-6.366762,53.2987724
482,Chrystal,Burgot,cburgotdd@amazonaws.com,Female,Ireland,-9.0288689,53.2737147
483,Lotti,Hoyte,lhoytede@nyu.edu,Female,Ireland,-6.1820563,53.3786861
484,Michelina,Cowl,mcowldf@walmart.com,Female,Ireland,-8.8950821,52.7604883
485,Blanca,McLanaghan,bmclanaghandg@fda.gov,Genderfluid,Ireland,-7.9139891,53.0949398
486,Liane,Morilla,lmorilladh@hostgator.com,Female,Ireland,-8.9791425,52.8638391
487,Roberto,McPhelimey,rmcphelimeydi@sourceforge.net,Male,Ireland,-6.5853664,53.378253
488,Kellby,Tibalt,ktibaltdj@cnbc.com,Male,Ireland,-6.1603828,53.2599034
489,Reggi,Divina,rdivinadk@youtube.com,Female,Ireland,-6.2508196,53.2866372
490,Bil,Labb,blabbdl@adobe.com,Male,Ireland,-6.3422325,53.719155
491,Blanche,Shanley,bshanleydm@xrea.com,Female,Ireland,-8.2215941,53.0917381
492,Brian,Elwyn,belwyndn@indiegogo.com,Male,Ireland,-6.2387374,53.3141205
493,Kevin,Ekell,kekelldo@youtube.com,Male,Ireland,-8.337871,52.0097259
494,Clementius,Filinkov,cfilinkovdp@joomla.org,Male,Ireland,-8.4824714,51.8862378
495,Meir,Noble,mnobledq@china.com.cn,Male,Ireland,-6.264963,53.3897152
496,Celestine,Pingston,cpingstondr@joomla.org,Female,Ireland,-7.2979911,53.6785169
497,Buiron,Kleiser,bkleiserds@wp.com,Male,Ireland,-6.2890702,53.3201497
498,Marve,Yurshev,myurshevdt@51.la,Male,Ireland,-6.3049392,53.3021194
499,Zarah,Elleton,zelletondu@phoca.cz,Female,Ireland,-8.4784945,51.8815586
500,Codie,Lotwich,clotwichdv@freewebs.com,Male,Ireland,-9.0197835,53.2736466
501,Sylvester,Keerl,skeerldw@hud.gov,Male,Ireland,-6.1603828,53.2599034
502,Jakie,Dron,jdrondx@flavors.me,Male,Ireland,-8.05,51.9166667
503,Curcio,Blannin,cblannindy@ycombinator.com,Male,Ireland,-7.9139891,53.0949398
504,Anatol,Skeleton,askeletondz@microsoft.com,Male,Ireland,-8.958931,51.904635
505,Danie,Lydden,dlyddene0@mozilla.org,Male,Ireland,-7.145971,53.508326
506,Ronald,Klemps,rklempse1@yandex.ru,Male,Ireland,-7.2979911,53.6785169
507,Erda,Challinor,echallinore2@un.org,Female,Ireland,-6.1603828,53.2599034
508,Cindie,Lesek,cleseke3@omniture.com,Female,Ireland,-6.9692181,52.7009338
509,Jodee,Schimann,jschimanne4@skyrock.com,Female,Ireland,-6.1011147,53.2000455
510,Gerome,Gierhard,ggierharde5@eepurl.com,Male,Ireland,-7.9139891,53.0949398
511,Fedora,Spadazzi,fspadazzie6@elpais.com,Female,Ireland,-6.2611953,53.3881832
512,Willy,Pollington,wpollingtone7@hostgator.com,Female,Ireland,-7.7655701,53.5650926
513,Kylie,Ardy,kardye8@zdnet.com,Female,Ireland,-8.4784945,51.8815586
514,Arluene,Caruth,acaruthe9@twitter.com,Female,Ireland,-8.2969737,53.9735591
515,Morna,Labroue,mlabroueea@angelfire.com,Female,Ireland,-7.086877,53.8363325
516,Pyotr,Lohden,plohdeneb@spiegel.de,Male,Ireland,-7.1297243,52.2509369
517,Agnese,Pach,apachec@sciencedirect.com,Polygender,Ireland,-6.5028415,53.3806398
518,Hedy,Birkby,hbirkbyed@etsy.com,Female,Ireland,-8.2817353,54.4771768
519,Wyn,Bordis,wbordisee@chronoengine.com,Bigender,Ireland,-8.489012,51.923707
520,Abe,Gyer,agyeref@joomla.org,Male,Ireland,-6.3077823,53.3655256
521,Lind,Woolnough,lwoolnougheg@yahoo.co.jp,Female,Ireland,-6.1349155,53.5834008
522,Freemon,Bellfield,fbellfieldeh@imgur.com,Male,Ireland,-6.1544115,53.4855448
523,Olive,Tryhorn,otryhornei@csmonitor.com,Genderqueer,Ireland,-6.251714,53.3169419
524,Sula,Cockshtt,scockshttej@phpbb.com,Female,Ireland,-6.1136478,53.2121335
525,Ralina,Storr,rstorrek@yolasite.com,Bigender,Ireland,-9.151825,54.11215
526,Brianna,Kinnear,bkinnearel@twitter.com,Female,Ireland,-6.3506335,53.2911347
527,Gail,Draayer,gdraayerem@paginegialle.it,Genderfluid,Ireland,-6.1479779,53.450694
528,Johann,Ewdale,jewdaleen@vinaora.com,Male,Ireland,-7.8004329,53.7283566
529,Randy,Rodnight,rrodnighteo@nationalgeographic.com,Male,Ireland,-7.606287,53.6972399
530,Rutter,Doudney,rdoudneyep@wordpress.com,Male,Ireland,-6.1479779,53.450694
531,Norbie,Laise,nlaiseeq@ted.com,Male,Ireland,-6.473025,54.0086093
532,Andrus,Fabbri,afabbrier@dailymail.co.uk,Male,Ireland,-8.8562835,53.510243
533,Theodosia,Sheriff,tsheriffes@dion.ne.jp,Female,Ireland,-6.7515223,53.2888321
534,Brendis,Kensall,bkensallet@umn.edu,Male,Ireland,-7.2584,52.655184
535,Sumner,Horsell,shorselleu@unicef.org,Male,Ireland,-6.1544115,53.4855448
536,Brennen,Vidler,bvidlerev@altervista.org,Male,Ireland,-6.2890702,53.3201497
537,Myrvyn,Groucock,mgroucockew@si.edu,Male,Ireland,-8.5054897,52.7107501
538,Michele,Boulds,mbouldsex@foxnews.com,Female,Ireland,-6.3828795,53.385304
539,Darill,Whitrod,dwhitrodey@wix.com,Male,Ireland,-6.7515223,53.2888321
540,Hendrik,Seller,hsellerez@alibaba.com,Male,Ireland,-7.145971,53.508326
541,Vannie,Minshall,vminshallf0@state.tx.us,Female,Ireland,-6.366762,53.2987724
542,Burlie,Langstrath,blangstrathf1@loc.gov,Male,Ireland,-9.0248232,53.2760162
543,Jacinda,Ivankovic,jivankovicf2@xrea.com,Female,Ireland,-8.5111664,51.8858819
544,Igor,Mantripp,imantrippf3@rediff.com,Male,Ireland,-6.2508196,53.2866372
545,Peria,Riggulsford,priggulsfordf4@oracle.com,Female,Ireland,-6.4008792,53.9215606
546,Suki,Penman,spenmanf5@slate.com,Female,Ireland,-6.391149,53.8996586
547,Ivy,Houseman,ihousemanf6@biblegateway.com,Female,Ireland,-7.185387,53.158984
548,Riobard,Simmance,rsimmancef7@storify.com,Male,Ireland,-8.8562835,53.510243
549,Emmalyn,Issit,eissitf8@oracle.com,Genderqueer,Ireland,-6.9692181,52.7009338
550,Romonda,Ferencz,rferenczf9@yelp.com,Female,Ireland,-6.133718,53.291512
551,Carr,Wannell,cwannellfa@cargocollective.com,Male,Ireland,-80.7087609,35.7797381
552,Giffie,Wicher,gwicherfb@sina.com.cn,Male,Ireland,-6.176659,53.4487975
553,Bert,Gerner,bgernerfc@statcounter.com,Female,Ireland,-8.2817353,54.4771768
554,Skylar,Rennox,srennoxfd@cdc.gov,Male,Ireland,-8.4784945,51.8815586
555,Aida,Fairpo,afairpofe@technorati.com,Female,Ireland,-8.5111664,51.8858819
556,Martica,Gockelen,mgockelenff@example.com,Female,Ireland,-6.5853664,53.378253
557,Esmaria,Frankish,efrankishfg@sun.com,Female,Ireland,-6.2387374,53.3141205
558,Bowie,Graal,bgraalfh@wix.com,Male,Ireland,-6.2340942,53.2993199
559,Lexis,Adamik,ladamikfi@miibeian.gov.cn,Female,Ireland,-6.2892907,53.310122
560,Mercedes,Simonds,msimondsfj@hatena.ne.jp,Female,Ireland,-6.1479779,53.450694
561,Daveta,Simm,dsimmfk@youtu.be,Female,Ireland,-7.9428197,53.4231032
562,Ariana,Cossam,acossamfl@ucla.edu,Female,Ireland,-8.9949917,53.8533151
563,Danya,Casaro,dcasarofm@senate.gov,Female,Ireland,-8.642661,52.1361219
564,Rina,Folley,rfolleyfn@plala.or.jp,Female,Ireland,-7.9027266,53.4148582
565,Pernell,Pidgeley,ppidgeleyfo@hugedomains.com,Male,Ireland,-8.2215941,53.0917381
566,Eadmund,Crellin,ecrellinfp@aboutads.info,Male,Ireland,-6.3048641,53.3284298
567,Madelena,Dickerline,mdickerlinefq@networksolutions.com,Female,Ireland,-8.1722002,54.3051891
568,Reginald,Seymour,rseymourfr@ning.com,Male,Ireland,-10.0320886,54.2223118
569,Paolo,Kyles,pkylesfs@nifty.com,Male,Ireland,-9.159604,53.302644
570,Harp,Gerren,hgerrenft@elegantthemes.com,Male,Ireland,-8.5070436,54.2109904
571,Mycah,Scad,mscadfu@lycos.com,Male,Ireland,-6.1979853,53.3046353
572,Jerrylee,Finding,jfindingfv@elpais.com,Female,Ireland,-10.022186,53.488087
573,Mayor,Stickland,msticklandfw@china.com.cn,Male,Ireland,-8.8562835,53.510243
574,Belita,Ramshay,bramshayfx@smh.com.au,Female,Ireland,-6.2071246,53.4562426
575,Bartolomeo,Guilayn,bguilaynfy@wikipedia.org,Male,Ireland,-6.3077823,53.3655256
576,Eddy,Prothero,eprotherofz@diigo.com,Male,Ireland,-6.2755912,53.3500473
577,Giorgio,Coard,gcoardg0@gravatar.com,Male,Ireland,-6.2152673,53.3323703
578,Sarge,Thackston,sthackstong1@fastcompany.com,Male,Ireland,-6.4202878,54.0026343
579,Marrissa,Jansema,mjansemag2@ucla.edu,Genderfluid,Ireland,-8.8950821,52.7604883
580,Fayina,Mapson,fmapsong3@phpbb.com,Female,Ireland,-8.9775014,52.8314927
581,Annamaria,Overal,aoveralg4@foxnews.com,Female,Ireland,-8.5176583,51.8863277
582,Lyle,Vogl,lvoglg5@paginegialle.it,Male,Ireland,-6.1820563,53.3786861
583,Rhianon,Shooter,rshooterg6@baidu.com,Non-binary,Ireland,-6.2508196,53.2866372
584,Corly,Drescher,cdrescherg7@csmonitor.com,Female,Ireland,-7.9027266,53.4148582
585,Isis,Dyment,idymentg8@dion.ne.jp,Female,Ireland,-6.176659,53.4487975
586,Meridith,Tyrwhitt,mtyrwhittg9@diigo.com,Female,Ireland,-6.5899765,52.176031
587,Bradley,Ivashnikov,bivashnikovga@paypal.com,Male,Ireland,-6.2427004,53.3347733
588,Marielle,Hirsch,mhirschgb@phoca.cz,Female,Ireland,-9.0288689,53.2737147
589,Tomasina,Sinncock,tsinncockgc@dailymail.co.uk,Female,Ireland,-6.218069,53.374266
590,Germana,Keble,gkeblegd@123-reg.co.uk,Female,Ireland,-6.374155,53.3223974
591,Tobye,Martinson,tmartinsonge@hatena.ne.jp,Bigender,Ireland,-8.1722002,54.3051891
592,Skipp,Dyche,sdychegf@desdev.cn,Male,Ireland,-6.2152673,53.3323703
593,Skippie,Felten,sfeltengg@canalblog.com,Male,Ireland,-7.269174,55.0650892
594,Hillary,Wharmby,hwharmbygh@wikipedia.org,Male,Ireland,-6.3539424,53.3666338
595,Dacy,McGlew,dmcglewgi@w3.org,Female,Ireland,-6.473025,54.0086093
596,Catlee,Castagnaro,ccastagnarogj@blog.com,Female,Ireland,-6.2071246,53.4562426
597,Shirl,Covolini,scovolinigk@harvard.edu,Female,Ireland,-6.1544115,53.4855448
598,Elsey,Alcoran,ealcorangl@prlog.org,Female,Ireland,-8.9342111,52.182304
599,Weidar,Brackenbury,wbrackenburygm@dedecms.com,Male,Ireland,-8.9821467,52.8498651
600,Laney,Antal,lantalgn@auda.org.au,Male,Ireland,-6.366762,53.2987724
601,Maddy,Zimmerman,mzimmermango@baidu.com,Female,Ireland,-7.269174,55.0650892
602,Thain,Paulucci,tpauluccigp@house.gov,Male,Ireland,-6.0704904,53.1286984
603,Lenee,Vizard,lvizardgq@latimes.com,Female,Ireland,-6.1097188,53.3895926
604,Samantha,Frier,sfriergr@cisco.com,Female,Ireland,-6.9858993,53.0018699
605,Irma,Guerreau,iguerreaugs@tinyurl.com,Female,Ireland,-6.9692181,52.7009338
606,Godard,Briant,gbriantgt@narod.ru,Male,Ireland,-6.3422325,53.719155
607,Frankie,Adamiak,fadamiakgu@cnbc.com,Male,Ireland,-6.3506335,53.2911347
608,Veriee,Fenton,vfentongv@msn.com,Female,Ireland,-6.1072403,53.2780047
609,Ephraim,Matityahu,ematityahugw@amazon.co.uk,Male,Ireland,-8.1722173,51.9138694
610,Torie,Bruck,tbruckgx@bigcartel.com,Female,Ireland,-6.4671298,53.5050031
611,Obediah,Skeleton,oskeletongy@printfriendly.com,Male,Ireland,-7.2314132,54.1794814
612,Nonnah,Stiggers,nstiggersgz@phpbb.com,Non-binary,Ireland,-8.5070436,54.2109904
613,Stanleigh,Maiklem,smaiklemh0@studiopress.com,Male,Ireland,-80.7087609,35.7797381
614,Wainwright,Arundel,warundelh1@pbs.org,Male,Ireland,-6.2755912,53.3500473
615,Hetti,Kores,hkoresh2@51.la,Female,Ireland,-6.336393,53.3122864
616,Vito,Meech,vmeechh3@paginegialle.it,Male,Ireland,-7.606287,53.6972399
617,Sherwin,Cossom,scossomh4@gov.uk,Male,Ireland,-9.1115941,51.7203863
618,Dunn,Woolveridge,dwoolveridgeh5@printfriendly.com,Male,Ireland,-6.391149,53.8996586
619,Corina,Esbrook,cesbrookh6@va.gov,Female,Ireland,-9.268589,51.549106
620,Dotty,Barnson,dbarnsonh7@imdb.com,Female,Ireland,-6.251714,53.3169419
621,Drusilla,Tuke,dtukeh8@state.gov,Female,Ireland,-6.6633404,53.2492381
622,Olwen,Winchcomb,owinchcombh9@1und1.de,Female,Ireland,-8.6346959,53.7423435
623,Clem,Shedden,csheddenha@yellowbook.com,Male,Ireland,-9.448724,51.680591
624,Toddy,Klimko,tklimkohb@discovery.com,Genderqueer,Ireland,-6.336393,53.3122864
625,Gavin,Barrett,gbarretthc@indiegogo.com,Male,Ireland,-8.5946591,54.632283
626,Beulah,Everest,beveresthd@addtoany.com,Female,Ireland,-9.448724,51.680591
627,Elvera,Seignior,eseigniorhe@e-recht24.de,Female,Ireland,-7.7655701,53.5650926
628,Huberto,Boulger,hboulgerhf@dedecms.com,Male,Ireland,-6.9898366,53.2265199
629,Bengt,Rieger,briegerhg@cpanel.net,Male,Ireland,-8.9821467,52.8498651
630,Dodie,Jillions,djillionshh@163.com,Female,Ireland,-6.3049392,53.3021194
631,Darius,Arpe,darpehi@salon.com,Male,Ireland,-6.4008792,53.9215606
632,Allis,Paylor,apaylorhj@spiegel.de,Female,Ireland,-9.7359765,54.1433253
633,Gage,Dorricott,gdorricotthk@so-net.ne.jp,Male,Ireland,-6.3025448,53.6920618
634,Micheal,Fookes,mfookeshl@ehow.com,Male,Ireland,-7.9027266,53.4148582
635,Welch,Bogies,wbogieshm@upenn.edu,Male,Ireland,-8.6340751,52.6638144
636,Hunfredo,Gorey,hgoreyhn@wikispaces.com,Male,Ireland,-6.133718,53.291512
637,Aldous,Prendergrast,aprendergrastho@spotify.com,Male,Ireland,-6.9898366,53.2265199
638,Drusilla,Winterbotham,dwinterbothamhp@time.com,Female,Ireland,-8.5111664,51.8858819
639,Jillie,Compston,jcompstonhq@altervista.org,Female,Ireland,-7.086877,53.8363325
640,Fae,Swansborough,fswansboroughhr@jiathis.com,Genderqueer,Ireland,-10.0320886,54.2223118
641,Lani,Duffield,lduffieldhs@wikipedia.org,Female,Ireland,-8.9480659,53.940892
642,My,Hartless,mhartlessht@liveinternet.ru,Male,Ireland,-8.642661,52.1361219
643,Janith,Sigg,jsigghu@unblog.fr,Female,Ireland,-6.2057463,53.3870149
644,Arlen,Beed,abeedhv@webeden.co.uk,Female,Ireland,-6.2057463,53.3870149
645,Valli,Sands-Allan,vsandsallanhw@army.mil,Non-binary,Ireland,-8.2001004,52.86326
646,Neville,Scopham,nscophamhx@mit.edu,Male,Ireland,-6.4241156,53.7369009
647,Kirbee,Hatherleigh,khatherleighhy@ameblo.jp,Female,Ireland,-6.1822287,53.3788495
648,Cassey,Chrishop,cchrishophz@ucla.edu,Female,Ireland,-6.1479779,53.450694
649,Zolly,Goodisson,zgoodissoni0@smh.com.au,Male,Ireland,-6.473025,54.0086093
650,Garrot,Bellhouse,gbellhousei1@eventbrite.com,Male,Ireland,-6.374155,53.3223974
651,Brittaney,Jinkins,bjinkinsi2@google.co.jp,Female,Ireland,-7.9027266,53.4148582
652,Teador,Norheny,tnorhenyi3@exblog.jp,Male,Ireland,-7.8004329,53.7283566
653,Kesley,Ivshin,kivshini4@technorati.com,Female,Ireland,-7.5011999,53.776647
654,Byrle,Rann,branni5@scientificamerican.com,Male,Ireland,-7.0833118,52.2413206
655,Kelley,Bulluck,kbullucki6@sitemeter.com,Polygender,Ireland,-6.2508196,53.2866372
656,Francene,Grigorian,fgrigoriani7@opera.com,Female,Ireland,-7.0472382,52.9480781
657,Conan,Pankhurst.,cpankhursti8@livejournal.com,Male,Ireland,-6.0690645,53.1257486
658,Cliff,Scedall,cscedalli9@reverbnation.com,Bigender,Ireland,-8.1722002,54.3051891
659,Rab,Fosher,rfosheria@nyu.edu,Non-binary,Ireland,-6.2398782,53.32112
660,Felix,Brunstan,fbrunstanib@pagesperso-orange.fr,Male,Ireland,-9.4851741,52.4460804
661,Dorthea,Ferrier,dferrieric@home.pl,Female,Ireland,-8.4977746,51.8895954
662,Chiquita,Weiner,cweinerid@oracle.com,Female,Ireland,-8.5171384,51.876873
663,Minna,Cawthera,mcawtheraie@dropbox.com,Female,Ireland,-7.518792,53.284466
664,Marne,Hedley,mhedleyif@wired.com,Female,Ireland,-6.590926,53.1936864
665,Clementius,Northfield,cnorthfieldig@state.gov,Male,Ireland,-7.1111732,52.2513095
666,Gwenneth,Buckerfield,gbuckerfieldih@indiegogo.com,Female,Ireland,-6.1884248,53.5879156
667,Kate,Grolmann,kgrolmannii@craigslist.org,Female,Ireland,-8.2215941,53.0917381
668,Nanny,Scarsbrooke,nscarsbrookeij@fotki.com,Female,Ireland,-6.2611953,53.3881832
669,Abbe,Lashford,alashfordik@youku.com,Female,Ireland,-6.6633404,53.2492381
670,Gussi,Christoffels,gchristoffelsil@uol.com.br,Female,Ireland,-8.2969737,53.9735591
671,Lyndsey,Folshom,lfolshomim@goo.ne.jp,Genderqueer,Ireland,-6.5899765,52.176031
672,Carine,Breissan,cbreissanin@nydailynews.com,Female,Ireland,-6.3025448,53.6920618
673,Paco,Paffley,ppaffleyio@omniture.com,Male,Ireland,-8.5946591,54.632283
674,Teena,Cardoso,tcardosoip@imgur.com,Female,Ireland,-6.4202878,54.0026343
675,Meredithe,Pile,mpileiq@earthlink.net,Female,Ireland,-6.1822287,53.3788495
676,Ancell,Tomik,atomikir@miitbeian.gov.cn,Non-binary,Ireland,-8.334953,51.8610022
677,Nealon,Downham,ndownhamis@toplist.cz,Male,Ireland,-6.218069,53.374266
678,Fallon,Shelborne,fshelborneit@home.pl,Female,Ireland,-7.888894,52.516323
679,Garret,Cumpsty,gcumpstyiu@japanpost.jp,Male,Ireland,-6.1884248,53.5879156
680,Ninon,Eaglen,neagleniv@cargocollective.com,Female,Ireland,-6.2890702,53.3201497
681,Claudio,Olesen,coleseniw@irs.gov,Male,Ireland,-6.4202878,54.0026343
682,Dorris,Sims,dsimsix@skyrock.com,Female,Ireland,-7.0472382,52.9480781
683,Brianna,Cousins,bcousinsiy@boston.com,Female,Ireland,-8.1722002,54.3051891
684,Kristin,Gozard,kgozardiz@mysql.com,Non-binary,Ireland,-6.5028415,53.3806398
685,Allina,Oleksinski,aoleksinskij0@bravesites.com,Female,Ireland,-7.518792,53.284466
686,Ulises,Vella,uvellaj1@tinypic.com,Male,Ireland,-7.8004329,53.7283566
687,Dulci,McLaughlin,dmclaughlinj2@dot.gov,Bigender,Ireland,-6.7434401,53.2229873
688,Verile,Moreno,vmorenoj3@npr.org,Female,Ireland,-8.298942,51.848898
689,Farrand,Chilley,fchilleyj4@google.ca,Female,Ireland,-8.8950821,52.7604883
690,Heindrick,De Souza,hdesouzaj5@360.cn,Male,Ireland,-6.2892907,53.310122
691,Dwight,Delea,ddeleaj6@springer.com,Male,Ireland,-8.4627451,54.25645
692,Marice,MacNeely,mmacneelyj7@nsw.gov.au,Female,Ireland,-6.5853664,53.378253
693,Basile,Czapla,bczaplaj8@salon.com,Male,Ireland,-10.0320886,54.2223118
694,Felipa,Duckfield,fduckfieldj9@myspace.com,Female,Ireland,-8.3545704,52.5593605
695,Berny,Sarjant,bsarjantja@vimeo.com,Male,Ireland,-7.8434254,51.949401
696,Colman,Corbert,ccorbertjb@army.mil,Male,Ireland,-80.7087609,35.7797381
697,Janaya,Carlone,jcarlonejc@redcross.org,Female,Ireland,-8.2817353,54.4771768
698,Domini,Tradewell,dtradewelljd@pen.io,Female,Ireland,-6.2071246,53.4562426
699,Fabian,Geering,fgeeringje@cloudflare.com,Male,Ireland,-9.1327273,53.806868
700,Sigfrid,Redley,sredleyjf@google.com.br,Male,Ireland,-8.334953,51.8610022
701,Olivia,Messer,omesserjg@illinois.edu,Female,Ireland,-9.0248232,53.2760162
702,Arnaldo,Seifert,aseifertjh@weebly.com,Non-binary,Ireland,-6.3219759,53.2976886
703,Adela,Pickin,apickinji@craigslist.org,Female,Ireland,-8.298942,51.848898
704,Ive,Hewertson,ihewertsonjj@nytimes.com,Male,Ireland,-6.1011147,53.2000455
705,Adolph,Snowball,asnowballjk@nydailynews.com,Male,Ireland,-6.1884248,53.5879156
706,Rena,Aronowicz,raronowiczjl@walmart.com,Female,Ireland,-6.1820563,53.3786861
707,Elwira,Titchen,etitchenjm@google.it,Genderqueer,Ireland,-6.2429997,53.7902634
708,Annadiana,Hovie,ahoviejn@chicagotribune.com,Female,Ireland,-10.022186,53.488087
709,Anetta,Sustins,asustinsjo@weibo.com,Female,Ireland,-6.2755912,53.3500473
710,Phil,Bangs,pbangsjp@furl.net,Polygender,Ireland,-8.4824714,51.8862378
711,Culver,Harrap,charrapjq@gizmodo.com,Male,Ireland,-6.3695384,53.3734053
712,Hamlen,Belding,hbeldingjr@nationalgeographic.com,Male,Ireland,-7.9027266,53.4148582
713,Freeman,Smidmore,fsmidmorejs@slate.com,Male,Ireland,-8.4784945,51.8815586
714,Allistir,Leedal,aleedaljt@mozilla.org,Male,Ireland,-6.3422325,53.719155
715,Stan,Barus,sbarusju@columbia.edu,Male,Ireland,-6.266734,53.3829319
716,Agace,Hamel,ahameljv@ebay.co.uk,Female,Ireland,-6.163027,53.2339841
717,Ingeberg,Vuitte,ivuittejw@cyberchimps.com,Female,Ireland,-6.1479779,53.450694
718,Coral,Grimston,cgrimstonjx@exblog.jp,Female,Ireland,-6.4008792,53.9215606
719,Dee dee,Maynard,dmaynardjy@wisc.edu,Female,Ireland,-6.5924609,53.2482376
720,Antone,Kencott,akencottjz@quantcast.com,Male,Ireland,-8.2817353,54.4771768
721,Gerardo,Kilduff,gkilduffk0@opensource.org,Male,Ireland,-6.3660863,53.2874153
722,Martin,Petrakov,mpetrakovk1@blogs.com,Male,Ireland,-7.8434254,51.949401
723,Torrey,Alvarado,talvaradok2@tumblr.com,Male,Ireland,-8.1722002,54.3051891
724,Mayor,Jaszczak,mjaszczakk3@github.io,Male,Ireland,-6.264963,53.3897152
725,Ciel,Dullard,cdullardk4@nasa.gov,Female,Ireland,-9.1097137,53.2582868
726,Traver,Hickenbottom,thickenbottomk5@baidu.com,Male,Ireland,-6.1215213,53.2724538
727,Jacki,Habbershon,jhabbershonk6@hubpages.com,Female,Ireland,-6.9692181,52.7009338
728,Fleming,McFarland,fmcfarlandk7@squidoo.com,Male,Ireland,-8.1722173,51.9138694
729,Brenda,Jearum,bjearumk8@is.gd,Female,Ireland,-9.159604,53.302644
730,Roarke,Castaner,rcastanerk9@fotki.com,Male,Ireland,-6.1097188,53.3895926
731,Caryn,Stopforth,cstopforthka@themeforest.net,Female,Ireland,-6.3422325,53.719155
732,Lukas,Crapper,lcrapperkb@sakura.ne.jp,Male,Ireland,-6.3025448,53.6920618
733,Angy,Langmead,alangmeadkc@purevolume.com,Female,Ireland,-8.445614,51.8885086
734,Rivkah,Rix,rrixkd@fema.gov,Female,Ireland,-7.606287,53.6972399
735,Laurent,Blowing,lblowingke@imageshack.us,Male,Ireland,-6.2633149,53.377533
736,Burke,Christall,bchristallkf@facebook.com,Male,Ireland,-6.2427004,53.3347733
737,Keen,Cushworth,kcushworthkg@baidu.com,Male,Ireland,-6.2633149,53.377533
738,Caresse,Arnason,carnasonkh@noaa.gov,Female,Ireland,-7.606287,53.6972399
739,Georgianna,Cornejo,gcornejoki@usnews.com,Female,Ireland,-8.5054897,52.7107501
740,Vivie,Wheldon,vwheldonkj@cocolog-nifty.com,Female,Ireland,-7.0943023,54.2694844
741,Gabbey,Corradino,gcorradinokk@naver.com,Female,Ireland,-7.2584,52.655184
742,Richmound,Mulrooney,rmulrooneykl@liveinternet.ru,Male,Ireland,-6.3048641,53.3284298
743,Celestine,Gaish,cgaishkm@pen.io,Female,Ireland,-6.67045,53.213319
744,Lyn,Bezant,lbezantkn@msn.com,Male,Ireland,-6.313755,53.366736
745,Lowe,Legonidec,llegonidecko@about.com,Non-binary,Ireland,-8.4977746,51.8895954
746,Bellina,Claeskens,bclaeskenskp@diigo.com,Female,Ireland,-8.958931,51.904635
747,Dorene,Baddam,dbaddamkq@dailymotion.com,Female,Ireland,-6.2387374,53.3141205
748,Herman,Hellwig,hhellwigkr@chron.com,Male,Ireland,-6.139018,53.171935
749,Katey,Staresmeare,kstaresmeareks@dailymotion.com,Agender,Ireland,-6.1011147,53.2000455
750,Morgen,Birden,mbirdenkt@xing.com,Male,Ireland,-9.7359765,54.1433253
751,Tallie,Kidds,tkiddsku@sun.com,Male,Ireland,-6.218069,53.374266
752,Darb,Mathon,dmathonkv@accuweather.com,Agender,Ireland,-7.0625888,53.1387595
753,Roanna,Scholl,rschollkw@ebay.co.uk,Female,Ireland,-6.264963,53.3897152
754,Genia,Widger,gwidgerkx@upenn.edu,Female,Ireland,-8.489012,51.923707
755,Gayelord,Sproat,gsproatky@cargocollective.com,Male,Ireland,-6.2892907,53.310122
756,Odo,Wilkes,owilkeskz@seesaa.net,Genderfluid,Ireland,-6.1157412,53.2774963
757,Trina,Eddicott,teddicottl0@issuu.com,Female,Ireland,-9.0248232,53.2760162
758,Allister,Droghan,adroghanl1@ibm.com,Male,Ireland,-6.3660863,53.2874153
759,Sherri,Gostling,sgostlingl2@meetup.com,Female,Ireland,-8.337871,52.0097259
760,Miguelita,Doman,mdomanl3@webnode.com,Female,Ireland,-8.445614,51.8885086
761,Orel,Monk,omonkl4@i2i.jp,Female,Ireland,-7.2314132,54.1794814
762,Jodi,Janovsky,jjanovskyl5@goo.gl,Male,Ireland,-8.298942,51.848898
763,Shanan,Betty,sbettyl6@squarespace.com,Male,Ireland,-6.133718,53.291512
764,Astrid,Mellmer,amellmerl7@sourceforge.net,Female,Ireland,-8.2755058,52.2627273
765,Reyna,Tarbatt,rtarbattl8@cdbaby.com,Female,Ireland,-8.9791425,52.8638391
766,Arlan,Doberer,adobererl9@vistaprint.com,Male,Ireland,-6.133718,53.291512
767,Codi,Beeston,cbeestonla@mayoclinic.com,Male,Ireland,-6.2429997,53.7902634
768,Bernetta,Lee,bleelb@marriott.com,Female,Ireland,-8.6340751,52.6638144
769,Olympia,Steggles,osteggleslc@phoca.cz,Female,Ireland,-6.4496384,53.3582341
770,Gail,Reavell,greavellld@surveymonkey.com,Male,Ireland,-6.4887534,53.3653866
771,Mattie,Simoncini,msimoncinile@si.edu,Male,Ireland,-6.3025448,53.6920618
772,Juieta,Kluge,jklugelf@topsy.com,Female,Ireland,-8.7683674,53.7942932
773,Lucille,McKag,lmckaglg@cnbc.com,Female,Ireland,-7.8434254,51.949401
774,Dyane,Fulloway,dfullowaylh@booking.com,Female,Ireland,-9.7850991,52.1058991
775,Karel,Pineaux,kpineauxli@jugem.jp,Female,Ireland,-6.3828795,53.385304
776,Josie,Baert,jbaertlj@desdev.cn,Female,Ireland,-6.1157412,53.2774963
777,Trista,Fayers,tfayerslk@e-recht24.de,Female,Ireland,-6.3828795,53.385304
778,Alaric,Gwynne,agwynnell@hc360.com,Male,Ireland,-7.2314132,54.1794814
779,Inglebert,Cartmel,icartmellm@home.pl,Male,Ireland,-6.2427004,53.3347733
780,Mickey,Capper,mcapperln@dropbox.com,Male,Ireland,-10.0320886,54.2223118
781,Giulietta,Valentinuzzi,gvalentinuzzilo@cnbc.com,Female,Ireland,-10.0320886,54.2223118
782,Hedvig,Cumine,hcuminelp@shareasale.com,Female,Ireland,-6.9858993,53.0018699
783,Jacobo,Merryfield,jmerryfieldlq@1688.com,Male,Ireland,-8.5047067,51.8830697
784,Allis,Giamitti,agiamittilr@pagesperso-orange.fr,Female,Ireland,-6.5924609,53.2482376
785,Halimeda,Pickvance,hpickvancels@netscape.com,Female,Ireland,-7.0833118,52.2413206
786,Lauri,McCoughan,lmccoughanlt@photobucket.com,Female,Ireland,-6.139018,53.171935
787,Kingsly,Greenlies,kgreenlieslu@biblegateway.com,Male,Ireland,-6.3539424,53.3666338
788,Roda,Gilluley,rgilluleylv@google.ca,Female,Ireland,-7.7655701,53.5650926
789,Obed,Nuschke,onuschkelw@rambler.ru,Male,Ireland,-8.2969737,53.9735591
790,Hermina,Killich,hkillichlx@sakura.ne.jp,Female,Ireland,-8.9706844,52.6004448
791,Lindy,Wardhaw,lwardhawly@last.fm,Female,Ireland,-6.5899765,52.176031
792,Klaus,Boake,kboakelz@who.int,Male,Ireland,-6.2398782,53.32112
793,Devan,Vogt,dvogtm0@goodreads.com,Female,Ireland,-8.2969737,53.9735591
794,Dewey,Horry,dhorrym1@stumbleupon.com,Male,Ireland,-8.5054897,52.7107501
795,Delmore,Digman,ddigmanm2@shareasale.com,Male,Ireland,-10.0320886,54.2223118
796,Ange,Brownrigg,abrownriggm3@baidu.com,Male,Ireland,-6.1097188,53.3895926
797,Edmund,Kluss,eklussm4@creativecommons.org,Male,Ireland,-6.1884248,53.5879156
798,Dante,Reimer,dreimerm5@behance.net,Non-binary,Ireland,-6.2340942,53.2993199
799,Titus,Jarrel,tjarrelm6@go.com,Non-binary,Ireland,-6.1544115,53.4855448
800,Alfi,Clarae,aclaraem7@ezinearticles.com,Female,Ireland,-8.337871,52.0097259
801,Efrem,Dehmel,edehmelm8@over-blog.com,Male,Ireland,-6.4496384,53.3582341
802,Ulrikaumeko,Lazenbury,ulazenburym9@purevolume.com,Female,Ireland,-7.74208,54.70972
803,Jennine,Ball,jballma@newsvine.com,Female,Ireland,-7.145971,53.508326
804,Vin,Boram,vborammb@tinypic.com,Female,Ireland,-8.2001004,52.86326
805,Bradney,Cowell,bcowellmc@mac.com,Male,Ireland,-9.4851741,52.4460804
806,Lira,Struys,lstruysmd@wunderground.com,Bigender,Ireland,-6.9692181,52.7009338
807,Elvis,O'Brogan,eobroganme@sohu.com,Male,Ireland,-8.1722002,54.3051891
808,Marcos,Gear,mgearmf@cbsnews.com,Male,Ireland,-10.022186,53.488087
809,Derk,Mulvey,dmulveymg@tinyurl.com,Male,Ireland,-7.145971,53.508326
810,Delphine,Liddon,dliddonmh@time.com,Female,Ireland,-6.2508196,53.2866372
811,Barry,Hullin,bhullinmi@myspace.com,Female,Ireland,-6.1479779,53.450694
812,Viole,Carncross,vcarncrossmj@scientificamerican.com,Female,Ireland,-8.4523258,51.880525
813,Nanni,Eisenberg,neisenbergmk@webmd.com,Female,Ireland,-6.3049392,53.3021194
814,Tommie,Witsey,twitseyml@gravatar.com,Male,Ireland,-9.1097137,53.2582868
815,Sanford,Botfield,sbotfieldmm@spotify.com,Male,Ireland,-6.67045,53.213319
816,Clemente,MacCague,cmaccaguemn@wikia.com,Male,Ireland,-6.2429997,53.7902634
817,Aguste,L'argent,alargentmo@github.com,Male,Ireland,-6.1191333,53.1915379
818,Alfonse,Stockney,astockneymp@zdnet.com,Male,Ireland,-6.139018,53.171935
819,Nathanael,Knightsbridge,nknightsbridgemq@apache.org,Male,Ireland,-6.336393,53.3122864
820,Marjie,Sutlieff,msutlieffmr@bing.com,Female,Ireland,-6.264963,53.3897152
821,Drusi,Laste,dlastems@amazon.co.uk,Female,Ireland,-6.3539424,53.3666338
822,Errol,Hilley,ehilleymt@paypal.com,Male,Ireland,-6.9140788,53.169971
823,Nobie,Berney,nberneymu@whitehouse.gov,Male,Ireland,-8.334953,51.8610022
824,Ruby,Cloughton,rcloughtonmv@a8.net,Agender,Ireland,-8.298942,51.848898
825,Ernestine,Physic,ephysicmw@google.ca,Female,Ireland,-6.5028415,53.3806398
826,Artus,Peto,apetomx@microsoft.com,Male,Ireland,-6.1406578,53.2886387
827,Marla,Mac,mmacmy@newsvine.com,Female,Ireland,-6.251714,53.3169419
828,Leia,Gigg,lgiggmz@ning.com,Female,Ireland,-6.3660863,53.2874153
829,Leroi,Crummay,lcrummayn0@bizjournals.com,Male,Ireland,-6.2429997,53.7902634
830,Gabriele,Haysey,ghayseyn1@surveymonkey.com,Male,Ireland,-7.297914,54.026345
831,Dolley,Godbold,dgodboldn2@independent.co.uk,Female,Ireland,-6.1349155,53.5834008
832,Jules,Hardes,jhardesn3@plala.or.jp,Male,Ireland,-7.2314132,54.1794814
833,Ardelle,Boole,aboolen4@elpais.com,Female,Ireland,-6.1191333,53.1915379
834,Haydon,Kauffman,hkauffmann5@photobucket.com,Male,Ireland,-6.9858993,53.0018699
835,Pierce,Bravington,pbravingtonn6@slate.com,Male,Ireland,-8.3545704,52.5593605
836,Flora,Gerner,fgernern7@sourceforge.net,Female,Ireland,-7.086877,53.8363325
837,Leroi,Reburn,lreburnn8@myspace.com,Male,Ireland,-6.590926,53.1936864
838,Nat,Strasse,nstrassen9@google.com.hk,Female,Ireland,-8.4824714,51.8862378
839,Thorin,Fanti,tfantina@reference.com,Male,Ireland,-8.5054897,52.7107501
840,Damien,Jurek,djureknb@mozilla.org,Male,Ireland,-10.022186,53.488087
841,Leonelle,Terese,lteresenc@lulu.com,Female,Ireland,-8.5946591,54.632283
842,Nanni,Tondeur,ntondeurnd@weibo.com,Female,Ireland,-6.1406578,53.2886387
843,Rodrigo,Hucklesby,rhucklesbyne@mapy.cz,Male,Ireland,-9.0248232,53.2760162
844,Haily,Cambden,hcambdennf@nih.gov,Male,Ireland,-6.1406578,53.2886387
845,Jess,Blackader,jblackaderng@ucla.edu,Male,Ireland,-6.3219759,53.2976886
846,Lyon,Follos,lfollosnh@goo.ne.jp,Male,Ireland,-9.1115941,51.7203863
847,Tymon,Ailward,tailwardni@google.com.hk,Male,Ireland,-7.606287,53.6972399
848,Anita,Tetla,atetlanj@thetimes.co.uk,Female,Ireland,-8.3929404,51.8113447
849,Fonz,Bustin,fbustinnk@qq.com,Male,Ireland,-8.5054897,52.7107501
850,Rodie,Dauney,rdauneynl@prweb.com,Female,Ireland,-6.3828795,53.385304
851,Indira,Inwood,iinwoodnm@privacy.gov.au,Genderfluid,Ireland,-6.366762,53.2987724
852,Vanya,Maypother,vmaypothernn@ucla.edu,Male,Ireland,-6.1820563,53.3786861
853,Katusha,Marriott,kmarriottno@gov.uk,Polygender,Ireland,-6.3048641,53.3284298
854,Ian,Hindrick,ihindricknp@hao123.com,Male,Ireland,-7.9139891,53.0949398
855,Ozzie,Manton,omantonnq@list-manage.com,Male,Ireland,-6.2071246,53.4562426
856,Brant,Bletcher,bbletchernr@merriam-webster.com,Male,Ireland,-8.9706844,52.6004448
857,Randy,Kerrane,rkerranens@paginegialle.it,Female,Ireland,-8.9821467,52.8498651
858,Bastian,Hanhardt,bhanhardtnt@odnoklassniki.ru,Male,Ireland,-8.2001004,52.86326
859,Sher,Hydes,shydesnu@wikispaces.com,Polygender,Ireland,-6.9692181,52.7009338
860,Artus,Tilley,atilleynv@moonfruit.com,Male,Ireland,-7.518792,53.284466
861,Bryant,Tibbetts,btibbettsnw@sohu.com,Male,Ireland,-7.9027266,53.4148582
862,Rodie,Laverenz,rlaverenznx@gov.uk,Female,Ireland,-9.0288689,53.2737147
863,Nels,Gibbie,ngibbieny@yellowpages.com,Male,Ireland,-6.3025448,53.6920618
864,Michaelina,Cowans,mcowansnz@behance.net,Female,Ireland,-7.9027266,53.4148582
865,Ethel,Hens,ehenso0@patch.com,Female,Ireland,-6.2387374,53.3141205
866,Fons,Pimlett,fpimletto1@omniture.com,Male,Ireland,-9.1115941,51.7203863
867,Lee,Jacobowicz,ljacobowiczo2@yellowbook.com,Female,Ireland,-8.9949917,53.8533151
868,Allis,Robbie,arobbieo3@nature.com,Female,Ireland,-6.2324705,53.3177535
869,Anna-maria,Snap,asnapo4@fastcompany.com,Female,Ireland,-6.2152673,53.3323703
870,Alyss,Boner,abonero5@miibeian.gov.cn,Female,Ireland,-6.3422325,53.719155
871,Artemus,Crolla,acrollao6@fda.gov,Male,Ireland,-6.4241156,53.7369009
872,Shannan,Crisp,scrispo7@boston.com,Male,Ireland,-6.3219759,53.2976886
873,Carin,Broughton,cbroughtono8@e-recht24.de,Female,Ireland,-6.3025448,53.6920618
874,Bentlee,Trowsdall,btrowsdallo9@wikispaces.com,Male,Ireland,-6.3660863,53.2874153
875,Celestia,Sacks,csacksoa@google.com,Female,Ireland,-8.9775014,52.8314927
876,Myles,Rummin,mrumminob@jugem.jp,Genderfluid,Ireland,-6.3828795,53.385304
877,Neall,Ratray,nratrayoc@4shared.com,Male,Ireland,-7.297914,54.026345
878,Janella,Boast,jboastod@soundcloud.com,Genderfluid,Ireland,-6.5853664,53.378253
879,Helga,Tidbald,htidbaldoe@ted.com,Female,Ireland,-10.0320886,54.2223118
880,Mollie,Van der Velden,mvanderveldenof@newyorker.com,Female,Ireland,-6.1406578,53.2886387
881,Joli,Lemmen,jlemmenog@ow.ly,Female,Ireland,-6.9858993,53.0018699
882,Valera,Artiss,vartissoh@smh.com.au,Female,Ireland,-8.1722173,51.9138694
883,Toinette,Mandell,tmandelloi@skyrock.com,Female,Ireland,-8.642661,52.1361219
884,Zaccaria,Dulake,zdulakeoj@salon.com,Male,Ireland,-6.1920933,53.3916434
885,Amalia,Worsley,aworsleyok@ifeng.com,Female,Ireland,-6.1544115,53.4855448
886,Rockie,de Castelain,rdecastelainol@nyu.edu,Male,Ireland,-9.0248232,53.2760162
887,Adele,Lorentzen,alorentzenom@friendfeed.com,Female,Ireland,-6.590926,53.1936864
888,Ulrikaumeko,Harriday,uharridayon@nytimes.com,Female,Ireland,-6.1822287,53.3788495
889,Ernst,Kirkham,ekirkhamoo@wisc.edu,Male,Ireland,-6.308522,52.665267
890,Carmencita,Alwell,calwellop@myspace.com,Female,Ireland,-9.5003786,52.4458588
891,Orren,Mum,omumoq@blog.com,Male,Ireland,-8.5176583,51.8863277
892,Yorgos,Vaszoly,yvaszolyor@e-recht24.de,Male,Ireland,-9.448724,51.680591
893,Lauryn,Ely,lelyos@princeton.edu,Female,Ireland,-6.2611953,53.3881832
894,Parry,Lednor,plednorot@behance.net,Male,Ireland,-7.2584,52.655184
895,Tuckie,Wenden,twendenou@yellowbook.com,Male,Ireland,-6.2611953,53.3881832
896,Ashien,Kment,akmentov@imdb.com,Female,Ireland,-8.4242597,51.8910459
897,Mikkel,Alabone,malaboneow@yahoo.co.jp,Male,Ireland,-6.3828795,53.385304
898,Meyer,Matsell,mmatsellox@is.gd,Male,Ireland,-6.2398782,53.32112
899,Prudi,Mallinson,pmallinsonoy@weather.com,Female,Ireland,-7.297914,54.026345
900,Felix,Muckley,fmuckleyoz@howstuffworks.com,Male,Ireland,-7.185387,53.158984
901,Vidovic,Reckless,vrecklessp0@ocn.ne.jp,Male,Ireland,-6.2508196,53.2866372
902,Boycie,Ebbage,bebbagep1@ask.com,Male,Ireland,-9.1327273,53.806868
903,Bernie,Bretherton,bbrethertonp2@webs.com,Male,Ireland,-8.8950821,52.7604883
904,Darrelle,Oneile,doneilep3@mtv.com,Female,Ireland,-6.9711886,53.916791
905,Margarette,Proudlock,mproudlockp4@examiner.com,Female,Ireland,-8.298942,51.848898
906,Geoffrey,Waber,gwaberp5@foxnews.com,Male,Ireland,-6.2324705,53.3177535
907,Giorgio,Sainer,gsainerp6@blogger.com,Male,Ireland,-6.2892907,53.310122
908,Obidiah,Mahaffey,omahaffeyp7@cyberchimps.com,Agender,Ireland,-6.5028415,53.3806398
909,Kandy,Kringe,kkringep8@house.gov,Female,Ireland,-6.9692181,52.7009338
910,Kaye,Lutman,klutmanp9@oaic.gov.au,Female,Ireland,-8.1722002,54.3051891
911,Donavon,Hannen,dhannenpa@woothemes.com,Male,Ireland,-6.7449927,53.1310185
912,Elden,Cultcheth,ecultchethpb@senate.gov,Male,Ireland,-6.1603828,53.2599034
913,Sergei,De Filippi,sdefilippipc@issuu.com,Male,Ireland,-6.9898366,53.2265199
914,Llywellyn,Stepto,lsteptopd@bigcartel.com,Male,Ireland,-8.5176583,51.8863277
915,Maxwell,Luard,mluardpe@psu.edu,Male,Ireland,-8.5176583,51.8863277
916,Nellie,Artis,nartispf@forbes.com,Polygender,Ireland,-7.9139891,53.0949398
917,Kinnie,Haresign,kharesignpg@guardian.co.uk,Male,Ireland,-6.3660863,53.2874153
918,Raynell,Klassman,rklassmanph@ucsd.edu,Polygender,Ireland,-6.3660863,53.2874153
919,Olive,Wilacot,owilacotpi@bravesites.com,Female,Ireland,-9.1115941,51.7203863
920,Kipp,Flaws,kflawspj@php.net,Female,Ireland,-8.259128,51.908209
921,Osmond,Ramirez,oramirezpk@stanford.edu,Male,Ireland,-6.336393,53.3122864
922,Feliks,Jakubovicz,fjakuboviczpl@bloglines.com,Male,Ireland,-6.1979853,53.3046353
923,Gustavus,Mogridge,gmogridgepm@merriam-webster.com,Male,Ireland,-8.9775014,52.8314927
924,Josi,Beckingham,jbeckinghampn@cornell.edu,Bigender,Ireland,-6.2340942,53.2993199
925,Vonnie,Sabatini,vsabatinipo@utexas.edu,Female,Ireland,-6.0704904,53.1286984
926,Gram,Cordova,gcordovapp@yale.edu,Male,Ireland,-9.1097137,53.2582868
927,Lise,Rodolf,lrodolfpq@oakley.com,Female,Ireland,-8.298942,51.848898
928,Deborah,Jermin,djerminpr@ft.com,Female,Ireland,-6.473025,54.0086093
929,Karry,Byrde,kbyrdeps@tripod.com,Female,Ireland,-6.1136478,53.2121335
930,Alecia,Pee,apeept@google.de,Female,Ireland,-9.7359765,54.1433253
931,Gerhardt,Percifer,gperciferpu@theglobeandmail.com,Male,Ireland,-6.2755912,53.3500473
932,Carie,Aspenlon,caspenlonpv@biblegateway.com,Female,Ireland,-8.4523258,51.880525
933,Margalit,Firidolfi,mfiridolfipw@kickstarter.com,Female,Ireland,-9.1097137,53.2582868
934,Deina,Yokel,dyokelpx@eventbrite.com,Female,Ireland,-6.3025448,53.6920618
935,Imelda,McAlindon,imcalindonpy@nasa.gov,Female,Ireland,-8.5111664,51.8858819
936,Wallis,McKillop,wmckilloppz@techcrunch.com,Female,Ireland,-6.64937,54.10269
937,Torrie,Sexty,tsextyq0@qq.com,Female,Ireland,-6.1349155,53.5834008
938,Lita,Sent,lsentq1@aol.com,Female,Ireland,-6.1942058,53.3604483
939,Grier,Oakinfold,goakinfoldq2@salon.com,Female,Ireland,-6.3539424,53.3666338
940,Shauna,Broseke,sbrosekeq3@paypal.com,Female,Ireland,-6.2611953,53.3881832
941,Lanette,Traill,ltraillq4@weebly.com,Female,Ireland,-6.163027,53.2339841
942,Camellia,Simacek,csimacekq5@ow.ly,Female,Ireland,-8.5111664,51.8858819
943,Jacki,Houltham,jhoulthamq6@uiuc.edu,Non-binary,Ireland,-8.8562835,53.510243
944,Reube,Lettley,rlettleyq7@csmonitor.com,Male,Ireland,-6.2340942,53.2993199
945,Inness,Lowrey,ilowreyq8@i2i.jp,Male,Ireland,-7.9027266,53.4148582
946,Everard,Gendrich,egendrichq9@weather.com,Male,Ireland,-7.0472382,52.9480781
947,Javier,Henkens,jhenkensqa@yelp.com,Male,Ireland,-6.4496384,53.3582341
948,Noah,Oganesian,noganesianqb@wikimedia.org,Male,Ireland,-6.1136478,53.2121335
949,Maurie,Belchem,mbelchemqc@4shared.com,Male,Ireland,-8.489012,51.923707
950,Shannah,Steinhammer,ssteinhammerqd@hud.gov,Polygender,Ireland,-8.9342111,52.182304
951,Augustin,Mitchel,amitchelqe@taobao.com,Male,Ireland,-7.1297243,52.2509369
952,Ida,Ossipenko,iossipenkoqf@shutterfly.com,Female,Ireland,-6.1535181,53.5220275
953,Gonzalo,Haquard,ghaquardqg@simplemachines.org,Male,Ireland,-7.269174,55.0650892
954,Viviene,Eltringham,veltringhamqh@studiopress.com,Female,Ireland,-6.2890702,53.3201497
955,Iggy,Cheales,ichealesqi@newsvine.com,Male,Ireland,-6.1215213,53.2724538
956,Forrest,Grewer,fgrewerqj@utexas.edu,Male,Ireland,-6.5028415,53.3806398
957,Marie,Sellers,msellersqk@uiuc.edu,Female,Ireland,-8.642661,52.1361219
958,Nico,Stogill,nstogillql@adobe.com,Agender,Ireland,-6.2340942,53.2993199
959,Brigg,Foxton,bfoxtonqm@tripod.com,Male,Ireland,-6.5028415,53.3806398
960,Keelia,Feary,kfearyqn@timesonline.co.uk,Female,Ireland,-8.5946591,54.632283
961,Hardy,Battrum,hbattrumqo@virginia.edu,Male,Ireland,-8.334953,51.8610022
962,Debor,Hylands,dhylandsqp@amazonaws.com,Female,Ireland,-7.1297243,52.2509369
963,Curt,Morshead,cmorsheadqq@virginia.edu,Male,Ireland,-7.269174,55.0650892
964,Katalin,Keedy,kkeedyqr@gmpg.org,Female,Ireland,-8.83565,53.49417
965,Barbee,Selman,bselmanqs@howstuffworks.com,Female,Ireland,-7.74208,54.70972
966,Truman,Glanester,tglanesterqt@ocn.ne.jp,Male,Ireland,-6.7434401,53.2229873
967,Bertie,Baughn,bbaughnqu@opensource.org,Male,Ireland,-6.5924609,53.2482376
968,Eileen,Fairclough,efaircloughqv@xinhuanet.com,Female,Ireland,-7.0833118,52.2413206
969,Roman,Lillicrap,rlillicrapqw@redcross.org,Male,Ireland,-7.2584,52.655184
970,Gaby,Flieg,gfliegqx@ifeng.com,Male,Ireland,-6.9711886,53.916791
971,Emlen,Ciobutaro,eciobutaroqy@youtu.be,Male,Ireland,-6.308522,52.665267
972,Nealon,Creer,ncreerqz@illinois.edu,Male,Ireland,-6.64937,54.10269
973,Benji,Baigrie,bbaigrier0@huffingtonpost.com,Male,Ireland,-9.1097137,53.2582868
974,Kyrstin,Siddeley,ksiddeleyr1@epa.gov,Female,Ireland,-6.1535181,53.5220275
975,Adams,Betancourt,abetancourtr2@mlb.com,Male,Ireland,-8.4784945,51.8815586
976,Arlie,Semrad,asemradr3@amazon.com,Female,Ireland,-8.642661,52.1361219
977,Eada,Abramovicz,eabramoviczr4@exblog.jp,Female,Ireland,-8.8950821,52.7604883
978,Marji,Andersson,manderssonr5@github.com,Female,Ireland,-6.3422325,53.719155
979,Toinette,MacIan,tmacianr6@indiegogo.com,Female,Ireland,-7.1111732,52.2513095
980,Piggy,Chiverstone,pchiverstoner7@instagram.com,Male,Ireland,-7.5011999,53.776647
981,Karla,Nordass,knordassr8@kickstarter.com,Female,Ireland,-7.0472382,52.9480781
982,Cherianne,McCleod,cmccleodr9@php.net,Female,Ireland,-6.5853664,53.378253
983,Martyn,Keegan,mkeeganra@typepad.com,Male,Ireland,-7.0472382,52.9480781
984,Barrie,Gallo,bgallorb@soup.io,Male,Ireland,-6.1479779,53.450694
985,Faina,Tales,ftalesrc@e-recht24.de,Female,Ireland,-8.3545704,52.5593605
986,Dorolice,Kenwood,dkenwoodrd@cyberchimps.com,Female,Ireland,-8.259128,51.908209
987,Estevan,Scarff,escarffre@illinois.edu,Male,Ireland,-7.8004329,53.7283566
988,Bea,Becerra,bbecerrarf@youtu.be,Agender,Ireland,-6.0704904,53.1286984
989,Grata,Southouse,gsouthouserg@hubpages.com,Female,Ireland,-6.1884248,53.5879156
990,Clarisse,Cavolini,ccavolinirh@shareasale.com,Female,Ireland,-6.1820563,53.3786861
991,Lonnie,Caldroni,lcaldroniri@phoca.cz,Male,Ireland,-6.6633404,53.2492381
992,Zilvia,Bown,zbownrj@walmart.com,Female,Ireland,-8.9480659,53.940892
993,Nikolos,Salaman,nsalamanrk@mac.com,Male,Ireland,-6.2508196,53.2866372
994,Blaire,Kaysor,bkaysorrl@flickr.com,Female,Ireland,-8.489012,51.923707
995,Sharl,Bagworth,sbagworthrm@google.com.au,Female,Ireland,-8.9775014,52.8314927
996,Margo,McCoish,mmccoishrn@netvibes.com,Female,Ireland,-6.2324705,53.3177535
997,Melli,Spillane,mspillanero@elegantthemes.com,Female,Ireland,-8.1722173,51.9138694
998,Otto,Bradnick,obradnickrp@parallels.com,Male,Ireland,-8.5369154,52.6681994
999,Kittie,Adanez,kadanezrq@nydailynews.com,Female,Ireland,-9.0288689,53.2737147
1000,Walsh,Belsey,wbelseyrr@bloglovin.com,Male,Ireland,-6.2611953,53.3881832
