id,first_name,last_name,email,gender,country,lon,lat
1,Riobard,Capener,rcapener0@taobao.com,Male,Ireland,-7.2314132,54.1794814
2,Else,Furmage,efurmage1@shop-pro.jp,Female,Ireland,-6.0704904,53.1286984
3,Caron,Wilbore,cwilbore2@mayoclinic.com,Female,Ireland,-9.0288689,53.2737147
4,Irma,Brandsma,ibrandsma3@chronoengine.com,Female,Ireland,-6.4202878,54.0026343
5,Cherilynn,Kinnard,ckinnard4@irs.gov,Female,Ireland,-7.0472382,52.9480781
6,Kissee,Rispine,krispine5@vkontakte.ru,Genderfluid,Ireland,-7.0833118,52.2413206
7,Aluino,Upex,aupex6@springer.com,Male,Ireland,-7.8434254,51.949401
8,Hewett,Danelet,hdanelet7@github.io,Male,Ireland,-6.1820563,53.3786861
9,Loutitia,Haddrill,lhaddrill8@thetimes.co.uk,Female,Ireland,-6.5924609,53.2482376
10,Trumann,Clacey,tclacey9@accuweather.com,Male,Ireland,-8.3929404,51.8113447
11,Theobald,O' Faherty,tofahertya@reuters.com,Male,Ireland,-8.298942,51.848898
12,Gearard,Heikkinen,gheikkinenb@cafepress.com,Male,Ireland,-6.2892907,53.310122
13,Verla,Grishkov,vgrishkovc@alexa.com,Female,Ireland,-6.139018,53.171935
14,Terri,Leinthall,tleinthalld@umn.edu,Female,Ireland,-8.4824714,51.8862378
15,Cecile,Haydock,chaydocke@wired.com,Female,Ireland,-6.2429997,53.7902634
16,Marjy,Brodbin,mbrodbinf@boston.com,Female,Ireland,-7.0833118,52.2413206
17,Sacha,Hindenburg,shindenburgg@sbwire.com,Female,Ireland,-6.2427004,53.3347733
18,Dimitry,Fairlam,dfairlamh@statcounter.com,Male,Ireland,-9.4904891,52.6396679
19,Lynde,Order,lorderi@yandex.ru,Female,Ireland,-7.269174,55.0650892
20,Guillaume,Abba,gabbaj@tuttocitta.it,Non-binary,Ireland,-9.1097137,53.2582868
21,Yvor,Woolner,ywoolnerk@wix.com,Male,Ireland,-8.2001004,52.86326
22,Randa,MacIlriach,rmacilriachl@samsung.com,Female,Ireland,-8.958931,51.904635
23,Joanne,Scarlet,jscarletm@ifeng.com,Female,Ireland,-6.7434401,53.2229873
24,Hyman,Weson,hwesonn@list-manage.com,Male,Ireland,-8.1722173,51.9138694
25,Florina,Bryenton,fbryentono@dailymotion.com,Female,Ireland,-6.1215213,53.2724538
26,Augustin,Axcel,aaxcelp@google.it,Male,Ireland,-7.5011999,53.776647
27,Christean,Whitesel,cwhiteselq@reuters.com,Bigender,Ireland,-7.297914,54.026345
28,Kassandra,Biggerstaff,kbiggerstaffr@theatlantic.com,Female,Ireland,-8.8950821,52.7604883
29,Zabrina,Toffetto,ztoffettos@soundcloud.com,Female,Ireland,-8.2001004,52.86326
30,Loutitia,Rishworth,lrishwortht@scientificamerican.com,Female,Ireland,-6.264963,53.3897152
31,Floyd,Kubu,fkubuu@unicef.org,Genderqueer,Ireland,-6.336393,53.3122864
32,Donny,Posner,dposnerv@forbes.com,Male,Ireland,-8.5070436,54.2109904
33,Emmery,Copp,ecoppw@narod.ru,Male,Ireland,-6.3077823,53.3655256
34,Helli,Clotworthy,hclotworthyx@trellian.com,Female,Ireland,-6.67045,53.213319
35,Lainey,Rizzardo,lrizzardoy@chicagotribune.com,Female,Ireland,-7.8434254,51.949401
36,Kathe,Matzkaitis,kmatzkaitisz@elpais.com,Female,Ireland,-6.3049392,53.3021194
37,Dana,Blackstone,dblackstone10@nhs.uk,Female,Ireland,-9.4851741,52.4460804
38,Rory,Dumphrey,rdumphrey11@quantcast.com,Female,Ireland,-7.0625888,53.1387595
39,Buiron,Campa,bcampa12@paginegialle.it,Male,Ireland,-6.0704904,53.1286984
40,Jolee,Stoltz,jstoltz13@networkadvertising.org,Female,Ireland,-6.1603828,53.2599034
41,Toma,Esherwood,tesherwood14@ycombinator.com,Female,Ireland,-6.2427004,53.3347733
42,Juliet,Waith,jwaith15@archive.org,Female,Ireland,-7.888894,52.516323
43,Lavina,Quemby,lquemby16@nationalgeographic.com,Female,Ireland,-6.5899765,52.176031
44,Ax,O'Hern,aohern17@51.la,Male,Ireland,-6.9858993,53.0018699
45,Tabby,Denslow,tdenslow18@gmpg.org,Male,Ireland,-6.1072403,53.2780047
46,Theodore,Cartmel,tcartmel19@yelp.com,Male,Ireland,-6.1979853,53.3046353
47,Annadiane,Hawsby,ahawsby1a@wiley.com,Female,Ireland,-6.2057463,53.3870149
48,Saundra,Collings,scollings1b@wikimedia.org,Female,Ireland,-7.0943023,54.2694844
49,Kelley,Klimentyonok,kklimentyonok1c@livejournal.com,Male,Ireland,-7.269174,55.0650892
50,Gaile,Hilling,ghilling1d@usgs.gov,Male,Ireland,-8.9775014,52.8314927
51,Tori,Roland,troland1e@goo.gl,Female,Ireland,-8.5176583,51.8863277
52,Herminia,McTrusty,hmctrusty1f@naver.com,Female,Ireland,-8.5047067,51.8830697
53,Waylan,Cocozza,wcocozza1g@1und1.de,Male,Ireland,-6.1603828,53.2599034
54,Clemmie,Altimas,caltimas1h@4shared.com,Male,Ireland,-6.124065,53.231395
55,Thornton,Reihm,treihm1i@google.it,Male,Ireland,-6.3048641,53.3284298
56,Faber,Reyner,freyner1j@google.com,Male,Ireland,-8.4523258,51.880525
57,Lemuel,Willerton,lwillerton1k@hp.com,Male,Ireland,-6.2057463,53.3870149
58,Trumaine,Blannin,tblannin1l@patch.com,Male,Ireland,-8.4977746,51.8895954
59,Emmalyn,Atyea,eatyea1m@shareasale.com,Female,Ireland,-8.1722173,51.9138694
60,Korrie,Galliford,kgalliford1n@spiegel.de,Genderfluid,Ireland,-9.7359765,54.1433253
61,Emory,Elcoux,eelcoux1o@toplist.cz,Genderqueer,Ireland,-9.268589,51.549106
62,Wilton,Fludgate,wfludgate1p@eepurl.com,Male,Ireland,-6.2554371,53.2767301
63,Colline,Grewar,cgrewar1q@goo.ne.jp,Female,Ireland,-6.1820563,53.3786861
64,Hilly,Simionato,hsimionato1r@buzzfeed.com,Polygender,Ireland,-8.4977746,51.8895954
65,Carr,Blazej,cblazej1s@jimdo.com,Male,Ireland,-6.2755912,53.3500473
66,Harris,Graham,hgraham1t@mashable.com,Male,Ireland,-6.1157412,53.2774963
67,Rouvin,Slemmonds,rslemmonds1u@facebook.com,Male,Ireland,-6.2324705,53.3177535
68,Reggy,Hickford,rhickford1v@jiathis.com,Male,Ireland,-7.2979911,53.6785169
69,Shurwood,Mitchenson,smitchenson1w@cornell.edu,Male,Ireland,-6.1535181,53.5220275
70,Martie,Sugars,msugars1x@google.cn,Female,Ireland,-6.9140788,53.169971
71,Mora,Kerwick,mkerwick1y@cnbc.com,Female,Ireland,-6.5028415,53.3806398
72,Allen,Roache,aroache1z@cdbaby.com,Male,Ireland,-9.448724,51.680591
73,Cordi,Letterick,cletterick20@example.com,Female,Ireland,-7.8004329,53.7283566
74,Vikki,Thornally,vthornally21@telegraph.co.uk,Female,Ireland,-9.7850991,52.1058991
75,Keelby,Crossgrove,kcrossgrove22@fotki.com,Male,Ireland,-6.2633149,53.377533
76,Patten,Kalker,pkalker23@accuweather.com,Male,Ireland,-7.0625888,53.1387595
77,Dosi,Prentice,dprentice24@toplist.cz,Female,Ireland,-6.1820563,53.3786861
78,Pennie,Spenclay,pspenclay25@blogs.com,Male,Ireland,-6.176659,53.4487975
79,Laverne,Atthowe,latthowe26@blogtalkradio.com,Female,Ireland,-6.308522,52.665267
80,Whitby,Chmarny,wchmarny27@guardian.co.uk,Male,Ireland,-6.336393,53.3122864
81,Benedict,Thaim,bthaim28@sun.com,Male,Ireland,-6.3660863,53.2874153
82,Hillary,Starkings,hstarkings29@stanford.edu,Female,Ireland,-8.2969737,53.9735591
83,Meridith,Goscar,mgoscar2a@princeton.edu,Female,Ireland,-6.163027,53.2339841
84,Quintin,Purkis,qpurkis2b@live.com,Male,Ireland,-8.5070436,54.2109904
85,Basilius,Playdon,bplaydon2c@china.com.cn,Male,Ireland,-6.1822287,53.3788495
86,Goldi,Kennea,gkennea2d@youku.com,Female,Ireland,-6.2398782,53.32112
87,Franchot,Ligoe,fligoe2e@un.org,Male,Ireland,-8.489012,51.923707
88,Abbey,Broady,abroady2f@techcrunch.com,Agender,Ireland,-6.3077823,53.3655256
89,Joy,Dymick,jdymick2g@cyberchimps.com,Female,Ireland,-6.1644997,53.4266145
90,Lacy,Curmi,lcurmi2h@flavors.me,Female,Ireland,-8.9791425,52.8638391
91,Arnaldo,Livesey,alivesey2i@wp.com,Male,Ireland,-6.1884248,53.5879156
92,Roberta,Livezey,rlivezey2j@alexa.com,Female,Ireland,-6.2892907,53.310122
93,Teodor,Gallihawk,tgallihawk2k@about.me,Male,Ireland,-6.139018,53.171935
94,Boone,Togher,btogher2l@uol.com.br,Male,Ireland,-6.4008792,53.9215606
95,Laurella,Buckner,lbuckner2m@utexas.edu,Agender,Ireland,-8.337871,52.0097259
96,Sindee,Noonan,snoonan2n@skype.com,Female,Ireland,-6.9140788,53.169971
97,Issiah,Narraway,inarraway2o@ftc.gov,Male,Ireland,-6.3049392,53.3021194
98,Alisa,Antonucci,aantonucci2p@springer.com,Female,Ireland,-8.5054897,52.7107501
99,Filbert,Shreeves,fshreeves2q@foxnews.com,Male,Ireland,-6.4241156,53.7369009
100,Stevana,Streight,sstreight2r@ucla.edu,Female,Ireland,-8.259128,51.908209
101,Roanne,Airdrie,rairdrie2s@oaic.gov.au,Female,Ireland,-7.7655701,53.5650926
102,Theodor,McArt,tmcart2t@mediafire.com,Male,Ireland,-7.0625888,53.1387595
103,Frans,Jenk,fjenk2u@so-net.ne.jp,Male,Ireland,-8.9775014,52.8314927
104,Perren,Molloy,pmolloy2v@guardian.co.uk,Male,Ireland,-8.489012,51.923707
105,Fancy,Bassom,fbassom2w@dagondesign.com,Female,Ireland,-6.2152673,53.3323703
106,Hedy,Newbury,hnewbury2x@cbslocal.com,Non-binary,Ireland,-8.4824714,51.8862378
107,Becka,Bouzan,bbouzan2y@bizjournals.com,Female,Ireland,-6.2611953,53.3881832
108,Dulcie,Hardware,dhardware2z@dmoz.org,Female,Ireland,-6.1979853,53.3046353
109,Felicdad,Kruse,fkruse30@example.com,Female,Ireland,-6.9898366,53.2265199
110,Tersina,Rispine,trispine31@youtube.com,Female,Ireland,-7.269174,55.0650892
111,Karleen,Paulich,kpaulich32@jigsy.com,Female,Ireland,-6.67045,53.213319
112,Mallory,Jerrans,mjerrans33@buzzfeed.com,Male,Ireland,-7.5011999,53.776647
113,Friederike,Heiss,fheiss34@a8.net,Female,Ireland,-6.3539424,53.3666338
114,Remy,Gerrell,rgerrell35@weibo.com,Female,Ireland,-8.1722173,51.9138694
115,Pepita,Ibbison,pibbison36@salon.com,Female,Ireland,-6.251714,53.3169419
116,Bald,Kenafaque,bkenafaque37@scribd.com,Male,Ireland,-7.0472382,52.9480781
117,Elly,Brasier,ebrasier38@jiathis.com,Female,Ireland,-8.6340751,52.6638144
118,Stefania,Pavlata,spavlata39@biglobe.ne.jp,Female,Ireland,-6.1644997,53.4266145
119,Alfred,Rulf,arulf3a@virginia.edu,Male,Ireland,-6.2633149,53.377533
120,Gustavo,Askam,gaskam3b@networkadvertising.org,Male,Ireland,-7.1111732,52.2513095
121,Cole,Crampsey,ccrampsey3c@sina.com.cn,Male,Ireland,-9.4851741,52.4460804
122,Meredith,Pregal,mpregal3d@ycombinator.com,Male,Ireland,-6.3049392,53.3021194
123,Bliss,Cauldfield,bcauldfield3e@cyberchimps.com,Female,Ireland,-7.9027266,53.4148582
124,Alonso,Pedroli,apedroli3f@sciencedirect.com,Male,Ireland,-6.2611953,53.3881832
125,Dennet,Ridges,dridges3g@addtoany.com,Male,Ireland,-6.163027,53.2339841
126,Sheffield,Ives,sives3h@hexun.com,Male,Ireland,-7.2314132,54.1794814
127,Darius,Faers,dfaers3i@mtv.com,Male,Ireland,-8.5054897,52.7107501
128,Fidelio,Sorton,fsorton3j@51.la,Male,Ireland,-6.4008792,53.9215606
129,Erma,Totterdill,etotterdill3k@businessinsider.com,Non-binary,Ireland,-6.1215213,53.2724538
130,Rance,Elloy,relloy3l@wikimedia.org,Male,Ireland,-6.67045,53.213319
131,Portia,MacKnight,pmacknight3m@howstuffworks.com,Female,Ireland,-6.7434401,53.2229873
132,Davey,Sposito,dsposito3n@paypal.com,Male,Ireland,-6.3506335,53.2911347
133,Margalo,Faber,mfaber3o@cbsnews.com,Female,Ireland,-6.1884248,53.5879156
134,Rabi,Mohammad,rmohammad3p@spiegel.de,Male,Ireland,-8.4784945,51.8815586
135,Zia,Amsberger,zamsberger3q@sun.com,Female,Ireland,-9.268589,51.549106
136,Jeanine,Mc Andrew,jmcandrew3r@xrea.com,Female,Ireland,-8.05,51.9166667
137,Madalena,Ashwin,mashwin3s@joomla.org,Female,Ireland,-6.1535181,53.5220275
138,Grenville,Blaber,gblaber3t@cnn.com,Male,Ireland,-6.251714,53.3169419
139,Filippo,Mattschas,fmattschas3u@vinaora.com,Male,Ireland,-6.7515223,53.2888321
140,Lurette,Leidecker,lleidecker3v@senate.gov,Female,Ireland,-8.2817353,54.4771768
141,Nolly,Cuttin,ncuttin3w@who.int,Agender,Ireland,-6.2611953,53.3881832
142,Fleming,Deavall,fdeavall3x@china.com.cn,Male,Ireland,-9.7359765,54.1433253
143,Darill,Dameisele,ddameisele3y@wikipedia.org,Male,Ireland,-6.2427004,53.3347733
144,Marina,Rothwell,mrothwell3z@wsj.com,Female,Ireland,-6.3506335,53.2911347
145,Julina,Walkling,jwalkling40@columbia.edu,Female,Ireland,-6.6633404,53.2492381
146,Bernadina,Morton,bmorton41@mac.com,Female,Ireland,-7.9027266,53.4148582
147,Heinrik,Lornsen,hlornsen42@yahoo.co.jp,Male,Ireland,-6.2057463,53.3870149
148,Joannes,Wonham,jwonham43@themeforest.net,Female,Ireland,-8.9791425,52.8638391
149,Harriot,Matchett,hmatchett44@cdbaby.com,Female,Ireland,-6.9711886,53.916791
150,Phyllys,Fripp,pfripp45@yellowbook.com,Female,Ireland,-6.0690645,53.1257486
151,Ches,Poulett,cpoulett46@earthlink.net,Male,Ireland,-6.3660863,53.2874153
152,Petronilla,Stickles,pstickles47@bloomberg.com,Female,Ireland,-6.5899765,52.176031
153,Ignazio,Michelotti,imichelotti48@barnesandnoble.com,Male,Ireland,-6.313755,53.366736
154,Bernarr,Buy,bbuy49@forbes.com,Male,Ireland,-6.366762,53.2987724
155,Jasmin,Audritt,jaudritt4a@fotki.com,Female,Ireland,-9.0288689,53.2737147
156,Talbot,McVanamy,tmcvanamy4b@slashdot.org,Male,Ireland,-8.3929404,51.8113447
157,Katine,Pullman,kpullman4c@slideshare.net,Female,Ireland,-6.124065,53.231395
158,Donalt,Lavigne,dlavigne4d@posterous.com,Male,Ireland,-6.1544115,53.4855448
159,Hamil,Ruckert,hruckert4e@yahoo.com,Male,Ireland,-9.5003786,52.4458588
160,Brooke,Paschek,bpaschek4f@4shared.com,Female,Ireland,-8.2817353,54.4771768
161,Dani,Haggis,dhaggis4g@arizona.edu,Male,Ireland,-6.9711886,53.916791
162,Ravid,Brien,rbrien4h@tripod.com,Male,Ireland,-6.2892907,53.310122
163,Ilyssa,Leckie,ileckie4i@abc.net.au,Bigender,Ireland,-6.1191333,53.1915379
164,Lucinda,Claydon,lclaydon4j@dell.com,Female,Ireland,-6.2890702,53.3201497
165,Will,Kynsey,wkynsey4k@alibaba.com,Male,Ireland,-6.1479779,53.450694
166,Rycca,Clemerson,rclemerson4l@nbcnews.com,Female,Ireland,-7.8004329,53.7283566
167,Kippie,Scholig,kscholig4m@shinystat.com,Male,Ireland,-6.133718,53.291512
168,Linnea,Wisedale,lwisedale4n@ed.gov,Female,Ireland,-7.888894,52.516323
169,Nikita,Glanville,nglanville4o@abc.net.au,Male,Ireland,-6.6633404,53.2492381
170,Heidie,Jerzak,hjerzak4p@prweb.com,Female,Ireland,-8.4627451,54.25645
171,Hunfredo,Wehden,hwehden4q@rakuten.co.jp,Male,Ireland,-6.1406578,53.2886387
172,Jayme,Corse,jcorse4r@miibeian.gov.cn,Male,Ireland,-7.8434254,51.949401
173,Angie,Golbourn,agolbourn4s@nasa.gov,Female,Ireland,-8.6340751,52.6638144
174,Ardra,Ineson,aineson4t@digg.com,Female,Ireland,-7.0943023,54.2694844
175,Dinah,Fielden,dfielden4u@example.com,Genderfluid,Ireland,-6.2611953,53.3881832
176,Lucienne,Huygen,lhuygen4v@tiny.cc,Female,Ireland,-6.3025448,53.6920618
177,Andrej,Comiskey,acomiskey4w@xrea.com,Male,Ireland,-7.5717688,52.1045472
178,Isabelle,Slafford,islafford4x@usatoday.com,Female,Ireland,-8.5070436,54.2109904
179,Palm,Cleworth,pcleworth4y@hhs.gov,Male,Ireland,-8.5369154,52.6681994
180,Rhianna,Grimster,rgrimster4z@4shared.com,Female,Ireland,-8.642661,52.1361219
181,Kristos,Urry,kurry50@friendfeed.com,Male,Ireland,-6.2071246,53.4562426
182,Ransell,Pendergrast,rpendergrast51@cdbaby.com,Male,Ireland,-6.5853664,53.378253
183,Diann,Forton,dforton52@google.ru,Female,Ireland,-6.1822287,53.3788495
184,Byron,Gutcher,bgutcher53@furl.net,Male,Ireland,-8.2755058,52.2627273
185,Ryon,Jeffress,rjeffress54@stanford.edu,Male,Ireland,-6.473025,54.0086093
186,Fremont,Portingale,fportingale55@example.com,Male,Ireland,-6.3048641,53.3284298
187,Fredek,Dulen,fdulen56@xing.com,Male,Ireland,-6.1535181,53.5220275
188,Brit,Mickleburgh,bmickleburgh57@state.tx.us,Female,Ireland,-8.958931,51.904635
189,Karil,Matissoff,kmatissoff58@over-blog.com,Female,Ireland,-9.448724,51.680591
190,Denny,Pridgeon,dpridgeon59@huffingtonpost.com,Male,Ireland,-6.1406578,53.2886387
191,Theodoric,Haswell,thaswell5a@mediafire.com,Polygender,Ireland,-6.1136478,53.2121335
192,Cindi,Grigorescu,cgrigorescu5b@baidu.com,Female,Ireland,-6.2152673,53.3323703
193,Jamesy,Barkas,jbarkas5c@multiply.com,Male,Ireland,-6.64937,54.10269
194,Kim,Filkov,kfilkov5d@prnewswire.com,Male,Ireland,-8.8950821,52.7604883
195,Wynny,Cressey,wcressey5e@google.cn,Female,Ireland,-6.0704904,53.1286984
196,Honor,Antognelli,hantognelli5f@seattletimes.com,Female,Ireland,-6.3219759,53.2976886
197,Clemente,Chevin,cchevin5g@livejournal.com,Male,Ireland,-6.9692181,52.7009338
198,Emlen,Colchett,ecolchett5h@1und1.de,Agender,Ireland,-6.9140788,53.169971
199,Donia,Jacombs,djacombs5i@umich.edu,Female,Ireland,-6.5899765,52.176031
200,Jessee,Duligall,jduligall5j@gravatar.com,Male,Ireland,-8.1722173,51.9138694
201,Merle,Blennerhassett,mblennerhassett5k@nbcnews.com,Female,Ireland,-7.086877,53.8363325
202,Dag,Caldera,dcaldera5l@sogou.com,Genderqueer,Ireland,-7.297914,54.026345
203,Andrey,Oliveras,aoliveras5m@geocities.com,Male,Ireland,-9.159604,53.302644
204,Charles,Hancell,chancell5n@cafepress.com,Male,Ireland,-6.4241156,53.7369009
205,Carlina,Stoppe,cstoppe5o@kickstarter.com,Female,Ireland,-8.5111664,51.8858819
206,Elston,Leadbeatter,eleadbeatter5p@oakley.com,Male,Ireland,-6.3219759,53.2976886
207,Viviyan,Compford,vcompford5q@tiny.cc,Female,Ireland,-6.2398782,53.32112
208,Gertrude,Cattrall,gcattrall5r@noaa.gov,Female,Ireland,-6.1920933,53.3916434
209,Sebastian,Beldom,sbeldom5s@yellowbook.com,Male,Ireland,-6.2152673,53.3323703
210,Timothee,Lamort,tlamort5t@4shared.com,Male,Ireland,-8.642661,52.1361219
211,Wald,Galbraith,wgalbraith5u@cloudflare.com,Male,Ireland,-9.7850991,52.1058991
212,Halsy,De Bernardi,hdebernardi5v@wsj.com,Male,Ireland,-6.1942058,53.3604483
213,Deanna,Dreinan,ddreinan5w@ebay.co.uk,Female,Ireland,-6.1544115,53.4855448
214,Alexi,Leighfield,aleighfield5x@about.com,Female,Ireland,-6.336393,53.3122864
215,Latisha,Reinbeck,lreinbeck5y@squidoo.com,Female,Ireland,-6.176659,53.4487975
216,Kiersten,Devereux,kdevereux5z@washington.edu,Female,Ireland,-6.3422325,53.719155
217,Joanne,Avrasin,javrasin60@seattletimes.com,Female,Ireland,-6.133718,53.291512
218,Luce,Clitsome,lclitsome61@dailymail.co.uk,Female,Ireland,-6.2387374,53.3141205
219,Rodolfo,Gidney,rgidney62@delicious.com,Male,Ireland,-6.473025,54.0086093
220,Carlye,Cruces,ccruces63@hc360.com,Female,Ireland,-6.313755,53.366736
221,Charyl,Klarzynski,cklarzynski64@foxnews.com,Female,Ireland,-9.0197835,53.2736466
222,Kiele,Fludgate,kfludgate65@elegantthemes.com,Female,Ireland,-7.518792,53.284466
223,Sloan,Dohrmann,sdohrmann66@webeden.co.uk,Male,Ireland,-9.4904891,52.6396679
224,Jecho,Mingame,jmingame67@miitbeian.gov.cn,Male,Ireland,-8.2817353,54.4771768
225,Randene,Cathel,rcathel68@g.co,Female,Ireland,-8.4627451,54.25645
226,Ive,Travis,itravis69@jugem.jp,Male,Ireland,-8.6346959,53.7423435
227,Ursala,Stoner,ustoner6a@usgs.gov,Genderqueer,Ireland,-8.9480659,53.940892
228,Lester,Mitchenson,lmitchenson6b@behance.net,Male,Ireland,-6.2071246,53.4562426
229,Emile,Dislee,edislee6c@xing.com,Male,Ireland,-7.518792,53.284466
230,Guy,Ellicock,gellicock6d@stanford.edu,Male,Ireland,-8.5171384,51.876873
231,Phylys,Girodin,pgirodin6e@cargocollective.com,Female,Ireland,-6.124065,53.231395
232,Alexis,Wimlett,awimlett6f@last.fm,Female,Ireland,-8.2755058,52.2627273
233,Rozelle,Huckerbe,rhuckerbe6g@topsy.com,Female,Ireland,-8.8562835,53.510243
234,Evelyn,Stanhope,estanhope6h@addtoany.com,Agender,Ireland,-6.2387374,53.3141205
235,Tresa,Clohissy,tclohissy6i@npr.org,Female,Ireland,-8.642661,52.1361219
236,Katerine,Scramage,kscramage6j@ovh.net,Female,Ireland,-9.5003786,52.4458588
237,Marlyn,Wye,mwye6k@state.gov,Female,Ireland,-7.8434254,51.949401
238,Anallise,Figgess,afiggess6l@thetimes.co.uk,Female,Ireland,-6.9858993,53.0018699
239,Carolyn,Baudins,cbaudins6m@g.co,Female,Ireland,-6.2554371,53.2767301
240,Vale,Roblin,vroblin6n@google.com.au,Female,Ireland,-6.4008792,53.9215606
241,Laurianne,Eles,leles6o@forbes.com,Female,Ireland,-6.5899765,52.176031
242,Tommie,Perl,tperl6p@utexas.edu,Male,Ireland,-6.7515223,53.2888321
243,Ailina,Spaice,aspaice6q@soup.io,Female,Ireland,-8.337871,52.0097259
244,Bartholomew,McCerery,bmccerery6r@economist.com,Genderqueer,Ireland,-7.269174,55.0650892
245,Corbie,Vanyushkin,cvanyushkin6s@state.gov,Male,Ireland,-8.9821467,52.8498651
246,Beniamino,Zapatero,bzapatero6t@mlb.com,Male,Ireland,-6.3695384,53.3734053
247,Ches,Belhomme,cbelhomme6u@blogspot.com,Male,Ireland,-6.2324705,53.3177535
248,Kerwinn,Grieg,kgrieg6v@illinois.edu,Male,Ireland,-8.9821467,52.8498651
249,Alanson,Sugar,asugar6w@godaddy.com,Male,Ireland,-7.518792,53.284466
250,Herta,Kampshell,hkampshell6x@purevolume.com,Female,Ireland,-8.4627451,54.25645
251,Cobb,Phlippsen,cphlippsen6y@omniture.com,Male,Ireland,-6.2152673,53.3323703
252,Martina,Houseley,mhouseley6z@theatlantic.com,Female,Ireland,-6.1157412,53.2774963
253,Chantalle,Uttermare,cuttermare70@wordpress.com,Female,Ireland,-6.3025448,53.6920618
254,Beatrice,Swains,bswains71@scientificamerican.com,Female,Ireland,-6.2633149,53.377533
255,Dell,Guare,dguare72@live.com,Female,Ireland,-6.1406578,53.2886387
256,Ermanno,Possek,epossek73@plala.or.jp,Male,Ireland,-7.086877,53.8363325
257,Janetta,De Haven,jdehaven74@about.me,Female,Ireland,-6.139018,53.171935
258,Roselin,Whyffen,rwhyffen75@bing.com,Female,Ireland,-6.2324705,53.3177535
259,Rosaleen,Titmuss,rtitmuss76@paypal.com,Female,Ireland,-6.1942058,53.3604483
260,Joe,Peplaw,jpeplaw77@angelfire.com,Male,Ireland,-8.642661,52.1361219
261,Agnesse,Parmby,aparmby78@ebay.co.uk,Female,Ireland,-6.2324705,53.3177535
262,Robby,Monro,rmonro79@imageshack.us,Male,Ireland,-6.163027,53.2339841
263,Amity,Adami,aadami7a@alibaba.com,Female,Ireland,-6.2892907,53.310122
264,Marie-jeanne,Wise,mwise7b@techcrunch.com,Female,Ireland,-8.9821467,52.8498651
265,Debera,Frizell,dfrizell7c@seesaa.net,Female,Ireland,-6.1215213,53.2724538
266,Ursola,Emblin,uemblin7d@free.fr,Female,Ireland,-9.1327273,53.806868
267,Dalton,Sparhawk,dsparhawk7e@timesonline.co.uk,Male,Ireland,-7.5011999,53.776647
268,Kort,Keoghane,kkeoghane7f@yahoo.co.jp,Male,Ireland,-6.251714,53.3169419
269,Magnum,Chidwick,mchidwick7g@discuz.net,Male,Ireland,-9.4851741,52.4460804
270,Emile,Likly,elikly7h@ebay.com,Male,Ireland,-9.7850991,52.1058991
271,Datha,Cashley,dcashley7i@yolasite.com,Female,Ireland,-6.7449927,53.1310185
272,Kenn,Pulman,kpulman7j@mac.com,Male,Ireland,-8.05,51.9166667
273,Coriss,Kennler,ckennler7k@wiley.com,Female,Ireland,-8.9480659,53.940892
274,Elli,Robeiro,erobeiro7l@amazon.co.jp,Female,Ireland,-6.139018,53.171935
275,Hort,Scales,hscales7m@sphinn.com,Male,Ireland,-6.3049392,53.3021194
276,Florenza,Giacometti,fgiacometti7n@psu.edu,Female,Ireland,-7.0943023,54.2694844
277,Durand,Roads,droads7o@creativecommons.org,Male,Ireland,-80.7087609,35.7797381
278,Gunilla,Chadbourn,gchadbourn7p@aboutads.info,Female,Ireland,-8.2817353,54.4771768
279,Amby,Beeswing,abeeswing7q@ameblo.jp,Male,Ireland,-7.0625888,53.1387595
280,Brocky,Probart,bprobart7r@howstuffworks.com,Male,Ireland,-6.374155,53.3223974
281,Lauralee,Pesselt,lpesselt7s@macromedia.com,Female,Ireland,-9.159604,53.302644
282,Levon,Spreckley,lspreckley7t@theatlantic.com,Male,Ireland,-6.3422325,53.719155
283,Cullin,Vasilic,cvasilic7u@jimdo.com,Male,Ireland,-6.2611953,53.3881832
284,Frederich,Entreis,fentreis7v@mail.ru,Male,Ireland,-8.4242597,51.8910459
285,Lemmie,Tregenza,ltregenza7w@addtoany.com,Male,Ireland,-7.9139891,53.0949398
286,Niel,Ainge,nainge7x@google.ru,Male,Ireland,-8.8950821,52.7604883
287,Sarita,Rapper,srapper7y@csmonitor.com,Female,Ireland,-7.0625888,53.1387595
288,Rees,Metham,rmetham7z@who.int,Genderfluid,Ireland,-8.9775014,52.8314927
289,Melinda,Jenckes,mjenckes80@phoca.cz,Female,Ireland,-6.2387374,53.3141205
290,Edik,Strutt,estrutt81@tmall.com,Male,Ireland,-8.9342111,52.182304
291,Jerald,Bairstow,jbairstow82@engadget.com,Male,Ireland,-9.1115941,51.7203863
292,Ronalda,Katzmann,rkatzmann83@accuweather.com,Female,Ireland,-6.3660863,53.2874153
293,Georgie,Lowne,glowne84@hatena.ne.jp,Male,Ireland,-6.473025,54.0086093
294,Philipa,Stut,pstut85@sfgate.com,Female,Ireland,-7.5717688,52.1045472
295,Erasmus,Coultass,ecoultass86@nih.gov,Male,Ireland,-8.4824714,51.8862378
296,Zena,Patillo,zpatillo87@mozilla.com,Female,Ireland,-6.4008792,53.9215606
297,Somerset,Barnsdall,sbarnsdall88@weather.com,Male,Ireland,-6.2071246,53.4562426
298,Gallagher,Absolem,gabsolem89@reference.com,Male,Ireland,-8.5054897,52.7107501
299,Ellie,Harron,eharron8a@lulu.com,Female,Ireland,-7.185387,53.158984
300,Katina,Keson,kkeson8b@51.la,Female,Ireland,-7.0833118,52.2413206
301,Adele,Slatten,aslatten8c@state.tx.us,Agender,Ireland,-6.308522,52.665267
302,Rosita,McCurlye,rmccurlye8d@cam.ac.uk,Female,Ireland,-8.2817353,54.4771768
303,Jacquetta,Romke,jromke8e@topsy.com,Female,Ireland,-8.445614,51.8885086
304,Hamid,Middlemist,hmiddlemist8f@hexun.com,Male,Ireland,-8.6346959,53.7423435
305,Antonie,Lutty,alutty8g@alexa.com,Female,Ireland,-7.5011999,53.776647
306,Bartolemo,Vase,bvase8h@vistaprint.com,Male,Ireland,-9.159604,53.302644
307,Ari,Gaylard,agaylard8i@qq.com,Male,Ireland,-6.124065,53.231395
308,Modestine,Lenden,mlenden8j@auda.org.au,Female,Ireland,-6.9711886,53.916791
309,Duffie,Bocke,dbocke8k@twitpic.com,Male,Ireland,-6.251714,53.3169419
310,Alair,Goult,agoult8l@goo.ne.jp,Male,Ireland,-8.4242597,51.8910459
311,Cedric,Jehu,cjehu8m@devhub.com,Male,Ireland,-8.337871,52.0097259
312,Mindy,Pietrasik,mpietrasik8n@chronoengine.com,Female,Ireland,-6.1072403,53.2780047
313,Fidela,Bertome,fbertome8o@who.int,Female,Ireland,-6.67045,53.213319
314,Muhammad,D'Alessandro,mdalessandro8p@cbsnews.com,Male,Ireland,-8.1722002,54.3051891
315,Travis,Claye,tclaye8q@salon.com,Male,Ireland,-7.5011999,53.776647
316,Drucie,Chawkley,dchawkley8r@reddit.com,Female,Ireland,-6.3660863,53.2874153
317,Domenico,Chesworth,dchesworth8s@discuz.net,Polygender,Ireland,-8.9821467,52.8498651
318,Lonna,Aleveque,laleveque8t@istockphoto.com,Female,Ireland,-6.1072403,53.2780047
319,Dian,Attlee,dattlee8u@nytimes.com,Female,Ireland,-7.9428197,53.4231032
320,Rozanne,Derell,rderell8v@fastcompany.com,Female,Ireland,-8.2001004,52.86326
321,Jamie,Schonfeld,jschonfeld8w@163.com,Male,Ireland,-7.185387,53.158984
322,Bertie,Kenner,bkenner8x@yale.edu,Female,Ireland,-7.7655701,53.5650926
323,Rosemary,Saull,rsaull8y@exblog.jp,Female,Ireland,-8.9706844,52.6004448
324,Winn,Isaaksohn,wisaaksohn8z@ca.gov,Male,Ireland,-8.5054897,52.7107501
325,Erna,Thurman,ethurman90@sourceforge.net,Female,Ireland,-7.9428197,53.4231032
326,Orsola,Akers,oakers91@accuweather.com,Female,Ireland,-6.3539424,53.3666338
327,Flo,Tuff,ftuff92@ustream.tv,Female,Ireland,-7.9428197,53.4231032
328,Temp,O'Clery,toclery93@ucsd.edu,Male,Ireland,-6.374155,53.3223974
329,Darius,Penddreth,dpenddreth94@hexun.com,Male,Ireland,-8.9706844,52.6004448
330,Camel,Sandon,csandon95@weather.com,Female,Ireland,-6.1544115,53.4855448
331,Millie,Gorman,mgorman96@printfriendly.com,Female,Ireland,-6.1942058,53.3604483
332,Kristos,Ody,kody97@eepurl.com,Male,Ireland,-6.313755,53.366736
333,Carmencita,Pendrill,cpendrill98@independent.co.uk,Female,Ireland,-9.0248232,53.2760162
334,Orton,Caldeiro,ocaldeiro99@mapquest.com,Male,Ireland,-6.2554371,53.2767301
335,Luce,Jordin,ljordin9a@house.gov,Male,Ireland,-6.5899765,52.176031
336,Phillida,Doley,pdoley9b@t-online.de,Female,Ireland,-6.3506335,53.2911347
337,Herrick,Loade,hloade9c@google.com,Male,Ireland,-6.2508196,53.2866372
338,Blisse,Celle,bcelle9d@g.co,Female,Ireland,-8.9342111,52.182304
339,Carmelita,Fergie,cfergie9e@foxnews.com,Female,Ireland,-8.259128,51.908209
340,Rowe,Nary,rnary9f@canalblog.com,Female,Ireland,-6.4887534,53.3653866
341,Rosemarie,Hambridge,rhambridge9g@t-online.de,Female,Ireland,-9.0288689,53.2737147
342,Candis,Bambrick,cbambrick9h@amazonaws.com,Polygender,Ireland,-6.4008792,53.9215606
343,Sherman,Trenoweth,strenoweth9i@dion.ne.jp,Male,Ireland,-6.2755912,53.3500473
344,Noel,Spraging,nspraging9j@marketwatch.com,Female,Ireland,-6.176659,53.4487975
345,Rozele,Di Bartolomeo,rdibartolomeo9k@sitemeter.com,Female,Ireland,-6.9711886,53.916791
346,Hughie,Boddam,hboddam9l@surveymonkey.com,Male,Ireland,-6.9711886,53.916791
347,Shoshana,Cogin,scogin9m@jugem.jp,Female,Ireland,-9.268589,51.549106
348,Sinclare,Karolowski,skarolowski9n@squidoo.com,Male,Ireland,-6.3077823,53.3655256
349,Asa,Servante,aservante9o@quantcast.com,Male,Ireland,-6.3077823,53.3655256
350,Averell,Pickburn,apickburn9p@myspace.com,Male,Ireland,-8.4824714,51.8862378
351,Catlee,Apple,capple9q@telegraph.co.uk,Female,Ireland,-6.3048641,53.3284298
352,Jayson,Farnsworth,jfarnsworth9r@live.com,Male,Ireland,-8.4242597,51.8910459
353,Randi,Greenaway,rgreenaway9s@google.co.uk,Female,Ireland,-6.7449927,53.1310185
354,Scarlett,Pinnick,spinnick9t@springer.com,Female,Ireland,-8.5369154,52.6681994
355,Karen,Quinane,kquinane9u@goo.ne.jp,Female,Ireland,-6.218069,53.374266
356,Brana,Rodrig,brodrig9v@posterous.com,Female,Ireland,-6.1072403,53.2780047
357,Lucio,Stonuary,lstonuary9w@zdnet.com,Genderfluid,Ireland,-8.1722173,51.9138694
358,Carlyle,Warrender,cwarrender9x@sciencedirect.com,Male,Ireland,-8.4627451,54.25645
359,Anallese,Arlott,aarlott9y@nps.gov,Female,Ireland,-7.518792,53.284466
360,Ike,Quimby,iquimby9z@marketwatch.com,Male,Ireland,-6.4887534,53.3653866
361,Gregorio,Sheere,gsheerea0@msn.com,Male,Ireland,-7.2314132,54.1794814
362,Otis,Durrant,odurranta1@paginegialle.it,Agender,Ireland,-6.1011147,53.2000455
363,Daron,Delafoy,ddelafoya2@shareasale.com,Female,Ireland,-6.9711886,53.916791
364,Torry,Habeshaw,thabeshawa3@indiegogo.com,Male,Ireland,-7.9139891,53.0949398
365,Rik,Weafer,rweafera4@wisc.edu,Male,Ireland,-7.086877,53.8363325
366,Blake,Benford,bbenforda5@altervista.org,Polygender,Ireland,-6.3025448,53.6920618
367,Shawna,Dudbridge,sdudbridgea6@tumblr.com,Female,Ireland,-8.3929404,51.8113447
368,Idelle,Houlston,ihoulstona7@networkadvertising.org,Non-binary,Ireland,-9.1097137,53.2582868
369,Anthiathia,Le Monnier,alemonniera8@rediff.com,Female,Ireland,-6.1011147,53.2000455
370,Lyndsay,Orlton,lorltona9@ucoz.ru,Female,Ireland,-6.9858993,53.0018699
371,Nisse,Gabriel,ngabrielaa@google.com.hk,Female,Ireland,-6.2340942,53.2993199
372,Egor,Maginn,emaginnab@senate.gov,Male,Ireland,-7.9027266,53.4148582
373,Emmott,Tytcomb,etytcombac@sun.com,Male,Ireland,-8.9480659,53.940892
374,Dyan,Trusslove,dtrusslovead@cargocollective.com,Female,Ireland,-6.251714,53.3169419
375,Xenia,Rowbottam,xrowbottamae@ucoz.com,Female,Ireland,-6.590926,53.1936864
376,Petunia,Philippeaux,pphilippeauxaf@baidu.com,Female,Ireland,-6.1011147,53.2000455
377,Iosep,Gowanson,igowansonag@skype.com,Male,Ireland,-6.1097188,53.3895926
378,Evvy,Elgram,eelgramah@whitehouse.gov,Female,Ireland,-8.5369154,52.6681994
379,Vinita,McFarlan,vmcfarlanai@paginegialle.it,Female,Ireland,-6.251714,53.3169419
380,Malena,Dargue,mdargueaj@t.co,Female,Ireland,-8.83565,53.49417
381,Vasily,Sedgemond,vsedgemondak@census.gov,Non-binary,Ireland,-8.334953,51.8610022
382,Crista,Menichi,cmenichial@usa.gov,Female,Ireland,-8.3929404,51.8113447
383,Leicester,Lappine,llappineam@google.com.au,Male,Ireland,-6.1979853,53.3046353
384,Kenny,Goldie,kgoldiean@mediafire.com,Male,Ireland,-6.1820563,53.3786861
385,Jarrid,Legging,jleggingao@earthlink.net,Male,Ireland,-8.2817353,54.4771768
386,Georgie,Vinsen,gvinsenap@devhub.com,Genderfluid,Ireland,-8.4784945,51.8815586
387,Emmanuel,Mulqueen,emulqueenaq@imdb.com,Male,Ireland,-6.308522,52.665267
388,Matty,Woodcroft,mwoodcroftar@un.org,Male,Ireland,-6.1920933,53.3916434
389,Cami,Dealy,cdealyas@indiegogo.com,Female,Ireland,-6.1215213,53.2724538
390,Chelsey,Tichelaar,ctichelaarat@fema.gov,Female,Ireland,-9.448724,51.680591
391,Klarrisa,Kittley,kkittleyau@dedecms.com,Female,Ireland,-8.8950821,52.7604883
392,Kippar,Franseco,kfransecoav@youtube.com,Male,Ireland,-7.269174,55.0650892
393,Caitrin,Costerd,ccosterdaw@xinhuanet.com,Female,Ireland,-7.269174,55.0650892
394,Ula,Hubball,uhubballax@soundcloud.com,Female,Ireland,-7.269174,55.0650892
395,Stephanus,Hobble,shobbleay@princeton.edu,Male,Ireland,-8.5047067,51.8830697
396,Constantia,Stokoe,cstokoeaz@github.io,Female,Ireland,-9.448724,51.680591
397,Moll,Trevna,mtrevnab0@dailymail.co.uk,Female,Ireland,-6.1544115,53.4855448
398,Lorne,Backman,lbackmanb1@feedburner.com,Male,Ireland,-6.7434401,53.2229873
399,Hi,Meert,hmeertb2@oakley.com,Male,Ireland,-6.4496384,53.3582341
400,Monty,Endacott,mendacottb3@cafepress.com,Male,Ireland,-7.1111732,52.2513095
401,Cullan,Whieldon,cwhieldonb4@loc.gov,Male,Ireland,-8.337871,52.0097259
402,Brendan,Dunk,bdunkb5@google.co.uk,Male,Ireland,-6.3219759,53.2976886
403,Farah,Scamwell,fscamwellb6@bbb.org,Female,Ireland,-8.8562835,53.510243
404,Martica,Dillamore,mdillamoreb7@techcrunch.com,Female,Ireland,-8.05,51.9166667
405,Antin,Blindmann,ablindmannb8@hc360.com,Male,Ireland,-6.0704904,53.1286984
406,Jakie,Evett,jevettb9@amazon.co.uk,Male,Ireland,-6.1406578,53.2886387
407,Erasmus,Mulford,emulfordba@dot.gov,Male,Ireland,-6.5853664,53.378253
408,Kathlin,Cammoile,kcammoilebb@instagram.com,Female,Ireland,-8.9706844,52.6004448
409,Lucho,Tindall,ltindallbc@furl.net,Male,Ireland,-8.2817353,54.4771768
410,Clarence,Shilvock,cshilvockbd@aboutads.info,Male,Ireland,-6.1191333,53.1915379
411,Annmarie,Boote,abootebe@microsoft.com,Female,Ireland,-6.473025,54.0086093
412,Nathalia,Newbury,nnewburybf@ihg.com,Female,Ireland,-6.5028415,53.3806398
413,Brit,McGaugan,bmcgauganbg@cafepress.com,Female,Ireland,-7.9428197,53.4231032
414,Virgie,Klemencic,vklemencicbh@dell.com,Male,Ireland,-8.642661,52.1361219
415,Leesa,Weeke,lweekebi@dailymotion.com,Female,Ireland,-6.1349155,53.5834008
416,Ardyth,Emanuelov,aemanuelovbj@cbc.ca,Female,Ireland,-8.8950821,52.7604883
417,Lissy,McCotter,lmccotterbk@cornell.edu,Genderqueer,Ireland,-8.958931,51.904635
418,Maynord,Batchelor,mbatchelorbl@quantcast.com,Male,Ireland,-8.5171384,51.876873
419,Gerda,Arpe,garpebm@huffingtonpost.com,Female,Ireland,-6.0704904,53.1286984
420,Berkley,Cloney,bcloneybn@instagram.com,Male,Ireland,-6.374155,53.3223974
421,Jamesy,Menat,jmenatbo@prnewswire.com,Male,Ireland,-8.642661,52.1361219
422,Celka,Endicott,cendicottbp@amazonaws.com,Female,Ireland,-8.83565,53.49417
423,Dominique,Langtry,dlangtrybq@mapy.cz,Male,Ireland,-6.4008792,53.9215606
424,Carena,de Keyser,cdekeyserbr@simplemachines.org,Female,Ireland,-6.3048641,53.3284298
425,Berne,Waterdrinker,bwaterdrinkerbs@moonfruit.com,Male,Ireland,-7.145971,53.508326
426,Cheston,McKeand,cmckeandbt@seesaa.net,Male,Ireland,-7.7655701,53.5650926
427,Modesta,Scatchard,mscatchardbu@toplist.cz,Female,Ireland,-7.9428197,53.4231032
428,Krishnah,Quiney,kquineybv@adobe.com,Male,Ireland,-6.1884248,53.5879156
429,Darnell,Dibsdale,ddibsdalebw@sphinn.com,Male,Ireland,-8.8950821,52.7604883
430,Bertrand,Sugg,bsuggbx@acquirethisname.com,Male,Ireland,-7.297914,54.026345
431,Gerri,Torri,gtorriby@cbc.ca,Male,Ireland,-8.2969737,53.9735591
432,Klaus,Fannon,kfannonbz@boston.com,Male,Ireland,-9.5003786,52.4458588
433,Johnny,Clayworth,jclayworthc0@ihg.com,Male,Ireland,-6.2057463,53.3870149
434,Thatcher,Zannelli,tzannellic1@goo.gl,Male,Ireland,-8.259128,51.908209
435,Viviene,Larkings,vlarkingsc2@photobucket.com,Female,Ireland,-8.7683674,53.7942932
436,Ulberto,Swayland,uswaylandc3@alibaba.com,Male,Ireland,-6.2429997,53.7902634
437,Nathaniel,Verrell,nverrellc4@xrea.com,Male,Ireland,-9.4851741,52.4460804
438,Daisey,Leeds,dleedsc5@purevolume.com,Female,Ireland,-6.9711886,53.916791
439,Skipp,Foulks,sfoulksc6@yandex.ru,Male,Ireland,-6.264963,53.3897152
440,Eba,Baddeley,ebaddeleyc7@ca.gov,Female,Ireland,-6.2340942,53.2993199
441,Leonerd,McKeady,lmckeadyc8@vk.com,Male,Ireland,-6.1072403,53.2780047
442,Ham,Alabastar,halabastarc9@tripod.com,Agender,Ireland,-9.4904891,52.6396679
443,Griffin,Sprowson,gsprowsonca@istockphoto.com,Male,Ireland,-8.5070436,54.2109904
444,Noak,Allpress,nallpresscb@nhs.uk,Male,Ireland,-6.3049392,53.3021194
445,Rozalie,Morpeth,rmorpethcc@creativecommons.org,Polygender,Ireland,-6.2633149,53.377533
446,Gloria,Siward,gsiwardcd@latimes.com,Female,Ireland,-6.163027,53.2339841
447,Sonia,Bolderstone,sbolderstonece@statcounter.com,Female,Ireland,-6.313755,53.366736
448,Magdalena,Rix,mrixcf@microsoft.com,Female,Ireland,-6.7515223,53.2888321
449,Eugenie,Demaine,edemainecg@rediff.com,Female,Ireland,-8.642661,52.1361219
450,Brunhilda,Beebee,bbeebeech@chron.com,Female,Ireland,-6.4202878,54.0026343
451,Creighton,Wyson,cwysonci@omniture.com,Male,Ireland,-9.159604,53.302644
452,Rakel,Paoli,rpaolicj@craigslist.org,Female,Ireland,-7.518792,53.284466
453,Hettie,Wilkennson,hwilkennsonck@netvibes.com,Female,Ireland,-9.4904891,52.6396679
454,Bryan,Woofenden,bwoofendencl@newyorker.com,Male,Ireland,-7.5011999,53.776647
455,Cherish,Eyam,ceyamcm@abc.net.au,Female,Ireland,-6.1097188,53.3895926
456,Beale,Salvage,bsalvagecn@google.com.hk,Male,Ireland,-6.133718,53.291512
457,Quill,Ortiga,qortigaco@nyu.edu,Male,Ireland,-8.642661,52.1361219
458,Hillary,Speeding,hspeedingcp@ycombinator.com,Male,Ireland,-7.145971,53.508326
459,Cicely,Yorkston,cyorkstoncq@si.edu,Female,Ireland,-8.9949917,53.8533151
460,Remus,Nisot,rnisotcr@homestead.com,Polygender,Ireland,-6.9858993,53.0018699
461,Fidelity,Ruppelin,fruppelincs@1688.com,Female,Ireland,-7.0625888,53.1387595
462,Cristian,Beades,cbeadesct@creativecommons.org,Male,Ireland,-6.4671298,53.5050031
463,Sophia,Cramp,scrampcu@hugedomains.com,Bigender,Ireland,-6.9898366,53.2265199
464,Lorrie,Pashe,lpashecv@plala.or.jp,Male,Ireland,-8.6346959,53.7423435
465,Gladi,Gilloran,ggillorancw@jiathis.com,Genderqueer,Ireland,-6.374155,53.3223974
466,Nixie,Howgego,nhowgegocx@rambler.ru,Female,Ireland,-8.958931,51.904635
467,Romonda,Mobberley,rmobberleycy@salon.com,Female,Ireland,-8.4523258,51.880525
468,Rae,Austin,raustincz@php.net,Female,Ireland,-6.0690645,53.1257486
469,Zenia,Blakely,zblakelyd0@meetup.com,Female,Ireland,-6.313755,53.366736
470,Gard,Wykes,gwykesd1@rediff.com,Male,Ireland,-7.0943023,54.2694844
471,Jamima,Aykroyd,jaykroydd2@flickr.com,Female,Ireland,-6.1820563,53.3786861
472,Abey,Indgs,aindgsd3@gizmodo.com,Male,Ireland,-8.4523258,51.880525
473,Abbe,Stenning,astenningd4@edublogs.org,Male,Ireland,-6.1535181,53.5220275
474,Alphonso,Dufaur,adufaurd5@simplemachines.org,Male,Ireland,-6.1136478,53.2121335
475,Malvina,Vereker,mverekerd6@narod.ru,Female,Ireland,-6.391149,53.8996586
476,Kelcie,Cluley,kcluleyd7@columbia.edu,Female,Ireland,-6.64937,54.10269
477,Maribeth,Angless,manglessd8@latimes.com,Bigender,Ireland,-8.642661,52.1361219
478,Gigi,Fold,gfoldd9@weibo.com,Female,Ireland,-8.2001004,52.86326
479,Kiley,Norres,knorresda@unicef.org,Male,Ireland,-8.05,51.9166667
480,Zebedee,Attreed,zattreeddb@t-online.de,Male,Ireland,-6.3422325,53.719155
481,Rick,Sagg,rsaggdc@com.com,Male,Ireland,-6.1942058,53.3604483
482,Orelie,Hyett,ohyettdd@squarespace.com,Polygender,Ireland,-7.1111732,52.2513095
483,Sayre,Presnell,spresnellde@ning.com,Genderfluid,Ireland,-7.2584,52.655184
484,Jorge,Natalie,jnataliedf@geocities.com,Male,Ireland,-8.334953,51.8610022
485,Ida,Hacquard,ihacquarddg@ebay.com,Polygender,Ireland,-6.4496384,53.3582341
486,Roanna,Reame,rreamedh@blinklist.com,Female,Ireland,-6.7515223,53.2888321
487,Forbes,Roser,froserdi@ocn.ne.jp,Male,Ireland,-6.473025,54.0086093
488,Christoffer,Rathborne,crathbornedj@cisco.com,Male,Ireland,-8.2969737,53.9735591
489,Oswell,Hestrop,ohestropdk@histats.com,Male,Ireland,-9.151825,54.11215
490,Ricoriki,Alesbrook,ralesbrookdl@uol.com.br,Male,Ireland,-6.1072403,53.2780047
491,Ali,Montilla,amontilladm@etsy.com,Male,Ireland,-9.1097137,53.2582868
492,Averil,Winslet,awinsletdn@i2i.jp,Female,Ireland,-9.5003786,52.4458588
493,Sue,Folger,sfolgerdo@sohu.com,Female,Ireland,-6.251714,53.3169419
494,Emory,Gargett,egargettdp@boston.com,Male,Ireland,-8.9821467,52.8498651
495,Wallis,Bushrod,wbushroddq@dailymail.co.uk,Agender,Ireland,-8.5054897,52.7107501
496,Sly,Wildbore,swildboredr@digg.com,Male,Ireland,-7.606287,53.6972399
497,Deanna,Wehden,dwehdends@moonfruit.com,Female,Ireland,-9.7359765,54.1433253
498,Faustina,Livingstone,flivingstonedt@tinypic.com,Female,Ireland,-6.266734,53.3829319
499,Aurelia,Healey,ahealeydu@redcross.org,Female,Ireland,-8.4242597,51.8910459
500,Faythe,Greaterex,fgreaterexdv@google.it,Female,Ireland,-7.0943023,54.2694844
501,Kissee,Graber,kgraberdw@indiatimes.com,Female,Ireland,-6.4496384,53.3582341
502,Elene,Blackhurst,eblackhurstdx@fotki.com,Female,Ireland,-6.2755912,53.3500473
503,Cy,Gridley,cgridleydy@facebook.com,Male,Ireland,-8.4977746,51.8895954
504,Shay,Fazakerley,sfazakerleydz@vistaprint.com,Male,Ireland,-6.1979853,53.3046353
505,Aubrette,Hancock,ahancocke0@techcrunch.com,Female,Ireland,-7.0625888,53.1387595
506,Todd,Boch,tboche1@hud.gov,Male,Ireland,-6.1820563,53.3786861
507,Goddard,Camillo,gcamilloe2@disqus.com,Male,Ireland,-8.334953,51.8610022
508,Baryram,Sorbie,bsorbiee3@etsy.com,Male,Ireland,-6.1822287,53.3788495
509,Yorgos,Ashfull,yashfulle4@hostgator.com,Male,Ireland,-7.1111732,52.2513095
510,Ryan,Ulrik,rulrike5@dyndns.org,Male,Ireland,-6.1215213,53.2724538
511,Felicdad,Ofield,fofielde6@apple.com,Female,Ireland,-6.4008792,53.9215606
512,Harvey,Cure,hcuree7@state.tx.us,Male,Ireland,-8.5946591,54.632283
513,Bartholomeus,Lorence,blorencee8@example.com,Male,Ireland,-6.3695384,53.3734053
514,Noni,Faccini,nfaccinie9@nydailynews.com,Female,Ireland,-8.1722002,54.3051891
515,Udell,Louw,ulouwea@independent.co.uk,Male,Ireland,-6.1479779,53.450694
516,Kelcy,Garrold,kgarroldeb@zimbio.com,Female,Ireland,-6.473025,54.0086093
517,Christoffer,Baythrop,cbaythropec@shop-pro.jp,Male,Ireland,-8.9821467,52.8498651
518,Titos,Skingley,tskingleyed@ox.ac.uk,Male,Ireland,-6.7515223,53.2888321
519,Perle,Miguet,pmiguetee@cpanel.net,Female,Ireland,-6.2071246,53.4562426
520,Sonnnie,Doman,sdomanef@studiopress.com,Female,Ireland,-8.337871,52.0097259
521,Benedetto,McIlhagga,bmcilhaggaeg@cisco.com,Male,Ireland,-7.5717688,52.1045472
522,Kirsten,Bisp,kbispeh@friendfeed.com,Female,Ireland,-8.3929404,51.8113447
523,Laina,Roberto,lrobertoei@topsy.com,Female,Ireland,-8.5047067,51.8830697
524,Emelita,Falk,efalkej@oakley.com,Female,Ireland,-6.1644997,53.4266145
525,Monroe,Graham,mgrahamek@simplemachines.org,Male,Ireland,-8.9342111,52.182304
526,Les,Ackwood,lackwoodel@weather.com,Male,Ireland,-8.9706844,52.6004448
527,Ayn,Hinckley,ahinckleyem@hud.gov,Female,Ireland,-6.139018,53.171935
528,Darnell,Loeber,dloeberen@4shared.com,Male,Ireland,-6.64937,54.10269
529,Jo-ann,Giamelli,jgiamellieo@odnoklassniki.ru,Female,Ireland,-6.67045,53.213319
530,Dimitri,Gornal,dgornalep@china.com.cn,Genderqueer,Ireland,-6.1072403,53.2780047
531,Lorinda,Vaudrey,lvaudreyeq@biglobe.ne.jp,Female,Ireland,-6.2427004,53.3347733
532,Lisetta,Ector,lectorer@surveymonkey.com,Female,Ireland,-6.9692181,52.7009338
533,Francisca,Dmtrovic,fdmtrovices@bloglovin.com,Female,Ireland,-8.334953,51.8610022
534,Lenora,Yell,lyellet@house.gov,Female,Ireland,-6.3539424,53.3666338
535,Georgeanne,Alderson,galdersoneu@printfriendly.com,Genderqueer,Ireland,-8.3545704,52.5593605
536,Terry,Evetts,tevettsev@apache.org,Female,Ireland,-7.086877,53.8363325
537,Ermanno,Fuzzens,efuzzensew@mac.com,Male,Ireland,-6.3422325,53.719155
538,Luke,Swin,lswinex@huffingtonpost.com,Male,Ireland,-6.2892907,53.310122
539,Cale,Phlipon,cphliponey@t.co,Male,Ireland,-9.1115941,51.7203863
540,Monty,Melsome,mmelsomeez@webeden.co.uk,Male,Ireland,-6.2324705,53.3177535
541,Mariann,Dalgetty,mdalgettyf0@businessweek.com,Female,Ireland,-8.2001004,52.86326
542,Richie,Kernaghan,rkernaghanf1@npr.org,Male,Ireland,-6.7515223,53.2888321
543,Morgen,Di Bartolomeo,mdibartolomeof2@sakura.ne.jp,Female,Ireland,-7.888894,52.516323
544,Baryram,Burnside,bburnsidef3@storify.com,Agender,Ireland,-6.313755,53.366736
545,Broddie,Klessmann,bklessmannf4@xing.com,Genderfluid,Ireland,-6.2057463,53.3870149
546,Davis,Hazeldene,dhazeldenef5@mtv.com,Male,Ireland,-6.4008792,53.9215606
547,Eldredge,Hubber,ehubberf6@time.com,Polygender,Ireland,-6.5853664,53.378253
548,Agathe,Lovell,alovellf7@is.gd,Female,Ireland,-9.0248232,53.2760162
549,Tomasine,Hallam,thallamf8@sphinn.com,Female,Ireland,-8.2001004,52.86326
550,Mair,Espadas,mespadasf9@hatena.ne.jp,Female,Ireland,-6.1535181,53.5220275
551,Al,Watkin,awatkinfa@comcast.net,Male,Ireland,-6.9711886,53.916791
552,Mannie,Crook,mcrookfb@twitpic.com,Male,Ireland,-8.2817353,54.4771768
553,Donavon,Lowder,dlowderfc@ft.com,Male,Ireland,-8.83565,53.49417
554,Maude,Marian,mmarianfd@ebay.com,Female,Ireland,-8.9791425,52.8638391
555,Randell,Maltster,rmaltsterfe@cnn.com,Male,Ireland,-6.473025,54.0086093
556,Dorothee,Sapshed,dsapshedff@boston.com,Female,Ireland,-7.0472382,52.9480781
557,Sergio,Easseby,seassebyfg@msu.edu,Male,Ireland,-6.5028415,53.3806398
558,Mirabella,Garz,mgarzfh@nhs.uk,Female,Ireland,-7.5011999,53.776647
559,Antonino,Gothup,agothupfi@printfriendly.com,Male,Ireland,-10.022186,53.488087
560,Ingeborg,Vizor,ivizorfj@google.cn,Female,Ireland,-7.0833118,52.2413206
561,Sunny,Thing,sthingfk@tamu.edu,Male,Ireland,-6.1535181,53.5220275
562,Emmanuel,Pumphrey,epumphreyfl@yahoo.com,Male,Ireland,-6.1479779,53.450694
563,Bradley,Sturdgess,bsturdgessfm@dailymail.co.uk,Male,Ireland,-6.1349155,53.5834008
564,Normie,O'Feeney,nofeeneyfn@bizjournals.com,Male,Ireland,-6.2071246,53.4562426
565,Stefanie,Mullaney,smullaneyfo@github.com,Female,Ireland,-6.2633149,53.377533
566,Margalit,Souster,msousterfp@lulu.com,Female,Ireland,-7.888894,52.516323
567,Merl,Hallor,mhallorfq@pbs.org,Female,Ireland,-6.1479779,53.450694
568,Franciskus,Capron,fcapronfr@webnode.com,Male,Ireland,-9.0288689,53.2737147
569,Merrile,Lage,mlagefs@wikimedia.org,Female,Ireland,-6.3660863,53.2874153
570,Ezmeralda,Burgill,eburgillft@adobe.com,Female,Ireland,-8.958931,51.904635
571,Katha,Glasscoo,kglasscoofu@digg.com,Female,Ireland,-7.269174,55.0650892
572,Evie,Prosh,eproshfv@nifty.com,Female,Ireland,-6.176659,53.4487975
573,Reinold,Cradduck,rcradduckfw@joomla.org,Male,Ireland,-6.5924609,53.2482376
574,Leland,Koppeck,lkoppeckfx@e-recht24.de,Male,Ireland,-8.9775014,52.8314927
575,Sharleen,Gaiford,sgaifordfy@ning.com,Female,Ireland,-9.1097137,53.2582868
576,Ewan,Langshaw,elangshawfz@arstechnica.com,Male,Ireland,-6.3077823,53.3655256
577,Ben,Roxbee,broxbeeg0@mediafire.com,Male,Ireland,-6.2387374,53.3141205
578,Leona,Oehm,loehmg1@icq.com,Female,Ireland,-7.9428197,53.4231032
579,Lewes,Salvidge,lsalvidgeg2@google.cn,Male,Ireland,-7.5717688,52.1045472
580,Gilda,Going,ggoingg3@cocolog-nifty.com,Female,Ireland,-6.7449927,53.1310185
581,Jeramie,Darlasson,jdarlassong4@google.com.au,Male,Ireland,-6.3025448,53.6920618
582,Willdon,Fawssett,wfawssettg5@youtu.be,Genderqueer,Ireland,-8.298942,51.848898
583,Dwayne,Kupker,dkupkerg6@xinhuanet.com,Male,Ireland,-10.0320886,54.2223118
584,Carney,Tuckwood,ctuckwoodg7@reference.com,Male,Ireland,-9.0288689,53.2737147
585,Piggy,McSporon,pmcsporong8@ft.com,Male,Ireland,-6.251714,53.3169419
586,Gus,Pococke,gpocockeg9@reverbnation.com,Male,Ireland,-6.4241156,53.7369009
587,Jacquelynn,Jowers,jjowersga@google.ru,Female,Ireland,-6.1884248,53.5879156
588,Meggi,Seabourne,mseabournegb@simplemachines.org,Female,Ireland,-7.5011999,53.776647
589,Charmaine,Barham,cbarhamgc@webmd.com,Agender,Ireland,-8.3929404,51.8113447
590,Ileane,Vasey,ivaseygd@cnbc.com,Female,Ireland,-8.1722002,54.3051891
591,Jesselyn,Welbelove,jwelbelovege@yolasite.com,Female,Ireland,-8.5047067,51.8830697
592,Gaspard,Buxsy,gbuxsygf@addtoany.com,Male,Ireland,-6.218069,53.374266
593,Nathan,Lewins,nlewinsgg@oakley.com,Male,Ireland,-8.2215941,53.0917381
594,Perren,Thridgould,pthridgouldgh@ft.com,Male,Ireland,-6.139018,53.171935
595,Marybeth,Antonat,mantonatgi@squidoo.com,Female,Ireland,-8.05,51.9166667
596,Jenda,Blinco,jblincogj@weibo.com,Female,Ireland,-6.1072403,53.2780047
597,Parry,Casillis,pcasillisgk@theguardian.com,Male,Ireland,-9.7359765,54.1433253
598,Melany,Seckington,mseckingtongl@privacy.gov.au,Female,Ireland,-9.448724,51.680591
599,Sandro,Greedy,sgreedygm@wisc.edu,Male,Ireland,-8.4523258,51.880525
600,Persis,Brecknall,pbrecknallgn@goo.ne.jp,Genderqueer,Ireland,-9.0248232,53.2760162
601,Izabel,Dudin,idudingo@last.fm,Female,Ireland,-8.9480659,53.940892
602,Cele,Vickars,cvickarsgp@latimes.com,Female,Ireland,-9.1097137,53.2582868
603,Johannes,Helder,jheldergq@forbes.com,Genderfluid,Ireland,-6.2071246,53.4562426
604,Hill,Kirkness,hkirknessgr@google.pl,Male,Ireland,-6.7449927,53.1310185
605,Ina,Clayworth,iclayworthgs@github.io,Female,Ireland,-7.8004329,53.7283566
606,Alysa,Dennerly,adennerlygt@google.de,Female,Ireland,-7.5717688,52.1045472
607,Don,Mounsey,dmounseygu@discuz.net,Polygender,Ireland,-6.1215213,53.2724538
608,Aubrey,Peterken,apeterkengv@dailymail.co.uk,Female,Ireland,-6.2429997,53.7902634
609,Traci,Simond,tsimondgw@tumblr.com,Female,Ireland,-6.64937,54.10269
610,Ellwood,Hymor,ehymorgx@yahoo.com,Bigender,Ireland,-6.0690645,53.1257486
611,Erica,Franklyn,efranklyngy@biblegateway.com,Female,Ireland,-8.9775014,52.8314927
612,Lemar,Veque,lvequegz@themeforest.net,Male,Ireland,-6.1603828,53.2599034
613,Lurleen,Abraham,labrahamh0@wiley.com,Female,Ireland,-6.4496384,53.3582341
614,Abrahan,Di Roberto,adirobertoh1@cbc.ca,Male,Ireland,-6.4241156,53.7369009
615,Lind,Causey,lcauseyh2@utexas.edu,Genderqueer,Ireland,-9.0288689,53.2737147
616,Lura,Bessey,lbesseyh3@umn.edu,Female,Ireland,-6.1157412,53.2774963
617,Kerwinn,Bonanno,kbonannoh4@elegantthemes.com,Male,Ireland,-6.67045,53.213319
618,Lucian,Knappe,lknappeh5@jiathis.com,Male,Ireland,-6.2554371,53.2767301
619,Arlen,Lalonde,alalondeh6@house.gov,Female,Ireland,-9.159604,53.302644
620,Bret,Mebius,bmebiush7@goo.gl,Male,Ireland,-6.5924609,53.2482376
621,Annabela,Risso,arissoh8@eepurl.com,Female,Ireland,-7.2584,52.655184
622,Abbot,Tabert,ataberth9@godaddy.com,Male,Ireland,-8.3929404,51.8113447
623,Nettie,Joicey,njoiceyha@mysql.com,Polygender,Ireland,-6.1157412,53.2774963
624,Mitchael,Shann,mshannhb@columbia.edu,Male,Ireland,-6.4887534,53.3653866
625,Jonas,Threlfall,jthrelfallhc@51.la,Agender,Ireland,-8.2969737,53.9735591
626,Biddy,Corkish,bcorkishhd@clickbank.net,Female,Ireland,-9.4851741,52.4460804
627,Thorpe,Legrave,tlegravehe@redcross.org,Male,Ireland,-6.2508196,53.2866372
628,Helga,Crimin,hcriminhf@gmpg.org,Female,Ireland,-7.0625888,53.1387595
629,Cinderella,Bodsworth,cbodsworthhg@tumblr.com,Female,Ireland,-8.9821467,52.8498651
630,Lodovico,Lightwing,llightwinghh@wiley.com,Male,Ireland,-6.0690645,53.1257486
631,Dyanna,Ivanchikov,divanchikovhi@google.com.au,Female,Ireland,-6.133718,53.291512
632,Barbi,Cathee,bcatheehj@go.com,Female,Ireland,-9.0248232,53.2760162
633,Joye,Emblen,jemblenhk@nba.com,Female,Ireland,-8.489012,51.923707
634,Junette,Hutcheon,jhutcheonhl@is.gd,Female,Ireland,-8.5946591,54.632283
635,Donnell,Binch,dbinchhm@istockphoto.com,Male,Ireland,-8.4784945,51.8815586
636,Rad,Thompson,rthompsonhn@nationalgeographic.com,Male,Ireland,-6.3049392,53.3021194
637,Tomi,Ivanchikov,tivanchikovho@digg.com,Female,Ireland,-6.139018,53.171935
638,Xenia,Quennell,xquennellhp@yellowbook.com,Non-binary,Ireland,-8.445614,51.8885086
639,Giff,Croal,gcroalhq@phoca.cz,Male,Ireland,-10.022186,53.488087
640,Ethe,Wilcockes,ewilcockeshr@shareasale.com,Male,Ireland,-7.0833118,52.2413206
641,Corbie,Cassy,ccassyhs@google.de,Male,Ireland,-7.086877,53.8363325
642,Traci,Giacubbo,tgiacubboht@google.ca,Female,Ireland,-7.518792,53.284466
643,Charil,Theyer,ctheyerhu@toplist.cz,Female,Ireland,-6.6633404,53.2492381
644,Terrill,McRamsey,tmcramseyhv@networksolutions.com,Male,Ireland,-6.1884248,53.5879156
645,Sharia,Sanper,ssanperhw@rediff.com,Female,Ireland,-6.2057463,53.3870149
646,Marna,Gres,mgreshx@amazonaws.com,Female,Ireland,-9.4851741,52.4460804
647,Vittoria,Sainz,vsainzhy@furl.net,Female,Ireland,-8.4242597,51.8910459
648,Marten,Reide,mreidehz@cnet.com,Male,Ireland,-9.159604,53.302644
649,Nissa,Scaice,nscaicei0@geocities.jp,Female,Ireland,-6.3219759,53.2976886
650,Delano,Grossier,dgrossieri1@nationalgeographic.com,Male,Ireland,-6.2611953,53.3881832
651,Minnie,Barczewski,mbarczewskii2@prlog.org,Female,Ireland,-8.5369154,52.6681994
652,Hallie,Rosenboim,hrosenboimi3@ocn.ne.jp,Female,Ireland,-6.1479779,53.450694
653,Web,Hearfield,whearfieldi4@acquirethisname.com,Bigender,Ireland,-7.518792,53.284466
654,Noby,Rennie,nrenniei5@bing.com,Male,Ireland,-6.3025448,53.6920618
655,Dodie,Spadari,dspadarii6@independent.co.uk,Female,Ireland,-9.159604,53.302644
656,Radcliffe,Bloxsom,rbloxsomi7@gmpg.org,Male,Ireland,-9.4904891,52.6396679
657,Amandi,Quinton,aquintoni8@example.com,Female,Ireland,-8.7683674,53.7942932
658,Gasper,McBrearty,gmcbreartyi9@aol.com,Male,Ireland,-8.8562835,53.510243
659,Randa,Wycherley,rwycherleyia@skyrock.com,Female,Ireland,-8.4824714,51.8862378
660,Sky,Napthine,snapthineib@wired.com,Male,Ireland,-6.139018,53.171935
661,Meryl,Sewill,msewillic@addthis.com,Male,Ireland,-6.4008792,53.9215606
662,Devlin,Di Dello,ddidelloid@bing.com,Male,Ireland,-7.2979911,53.6785169
663,Luther,Koppe,lkoppeie@wiley.com,Male,Ireland,-6.2387374,53.3141205
664,Bordie,Speare,bspeareif@eepurl.com,Bigender,Ireland,-6.4671298,53.5050031
665,Fiona,Bebbell,fbebbellig@1688.com,Female,Ireland,-6.4008792,53.9215606
666,Rubina,Agnew,ragnewih@w3.org,Female,Ireland,-10.022186,53.488087
667,Doria,MacNockater,dmacnockaterii@wikimedia.org,Polygender,Ireland,-6.1097188,53.3895926
668,Traver,Stegers,tstegersij@google.es,Male,Ireland,-80.7087609,35.7797381
669,Isiahi,Baudi,ibaudiik@4shared.com,Male,Ireland,-6.4202878,54.0026343
670,Natalee,Curro,ncurroil@epa.gov,Female,Ireland,-6.313755,53.366736
671,Jamesy,Theodore,jtheodoreim@narod.ru,Polygender,Ireland,-7.145971,53.508326
672,Wade,Simkovitz,wsimkovitzin@seesaa.net,Genderqueer,Ireland,-9.0197835,53.2736466
673,Marlin,Cunnington,mcunningtonio@nih.gov,Male,Ireland,-6.0690645,53.1257486
674,Jennifer,Pull,jpullip@reuters.com,Female,Ireland,-7.297914,54.026345
675,Miguela,Habeshaw,mhabeshawiq@wunderground.com,Female,Ireland,-6.1603828,53.2599034
676,Brigitte,Doogan,bdooganir@japanpost.jp,Female,Ireland,-8.9821467,52.8498651
677,Tatum,De la Yglesias,tdelayglesiasis@angelfire.com,Female,Ireland,-6.4202878,54.0026343
678,Vyky,Chant,vchantit@jalbum.net,Female,Ireland,-6.2057463,53.3870149
679,Robinson,Goodswen,rgoodsweniu@hibu.com,Male,Ireland,-6.4671298,53.5050031
680,Jecho,Angus,jangusiv@linkedin.com,Male,Ireland,-6.1011147,53.2000455
681,Sutherland,Frankham,sfrankhamiw@salon.com,Male,Ireland,-9.0248232,53.2760162
682,Michail,O'Kennavain,mokennavainix@sciencedirect.com,Male,Ireland,-8.5171384,51.876873
683,Noemi,Avard,navardiy@abc.net.au,Female,Ireland,-6.5853664,53.378253
684,Cornelle,McCrae,cmccraeiz@blog.com,Female,Ireland,-6.3025448,53.6920618
685,Shalom,Denning,sdenningj0@dailymotion.com,Polygender,Ireland,-6.0690645,53.1257486
686,Vernor,Physic,vphysicj1@jimdo.com,Male,Ireland,-7.606287,53.6972399
687,Kerk,Mallall,kmallallj2@ocn.ne.jp,Male,Ireland,-6.176659,53.4487975
688,Roderigo,Fullerd,rfullerdj3@usatoday.com,Genderqueer,Ireland,-7.0833118,52.2413206
689,Raychel,Inglis,ringlisj4@nifty.com,Female,Ireland,-8.9821467,52.8498651
690,Jamima,Dare,jdarej5@economist.com,Female,Ireland,-8.337871,52.0097259
691,Christos,Gomez,cgomezj6@jugem.jp,Male,Ireland,-6.0704904,53.1286984
692,Cristi,Stelljes,cstelljesj7@com.com,Female,Ireland,-6.1157412,53.2774963
693,Genni,Hincks,ghincksj8@webeden.co.uk,Agender,Ireland,-8.5176583,51.8863277
694,Simonne,Lemon,slemonj9@acquirethisname.com,Female,Ireland,-6.1979853,53.3046353
695,Ileana,Robard,irobardja@photobucket.com,Female,Ireland,-8.4824714,51.8862378
696,Kienan,Bayless,kbaylessjb@is.gd,Male,Ireland,-6.2633149,53.377533
697,Caron,Santori,csantorijc@delicious.com,Female,Ireland,-6.1349155,53.5834008
698,Burnaby,Blacklock,bblacklockjd@photobucket.com,Male,Ireland,-8.9480659,53.940892
699,Thedric,Hartwright,thartwrightje@cdbaby.com,Male,Ireland,-6.1603828,53.2599034
700,Almeria,Bembrigg,abembriggjf@dailymail.co.uk,Female,Ireland,-6.1822287,53.3788495
701,Morey,Perico,mpericojg@tinyurl.com,Male,Ireland,-9.151825,54.11215
702,Maritsa,Hurche,mhurchejh@oracle.com,Female,Ireland,-6.1215213,53.2724538
703,Woodman,Gozzett,wgozzettji@chicagotribune.com,Male,Ireland,-7.9139891,53.0949398
704,Alfie,Baythorp,abaythorpjj@artisteer.com,Male,Ireland,-6.5899765,52.176031
705,Liza,Jeffels,ljeffelsjk@skyrock.com,Female,Ireland,-6.391149,53.8996586
706,Janean,Rubinivitz,jrubinivitzjl@cdc.gov,Female,Ireland,-7.2979911,53.6785169
707,Lisbeth,Scoates,lscoatesjm@jimdo.com,Female,Ireland,-6.7434401,53.2229873
708,Bobine,Harle,bharlejn@ihg.com,Female,Ireland,-8.5176583,51.8863277
709,Ronald,Stadding,rstaddingjo@symantec.com,Male,Ireland,-9.0197835,53.2736466
710,Kordula,Woollin,kwoollinjp@ycombinator.com,Female,Ireland,-6.2398782,53.32112
711,Arny,Greenhead,agreenheadjq@blogs.com,Male,Ireland,-8.2215941,53.0917381
712,Fernandina,Keeting,fkeetingjr@chicagotribune.com,Female,Ireland,-6.1822287,53.3788495
713,Ossie,Andreini,oandreinijs@aol.com,Male,Ireland,-6.1820563,53.3786861
714,Auroora,Tancock,atancockjt@europa.eu,Female,Ireland,-6.2387374,53.3141205
715,Brandais,Delgaty,bdelgatyju@joomla.org,Female,Ireland,-6.2892907,53.310122
716,Ollie,Jeffress,ojeffressjv@behance.net,Female,Ireland,-9.4904891,52.6396679
717,Carri,Bugg,cbuggjw@google.it,Female,Ireland,-6.5899765,52.176031
718,Lana,Windsor,lwindsorjx@cdbaby.com,Female,Ireland,-8.6346959,53.7423435
719,Gardy,Jodkowski,gjodkowskijy@so-net.ne.jp,Male,Ireland,-6.473025,54.0086093
720,Missy,Alliker,mallikerjz@shinystat.com,Agender,Ireland,-6.2554371,53.2767301
721,Ted,Duffil,tduffilk0@va.gov,Male,Ireland,-8.298942,51.848898
722,Shaylah,Scurrer,sscurrerk1@mail.ru,Female,Ireland,-6.4202878,54.0026343
723,Allix,Bain,abaink2@ehow.com,Female,Ireland,-7.606287,53.6972399
724,Cozmo,Curds,ccurdsk3@sina.com.cn,Male,Ireland,-6.3422325,53.719155
725,Nettle,Beebe,nbeebek4@walmart.com,Female,Ireland,-6.3048641,53.3284298
726,Madelaine,MacAllen,mmacallenk5@indiatimes.com,Female,Ireland,-8.6340751,52.6638144
727,Paulette,Deaconson,pdeaconsonk6@delicious.com,Female,Ireland,-8.2215941,53.0917381
728,Terrill,Vaz,tvazk7@geocities.jp,Male,Ireland,-6.139018,53.171935
729,Wells,Jollye,wjollyek8@mozilla.org,Bigender,Ireland,-7.185387,53.158984
730,Anstice,Ledster,aledsterk9@toplist.cz,Female,Ireland,-6.0704904,53.1286984
731,Christy,Poveleye,cpoveleyeka@netvibes.com,Male,Ireland,-9.1327273,53.806868
732,Bill,Kleinstein,bkleinsteinkb@i2i.jp,Genderqueer,Ireland,-7.0625888,53.1387595
733,Jobey,Lowles,jlowleskc@over-blog.com,Female,Ireland,-8.8950821,52.7604883
734,Heather,Agostini,hagostinikd@umn.edu,Female,Ireland,-9.7850991,52.1058991
735,Chaunce,Swayne,cswayneke@123-reg.co.uk,Male,Ireland,-6.313755,53.366736
736,Neala,Pharaoh,npharaohkf@spiegel.de,Female,Ireland,-8.4784945,51.8815586
737,Ludwig,Pidwell,lpidwellkg@buzzfeed.com,Non-binary,Ireland,-8.298942,51.848898
738,Jobyna,Schuck,jschuckkh@ask.com,Female,Ireland,-6.3048641,53.3284298
739,Marita,Broader,mbroaderki@fema.gov,Female,Ireland,-6.0690645,53.1257486
740,Derwin,Spera,dsperakj@geocities.com,Male,Ireland,-8.4523258,51.880525
741,Prince,Garlicke,pgarlickekk@sohu.com,Male,Ireland,-6.264963,53.3897152
742,Willi,Gehring,wgehringkl@wikispaces.com,Male,Ireland,-6.2387374,53.3141205
743,Clemmy,Peter,cpeterkm@alexa.com,Female,Ireland,-6.1215213,53.2724538
744,Adham,Zamorano,azamoranokn@clickbank.net,Male,Ireland,-6.5853664,53.378253
745,Efren,Hudel,ehudelko@bloglines.com,Male,Ireland,-6.1191333,53.1915379
746,Chadwick,Meriel,cmerielkp@studiopress.com,Male,Ireland,-8.7683674,53.7942932
747,Peirce,Simo,psimokq@opensource.org,Male,Ireland,-7.269174,55.0650892
748,Pattie,Halloway,phallowaykr@sogou.com,Female,Ireland,-6.1822287,53.3788495
749,Camella,Larrett,clarrettks@t-online.de,Female,Ireland,-8.5111664,51.8858819
750,Gerta,Jouhan,gjouhankt@craigslist.org,Female,Ireland,-9.0288689,53.2737147
751,Lon,Conquest,lconquestku@usnews.com,Male,Ireland,-9.0288689,53.2737147
752,Boigie,Ings,bingskv@about.com,Male,Ireland,-6.2071246,53.4562426
753,Bibbie,Bugg,bbuggkw@nhs.uk,Female,Ireland,-8.3545704,52.5593605
754,Parker,Youdell,pyoudellkx@amazonaws.com,Male,Ireland,-7.145971,53.508326
755,Isac,Grigorushkin,igrigorushkinky@bloglines.com,Male,Ireland,-8.9821467,52.8498651
756,Adelind,Sally,asallykz@scribd.com,Female,Ireland,-6.133718,53.291512
757,Cristabel,Mothersdale,cmothersdalel0@dot.gov,Female,Ireland,-8.489012,51.923707
758,Crawford,Huckle,chucklel1@yolasite.com,Male,Ireland,-9.4904891,52.6396679
759,Stafford,Djurkovic,sdjurkovicl2@amazon.com,Male,Ireland,-6.1884248,53.5879156
760,Dory,Leathes,dleathesl3@va.gov,Male,Ireland,-6.139018,53.171935
761,Valerye,Jacmar,vjacmarl4@ftc.gov,Female,Ireland,-6.1191333,53.1915379
762,Augie,Demchen,ademchenl5@epa.gov,Male,Ireland,-6.1406578,53.2886387
763,Quill,Rheaume,qrheaumel6@geocities.jp,Male,Ireland,-6.2340942,53.2993199
764,Appolonia,McKirton,amckirtonl7@printfriendly.com,Female,Ireland,-6.1979853,53.3046353
765,Gayla,Duthy,gduthyl8@comcast.net,Female,Ireland,-8.6346959,53.7423435
766,Ferrell,Acey,faceyl9@fema.gov,Male,Ireland,-8.9342111,52.182304
767,Nichol,Bruniges,nbrunigesla@globo.com,Female,Ireland,-6.7434401,53.2229873
768,Taddeusz,Finnemore,tfinnemorelb@4shared.com,Male,Ireland,-6.1072403,53.2780047
769,Wendie,Velte,wveltelc@google.com.hk,Female,Ireland,-6.1820563,53.3786861
770,Leonelle,Nutbeem,lnutbeemld@tiny.cc,Female,Ireland,-8.958931,51.904635
771,Eimile,Turone,eturonele@marriott.com,Female,Ireland,-8.3545704,52.5593605
772,Lacey,Shilstone,lshilstonelf@e-recht24.de,Female,Ireland,-6.163027,53.2339841
773,Alayne,Packwood,apackwoodlg@hubpages.com,Female,Ireland,-7.0833118,52.2413206
774,Eb,Chaudrelle,echaudrellelh@merriam-webster.com,Male,Ireland,-6.266734,53.3829319
775,Cicely,Mazzia,cmazziali@devhub.com,Female,Ireland,-8.5176583,51.8863277
776,Isador,Burree,iburreelj@google.com.au,Polygender,Ireland,-8.7683674,53.7942932
777,Frayda,Heibel,fheibellk@indiatimes.com,Female,Ireland,-7.2314132,54.1794814
778,Alexei,Diwell,adiwellll@joomla.org,Male,Ireland,-8.6346959,53.7423435
779,Cyndie,Tofful,ctoffullm@vinaora.com,Female,Ireland,-6.1820563,53.3786861
780,Burnaby,Spencley,bspencleyln@bbb.org,Male,Ireland,-8.489012,51.923707
781,Gwenora,Vasichev,gvasichevlo@dedecms.com,Female,Ireland,-7.269174,55.0650892
782,Kurt,Ithell,kithelllp@eventbrite.com,Male,Ireland,-6.5899765,52.176031
783,Kass,Pennell,kpennelllq@mediafire.com,Female,Ireland,-8.5070436,54.2109904
784,Noreen,Dedmam,ndedmamlr@taobao.com,Female,Ireland,-8.2817353,54.4771768
785,Rozalin,Muckleston,rmucklestonls@baidu.com,Female,Ireland,-6.374155,53.3223974
786,Langston,Pennycock,lpennycocklt@sbwire.com,Male,Ireland,-9.0288689,53.2737147
787,Elmer,Breit,ebreitlu@mail.ru,Male,Ireland,-6.5853664,53.378253
788,Reed,Ramme,rrammelv@hc360.com,Male,Ireland,-6.3219759,53.2976886
789,Sallyanne,Hoys,shoyslw@imgur.com,Female,Ireland,-6.1072403,53.2780047
790,Tobiah,Zeale,tzealelx@virginia.edu,Male,Ireland,-8.3929404,51.8113447
791,Meg,Karpeev,mkarpeevly@cnbc.com,Female,Ireland,-6.2892907,53.310122
792,Thorny,Cutmere,tcutmerelz@vinaora.com,Male,Ireland,-8.83565,53.49417
793,Ruy,Bulgen,rbulgenm0@cbc.ca,Male,Ireland,-8.5369154,52.6681994
794,Ester,Cheek,echeekm1@example.com,Female,Ireland,-6.1072403,53.2780047
795,Lela,Lantoph,llantophm2@hatena.ne.jp,Female,Ireland,-6.0690645,53.1257486
796,Renato,Hassen,rhassenm3@histats.com,Male,Ireland,-9.151825,54.11215
797,Gerianna,Houchen,ghouchenm4@ucoz.com,Female,Ireland,-6.0690645,53.1257486
798,Rogers,Lemery,rlemerym5@netlog.com,Genderqueer,Ireland,-8.8950821,52.7604883
799,Land,Nan Carrow,lnancarrowm6@addtoany.com,Male,Ireland,-8.1722173,51.9138694
800,Judye,Sisey,jsiseym7@elpais.com,Female,Ireland,-6.139018,53.171935
801,Aeriel,Cardnell,acardnellm8@dailymail.co.uk,Female,Ireland,-10.022186,53.488087
802,Thom,Dayment,tdaymentm9@cnn.com,Male,Ireland,-6.1406578,53.2886387
803,Fancy,Laba,flabama@addtoany.com,Female,Ireland,-6.3506335,53.2911347
804,Alasdair,Shoebotham,ashoebothammb@tinypic.com,Male,Ireland,-8.958931,51.904635
805,Rania,Burehill,rburehillmc@woothemes.com,Female,Ireland,-7.2584,52.655184
806,Tremain,Santus,tsantusmd@wikispaces.com,Male,Ireland,-6.176659,53.4487975
807,Baxy,Gay,bgayme@aboutads.info,Male,Ireland,-8.2215941,53.0917381
808,Samuele,Pfaffe,spfaffemf@mail.ru,Male,Ireland,-9.0197835,53.2736466
809,Natka,McAloren,nmcalorenmg@xrea.com,Female,Ireland,-6.1479779,53.450694
810,Hilliary,Sefton,hseftonmh@skyrock.com,Female,Ireland,-6.4671298,53.5050031
811,Kore,Grece,kgrecemi@apple.com,Female,Ireland,-6.4202878,54.0026343
812,Merci,Crush,mcrushmj@furl.net,Female,Ireland,-6.1349155,53.5834008
813,Zach,Polleye,zpolleyemk@ft.com,Male,Ireland,-80.7087609,35.7797381
814,Edvard,Meachen,emeachenml@mac.com,Male,Ireland,-6.4202878,54.0026343
815,Sully,McCarrell,smccarrellmm@yale.edu,Male,Ireland,-8.5070436,54.2109904
816,Dasie,Gellately,dgellatelymn@amazon.co.uk,Female,Ireland,-6.1822287,53.3788495
817,Myca,Double,mdoublemo@shutterfly.com,Male,Ireland,-8.9949917,53.8533151
818,William,Gange,wgangemp@google.fr,Male,Ireland,-8.2969737,53.9735591
819,Cale,Jakoviljevic,cjakoviljevicmq@ucoz.ru,Male,Ireland,-7.8434254,51.949401
820,Cornela,Chate,cchatemr@cnbc.com,Female,Ireland,-10.0320886,54.2223118
821,Carly,Grenkov,cgrenkovms@ycombinator.com,Female,Ireland,-7.2979911,53.6785169
822,Lenka,Crofts,lcroftsmt@howstuffworks.com,Female,Ireland,-8.5047067,51.8830697
823,Johnathon,Brend,jbrendmu@harvard.edu,Male,Ireland,-7.606287,53.6972399
824,Denny,Dowers,ddowersmv@ebay.com,Agender,Ireland,-7.74208,54.70972
825,Godfree,Klezmski,gklezmskimw@timesonline.co.uk,Male,Ireland,-6.7434401,53.2229873
826,Adria,Gidney,agidneymx@buzzfeed.com,Female,Ireland,-9.268589,51.549106
827,Wilmer,Cuerdale,wcuerdalemy@state.tx.us,Male,Ireland,-10.0320886,54.2223118
828,Dannye,Orteu,dorteumz@livejournal.com,Female,Ireland,-6.5924609,53.2482376
829,Meier,Morin,mmorinn0@wikimedia.org,Male,Ireland,-7.74208,54.70972
830,Johny,Campo,jcampon1@sitemeter.com,Male,Ireland,-6.1920933,53.3916434
831,Araldo,Mardlin,amardlinn2@nifty.com,Male,Ireland,-6.2398782,53.32112
832,Mychal,Darben,mdarbenn3@skype.com,Male,Ireland,-8.3545704,52.5593605
833,Ermentrude,Carbry,ecarbryn4@mozilla.org,Polygender,Ireland,-6.3828795,53.385304
834,Margaux,Leale,mlealen5@princeton.edu,Agender,Ireland,-6.3828795,53.385304
835,Muffin,Heckle,mhecklen6@storify.com,Male,Ireland,-9.448724,51.680591
836,Rosaleen,Seagrove,rseagroven7@free.fr,Female,Ireland,-6.7515223,53.2888321
837,Quintina,Rymmer,qrymmern8@blogs.com,Female,Ireland,-6.7449927,53.1310185
838,Clarissa,Samways,csamwaysn9@tinyurl.com,Female,Ireland,-6.266734,53.3829319
839,Kylie,Crannach,kcrannachna@timesonline.co.uk,Female,Ireland,-6.3048641,53.3284298
840,Ingra,Beardshaw,ibeardshawnb@odnoklassniki.ru,Male,Ireland,-6.1644997,53.4266145
841,Stanislaus,Scottrell,sscottrellnc@rambler.ru,Male,Ireland,-8.7683674,53.7942932
842,Tracey,Fuster,tfusternd@so-net.ne.jp,Male,Ireland,-6.2508196,53.2866372
843,Cloris,Ankers,cankersne@senate.gov,Female,Ireland,-6.1097188,53.3895926
844,Dodie,Beincken,dbeinckennf@google.fr,Female,Ireland,-6.2340942,53.2993199
845,Diana,Leopard,dleopardng@shop-pro.jp,Female,Ireland,-6.1979853,53.3046353
846,Glory,Cahn,gcahnnh@illinois.edu,Female,Ireland,-8.4627451,54.25645
847,Marie-ann,Gleeton,mgleetonni@nydailynews.com,Female,Ireland,-6.1157412,53.2774963
848,Farrah,Sidwell,fsidwellnj@yelp.com,Female,Ireland,-8.5176583,51.8863277
849,Pennie,Terram,pterramnk@macromedia.com,Female,Ireland,-8.1722002,54.3051891
850,Guilbert,Pretor,gpretornl@sourceforge.net,Male,Ireland,-9.4851741,52.4460804
851,Staffard,Krink,skrinknm@nps.gov,Male,Ireland,-8.8950821,52.7604883
852,Melony,Robak,mrobaknn@accuweather.com,Female,Ireland,-8.5111664,51.8858819
853,Ammamaria,Matejovsky,amatejovskyno@youtube.com,Female,Ireland,-7.0943023,54.2694844
854,Abigail,Hallybone,ahallybonenp@bloglines.com,Female,Ireland,-6.1942058,53.3604483
855,Haleigh,Leyband,hleybandnq@google.de,Male,Ireland,-6.374155,53.3223974
856,Menard,Cossom,mcossomnr@mapquest.com,Male,Ireland,-7.9139891,53.0949398
857,Sallyanne,Sunderland,ssunderlandns@istockphoto.com,Female,Ireland,-7.5011999,53.776647
858,Land,Burds,lburdsnt@buzzfeed.com,Male,Ireland,-6.1215213,53.2724538
859,Staford,Boundy,sboundynu@about.com,Male,Ireland,-6.0704904,53.1286984
860,Susy,Hughlin,shughlinnv@hp.com,Female,Ireland,-6.264963,53.3897152
861,Lars,Dhenin,ldheninnw@alibaba.com,Male,Ireland,-6.1011147,53.2000455
862,Clayborne,Bourdel,cbourdelnx@twitpic.com,Male,Ireland,-8.642661,52.1361219
863,Anselm,MacGowan,amacgowanny@pinterest.com,Male,Ireland,-8.8950821,52.7604883
864,Park,Grishakin,pgrishakinnz@shinystat.com,Male,Ireland,-8.445614,51.8885086
865,Feodor,Cabena,fcabenao0@paginegialle.it,Male,Ireland,-9.0248232,53.2760162
866,Prue,Lamport,plamporto1@virginia.edu,Female,Ireland,-8.9791425,52.8638391
867,Diarmid,Benedite,dbenediteo2@seesaa.net,Male,Ireland,-6.2892907,53.310122
868,Julienne,Avrahamian,javrahamiano3@boston.com,Female,Ireland,-6.1157412,53.2774963
869,Carlye,Febre,cfebreo4@stumbleupon.com,Genderfluid,Ireland,-6.67045,53.213319
870,Walden,Faucherand,wfaucherando5@typepad.com,Male,Ireland,-6.2057463,53.3870149
871,Farlee,Millions,fmillionso6@wufoo.com,Male,Ireland,-7.297914,54.026345
872,Laure,Pimme,lpimmeo7@examiner.com,Female,Ireland,-8.9480659,53.940892
873,Bernadene,Donet,bdoneto8@devhub.com,Female,Ireland,-6.0690645,53.1257486
874,Margaret,Stalf,mstalfo9@arstechnica.com,Female,Ireland,-6.2554371,53.2767301
875,Garrott,Bearn,gbearnoa@home.pl,Male,Ireland,-6.1822287,53.3788495
876,Lionello,Gergler,lgerglerob@infoseek.co.jp,Male,Ireland,-8.4784945,51.8815586
877,Idelle,Bouller,iboulleroc@phoca.cz,Female,Ireland,-8.3929404,51.8113447
878,Ashby,Westmacott,awestmacottod@thetimes.co.uk,Male,Ireland,-7.9139891,53.0949398
879,Shara,Dean,sdeanoe@forbes.com,Female,Ireland,-6.1157412,53.2774963
880,Mignon,Pauluzzi,mpauluzziof@reference.com,Female,Ireland,-6.1349155,53.5834008
881,Edita,Seeman,eseemanog@etsy.com,Female,Ireland,-6.2429997,53.7902634
882,Carolyne,Lobe,clobeoh@senate.gov,Female,Ireland,-8.5070436,54.2109904
883,Steve,Garham,sgarhamoi@privacy.gov.au,Polygender,Ireland,-6.2057463,53.3870149
884,Kim,Zebedee,kzebedeeoj@latimes.com,Male,Ireland,-9.1097137,53.2582868
885,Betty,Labroue,blabroueok@wikipedia.org,Female,Ireland,-6.2340942,53.2993199
886,Mychal,Dahle,mdahleol@telegraph.co.uk,Male,Ireland,-8.83565,53.49417
887,Felicia,Stranahan,fstranahanom@prnewswire.com,Female,Ireland,-6.5853664,53.378253
888,Irwin,Bumby,ibumbyon@hao123.com,Male,Ireland,-9.7359765,54.1433253
889,Leoline,Paggitt,lpaggittoo@etsy.com,Bigender,Ireland,-6.0690645,53.1257486
890,Jerry,Blakeway,jblakewayop@berkeley.edu,Female,Ireland,-8.2215941,53.0917381
891,Lyn,Evers,leversoq@amazon.co.jp,Female,Ireland,-6.5924609,53.2482376
892,Norene,Wadeling,nwadelingor@sohu.com,Female,Ireland,-6.4496384,53.3582341
893,Aubree,Butler-Bowdon,abutlerbowdonos@nydailynews.com,Polygender,Ireland,-6.3077823,53.3655256
894,Scarlett,Sutheran,ssutheranot@pcworld.com,Female,Ireland,-6.313755,53.366736
895,Terry,Hanscome,thanscomeou@com.com,Male,Ireland,-6.3660863,53.2874153
896,Kimble,Jerwood,kjerwoodov@dailymotion.com,Genderfluid,Ireland,-8.8950821,52.7604883
897,Sisile,Bradfield,sbradfieldow@purevolume.com,Female,Ireland,-8.7683674,53.7942932
898,Clayson,Paz,cpazox@businessweek.com,Male,Ireland,-6.3828795,53.385304
899,Griff,Braunds,gbraundsoy@friendfeed.com,Male,Ireland,-9.0248232,53.2760162
900,Heidi,Govey,hgoveyoz@indiegogo.com,Female,Ireland,-6.1535181,53.5220275
901,Otto,Fitter,ofitterp0@wunderground.com,Male,Ireland,-6.266734,53.3829319
902,Egbert,Boyda,eboydap1@illinois.edu,Male,Ireland,-6.1191333,53.1915379
903,Freddy,Fould,ffouldp2@bigcartel.com,Female,Ireland,-8.1722173,51.9138694
904,Vicki,Brymham,vbrymhamp3@opensource.org,Genderfluid,Ireland,-8.9480659,53.940892
905,Edi,Mailey,emaileyp4@live.com,Female,Ireland,-8.4627451,54.25645
906,Dorie,Pollitt,dpollittp5@tripod.com,Male,Ireland,-6.9858993,53.0018699
907,Willow,Jost,wjostp6@google.it,Female,Ireland,-6.2429997,53.7902634
908,Kristal,Josilevich,kjosilevichp7@eventbrite.com,Agender,Ireland,-6.4496384,53.3582341
909,Mada,Van Zon,mvanzonp8@npr.org,Female,Ireland,-8.9706844,52.6004448
910,Fonsie,Heindle,fheindlep9@mac.com,Male,Ireland,-6.266734,53.3829319
911,Grethel,Hun,ghunpa@typepad.com,Female,Ireland,-8.5070436,54.2109904
912,Channa,Loughnan,cloughnanpb@hubpages.com,Female,Ireland,-9.159604,53.302644
913,Giovanni,Jaquiss,gjaquisspc@istockphoto.com,Polygender,Ireland,-6.4241156,53.7369009
914,Shannan,Wansbury,swansburypd@eventbrite.com,Male,Ireland,-8.8950821,52.7604883
915,Myra,Finley,mfinleype@jugem.jp,Female,Ireland,-6.313755,53.366736
916,Ilise,Hallet,ihalletpf@toplist.cz,Female,Ireland,-6.7434401,53.2229873
917,Royall,Stoak,rstoakpg@linkedin.com,Male,Ireland,-8.489012,51.923707
918,Ambrosius,Skeat,askeatph@google.com.br,Male,Ireland,-7.74208,54.70972
919,Nataniel,Georghiou,ngeorghioupi@state.tx.us,Male,Ireland,-6.4496384,53.3582341
920,Land,Callington,lcallingtonpj@europa.eu,Male,Ireland,-6.1920933,53.3916434
921,Marigold,Leitche,mleitchepk@wordpress.org,Genderqueer,Ireland,-8.2755058,52.2627273
922,Homerus,McGillivrie,hmcgillivriepl@pen.io,Male,Ireland,-8.958931,51.904635
923,Lyn,Melbourne,lmelbournepm@unblog.fr,Male,Ireland,-6.3077823,53.3655256
924,Gleda,Sheara,gshearapn@yellowpages.com,Female,Ireland,-6.2427004,53.3347733
925,Bailey,Izkoveski,bizkoveskipo@newyorker.com,Agender,Ireland,-6.5853664,53.378253
926,Holden,Stroder,hstroderpp@drupal.org,Male,Ireland,-8.3545704,52.5593605
927,Brett,Poulglais,bpoulglaispq@vk.com,Male,Ireland,-6.1215213,53.2724538
928,Morgan,Boother,mbootherpr@usgs.gov,Female,Ireland,-9.0248232,53.2760162
929,Tracy,Eivers,teiversps@feedburner.com,Polygender,Ireland,-8.9480659,53.940892
930,Sibyl,Faulkner,sfaulknerpt@last.fm,Male,Ireland,-8.7683674,53.7942932
931,Rosemarie,Burdess,rburdesspu@wikispaces.com,Polygender,Ireland,-7.2314132,54.1794814
932,Doro,Tynan,dtynanpv@ning.com,Female,Ireland,-6.4887534,53.3653866
933,Giffard,Ubsdell,gubsdellpw@unblog.fr,Male,Ireland,-8.337871,52.0097259
934,Torrence,Gueste,tguestepx@scientificamerican.com,Male,Ireland,-7.0943023,54.2694844
935,Deloris,Duiged,dduigedpy@myspace.com,Female,Ireland,-6.139018,53.171935
936,Minette,McWilliams,mmcwilliamspz@comcast.net,Female,Ireland,-10.022186,53.488087
937,Cate,Stainton - Skinn,cstaintonskinnq0@google.fr,Female,Ireland,-9.268589,51.549106
938,Ronald,Trudgeon,rtrudgeonq1@howstuffworks.com,Male,Ireland,-6.251714,53.3169419
939,Noella,Deamer,ndeamerq2@mozilla.com,Genderqueer,Ireland,-6.1349155,53.5834008
940,Emelia,Haylock,ehaylockq3@nationalgeographic.com,Female,Ireland,-6.2340942,53.2993199
941,Karita,Murty,kmurtyq4@toplist.cz,Female,Ireland,-7.0625888,53.1387595
942,Zechariah,Durbin,zdurbinq5@exblog.jp,Male,Ireland,-6.4241156,53.7369009
943,Denyse,Litel,dlitelq6@istockphoto.com,Female,Ireland,-8.298942,51.848898
944,Abigael,Rickeard,arickeardq7@msu.edu,Female,Ireland,-6.1822287,53.3788495
945,Sue,Miller,smillerq8@example.com,Female,Ireland,-8.9949917,53.8533151
946,Hale,Desport,hdesportq9@furl.net,Male,Ireland,-6.9692181,52.7009338
947,Elysia,McDell,emcdellqa@dyndns.org,Female,Ireland,-9.1115941,51.7203863
948,Doll,Aksell,daksellqb@wisc.edu,Female,Ireland,-6.2611953,53.3881832
949,Archibold,Merriott,amerriottqc@usgs.gov,Male,Ireland,-6.2892907,53.310122
950,Francesco,Wickett,fwickettqd@i2i.jp,Male,Ireland,-6.7515223,53.2888321
951,Cliff,Domnin,cdomninqe@craigslist.org,Male,Ireland,-9.1327273,53.806868
952,Neila,Rafter,nrafterqf@oakley.com,Female,Ireland,-6.3048641,53.3284298
953,Darleen,Conn,dconnqg@studiopress.com,Female,Ireland,-8.9775014,52.8314927
954,Charleen,Wheatland,cwheatlandqh@g.co,Female,Ireland,-6.1884248,53.5879156
955,Jerrold,Scottrell,jscottrellqi@gov.uk,Male,Ireland,-7.8004329,53.7283566
956,Garvin,Gopsall,ggopsallqj@gizmodo.com,Male,Ireland,-6.64937,54.10269
957,Annissa,Cassar,acassarqk@dailymail.co.uk,Female,Ireland,-8.4627451,54.25645
958,Billie,Aberkirdo,baberkirdoql@a8.net,Bigender,Ireland,-6.9692181,52.7009338
959,Dexter,Hefferan,dhefferanqm@dagondesign.com,Male,Ireland,-8.2969737,53.9735591
960,Georgina,Iamittii,giamittiiqn@dell.com,Female,Ireland,-6.5899765,52.176031
961,Dennison,Santino,dsantinoqo@theguardian.com,Male,Ireland,-6.2633149,53.377533
962,Richardo,Kevlin,rkevlinqp@army.mil,Male,Ireland,-6.5899765,52.176031
963,Hally,Streatfield,hstreatfieldqq@tmall.com,Female,Ireland,-6.1406578,53.2886387
964,Crysta,Servis,cservisqr@archive.org,Agender,Ireland,-6.1157412,53.2774963
965,Lucho,Mottram,lmottramqs@deliciousdays.com,Male,Ireland,-7.888894,52.516323
966,Decca,Cassar,dcassarqt@webnode.com,Male,Ireland,-6.67045,53.213319
967,Kandace,Smurfit,ksmurfitqu@marriott.com,Female,Ireland,-6.2071246,53.4562426
968,Maurits,Twitching,mtwitchingqv@mayoclinic.com,Male,Ireland,-6.1136478,53.2121335
969,Dela,Sammars,dsammarsqw@state.tx.us,Female,Ireland,-6.133718,53.291512
970,Rudolf,Willoughley,rwilloughleyqx@who.int,Male,Ireland,-6.3660863,53.2874153
971,Abba,Clavering,aclaveringqy@techcrunch.com,Male,Ireland,-8.5171384,51.876873
972,Reyna,Emmett,remmettqz@comcast.net,Female,Ireland,-6.4496384,53.3582341
973,Ronnica,Licas,rlicasr0@webnode.com,Female,Ireland,-6.1191333,53.1915379
974,Price,Rayworth,prayworthr1@de.vu,Male,Ireland,-9.7850991,52.1058991
975,Legra,Chittenden,lchittendenr2@tiny.cc,Female,Ireland,-8.2215941,53.0917381
976,Rhodia,Clemenzi,rclemenzir3@simplemachines.org,Genderqueer,Ireland,-8.5171384,51.876873
977,Lib,Labrone,llabroner4@dell.com,Female,Ireland,-8.2969737,53.9735591
978,Lodovico,Fortye,lfortyer5@google.fr,Genderfluid,Ireland,-7.0833118,52.2413206
979,Alis,Beven,abevenr6@latimes.com,Female,Ireland,-7.518792,53.284466
980,Laurella,Kintish,lkintishr7@hhs.gov,Female,Ireland,-6.124065,53.231395
981,Rana,Neeves,rneevesr8@tripadvisor.com,Female,Ireland,-6.5853664,53.378253
982,Mitchell,Dudill,mdudillr9@bluehost.com,Male,Ireland,-8.298942,51.848898
983,Linoel,Bernardin,lbernardinra@ucla.edu,Male,Ireland,-6.3539424,53.3666338
984,Moss,Blowick,mblowickrb@networksolutions.com,Male,Ireland,-8.4824714,51.8862378
985,Chicky,Braban,cbrabanrc@newsvine.com,Genderfluid,Ireland,-8.2755058,52.2627273
986,Raeann,Siddle,rsiddlerd@samsung.com,Agender,Ireland,-8.2001004,52.86326
987,Vachel,Aireton,vairetonre@biglobe.ne.jp,Male,Ireland,-6.6633404,53.2492381
988,Mildred,Veronique,mveroniquerf@gnu.org,Female,Ireland,-8.2001004,52.86326
989,Cynthea,Gandey,cgandeyrg@upenn.edu,Female,Ireland,-6.1822287,53.3788495
990,Lucina,Goligher,lgoligherrh@mit.edu,Female,Ireland,-8.9480659,53.940892
991,Myra,Giacubo,mgiacubori@nps.gov,Bigender,Ireland,-8.1722002,54.3051891
992,Donnell,Twelftree,dtwelftreerj@blog.com,Genderfluid,Ireland,-6.163027,53.2339841
993,Wilhelm,Naish,wnaishrk@multiply.com,Male,Ireland,-9.159604,53.302644
994,Leelah,Cornwell,lcornwellrl@wufoo.com,Female,Ireland,-6.2340942,53.2993199
995,Olvan,Larmet,olarmetrm@google.com,Male,Ireland,-6.3077823,53.3655256
996,Gothart,Trawin,gtrawinrn@163.com,Male,Ireland,-6.1920933,53.3916434
997,Madelyn,Goshawk,mgoshawkro@tumblr.com,Genderqueer,Ireland,-8.5070436,54.2109904
998,Florry,Taillard,ftaillardrp@trellian.com,Female,Ireland,-6.9692181,52.7009338
999,Kimberli,Prothero,kprotherorq@google.ca,Female,Ireland,-8.642661,52.1361219
1000,Brooks,Walewicz,bwalewiczrr@so-net.ne.jp,Male,Ireland,-9.4851741,52.4460804
