id,first_name,last_name,email,gender,country,lon,lat
1,Dylan,Strickler,dstrickler0@constantcontact.com,Male,Ireland,-6.590926,53.1936864
2,Caz,Shadbolt,cshadbolt1@tripod.com,Male,Ireland,-6.1072403,53.2780047
3,Oneida,Alfonsetti,oalfonsetti2@hexun.com,Female,Ireland,-7.1111732,52.2513095
4,Meghann,Sollett,msollett3@cam.ac.uk,Female,Ireland,-6.176659,53.4487975
5,Livvyy,Timbridge,ltimbridge4@sourceforge.net,Female,Ireland,-8.9949917,53.8533151
6,Andie,Westcot,awestcot5@360.cn,Female,Ireland,-6.139018,53.171935
7,Tallulah,Voss,tvoss6@newyorker.com,Female,Ireland,-6.251714,53.3169419
8,Linnell,Oakey,loakey7@xrea.com,Female,Ireland,-7.2979911,53.6785169
9,Ferne,Crosseland,fcrosseland8@gravatar.com,Female,Ireland,-6.2387374,53.3141205
10,Had,Glidden,hglidden9@tinypic.com,Male,Ireland,-8.1722002,54.3051891
11,Banky,Bruyns,bbruynsa@tiny.cc,Male,Ireland,-7.5011999,53.776647
12,Misty,Delmage,mdelmageb@vistaprint.com,Female,Ireland,-8.9342111,52.182304
13,Denys,Maior,dmaiorc@bloomberg.com,Female,Ireland,-8.3545704,52.5593605
14,Chantal,Pinks,cpinksd@4shared.com,Female,Ireland,-6.9898366,53.2265199
15,Jeff,Plummer,jplummere@creativecommons.org,Male,Ireland,-8.7683674,53.7942932
16,Andriana,Bourchier,abourchierf@hhs.gov,Female,Ireland,-6.2755912,53.3500473
17,Joaquin,Bonehill,jbonehillg@symantec.com,Male,Ireland,-6.3422325,53.719155
18,Mattie,Babcock,mbabcockh@who.int,Male,Ireland,-6.2324705,53.3177535
19,Mychal,Denisyev,mdenisyevi@redcross.org,Male,Ireland,-8.4523258,51.880525
20,Linea,Jepperson,ljeppersonj@webs.com,Female,Ireland,-6.3539424,53.3666338
21,Constantine,Milington,cmilingtonk@rambler.ru,Genderfluid,Ireland,-8.5047067,51.8830697
22,Dag,Greep,dgreepl@wired.com,Male,Ireland,-7.74208,54.70972
23,Tildie,Costy,tcostym@businesswire.com,Female,Ireland,-10.0320886,54.2223118
24,Bernhard,Ealden,bealdenn@canalblog.com,Male,Ireland,-6.139018,53.171935
25,Adelheid,Corrington,acorringtono@nature.com,Female,Ireland,-6.3539424,53.3666338
26,Jsandye,Rasell,jrasellp@unicef.org,Agender,Ireland,-6.139018,53.171935
27,Kelbee,Polden,kpoldenq@yellowbook.com,Male,Ireland,-8.2817353,54.4771768
28,Serge,Rome,sromer@geocities.com,Male,Ireland,-8.5054897,52.7107501
29,Vally,L'Hommeau,vlhommeaus@va.gov,Female,Ireland,-6.1942058,53.3604483
30,Guy,Dalziell,gdalziellt@gmpg.org,Male,Ireland,-6.5924609,53.2482376
31,Mia,Breen,mbreenu@mayoclinic.com,Female,Ireland,-8.83565,53.49417
32,Evyn,Boorman,eboormanv@liveinternet.ru,Male,Ireland,-7.7655701,53.5650926
33,Shelagh,Tubb,stubbw@europa.eu,Female,Ireland,-6.5899765,52.176031
34,Orland,Bretton,obrettonx@ustream.tv,Male,Ireland,-6.1942058,53.3604483
35,Giffy,Bauldry,gbauldryy@marriott.com,Male,Ireland,-8.1722173,51.9138694
36,Tobin,McLewd,tmclewdz@jalbum.net,Male,Ireland,-8.5054897,52.7107501
37,Martino,Cornilleau,mcornilleau10@yandex.ru,Male,Ireland,-7.8004329,53.7283566
38,Yetty,McGrill,ymcgrill11@dmoz.org,Non-binary,Ireland,-8.1722002,54.3051891
39,Abey,Evamy,aevamy12@goodreads.com,Male,Ireland,-7.74208,54.70972
40,Alayne,Marunchak,amarunchak13@mashable.com,Female,Ireland,-6.0690645,53.1257486
41,Tiebout,Boumphrey,tboumphrey14@liveinternet.ru,Male,Ireland,-8.4627451,54.25645
42,Onfre,Lytle,olytle15@java.com,Male,Ireland,-6.1349155,53.5834008
43,Antonio,Goldring,agoldring16@bizjournals.com,Male,Ireland,-6.2890702,53.3201497
44,Rudolfo,Pontain,rpontain17@admin.ch,Male,Ireland,-7.9139891,53.0949398
45,Magdalene,Edsell,medsell18@gmpg.org,Female,Ireland,-8.4784945,51.8815586
46,Dorelle,Gullefant,dgullefant19@cornell.edu,Female,Ireland,-6.1544115,53.4855448
47,Ninetta,Hassey,nhassey1a@issuu.com,Female,Ireland,-6.1215213,53.2724538
48,Charline,Leat,cleat1b@cocolog-nifty.com,Female,Ireland,-8.83565,53.49417
49,Bridie,Broom,bbroom1c@fema.gov,Female,Ireland,-8.334953,51.8610022
50,Jo-ann,Hane,jhane1d@wordpress.com,Female,Ireland,-6.0704904,53.1286984
51,Patience,Giacobo,pgiacobo1e@yolasite.com,Female,Ireland,-7.086877,53.8363325
52,Aleece,Nutbrown,anutbrown1f@yale.edu,Female,Ireland,-6.3506335,53.2911347
53,Gale,Rabier,grabier1g@aol.com,Female,Ireland,-8.3545704,52.5593605
54,Odella,Berthod,oberthod1h@cam.ac.uk,Female,Ireland,-6.0690645,53.1257486
55,Isac,Orange,iorange1i@w3.org,Male,Ireland,-6.1406578,53.2886387
56,Caddric,Crohan,ccrohan1j@apache.org,Male,Ireland,-6.2057463,53.3870149
57,Felic,Brameld,fbrameld1k@weibo.com,Polygender,Ireland,-6.7515223,53.2888321
58,Harmonia,MacAllen,hmacallen1l@npr.org,Female,Ireland,-6.2057463,53.3870149
59,Nettie,Crooks,ncrooks1m@xinhuanet.com,Female,Ireland,-9.5003786,52.4458588
60,Simonne,Munden,smunden1n@ehow.com,Female,Ireland,-6.590926,53.1936864
61,Shelby,Fairfull,sfairfull1o@skype.com,Male,Ireland,-8.5946591,54.632283
62,Innis,Hens,ihens1p@vimeo.com,Genderqueer,Ireland,-6.473025,54.0086093
63,Mariya,Reeder,mreeder1q@printfriendly.com,Female,Ireland,-6.3422325,53.719155
64,Edlin,Doudny,edoudny1r@w3.org,Male,Ireland,-8.2001004,52.86326
65,Giffie,Wadsworth,gwadsworth1s@tmall.com,Male,Ireland,-6.2057463,53.3870149
66,Daniel,Wedderburn,dwedderburn1t@tripod.com,Male,Ireland,-7.2584,52.655184
67,Niall,Trevethan,ntrevethan1u@lulu.com,Male,Ireland,-7.8434254,51.949401
68,Cristiano,Jentgens,cjentgens1v@vk.com,Male,Ireland,-6.4008792,53.9215606
69,Noni,Wethered,nwethered1w@comsenz.com,Female,Ireland,-7.7655701,53.5650926
70,Jedidiah,Maruszewski,jmaruszewski1x@addthis.com,Male,Ireland,-6.2508196,53.2866372
71,Tanny,Causey,tcausey1y@shinystat.com,Male,Ireland,-6.1544115,53.4855448
72,Olivero,Euler,oeuler1z@istockphoto.com,Male,Ireland,-6.2429997,53.7902634
73,Gasparo,Enden,genden20@youtu.be,Male,Ireland,-6.1072403,53.2780047
74,Scotty,Flew,sflew21@blogtalkradio.com,Male,Ireland,-8.5111664,51.8858819
75,Raimund,Marvell,rmarvell22@sciencedirect.com,Male,Ireland,-7.606287,53.6972399
76,Gradey,Frantzeni,gfrantzeni23@360.cn,Male,Ireland,-9.1327273,53.806868
77,Maegan,Ceeley,mceeley24@is.gd,Female,Ireland,-6.5853664,53.378253
78,Bambie,Dinnis,bdinnis25@comcast.net,Female,Ireland,-8.9949917,53.8533151
79,Kizzie,Symers,ksymers26@usnews.com,Female,Ireland,-7.0943023,54.2694844
80,Hartwell,Layland,hlayland27@hibu.com,Genderfluid,Ireland,-8.9775014,52.8314927
81,Abran,Brockett,abrockett28@opensource.org,Male,Ireland,-80.7087609,35.7797381
82,Urbanus,Scarce,uscarce29@multiply.com,Genderfluid,Ireland,-8.2969737,53.9735591
83,Laurene,MacBain,lmacbain2a@freewebs.com,Female,Ireland,-8.4824714,51.8862378
84,Celestine,Laverick,claverick2b@engadget.com,Female,Ireland,-9.1097137,53.2582868
85,Emory,Itzakson,eitzakson2c@squarespace.com,Male,Ireland,-6.1884248,53.5879156
86,Manon,Asty,masty2d@reuters.com,Female,Ireland,-7.9139891,53.0949398
87,Homer,Littlejohn,hlittlejohn2e@google.cn,Male,Ireland,-8.958931,51.904635
88,Marsha,Braden,mbraden2f@homestead.com,Female,Ireland,-8.9342111,52.182304
89,Gennie,Pryor,gpryor2g@devhub.com,Female,Ireland,-8.4242597,51.8910459
90,Saunders,Daye,sdaye2h@latimes.com,Male,Ireland,-8.4824714,51.8862378
91,Charmian,Siviour,csiviour2i@pcworld.com,Female,Ireland,-7.9428197,53.4231032
92,Cirillo,Heakins,cheakins2j@mayoclinic.com,Male,Ireland,-7.086877,53.8363325
93,Emmie,Andrzej,eandrzej2k@epa.gov,Female,Ireland,-9.448724,51.680591
94,Brand,Coxhead,bcoxhead2l@photobucket.com,Male,Ireland,-7.8434254,51.949401
95,Stacy,Sellars,ssellars2m@sphinn.com,Female,Ireland,-7.0833118,52.2413206
96,Eustace,Madden,emadden2n@csmonitor.com,Male,Ireland,-6.1822287,53.3788495
97,Sybille,Trahar,strahar2o@hubpages.com,Female,Ireland,-6.2057463,53.3870149
98,Magdalen,Poundesford,mpoundesford2p@imdb.com,Female,Ireland,-6.5853664,53.378253
99,El,Poulsen,epoulsen2q@qq.com,Male,Ireland,-7.5011999,53.776647
100,Rickey,Braundt,rbraundt2r@techcrunch.com,Male,Ireland,-7.086877,53.8363325
101,Osbert,Papis,opapis2s@japanpost.jp,Male,Ireland,-6.4887534,53.3653866
102,Hakim,Jaquest,hjaquest2t@dion.ne.jp,Male,Ireland,-6.1406578,53.2886387
103,Caleb,Lafee,clafee2u@howstuffworks.com,Male,Ireland,-6.2340942,53.2993199
104,Elvyn,Lyford,elyford2v@wufoo.com,Male,Ireland,-8.259128,51.908209
105,Eleanora,Eslemont,eeslemont2w@wikia.com,Female,Ireland,-6.9711886,53.916791
106,Pammi,Jirus,pjirus2x@answers.com,Female,Ireland,-8.4784945,51.8815586
107,Brooks,Fearfull,bfearfull2y@myspace.com,Female,Ireland,-8.5176583,51.8863277
108,Heloise,Laverack,hlaverack2z@craigslist.org,Female,Ireland,-8.4523258,51.880525
109,Vinson,Bearman,vbearman30@dion.ne.jp,Male,Ireland,-7.8004329,53.7283566
110,Charla,Lyddy,clyddy31@amazon.co.jp,Female,Ireland,-6.3695384,53.3734053
111,Marlo,Shearstone,mshearstone32@ibm.com,Male,Ireland,-8.2001004,52.86326
112,Gennie,Atger,gatger33@usda.gov,Female,Ireland,-8.3929404,51.8113447
113,Drusie,Burnside,dburnside34@nifty.com,Female,Ireland,-6.251714,53.3169419
114,Husain,Coulman,hcoulman35@sfgate.com,Male,Ireland,-6.1603828,53.2599034
115,Timmy,Gland,tgland36@alibaba.com,Male,Ireland,-8.05,51.9166667
116,Tadeo,Giffaut,tgiffaut37@boston.com,Male,Ireland,-6.9898366,53.2265199
117,Josephina,Mullaney,jmullaney38@bluehost.com,Female,Ireland,-6.4671298,53.5050031
118,Nicky,Shildrick,nshildrick39@plala.or.jp,Polygender,Ireland,-6.4008792,53.9215606
119,Meagan,Slack,mslack3a@elegantthemes.com,Female,Ireland,-6.4496384,53.3582341
120,Ted,De Haven,tdehaven3b@last.fm,Male,Ireland,-7.7655701,53.5650926
121,Rodolph,Stiggles,rstiggles3c@adobe.com,Male,Ireland,-8.1722173,51.9138694
122,Aloysia,Radenhurst,aradenhurst3d@over-blog.com,Female,Ireland,-7.185387,53.158984
123,Tyrus,Adame,tadame3e@godaddy.com,Male,Ireland,-6.2057463,53.3870149
124,Peta,Shiels,pshiels3f@nydailynews.com,Female,Ireland,-6.2152673,53.3323703
125,Rainer,Megany,rmegany3g@pcworld.com,Male,Ireland,-7.8004329,53.7283566
126,Eal,Coot,ecoot3h@omniture.com,Male,Ireland,-6.264963,53.3897152
127,Gypsy,Veschambes,gveschambes3i@utexas.edu,Female,Ireland,-7.5717688,52.1045472
128,Sansone,Zanettini,szanettini3j@networkadvertising.org,Male,Ireland,-7.5717688,52.1045472
129,Taylor,Trace,ttrace3k@springer.com,Male,Ireland,-6.1191333,53.1915379
130,Garvy,Dowbekin,gdowbekin3l@shop-pro.jp,Male,Ireland,-7.1111732,52.2513095
131,Rossie,Stevens,rstevens3m@shinystat.com,Male,Ireland,-10.0320886,54.2223118
132,Frasquito,Northern,fnorthern3n@vistaprint.com,Male,Ireland,-6.4496384,53.3582341
133,Ravid,Fawthrop,rfawthrop3o@php.net,Male,Ireland,-7.2314132,54.1794814
134,Conrad,Tippell,ctippell3p@plala.or.jp,Male,Ireland,-9.5003786,52.4458588
135,Waylon,Burnhill,wburnhill3q@shutterfly.com,Male,Ireland,-6.3219759,53.2976886
136,Charleen,Owers,cowers3r@google.nl,Female,Ireland,-8.8562835,53.510243
137,Guglielmo,Sentinella,gsentinella3s@umn.edu,Male,Ireland,-9.7359765,54.1433253
138,Saxe,McEachern,smceachern3t@answers.com,Male,Ireland,-6.4241156,53.7369009
139,Giana,McKerton,gmckerton3u@samsung.com,Genderqueer,Ireland,-8.298942,51.848898
140,Lindsey,Larrosa,llarrosa3v@ca.gov,Female,Ireland,-6.313755,53.366736
141,Mayne,Patise,mpatise3w@squidoo.com,Male,Ireland,-8.83565,53.49417
142,Edie,Hagland,ehagland3x@ycombinator.com,Female,Ireland,-8.445614,51.8885086
143,Kenton,Baudains,kbaudains3y@senate.gov,Male,Ireland,-7.606287,53.6972399
144,Everett,Poundford,epoundford3z@chronoengine.com,Genderfluid,Ireland,-6.1942058,53.3604483
145,Dareen,Brogan,dbrogan40@newyorker.com,Female,Ireland,-6.4202878,54.0026343
146,Erny,Wingeat,ewingeat41@hhs.gov,Male,Ireland,-6.9692181,52.7009338
147,Eugenio,Abramino,eabramino42@narod.ru,Male,Ireland,-7.2584,52.655184
148,Darcy,Rothera,drothera43@oakley.com,Female,Ireland,-6.2324705,53.3177535
149,Rog,Stilgo,rstilgo44@simplemachines.org,Male,Ireland,-9.5003786,52.4458588
150,Yelena,Toe,ytoe45@huffingtonpost.com,Female,Ireland,-8.5369154,52.6681994
151,Clarabelle,Wye,cwye46@uiuc.edu,Female,Ireland,-6.308522,52.665267
152,Jakie,Ruspine,jruspine47@cbc.ca,Polygender,Ireland,-6.391149,53.8996586
153,Reinwald,McLese,rmclese48@youku.com,Male,Ireland,-8.445614,51.8885086
154,Berenice,Samett,bsamett49@webs.com,Female,Ireland,-9.0248232,53.2760162
155,Tallou,McElwee,tmcelwee4a@wisc.edu,Female,Ireland,-6.2324705,53.3177535
156,Lissy,Trotter,ltrotter4b@army.mil,Bigender,Ireland,-8.6340751,52.6638144
157,Brenn,Ribbens,bribbens4c@gravatar.com,Female,Ireland,-6.308522,52.665267
158,Rodolph,Scawton,rscawton4d@telegraph.co.uk,Male,Ireland,-8.5171384,51.876873
159,Syman,Hillatt,shillatt4e@miitbeian.gov.cn,Male,Ireland,-6.3025448,53.6920618
160,Axe,Attree,aattree4f@businesswire.com,Male,Ireland,-6.2508196,53.2866372
161,Osmond,Sposito,osposito4g@php.net,Male,Ireland,-7.297914,54.026345
162,Cece,Millichap,cmillichap4h@marketwatch.com,Male,Ireland,-6.1544115,53.4855448
163,Bridgette,Rulf,brulf4i@posterous.com,Female,Ireland,-8.5369154,52.6681994
164,Hurlee,Dzenisenka,hdzenisenka4j@comcast.net,Male,Ireland,-6.3660863,53.2874153
165,Ilka,Philo,iphilo4k@wsj.com,Genderfluid,Ireland,-7.2584,52.655184
166,Justis,Goss,jgoss4l@foxnews.com,Male,Ireland,-8.3929404,51.8113447
167,Garfield,Labuschagne,glabuschagne4m@t-online.de,Male,Ireland,-8.958931,51.904635
168,Hollie,Jovanovic,hjovanovic4n@hao123.com,Female,Ireland,-7.5717688,52.1045472
169,Torey,Angell,tangell4o@cisco.com,Male,Ireland,-6.4671298,53.5050031
170,Tandy,Bifield,tbifield4p@yolasite.com,Female,Ireland,-9.0288689,53.2737147
171,Georgiana,Chappell,gchappell4q@sciencedirect.com,Female,Ireland,-8.4824714,51.8862378
172,Myca,Parkyn,mparkyn4r@jugem.jp,Male,Ireland,-7.2584,52.655184
173,Cindee,Weddup,cweddup4s@elegantthemes.com,Female,Ireland,-9.0288689,53.2737147
174,Ladonna,Ashtonhurst,lashtonhurst4t@toplist.cz,Female,Ireland,-6.1136478,53.2121335
175,Esme,Dargue,edargue4u@so-net.ne.jp,Female,Ireland,-6.308522,52.665267
176,Miquela,Milsom,mmilsom4v@yale.edu,Female,Ireland,-6.9692181,52.7009338
177,Nichols,McQuorkel,nmcquorkel4w@e-recht24.de,Male,Ireland,-6.2340942,53.2993199
178,Alejandro,Dudman,adudman4x@boston.com,Polygender,Ireland,-6.1349155,53.5834008
179,Torey,Vieyra,tvieyra4y@g.co,Male,Ireland,-6.3422325,53.719155
180,Brucie,Reach,breach4z@addtoany.com,Male,Ireland,-9.0248232,53.2760162
181,Rania,Pieter,rpieter50@umich.edu,Female,Ireland,-6.1479779,53.450694
182,Daisey,Trent,dtrent51@ow.ly,Female,Ireland,-6.2071246,53.4562426
183,Tabbie,Hedge,thedge52@digg.com,Female,Ireland,-6.2611953,53.3881832
184,Benson,Battlestone,bbattlestone53@typepad.com,Male,Ireland,-6.5853664,53.378253
185,Candie,Posselt,cposselt54@sina.com.cn,Female,Ireland,-8.334953,51.8610022
186,Abby,Crock,acrock55@e-recht24.de,Female,Ireland,-9.1327273,53.806868
187,Nanon,Merkel,nmerkel56@ycombinator.com,Female,Ireland,-8.2215941,53.0917381
188,Josefa,Wedderburn,jwedderburn57@nps.gov,Female,Ireland,-6.9692181,52.7009338
189,Danie,Osipenko,dosipenko58@kickstarter.com,Male,Ireland,-7.9027266,53.4148582
190,Kris,Overland,koverland59@over-blog.com,Male,Ireland,-6.2892907,53.310122
191,Morgen,Eefting,meefting5a@yellowpages.com,Female,Ireland,-7.0625888,53.1387595
192,Eb,Udden,eudden5b@homestead.com,Male,Ireland,-7.0625888,53.1387595
193,Cathi,Absolon,cabsolon5c@smugmug.com,Female,Ireland,-7.9139891,53.0949398
194,Letta,Greswell,lgreswell5d@weibo.com,Female,Ireland,-9.7850991,52.1058991
195,Federica,Gayton,fgayton5e@pagesperso-orange.fr,Female,Ireland,-9.448724,51.680591
196,Elyse,Duns,eduns5f@craigslist.org,Female,Ireland,-7.2314132,54.1794814
197,Trev,Brandolini,tbrandolini5g@shinystat.com,Male,Ireland,-7.1111732,52.2513095
198,Karl,Ovize,kovize5h@umich.edu,Male,Ireland,-7.888894,52.516323
199,Vaughn,Jowett,vjowett5i@vimeo.com,Male,Ireland,-7.7655701,53.5650926
200,Vale,Perigo,vperigo5j@ox.ac.uk,Female,Ireland,-6.264963,53.3897152
201,Gunther,Pleasance,gpleasance5k@g.co,Male,Ireland,-7.086877,53.8363325
202,Zach,Hinder,zhinder5l@sciencedirect.com,Polygender,Ireland,-8.1722173,51.9138694
203,Moise,Laurenson,mlaurenson5m@redcross.org,Male,Ireland,-8.4627451,54.25645
204,Roseanne,Spikins,rspikins5n@dyndns.org,Female,Ireland,-8.2969737,53.9735591
205,Stefan,Brigstock,sbrigstock5o@baidu.com,Male,Ireland,-8.2969737,53.9735591
206,Ilyse,Bagnold,ibagnold5p@cafepress.com,Female,Ireland,-8.9342111,52.182304
207,Dani,Litel,dlitel5q@liveinternet.ru,Male,Ireland,-6.1215213,53.2724538
208,Wright,Frensch,wfrensch5r@imageshack.us,Male,Ireland,-7.0625888,53.1387595
209,Maurice,Pauleau,mpauleau5s@blinklist.com,Male,Ireland,-6.1942058,53.3604483
210,Nedda,Clerc,nclerc5t@ucoz.com,Female,Ireland,-6.473025,54.0086093
211,Adoree,Ashton,aashton5u@redcross.org,Female,Ireland,-6.308522,52.665267
212,Zachariah,McCuis,zmccuis5v@spiegel.de,Male,Ireland,-6.4671298,53.5050031
213,Seth,Noar,snoar5w@diigo.com,Male,Ireland,-6.2890702,53.3201497
214,Benedikt,Craine,bcraine5x@meetup.com,Non-binary,Ireland,-7.8434254,51.949401
215,Chloe,Sibbet,csibbet5y@go.com,Agender,Ireland,-6.4008792,53.9215606
216,Nels,Sugars,nsugars5z@state.gov,Male,Ireland,-8.4824714,51.8862378
217,Vanessa,Birdseye,vbirdseye60@biglobe.ne.jp,Female,Ireland,-6.1644997,53.4266145
218,Alvina,Manssuer,amanssuer61@macromedia.com,Female,Ireland,-6.1820563,53.3786861
219,Dev,Fadden,dfadden62@npr.org,Male,Ireland,-6.3506335,53.2911347
220,Lennie,McGrey,lmcgrey63@sciencedirect.com,Male,Ireland,-6.7449927,53.1310185
221,Steven,Broomfield,sbroomfield64@utexas.edu,Male,Ireland,-6.6633404,53.2492381
222,Montgomery,Synke,msynke65@macromedia.com,Male,Ireland,-6.5899765,52.176031
223,Sid,Willets,swillets66@networkadvertising.org,Male,Ireland,-6.2340942,53.2993199
224,Florina,Francesch,ffrancesch67@bloglovin.com,Polygender,Ireland,-8.9775014,52.8314927
225,Samara,Cassey,scassey68@chron.com,Female,Ireland,-6.336393,53.3122864
226,Homere,Basindale,hbasindale69@tmall.com,Male,Ireland,-6.5899765,52.176031
227,Sig,Lorrie,slorrie6a@huffingtonpost.com,Genderqueer,Ireland,-6.1011147,53.2000455
228,Krystalle,Marte,kmarte6b@sourceforge.net,Female,Ireland,-6.139018,53.171935
229,Gaspard,Jadczak,gjadczak6c@tinyurl.com,Male,Ireland,-6.2611953,53.3881832
230,Larine,Spaduzza,lspaduzza6d@hhs.gov,Female,Ireland,-8.3929404,51.8113447
231,Cornie,Marke,cmarke6e@fotki.com,Male,Ireland,-8.9706844,52.6004448
232,Tom,Zanuciolii,tzanuciolii6f@alibaba.com,Male,Ireland,-7.8434254,51.949401
233,Dale,Minerdo,dminerdo6g@edublogs.org,Female,Ireland,-8.4627451,54.25645
234,Andrea,Kirley,akirley6h@shutterfly.com,Female,Ireland,-6.2892907,53.310122
235,Whitney,Greathead,wgreathead6i@wp.com,Bigender,Ireland,-6.1157412,53.2774963
236,Tarra,Erlam,terlam6j@howstuffworks.com,Genderfluid,Ireland,-6.4887534,53.3653866
237,Toma,Taft,ttaft6k@newsvine.com,Polygender,Ireland,-8.2969737,53.9735591
238,Arney,Martensen,amartensen6l@harvard.edu,Male,Ireland,-8.3545704,52.5593605
239,Steffi,Carne,scarne6m@webmd.com,Female,Ireland,-6.1644997,53.4266145
240,Rakel,Schlagman,rschlagman6n@miibeian.gov.cn,Female,Ireland,-6.9898366,53.2265199
241,Jada,Broadis,jbroadis6o@alexa.com,Female,Ireland,-6.473025,54.0086093
242,Grange,Zanussii,gzanussii6p@mapquest.com,Male,Ireland,-6.264963,53.3897152
243,Cindy,Pozzi,cpozzi6q@surveymonkey.com,Female,Ireland,-6.163027,53.2339841
244,Ashley,Hannan,ahannan6r@mozilla.com,Male,Ireland,-8.642661,52.1361219
245,Neil,Dulin,ndulin6s@usatoday.com,Male,Ireland,-6.0704904,53.1286984
246,Ellen,Pideon,epideon6t@shutterfly.com,Female,Ireland,-8.9775014,52.8314927
247,Lira,Fordy,lfordy6u@mediafire.com,Female,Ireland,-6.3048641,53.3284298
248,Ignatius,Moxson,imoxson6v@naver.com,Genderfluid,Ireland,-6.1349155,53.5834008
249,Lacy,Diggins,ldiggins6w@google.it,Bigender,Ireland,-8.2817353,54.4771768
250,Edouard,Domenichelli,edomenichelli6x@zdnet.com,Genderqueer,Ireland,-7.7655701,53.5650926
251,Maynard,Maskelyne,mmaskelyne6y@economist.com,Male,Ireland,-8.298942,51.848898
252,Bentley,Seine,bseine6z@ft.com,Male,Ireland,-7.086877,53.8363325
253,Stacy,Eaton,seaton70@nationalgeographic.com,Male,Ireland,-9.0248232,53.2760162
254,Leena,Mannering,lmannering71@stumbleupon.com,Female,Ireland,-6.374155,53.3223974
255,Mercy,Blowers,mblowers72@nifty.com,Female,Ireland,-6.3025448,53.6920618
256,Perle,McGiffin,pmcgiffin73@purevolume.com,Female,Ireland,-6.3695384,53.3734053
257,Bertie,Redhole,bredhole74@squidoo.com,Male,Ireland,-6.1535181,53.5220275
258,Gherardo,Matisse,gmatisse75@dot.gov,Male,Ireland,-6.2508196,53.2866372
259,Jarred,Abatelli,jabatelli76@cam.ac.uk,Male,Ireland,-6.2892907,53.310122
260,Clarabelle,Middlemiss,cmiddlemiss77@mail.ru,Female,Ireland,-8.8950821,52.7604883
261,Kennie,Corzon,kcorzon78@archive.org,Male,Ireland,-6.4671298,53.5050031
262,Kurt,Houliston,khouliston79@hc360.com,Male,Ireland,-6.3695384,53.3734053
263,Bancroft,Shelliday,bshelliday7a@topsy.com,Male,Ireland,-7.2979911,53.6785169
264,Heddi,Kunkler,hkunkler7b@washington.edu,Female,Ireland,-8.4784945,51.8815586
265,Tabina,Ballister,tballister7c@unesco.org,Agender,Ireland,-6.5853664,53.378253
266,Murdock,Picheford,mpicheford7d@wiley.com,Genderfluid,Ireland,-7.9428197,53.4231032
267,Franz,Gold,fgold7e@bloglovin.com,Male,Ireland,-8.8950821,52.7604883
268,Hiram,Domange,hdomange7f@gov.uk,Genderfluid,Ireland,-8.298942,51.848898
269,Huntley,Milliere,hmilliere7g@wisc.edu,Male,Ireland,-6.336393,53.3122864
270,Lee,Olney,lolney7h@yolasite.com,Male,Ireland,-6.5028415,53.3806398
271,Niki,Ferro,nferro7i@jugem.jp,Male,Ireland,-9.159604,53.302644
272,Shaina,Unsworth,sunsworth7j@opensource.org,Female,Ireland,-8.9342111,52.182304
273,Sax,Jouhandeau,sjouhandeau7k@youku.com,Male,Ireland,-6.1920933,53.3916434
274,Lynne,Greensted,lgreensted7l@cnn.com,Female,Ireland,-8.5047067,51.8830697
275,Cookie,MacAloren,cmacaloren7m@rambler.ru,Female,Ireland,-6.5899765,52.176031
276,Winny,Hickford,whickford7n@livejournal.com,Male,Ireland,-6.0690645,53.1257486
277,Kimberly,Bonifas,kbonifas7o@whitehouse.gov,Female,Ireland,-6.1820563,53.3786861
278,Lesley,Cussen,lcussen7p@godaddy.com,Male,Ireland,-7.145971,53.508326
279,Silva,Gillyatt,sgillyatt7q@cdc.gov,Female,Ireland,-6.2633149,53.377533
280,Angel,Duckwith,aduckwith7r@parallels.com,Female,Ireland,-80.7087609,35.7797381
281,Helene,Vaulkhard,hvaulkhard7s@geocities.jp,Female,Ireland,-8.489012,51.923707
282,Loutitia,Macer,lmacer7t@icq.com,Female,Ireland,-6.2057463,53.3870149
283,Susette,Leehane,sleehane7u@ameblo.jp,Female,Ireland,-8.5054897,52.7107501
284,Nata,MacGinley,nmacginley7v@amazon.co.uk,Female,Ireland,-6.1535181,53.5220275
285,Olly,Woodison,owoodison7w@github.io,Female,Ireland,-7.8004329,53.7283566
286,Luella,Stichall,lstichall7x@wikimedia.org,Female,Ireland,-6.2387374,53.3141205
287,Tobias,Hayller,thayller7y@themeforest.net,Male,Ireland,-6.1535181,53.5220275
288,Bobbi,Tatem,btatem7z@opera.com,Female,Ireland,-8.5946591,54.632283
289,Linus,Ayto,layto80@wunderground.com,Male,Ireland,-6.3077823,53.3655256
290,Trefor,Durdy,tdurdy81@mac.com,Male,Ireland,-7.8004329,53.7283566
291,Creight,Coppenhall,ccoppenhall82@flavors.me,Male,Ireland,-9.1097137,53.2582868
292,Isidor,Druett,idruett83@opera.com,Male,Ireland,-6.3048641,53.3284298
293,Brandise,Richin,brichin84@opera.com,Female,Ireland,-6.336393,53.3122864
294,Loleta,Shepland,lshepland85@miitbeian.gov.cn,Genderfluid,Ireland,-6.590926,53.1936864
295,Ulrike,Silveston,usilveston86@redcross.org,Female,Ireland,-9.7850991,52.1058991
296,Vite,Gawthorp,vgawthorp87@addtoany.com,Male,Ireland,-7.888894,52.516323
297,Clim,McIlvaney,cmcilvaney88@japanpost.jp,Genderfluid,Ireland,-6.2057463,53.3870149
298,Ronald,Nursey,rnursey89@blog.com,Male,Ireland,-6.590926,53.1936864
299,Cecily,Geldert,cgeldert8a@economist.com,Female,Ireland,-8.5070436,54.2109904
300,Maud,Pochet,mpochet8b@123-reg.co.uk,Female,Ireland,-8.9949917,53.8533151
301,Karyl,MacAindreis,kmacaindreis8c@zimbio.com,Female,Ireland,-6.1544115,53.4855448
302,Matthias,Fould,mfould8d@indiegogo.com,Male,Ireland,-6.4008792,53.9215606
303,Gradey,Androli,gandroli8e@jugem.jp,Male,Ireland,-6.64937,54.10269
304,Janifer,Sarson,jsarson8f@sphinn.com,Female,Ireland,-6.1097188,53.3895926
305,Bearnard,O' Shea,boshea8g@amazon.co.uk,Male,Ireland,-7.888894,52.516323
306,Carolyn,Partington,cpartington8h@yale.edu,Female,Ireland,-7.185387,53.158984
307,Feodora,Glowacha,fglowacha8i@flickr.com,Female,Ireland,-80.7087609,35.7797381
308,Flem,Johannes,fjohannes8j@wikipedia.org,Male,Ireland,-9.268589,51.549106
309,Ruthi,Feldmesser,rfeldmesser8k@behance.net,Female,Ireland,-6.3422325,53.719155
310,Emlen,Varian,evarian8l@scribd.com,Male,Ireland,-80.7087609,35.7797381
311,Kessia,Hryniewicki,khryniewicki8m@eventbrite.com,Female,Ireland,-8.5171384,51.876873
312,Rutherford,Coopman,rcoopman8n@youtube.com,Male,Ireland,-7.2584,52.655184
313,Hasty,Ansty,hansty8o@dailymotion.com,Male,Ireland,-8.1722002,54.3051891
314,Alli,Dawbury,adawbury8p@youku.com,Female,Ireland,-8.9949917,53.8533151
315,Andrew,Challes,achalles8q@stanford.edu,Male,Ireland,-6.133718,53.291512
316,Washington,Gerson,wgerson8r@feedburner.com,Male,Ireland,-6.9711886,53.916791
317,Killian,Rigate,krigate8s@nasa.gov,Male,Ireland,-6.1544115,53.4855448
318,Judon,Goose,jgoose8t@topsy.com,Male,Ireland,-8.298942,51.848898
319,Berk,Pedri,bpedri8u@icio.us,Male,Ireland,-9.151825,54.11215
320,Herta,Mennear,hmennear8v@scribd.com,Female,Ireland,-8.2001004,52.86326
321,Doy,Order,dorder8w@jimdo.com,Male,Ireland,-9.4904891,52.6396679
322,Brandtr,Cawston,bcawston8x@loc.gov,Male,Ireland,-6.2429997,53.7902634
323,Marcello,Mattin,mmattin8y@jugem.jp,Male,Ireland,-6.374155,53.3223974
324,Korney,Tabour,ktabour8z@linkedin.com,Female,Ireland,-6.1136478,53.2121335
325,Blinny,Meacher,bmeacher90@spotify.com,Bigender,Ireland,-6.374155,53.3223974
326,Lu,Marqyes,lmarqyes91@themeforest.net,Female,Ireland,-9.0288689,53.2737147
327,Rutter,Kinnerk,rkinnerk92@businessweek.com,Male,Ireland,-6.1349155,53.5834008
328,Amanda,Laslett,alaslett93@ucoz.ru,Female,Ireland,-7.185387,53.158984
329,Randi,Broady,rbroady94@pagesperso-orange.fr,Male,Ireland,-6.374155,53.3223974
330,Eldridge,Ranscome,eranscome95@toplist.cz,Male,Ireland,-6.1544115,53.4855448
331,Eachelle,Merriton,emerriton96@who.int,Female,Ireland,-6.7515223,53.2888321
332,Adair,Gianuzzi,agianuzzi97@wp.com,Male,Ireland,-7.9139891,53.0949398
333,Tarrah,Ivachyov,tivachyov98@msn.com,Female,Ireland,-7.888894,52.516323
334,Warren,Saice,wsaice99@nsw.gov.au,Male,Ireland,-6.1072403,53.2780047
335,Hersh,Harm,hharm9a@samsung.com,Male,Ireland,-7.74208,54.70972
336,Eberhard,Gowan,egowan9b@reddit.com,Polygender,Ireland,-8.9706844,52.6004448
337,Gillian,Cambell,gcambell9c@purevolume.com,Female,Ireland,-6.0704904,53.1286984
338,Bogey,Ravenscroft,bravenscroft9d@histats.com,Male,Ireland,-6.124065,53.231395
339,Lorry,Chatburn,lchatburn9e@odnoklassniki.ru,Female,Ireland,-7.9139891,53.0949398
340,Calley,Meaden,cmeaden9f@wsj.com,Female,Ireland,-6.2755912,53.3500473
341,Perry,Loadwick,ploadwick9g@php.net,Male,Ireland,-6.2554371,53.2767301
342,Jordanna,Rewbottom,jrewbottom9h@aol.com,Female,Ireland,-7.1297243,52.2509369
343,Margi,Crowch,mcrowch9i@fastcompany.com,Female,Ireland,-8.9949917,53.8533151
344,Abdul,Izard,aizard9j@google.it,Male,Ireland,-6.64937,54.10269
345,Ignaz,Ronchka,ironchka9k@histats.com,Male,Ireland,-7.606287,53.6972399
346,Duffie,McGrae,dmcgrae9l@elegantthemes.com,Male,Ireland,-9.1115941,51.7203863
347,Justina,Holley,jholley9m@jimdo.com,Genderfluid,Ireland,-6.0690645,53.1257486
348,Beret,Copelli,bcopelli9n@scribd.com,Female,Ireland,-6.2057463,53.3870149
349,Eleni,Wasbey,ewasbey9o@1688.com,Female,Ireland,-9.268589,51.549106
350,Gabie,Hiscoke,ghiscoke9p@lulu.com,Female,Ireland,-8.2817353,54.4771768
351,Gerty,Galliver,ggalliver9q@unesco.org,Female,Ireland,-8.9706844,52.6004448
352,Laural,Trevillion,ltrevillion9r@redcross.org,Female,Ireland,-6.1822287,53.3788495
353,Neely,Kintzel,nkintzel9s@zdnet.com,Female,Ireland,-8.4977746,51.8895954
354,Karina,Clemencon,kclemencon9t@google.es,Female,Ireland,-8.259128,51.908209
355,Rice,Cluely,rcluely9u@disqus.com,Male,Ireland,-6.4241156,53.7369009
356,Annemarie,Wintle,awintle9v@nps.gov,Agender,Ireland,-7.269174,55.0650892
357,Kiah,Antoinet,kantoinet9w@stanford.edu,Genderqueer,Ireland,-6.176659,53.4487975
358,Goober,Cordon,gcordon9x@cnn.com,Male,Ireland,-8.259128,51.908209
359,Alaine,Dunton,adunton9y@digg.com,Genderqueer,Ireland,-6.5853664,53.378253
360,Magdaia,Shedden,mshedden9z@fc2.com,Female,Ireland,-6.1011147,53.2000455
361,Gwenneth,Cadalleder,gcadalledera0@sphinn.com,Female,Ireland,-8.9775014,52.8314927
362,Eran,McBean,emcbeana1@howstuffworks.com,Polygender,Ireland,-6.1535181,53.5220275
363,Rickard,Murdy,rmurdya2@a8.net,Male,Ireland,-7.8434254,51.949401
364,Karney,Lightbody,klightbodya3@constantcontact.com,Male,Ireland,-6.1942058,53.3604483
365,Neddie,Mandrey,nmandreya4@spotify.com,Male,Ireland,-7.086877,53.8363325
366,Leontyne,Mannion,lmanniona5@cdc.gov,Female,Ireland,-9.1115941,51.7203863
367,Shalom,Rowbury,srowburya6@bing.com,Agender,Ireland,-6.0690645,53.1257486
368,Murry,Billanie,mbillaniea7@eventbrite.com,Male,Ireland,-6.163027,53.2339841
369,Marjorie,Belasco,mbelascoa8@eepurl.com,Female,Ireland,-6.3048641,53.3284298
370,Friedrick,Pietrasik,fpietrasika9@mapquest.com,Male,Ireland,-6.3077823,53.3655256
371,Forrester,Barsham,fbarshamaa@technorati.com,Male,Ireland,-6.1349155,53.5834008
372,Walton,Gamell,wgamellab@army.mil,Male,Ireland,-6.5853664,53.378253
373,Zondra,Heyworth,zheyworthac@google.co.uk,Female,Ireland,-8.5171384,51.876873
374,Michale,Baffin,mbaffinad@earthlink.net,Male,Ireland,-6.1884248,53.5879156
375,Phyllys,Blackstock,pblackstockae@feedburner.com,Female,Ireland,-6.2057463,53.3870149
376,Melanie,Roberto,mrobertoaf@yandex.ru,Female,Ireland,-7.145971,53.508326
377,Robinet,Perree,rperreeag@ftc.gov,Male,Ireland,-6.1942058,53.3604483
378,Annora,Blackie,ablackieah@fastcompany.com,Female,Ireland,-8.5946591,54.632283
379,Brita,Murty,bmurtyai@ovh.net,Female,Ireland,-6.7449927,53.1310185
380,Aguie,Walesby,awalesbyaj@house.gov,Male,Ireland,-6.590926,53.1936864
381,Thornie,Allonby,tallonbyak@bravesites.com,Male,Ireland,-6.336393,53.3122864
382,Jaymie,Langhorne,jlanghorneal@desdev.cn,Male,Ireland,-7.9139891,53.0949398
383,Sergei,Summerlee,ssummerleeam@samsung.com,Male,Ireland,-8.83565,53.49417
384,Kylie,Ivins,kivinsan@amazonaws.com,Male,Ireland,-6.5924609,53.2482376
385,Chrysler,Cropper,ccropperao@foxnews.com,Female,Ireland,-80.7087609,35.7797381
386,Karisa,Ayshford,kayshfordap@surveymonkey.com,Female,Ireland,-6.176659,53.4487975
387,Gian,Pignon,gpignonaq@spotify.com,Male,Ireland,-8.334953,51.8610022
388,Gerhardt,Lowery,gloweryar@parallels.com,Male,Ireland,-6.124065,53.231395
389,Penelopa,Norrie,pnorrieas@ox.ac.uk,Genderqueer,Ireland,-6.5924609,53.2482376
390,Camel,Krysiak,ckrysiakat@edublogs.org,Female,Ireland,-6.218069,53.374266
391,Gerrilee,Hulson,ghulsonau@unicef.org,Female,Ireland,-6.5924609,53.2482376
392,Donetta,Rex,drexav@yelp.com,Female,Ireland,-8.4824714,51.8862378
393,Alessandro,Rosle,arosleaw@digg.com,Male,Ireland,-6.3077823,53.3655256
394,Oneida,Carbine,ocarbineax@virginia.edu,Female,Ireland,-6.590926,53.1936864
395,Geoff,Maria,gmariaay@wordpress.org,Male,Ireland,-8.958931,51.904635
396,Inglis,Girard,igirardaz@intel.com,Male,Ireland,-8.8950821,52.7604883
397,Edik,Jouen,ejouenb0@globo.com,Male,Ireland,-6.6633404,53.2492381
398,Jenna,Hollebon,jhollebonb1@xing.com,Female,Ireland,-8.8562835,53.510243
399,Auberon,MacNelly,amacnellyb2@sciencedaily.com,Male,Ireland,-8.9342111,52.182304
400,Jo,Parish,jparishb3@infoseek.co.jp,Female,Ireland,-6.313755,53.366736
401,Stephanie,Winley,swinleyb4@multiply.com,Female,Ireland,-7.606287,53.6972399
402,Zachery,Rabjohns,zrabjohnsb5@chron.com,Bigender,Ireland,-6.7515223,53.2888321
403,Esma,McMennum,emcmennumb6@cbsnews.com,Female,Ireland,-6.3049392,53.3021194
404,Heinrick,Richardeau,hrichardeaub7@ifeng.com,Male,Ireland,-8.4784945,51.8815586
405,Roderic,Minillo,rminillob8@rambler.ru,Male,Ireland,-10.0320886,54.2223118
406,Reinwald,Kerwen,rkerwenb9@tamu.edu,Male,Ireland,-6.1942058,53.3604483
407,Desi,Piburn,dpiburnba@spiegel.de,Male,Ireland,-6.391149,53.8996586
408,Gan,Outridge,goutridgebb@nyu.edu,Male,Ireland,-6.9692181,52.7009338
409,Eveleen,Killough,ekilloughbc@slideshare.net,Female,Ireland,-7.086877,53.8363325
410,Annemarie,Stobbe,astobbebd@wikipedia.org,Female,Ireland,-8.9706844,52.6004448
411,Ricki,Brummitt,rbrummittbe@lycos.com,Genderfluid,Ireland,-8.337871,52.0097259
412,Shalom,Southeran,ssoutheranbf@quantcast.com,Male,Ireland,-6.5028415,53.3806398
413,Kamilah,Bernardelli,kbernardellibg@opensource.org,Female,Ireland,-6.2633149,53.377533
414,Mikkel,Bentsen,mbentsenbh@webnode.com,Male,Ireland,-6.163027,53.2339841
415,Evered,Allett,eallettbi@weebly.com,Male,Ireland,-6.1979853,53.3046353
416,Obadiah,Pickthorn,opickthornbj@macromedia.com,Male,Ireland,-6.1603828,53.2599034
417,Filberto,Rosengarten,frosengartenbk@yellowbook.com,Male,Ireland,-6.1157412,53.2774963
418,Kinnie,Bazell,kbazellbl@wordpress.org,Polygender,Ireland,-6.7515223,53.2888321
419,Fremont,Forsyth,fforsythbm@linkedin.com,Male,Ireland,-7.1297243,52.2509369
420,Goldie,Sumption,gsumptionbn@yellowpages.com,Female,Ireland,-6.7449927,53.1310185
421,Dare,LAbbet,dlabbetbo@bing.com,Male,Ireland,-6.1191333,53.1915379
422,Ilario,Ilyas,iilyasbp@google.com.hk,Agender,Ireland,-6.1979853,53.3046353
423,Byram,Vinecombe,bvinecombebq@virginia.edu,Male,Ireland,-6.473025,54.0086093
424,Larissa,Daughtry,ldaughtrybr@time.com,Female,Ireland,-9.4851741,52.4460804
425,Garvy,Castro,gcastrobs@posterous.com,Male,Ireland,-7.5717688,52.1045472
426,Darla,Melior,dmeliorbt@typepad.com,Female,Ireland,-6.3219759,53.2976886
427,Cathy,Wardhaugh,cwardhaughbu@berkeley.edu,Female,Ireland,-6.2324705,53.3177535
428,Moore,Dalliwater,mdalliwaterbv@bigcartel.com,Male,Ireland,-6.2892907,53.310122
429,Keane,Elvish,kelvishbw@sphinn.com,Male,Ireland,-9.1327273,53.806868
430,Kaye,Finkle,kfinklebx@quantcast.com,Female,Ireland,-9.151825,54.11215
431,Reilly,Briddle,rbriddleby@slideshare.net,Male,Ireland,-6.3539424,53.3666338
432,Flint,Campagne,fcampagnebz@lycos.com,Male,Ireland,-8.5070436,54.2109904
433,Justen,Faiers,jfaiersc0@1und1.de,Male,Ireland,-6.1603828,53.2599034
434,Ricki,Selby,rselbyc1@state.gov,Male,Ireland,-8.9821467,52.8498651
435,Joseph,Karsh,jkarshc2@deviantart.com,Male,Ireland,-6.473025,54.0086093
436,Patric,Quittonden,pquittondenc3@clickbank.net,Bigender,Ireland,-9.7850991,52.1058991
437,Marcos,Botfield,mbotfieldc4@nsw.gov.au,Male,Ireland,-6.4496384,53.3582341
438,Pascale,Saing,psaingc5@yolasite.com,Male,Ireland,-8.259128,51.908209
439,Ollie,Hurkett,ohurkettc6@angelfire.com,Female,Ireland,-9.7359765,54.1433253
440,Araldo,Raikes,araikesc7@omniture.com,Male,Ireland,-8.334953,51.8610022
441,Gris,Zanassi,gzanassic8@istockphoto.com,Male,Ireland,-6.7515223,53.2888321
442,Bernie,McGougan,bmcgouganc9@nhs.uk,Female,Ireland,-6.4496384,53.3582341
443,Dallas,Archdeacon,darchdeaconca@rambler.ru,Female,Ireland,-8.83565,53.49417
444,Chandal,Riolfi,criolficb@ted.com,Female,Ireland,-6.9858993,53.0018699
445,Marrissa,Dewsbury,mdewsburycc@columbia.edu,Female,Ireland,-9.4904891,52.6396679
446,Lane,Domney,ldomneycd@ft.com,Female,Ireland,-6.1544115,53.4855448
447,Yolane,Stubs,ystubsce@yahoo.co.jp,Female,Ireland,-8.1722002,54.3051891
448,Doris,Wolseley,dwolseleycf@wiley.com,Female,Ireland,-8.4977746,51.8895954
449,Petronille,Gredden,pgreddencg@ebay.com,Female,Ireland,-6.3695384,53.3734053
450,Bertie,Genner,bgennerch@google.com,Female,Ireland,-8.958931,51.904635
451,Cassandre,McKerron,cmckerronci@samsung.com,Female,Ireland,-6.1215213,53.2724538
452,Rolph,Greenley,rgreenleycj@csmonitor.com,Male,Ireland,-6.9140788,53.169971
453,Darla,Treadgear,dtreadgearck@wikimedia.org,Bigender,Ireland,-9.7850991,52.1058991
454,Vinny,Caren,vcarencl@wiley.com,Genderfluid,Ireland,-8.489012,51.923707
455,Eddie,Cotsford,ecotsfordcm@woothemes.com,Male,Ireland,-6.2071246,53.4562426
456,Agnella,Gent,agentcn@com.com,Female,Ireland,-6.1406578,53.2886387
457,Allie,Varley,avarleyco@miitbeian.gov.cn,Female,Ireland,-6.374155,53.3223974
458,Roch,Rickards,rrickardscp@amazon.de,Female,Ireland,-6.2508196,53.2866372
459,Wallie,Beilby,wbeilbycq@telegraph.co.uk,Male,Ireland,-6.9898366,53.2265199
460,Sax,Czapla,sczaplacr@baidu.com,Male,Ireland,-7.5011999,53.776647
461,Chris,Biss,cbisscs@weather.com,Male,Ireland,-8.9949917,53.8533151
462,Ellie,Abade,eabadect@yandex.ru,Female,Ireland,-9.4851741,52.4460804
463,Dimitri,Chasemoore,dchasemoorecu@geocities.jp,Male,Ireland,-8.298942,51.848898
464,Wayne,Eady,weadycv@spiegel.de,Male,Ireland,-6.391149,53.8996586
465,Kakalina,Twatt,ktwattcw@howstuffworks.com,Female,Ireland,-8.7683674,53.7942932
466,Julianna,Bidewell,jbidewellcx@gizmodo.com,Non-binary,Ireland,-7.5717688,52.1045472
467,Matti,Bozworth,mbozworthcy@slideshare.net,Genderqueer,Ireland,-8.259128,51.908209
468,Corissa,Beert,cbeertcz@free.fr,Female,Ireland,-6.9898366,53.2265199
469,Nerta,Yegorev,nyegorevd0@imageshack.us,Agender,Ireland,-6.6633404,53.2492381
470,Standford,Paroni,sparonid1@marriott.com,Male,Ireland,-8.5946591,54.632283
471,Colet,Pratton,cprattond2@samsung.com,Male,Ireland,-6.1644997,53.4266145
472,Nance,Gumbrell,ngumbrelld3@drupal.org,Female,Ireland,-7.0833118,52.2413206
473,Welbie,Willatt,wwillattd4@ucoz.com,Male,Ireland,-6.2057463,53.3870149
474,Flo,Kleehuhler,fkleehuhlerd5@wp.com,Female,Ireland,-8.9821467,52.8498651
475,Arabelle,Abbitt,aabbittd6@china.com.cn,Female,Ireland,-6.266734,53.3829319
476,Dniren,Cathie,dcathied7@storify.com,Female,Ireland,-7.7655701,53.5650926
477,Norrie,Ketts,nkettsd8@ow.ly,Female,Ireland,-6.3077823,53.3655256
478,Celie,Fforde,cfforded9@oakley.com,Female,Ireland,-6.1011147,53.2000455
479,Pail,Simoens,psimoensda@about.com,Male,Ireland,-6.2324705,53.3177535
480,Lezley,Nolleau,lnolleaudb@uol.com.br,Male,Ireland,-7.0472382,52.9480781
481,Tracie,Conew,tconewdc@dropbox.com,Male,Ireland,-8.9775014,52.8314927
482,Rem,Carden,rcardendd@addthis.com,Male,Ireland,-7.888894,52.516323
483,Florance,Dowell,fdowellde@state.gov,Female,Ireland,-6.7515223,53.2888321
484,Maybelle,Mathelin,mmathelindf@opensource.org,Female,Ireland,-6.1979853,53.3046353
485,Pollyanna,Mcmanaman,pmcmanamandg@drupal.org,Female,Ireland,-6.7515223,53.2888321
486,Tadeo,Cottem,tcottemdh@alibaba.com,Male,Ireland,-6.336393,53.3122864
487,Webster,Josling,wjoslingdi@linkedin.com,Male,Ireland,-6.67045,53.213319
488,Meggie,Foggarty,mfoggartydj@ucla.edu,Female,Ireland,-6.374155,53.3223974
489,Aurlie,Aleavy,aaleavydk@wordpress.org,Polygender,Ireland,-9.1097137,53.2582868
490,Dolly,Dutt,dduttdl@rediff.com,Female,Ireland,-6.3077823,53.3655256
491,Garrek,Stitt,gstittdm@jalbum.net,Male,Ireland,-7.518792,53.284466
492,Reginauld,Jain,rjaindn@pbs.org,Male,Ireland,-10.0320886,54.2223118
493,Verne,Korous,vkorousdo@example.com,Agender,Ireland,-6.2508196,53.2866372
494,Marcie,Behnke,mbehnkedp@bbb.org,Female,Ireland,-6.2508196,53.2866372
495,Austen,Rosenfrucht,arosenfruchtdq@redcross.org,Male,Ireland,-8.958931,51.904635
496,Jessamine,Strephan,jstrephandr@constantcontact.com,Female,Ireland,-9.1097137,53.2582868
497,Heindrick,Ambrosio,hambrosiods@behance.net,Male,Ireland,-7.1297243,52.2509369
498,Ladonna,Volks,lvolksdt@friendfeed.com,Agender,Ireland,-8.642661,52.1361219
499,Reinaldos,Abramowitch,rabramowitchdu@ft.com,Male,Ireland,-6.1157412,53.2774963
500,Brita,Slyford,bslyforddv@pinterest.com,Female,Ireland,-8.5171384,51.876873
501,Napoleon,Payley,npayleydw@fema.gov,Male,Ireland,-6.139018,53.171935
502,Amalita,Tivolier,ativolierdx@deliciousdays.com,Female,Ireland,-6.5899765,52.176031
503,Lissy,Stanley,lstanleydy@state.tx.us,Agender,Ireland,-8.9949917,53.8533151
504,Celinka,Kunzler,ckunzlerdz@xrea.com,Female,Ireland,-9.5003786,52.4458588
505,Daphna,Bisacre,dbisacree0@addtoany.com,Female,Ireland,-6.366762,53.2987724
506,Colver,Kernan,ckernane1@google.cn,Male,Ireland,-6.313755,53.366736
507,Kiele,Walls,kwallse2@ovh.net,Female,Ireland,-9.4904891,52.6396679
508,Rosamond,Goodyear,rgoodyeare3@wsj.com,Female,Ireland,-9.151825,54.11215
509,Edgar,Gages,egagese4@intel.com,Male,Ireland,-6.1822287,53.3788495
510,Osbourne,Kingcote,okingcotee5@addthis.com,Male,Ireland,-6.5028415,53.3806398
511,Verge,Simounet,vsimounete6@facebook.com,Male,Ireland,-6.3539424,53.3666338
512,Forbes,Soigoux,fsoigouxe7@google.es,Male,Ireland,-6.3048641,53.3284298
513,Berny,Diess,bdiesse8@ovh.net,Female,Ireland,-7.9027266,53.4148582
514,Marketa,Jahan,mjahane9@sciencedirect.com,Female,Ireland,-8.2817353,54.4771768
515,Claudianus,Cholonin,ccholoninea@ft.com,Male,Ireland,-8.9706844,52.6004448
516,Freeland,MacKibbon,fmackibboneb@netlog.com,Male,Ireland,-6.2057463,53.3870149
517,Kippy,Loude,kloudeec@tumblr.com,Male,Ireland,-6.67045,53.213319
518,Chester,Carthew,ccarthewed@youku.com,Male,Ireland,-7.2314132,54.1794814
519,Barty,Knights,bknightsee@wikia.com,Male,Ireland,-6.2398782,53.32112
520,Paige,Maslin,pmaslinef@squidoo.com,Male,Ireland,-6.9692181,52.7009338
521,Adelice,Kingswold,akingswoldeg@pbs.org,Female,Ireland,-6.3695384,53.3734053
522,Donaugh,Redhouse,dredhouseeh@prnewswire.com,Male,Ireland,-6.9898366,53.2265199
523,Dione,Plessing,dplessingei@godaddy.com,Female,Ireland,-8.3545704,52.5593605
524,Leesa,Cicchitello,lcicchitelloej@eepurl.com,Female,Ireland,-10.0320886,54.2223118
525,Sheila-kathryn,Beardshall,sbeardshallek@goodreads.com,Female,Ireland,-9.1115941,51.7203863
526,Olin,Franzelini,ofranzeliniel@adobe.com,Male,Ireland,-9.448724,51.680591
527,Der,Wannes,dwannesem@apache.org,Male,Ireland,-6.3695384,53.3734053
528,Mathew,Zellick,mzellicken@devhub.com,Male,Ireland,-6.366762,53.2987724
529,Alena,Grzes,agrzeseo@4shared.com,Female,Ireland,-6.1406578,53.2886387
530,Koressa,Jacquest,kjacquestep@netscape.com,Bigender,Ireland,-6.2611953,53.3881832
531,Abbey,Abbay,aabbayeq@umich.edu,Male,Ireland,-6.2340942,53.2993199
532,Alysa,Emmett,aemmetter@upenn.edu,Female,Ireland,-8.9821467,52.8498651
533,Austin,Worters,aworterses@barnesandnoble.com,Genderqueer,Ireland,-8.5946591,54.632283
534,Matthaeus,Note,mnoteet@odnoklassniki.ru,Male,Ireland,-9.7359765,54.1433253
535,Moss,Brilleman,mbrillemaneu@technorati.com,Male,Ireland,-8.445614,51.8885086
536,Irwin,Bernaciak,ibernaciakev@miibeian.gov.cn,Male,Ireland,-6.3695384,53.3734053
537,Sherwood,Nenci,snenciew@seesaa.net,Male,Ireland,-9.1327273,53.806868
538,Darcy,Ovenell,dovenellex@japanpost.jp,Male,Ireland,-8.4627451,54.25645
539,Jodi,Steinhammer,jsteinhammerey@reuters.com,Genderfluid,Ireland,-6.218069,53.374266
540,Willey,Gibke,wgibkeez@infoseek.co.jp,Male,Ireland,-6.4241156,53.7369009
541,Pippa,MacTrusty,pmactrustyf0@blinklist.com,Female,Ireland,-6.64937,54.10269
542,Way,Bryer,wbryerf1@yelp.com,Male,Ireland,-8.8950821,52.7604883
543,Dene,Sturt,dsturtf2@amazon.com,Male,Ireland,-9.1115941,51.7203863
544,Shayla,Stable,sstablef3@nbcnews.com,Bigender,Ireland,-8.9775014,52.8314927
545,Merlina,Minerdo,mminerdof4@tuttocitta.it,Female,Ireland,-9.151825,54.11215
546,Iolande,Stallen,istallenf5@biblegateway.com,Agender,Ireland,-6.4008792,53.9215606
547,Karyl,Drakers,kdrakersf6@imgur.com,Female,Ireland,-6.9140788,53.169971
548,Evelyn,Abbay,eabbayf7@chronoengine.com,Female,Ireland,-6.1479779,53.450694
549,Theobald,Alder,talderf8@stumbleupon.com,Male,Ireland,-9.0197835,53.2736466
550,Shara,Stutt,sstuttf9@usa.gov,Female,Ireland,-8.6340751,52.6638144
551,Donnie,Cadany,dcadanyfa@spiegel.de,Male,Ireland,-9.4851741,52.4460804
552,Chelsea,Wallwork,cwallworkfb@umich.edu,Female,Ireland,-6.266734,53.3829319
553,Emmalyn,Ferrarese,eferraresefc@networksolutions.com,Female,Ireland,-7.7655701,53.5650926
554,Carlynn,Saveall,csaveallfd@google.com,Female,Ireland,-7.0472382,52.9480781
555,Jeniffer,Calderbank,jcalderbankfe@cbsnews.com,Female,Ireland,-6.9898366,53.2265199
556,Care,Elner,celnerff@examiner.com,Polygender,Ireland,-8.9342111,52.182304
557,Emelita,Myhan,emyhanfg@xinhuanet.com,Female,Ireland,-6.1920933,53.3916434
558,Marylee,Weatherell,mweatherellfh@edublogs.org,Genderqueer,Ireland,-8.4977746,51.8895954
559,Blayne,Schutt,bschuttfi@alibaba.com,Male,Ireland,-8.4627451,54.25645
560,Thain,Clough,tcloughfj@gmpg.org,Male,Ireland,-9.159604,53.302644
561,Bobbie,Shavel,bshavelfk@plala.or.jp,Male,Ireland,-7.606287,53.6972399
562,Bertrand,Peat,bpeatfl@nationalgeographic.com,Male,Ireland,-6.3077823,53.3655256
563,Rickert,Seymark,rseymarkfm@cnn.com,Male,Ireland,-8.5176583,51.8863277
564,Flore,Beer,fbeerfn@technorati.com,Polygender,Ireland,-6.1535181,53.5220275
565,Skipton,Sherrell,ssherrellfo@ed.gov,Male,Ireland,-8.4242597,51.8910459
566,Ortensia,Risebrow,orisebrowfp@spotify.com,Female,Ireland,-6.7449927,53.1310185
567,Abbye,Odger,aodgerfq@linkedin.com,Female,Ireland,-9.268589,51.549106
568,Hadrian,Fiddian,hfiddianfr@wisc.edu,Male,Ireland,-6.3422325,53.719155
569,Earle,Olenin,eoleninfs@cpanel.net,Male,Ireland,-9.4851741,52.4460804
570,Christiano,Ewin,cewinft@si.edu,Male,Ireland,-7.7655701,53.5650926
571,Katha,Boorman,kboormanfu@earthlink.net,Female,Ireland,-8.4977746,51.8895954
572,Amye,Dikles,adiklesfv@diigo.com,Genderqueer,Ireland,-9.7850991,52.1058991
573,Bert,Cumberbatch,bcumberbatchfw@tumblr.com,Polygender,Ireland,-7.7655701,53.5650926
574,Kasper,Klimko,kklimkofx@pbs.org,Male,Ireland,-6.2890702,53.3201497
575,Jerrilyn,Oliveti,jolivetify@sciencedaily.com,Female,Ireland,-6.6633404,53.2492381
576,Zarah,Persence,zpersencefz@biblegateway.com,Female,Ireland,-6.391149,53.8996586
577,Elia,Antonat,eantonatg0@spotify.com,Male,Ireland,-6.3048641,53.3284298
578,Harold,Kitchingham,hkitchinghamg1@samsung.com,Male,Ireland,-6.1191333,53.1915379
579,Goldie,Deane,gdeaneg2@chronoengine.com,Female,Ireland,-6.4887534,53.3653866
580,Daryn,Rowan,drowang3@shareasale.com,Female,Ireland,-8.2215941,53.0917381
581,Nolana,Bendixen,nbendixeng4@imgur.com,Genderqueer,Ireland,-9.268589,51.549106
582,Haze,Pearsall,hpearsallg5@booking.com,Male,Ireland,-6.3695384,53.3734053
583,Fritz,Wingeat,fwingeatg6@europa.eu,Male,Ireland,-9.159604,53.302644
584,Rudy,Extal,rextalg7@hatena.ne.jp,Male,Ireland,-7.1111732,52.2513095
585,Kimmy,Ternault,kternaultg8@ycombinator.com,Female,Ireland,-8.4627451,54.25645
586,Clarence,Morland,cmorlandg9@yellowbook.com,Male,Ireland,-7.9027266,53.4148582
587,Quent,Halliwell,qhalliwellga@mapquest.com,Male,Ireland,-6.1406578,53.2886387
588,Grace,Muirden,gmuirdengb@e-recht24.de,Female,Ireland,-8.5111664,51.8858819
589,Ginny,Tanzig,gtanziggc@nytimes.com,Female,Ireland,-6.176659,53.4487975
590,Reade,Haythorne,rhaythornegd@163.com,Male,Ireland,-7.297914,54.026345
591,Sayres,Anersen,sanersenge@omniture.com,Male,Ireland,-6.2554371,53.2767301
592,Matilda,Griffin,mgriffingf@google.pl,Female,Ireland,-8.642661,52.1361219
593,Kale,Beard,kbeardgg@harvard.edu,Male,Ireland,-6.1072403,53.2780047
594,Jeanna,Curphey,jcurpheygh@java.com,Female,Ireland,-7.2979911,53.6785169
595,Cindelyn,Gurys,cgurysgi@cisco.com,Female,Ireland,-8.2001004,52.86326
596,Dani,Fishwick,dfishwickgj@storify.com,Female,Ireland,-8.4523258,51.880525
597,Alexio,Kemmey,akemmeygk@shinystat.com,Male,Ireland,-8.6346959,53.7423435
598,Louisette,Babe,lbabegl@abc.net.au,Female,Ireland,-6.9898366,53.2265199
599,Susi,Perrottet,sperrottetgm@state.gov,Female,Ireland,-6.2340942,53.2993199
600,Marci,Impey,mimpeygn@bbc.co.uk,Female,Ireland,-6.2340942,53.2993199
601,Maddie,Clemensen,mclemensengo@typepad.com,Male,Ireland,-6.133718,53.291512
602,Berta,Enefer,benefergp@stumbleupon.com,Female,Ireland,-6.1215213,53.2724538
603,Guthrey,Bristow,gbristowgq@fema.gov,Male,Ireland,-6.266734,53.3829319
604,Halie,Giovanardi,hgiovanardigr@godaddy.com,Female,Ireland,-6.313755,53.366736
605,Vidovik,Grimmert,vgrimmertgs@ibm.com,Male,Ireland,-7.606287,53.6972399
606,Buffy,MacCole,bmaccolegt@constantcontact.com,Female,Ireland,-7.1111732,52.2513095
607,Alyse,Dyment,adymentgu@moonfruit.com,Female,Ireland,-6.473025,54.0086093
608,Shayne,Nazer,snazergv@dion.ne.jp,Genderfluid,Ireland,-6.2508196,53.2866372
609,Francois,Derry,fderrygw@army.mil,Male,Ireland,-8.5171384,51.876873
610,Nathan,Hartus,nhartusgx@fda.gov,Male,Ireland,-7.8004329,53.7283566
611,Franky,Fishley,ffishleygy@sun.com,Female,Ireland,-6.133718,53.291512
612,Revkah,Fyfe,rfyfegz@drupal.org,Genderfluid,Ireland,-9.1097137,53.2582868
613,Chico,Barrable,cbarrableh0@oracle.com,Male,Ireland,-6.7515223,53.2888321
614,Clark,Dobing,cdobingh1@rambler.ru,Male,Ireland,-7.7655701,53.5650926
615,Currie,Wildblood,cwildbloodh2@patch.com,Male,Ireland,-6.176659,53.4487975
616,Louie,Whimpenny,lwhimpennyh3@surveymonkey.com,Male,Ireland,-6.9858993,53.0018699
617,Nico,Oliff,noliffh4@economist.com,Male,Ireland,-6.2057463,53.3870149
618,Parnell,Westwood,pwestwoodh5@cam.ac.uk,Male,Ireland,-9.5003786,52.4458588
619,Boyd,Gounin,bgouninh6@com.com,Agender,Ireland,-9.7359765,54.1433253
620,Imelda,Seaborne,iseaborneh7@smh.com.au,Female,Ireland,-6.2429997,53.7902634
621,Carney,Yukhnevich,cyukhnevichh8@4shared.com,Male,Ireland,-8.5111664,51.8858819
622,Nial,Vickerman,nvickermanh9@nhs.uk,Male,Ireland,-6.1920933,53.3916434
623,Thorny,Boow,tboowha@npr.org,Male,Ireland,-8.6340751,52.6638144
624,Beitris,Goodbar,bgoodbarhb@google.ru,Female,Ireland,-6.2554371,53.2767301
625,Pearce,Jelkes,pjelkeshc@webmd.com,Male,Ireland,-6.1942058,53.3604483
626,Ginnie,Blanch,gblanchhd@devhub.com,Female,Ireland,-6.5924609,53.2482376
627,Mabelle,Mill,mmillhe@comcast.net,Female,Ireland,-8.298942,51.848898
628,Rudolph,Duchenne,rduchennehf@sciencedirect.com,Male,Ireland,-6.3077823,53.3655256
629,Joby,Dobson,jdobsonhg@1688.com,Female,Ireland,-6.9711886,53.916791
630,Marina,Voce,mvocehh@slashdot.org,Female,Ireland,-7.606287,53.6972399
631,Lyn,Bengtsson,lbengtssonhi@yellowpages.com,Male,Ireland,-6.4241156,53.7369009
632,Nikaniki,Le Fevre,nlefevrehj@netvibes.com,Female,Ireland,-6.1884248,53.5879156
633,Kaylee,Edmans,kedmanshk@studiopress.com,Bigender,Ireland,-6.2152673,53.3323703
634,Allison,Isakovitch,aisakovitchhl@slashdot.org,Female,Ireland,-6.391149,53.8996586
635,Kelbee,McBryde,kmcbrydehm@pcworld.com,Male,Ireland,-6.1979853,53.3046353
636,Shandee,Malter,smalterhn@senate.gov,Female,Ireland,-6.3506335,53.2911347
637,Donna,Lambard,dlambardho@upenn.edu,Female,Ireland,-8.8562835,53.510243
638,Humphrey,Tale,htalehp@jugem.jp,Male,Ireland,-8.334953,51.8610022
639,Danit,Mervyn,dmervynhq@admin.ch,Female,Ireland,-9.151825,54.11215
640,Jackie,Anand,janandhr@redcross.org,Genderfluid,Ireland,-6.1942058,53.3604483
641,Roana,Dronsfield,rdronsfieldhs@skype.com,Female,Ireland,-6.1097188,53.3895926
642,Fairleigh,Deddum,fdeddumht@upenn.edu,Male,Ireland,-6.1942058,53.3604483
643,Valle,McAdam,vmcadamhu@so-net.ne.jp,Male,Ireland,-8.334953,51.8610022
644,Frances,Suero,fsuerohv@dailymotion.com,Female,Ireland,-6.1097188,53.3895926
645,Denney,Bratty,dbrattyhw@jugem.jp,Male,Ireland,-7.9027266,53.4148582
646,Nicholle,Girardetti,ngirardettihx@archive.org,Female,Ireland,-6.6633404,53.2492381
647,Modesty,Antoni,mantonihy@sohu.com,Female,Ireland,-6.4008792,53.9215606
648,Dene,Crucetti,dcrucettihz@uol.com.br,Male,Ireland,-8.5171384,51.876873
649,Shauna,Stritton,sstrittoni0@multiply.com,Female,Ireland,-7.269174,55.0650892
650,Elianore,Muslim,emuslimi1@wikia.com,Female,Ireland,-6.266734,53.3829319
651,Nicoli,Tewkesberrie,ntewkesberriei2@engadget.com,Female,Ireland,-6.2508196,53.2866372
652,Frants,Kett,fketti3@mac.com,Male,Ireland,-6.4008792,53.9215606
653,Adrian,Mackrill,amackrilli4@apple.com,Female,Ireland,-7.145971,53.508326
654,Cull,Georgeson,cgeorgesoni5@narod.ru,Male,Ireland,-9.268589,51.549106
655,Samson,Tarren,starreni6@posterous.com,Polygender,Ireland,-9.448724,51.680591
656,Michelle,Hammerich,mhammerichi7@tinyurl.com,Female,Ireland,-7.1111732,52.2513095
657,Jenilee,Flemmich,jflemmichi8@nba.com,Female,Ireland,-6.374155,53.3223974
658,Gris,Salzburger,gsalzburgeri9@aol.com,Male,Ireland,-6.374155,53.3223974
659,Larine,Eudall,leudallia@prnewswire.com,Female,Ireland,-6.3660863,53.2874153
660,Erda,Burborough,eburboroughib@cmu.edu,Genderfluid,Ireland,-6.1072403,53.2780047
661,Dody,Bane,dbaneic@squidoo.com,Female,Ireland,-6.1349155,53.5834008
662,Elijah,Horrell,ehorrellid@biblegateway.com,Male,Ireland,-6.2398782,53.32112
663,Justis,Revitt,jrevittie@cam.ac.uk,Male,Ireland,-6.4496384,53.3582341
664,Nefen,Tynan,ntynanif@virginia.edu,Male,Ireland,-8.5946591,54.632283
665,Goldina,Bernardet,gbernardetig@cnn.com,Female,Ireland,-8.4627451,54.25645
666,Demetrius,Guitel,dguitelih@t-online.de,Male,Ireland,-6.3422325,53.719155
667,Lamar,Bonner,lbonnerii@netscape.com,Male,Ireland,-6.1191333,53.1915379
668,Mikel,Ambrosio,mambrosioij@angelfire.com,Male,Ireland,-8.4627451,54.25645
669,Holt,Tibb,htibbik@youtu.be,Male,Ireland,-7.086877,53.8363325
670,Haskell,Korpal,hkorpalil@ucoz.com,Male,Ireland,-80.7087609,35.7797381
671,Adolf,Muscroft,amuscroftim@trellian.com,Male,Ireland,-6.3422325,53.719155
672,Merrielle,Danzey,mdanzeyin@xinhuanet.com,Female,Ireland,-8.4523258,51.880525
673,Boycie,Mucillo,bmucilloio@washingtonpost.com,Male,Ireland,-8.642661,52.1361219
674,Hinze,Pinkerton,hpinkertonip@myspace.com,Male,Ireland,-8.9775014,52.8314927
675,Cristobal,Bass,cbassiq@harvard.edu,Male,Ireland,-6.3219759,53.2976886
676,Barbee,Gatsby,bgatsbyir@wired.com,Female,Ireland,-7.8004329,53.7283566
677,Welby,Edis,wedisis@state.tx.us,Male,Ireland,-8.445614,51.8885086
678,Pincas,Bockmann,pbockmannit@timesonline.co.uk,Bigender,Ireland,-8.4977746,51.8895954
679,Odie,Jeanel,ojeaneliu@odnoklassniki.ru,Male,Ireland,-6.5853664,53.378253
680,Christina,Peteri,cpeteriiv@go.com,Female,Ireland,-6.1479779,53.450694
681,Sarajane,Hay,shayiw@51.la,Female,Ireland,-6.139018,53.171935
682,Ginnie,Kerans,gkeransix@slideshare.net,Female,Ireland,-6.2890702,53.3201497
683,Zebulen,McAneny,zmcanenyiy@amazon.co.uk,Male,Ireland,-6.3025448,53.6920618
684,Demetrius,Labitt,dlabittiz@google.com.br,Male,Ireland,-8.83565,53.49417
685,Toiboid,Piche,tpichej0@purevolume.com,Male,Ireland,-8.4242597,51.8910459
686,Bronny,de Voiels,bdevoielsj1@youtube.com,Male,Ireland,-6.2152673,53.3323703
687,Terri,Rubie,trubiej2@feedburner.com,Male,Ireland,-8.5176583,51.8863277
688,Archaimbaud,Culvey,aculveyj3@163.com,Male,Ireland,-6.9711886,53.916791
689,Munmro,Shovel,mshovelj4@booking.com,Male,Ireland,-6.473025,54.0086093
690,Gratiana,Frentz,gfrentzj5@squarespace.com,Agender,Ireland,-8.9949917,53.8533151
691,Mano,Willcock,mwillcockj6@mozilla.com,Male,Ireland,-6.313755,53.366736
692,Kirstyn,Vanshin,kvanshinj7@i2i.jp,Female,Ireland,-6.4671298,53.5050031
693,Cathlene,Fordham,cfordhamj8@imgur.com,Female,Ireland,-9.448724,51.680591
694,Oliver,Curton,ocurtonj9@163.com,Male,Ireland,-6.3077823,53.3655256
695,Feliza,Karlik,fkarlikja@psu.edu,Female,Ireland,-6.308522,52.665267
696,Karel,Twiggs,ktwiggsjb@si.edu,Female,Ireland,-8.4523258,51.880525
697,Marlo,Enticott,menticottjc@fastcompany.com,Male,Ireland,-6.139018,53.171935
698,Aveline,Jacobssen,ajacobssenjd@bing.com,Female,Ireland,-8.4824714,51.8862378
699,Chic,Revell,crevellje@phpbb.com,Male,Ireland,-6.1157412,53.2774963
700,Jon,Shergill,jshergilljf@comcast.net,Male,Ireland,-6.218069,53.374266
701,Padgett,Atthow,patthowjg@examiner.com,Male,Ireland,-8.1722002,54.3051891
702,Darrelle,Munnion,dmunnionjh@blogspot.com,Female,Ireland,-8.05,51.9166667
703,Rhoda,Hought,rhoughtji@sun.com,Female,Ireland,-6.264963,53.3897152
704,Luke,Woloschin,lwoloschinjj@posterous.com,Male,Ireland,-6.3660863,53.2874153
705,Garv,Tomblett,gtomblettjk@toplist.cz,Male,Ireland,-8.9706844,52.6004448
706,Anne,Collinwood,acollinwoodjl@icio.us,Female,Ireland,-8.4824714,51.8862378
707,Wat,Hebborn,whebbornjm@ezinearticles.com,Male,Ireland,-6.2057463,53.3870149
708,Adler,Stafford,astaffordjn@examiner.com,Male,Ireland,-6.5853664,53.378253
709,Emmye,Payle,epaylejo@ebay.com,Female,Ireland,-7.297914,54.026345
710,Elfreda,Faye,efayejp@amazon.co.jp,Female,Ireland,-8.5070436,54.2109904
711,Crosby,Sawley,csawleyjq@geocities.jp,Male,Ireland,-8.2755058,52.2627273
712,Chrissie,Giovannilli,cgiovannillijr@deliciousdays.com,Male,Ireland,-6.4496384,53.3582341
713,Leeanne,Castaignet,lcastaignetjs@stanford.edu,Agender,Ireland,-6.67045,53.213319
714,Malina,Medlar,mmedlarjt@apple.com,Agender,Ireland,-6.176659,53.4487975
715,Filippo,Ikringill,fikringillju@mac.com,Non-binary,Ireland,-7.0833118,52.2413206
716,Eduino,Barti,ebartijv@aboutads.info,Male,Ireland,-6.4008792,53.9215606
717,Conway,Inkin,cinkinjw@admin.ch,Male,Ireland,-9.7850991,52.1058991
718,Jozef,Matteoli,jmatteolijx@cbc.ca,Male,Ireland,-8.05,51.9166667
719,Glenine,Yon,gyonjy@toplist.cz,Female,Ireland,-8.5946591,54.632283
720,Maisie,Bampfield,mbampfieldjz@bravesites.com,Female,Ireland,-6.5924609,53.2482376
721,Hildagard,Fine,hfinek0@dyndns.org,Genderqueer,Ireland,-6.251714,53.3169419
722,Gelya,Dredge,gdredgek1@stumbleupon.com,Genderqueer,Ireland,-8.9342111,52.182304
723,Bear,Kippins,bkippinsk2@newyorker.com,Male,Ireland,-9.4904891,52.6396679
724,Cordell,Le Estut,cleestutk3@hud.gov,Male,Ireland,-8.5369154,52.6681994
725,Reggy,Considine,rconsidinek4@shareasale.com,Male,Ireland,-6.9898366,53.2265199
726,Colan,Van Weedenburg,cvanweedenburgk5@friendfeed.com,Male,Ireland,-6.2554371,53.2767301
727,Sly,Morrel,smorrelk6@oracle.com,Male,Ireland,-7.0625888,53.1387595
728,Duke,Coale,dcoalek7@constantcontact.com,Male,Ireland,-9.5003786,52.4458588
729,Matty,Tresvina,mtresvinak8@e-recht24.de,Female,Ireland,-6.4671298,53.5050031
730,Gris,Meryett,gmeryettk9@rakuten.co.jp,Male,Ireland,-8.5111664,51.8858819
731,Ross,Axelby,raxelbyka@wiley.com,Male,Ireland,-8.2755058,52.2627273
732,Eleen,Coils,ecoilskb@auda.org.au,Female,Ireland,-7.5717688,52.1045472
733,Issi,Byart,ibyartkc@exblog.jp,Female,Ireland,-7.269174,55.0650892
734,Lanae,Peracco,lperaccokd@chicagotribune.com,Female,Ireland,-8.259128,51.908209
735,Waylin,Bakhrushkin,wbakhrushkinke@state.gov,Male,Ireland,-8.5171384,51.876873
736,Armin,Ablott,aablottkf@psu.edu,Male,Ireland,-8.958931,51.904635
737,Gilberte,Rubery,gruberykg@gnu.org,Genderqueer,Ireland,-9.0197835,53.2736466
738,Jayme,Faussett,jfaussettkh@netscape.com,Female,Ireland,-6.313755,53.366736
739,Gussy,Erickson,gericksonki@netlog.com,Female,Ireland,-6.2890702,53.3201497
740,Lawry,Sargint,lsargintkj@nbcnews.com,Male,Ireland,-8.2817353,54.4771768
741,Florella,Cortin,fcortinkk@delicious.com,Female,Ireland,-6.2611953,53.3881832
742,Nahum,Ruthen,nruthenkl@java.com,Male,Ireland,-6.266734,53.3829319
743,Betty,Foulkes,bfoulkeskm@ucsd.edu,Female,Ireland,-8.958931,51.904635
744,Yanaton,Chettle,ychettlekn@nba.com,Male,Ireland,-6.4241156,53.7369009
745,Dianna,Fransman,dfransmanko@vkontakte.ru,Female,Ireland,-6.366762,53.2987724
746,Chilton,MacCathay,cmaccathaykp@hao123.com,Male,Ireland,-7.1111732,52.2513095
747,Torrance,Parncutt,tparncuttkq@aboutads.info,Male,Ireland,-6.139018,53.171935
748,Estrella,Weeds,eweedskr@wix.com,Female,Ireland,-8.5369154,52.6681994
749,Charla,Diperaus,cdiperausks@sitemeter.com,Female,Ireland,-6.2892907,53.310122
750,Evelin,Fanthome,efanthomekt@geocities.jp,Male,Ireland,-6.0690645,53.1257486
751,Arleyne,Parfrey,aparfreyku@moonfruit.com,Genderfluid,Ireland,-6.2508196,53.2866372
752,Rosene,Glading,rgladingkv@howstuffworks.com,Female,Ireland,-9.0288689,53.2737147
753,Maxine,Jelliman,mjellimankw@goodreads.com,Female,Ireland,-7.086877,53.8363325
754,Kori,Simondson,ksimondsonkx@nsw.gov.au,Female,Ireland,-9.1115941,51.7203863
755,Carney,Scraney,cscraneyky@mysql.com,Male,Ireland,-8.445614,51.8885086
756,Annnora,Nickels,anickelskz@fastcompany.com,Female,Ireland,-8.2215941,53.0917381
757,Fidela,McMickan,fmcmickanl0@360.cn,Female,Ireland,-8.7683674,53.7942932
758,Ruttger,Biggadyke,rbiggadykel1@squidoo.com,Male,Ireland,-9.1327273,53.806868
759,Inger,Bingle,ibinglel2@barnesandnoble.com,Male,Ireland,-8.4242597,51.8910459
760,Garrik,Cullagh,gcullaghl3@nhs.uk,Male,Ireland,-9.448724,51.680591
761,Chelsy,Roumier,croumierl4@dropbox.com,Female,Ireland,-9.1115941,51.7203863
762,Allx,Katt,akattl5@nhs.uk,Female,Ireland,-8.2001004,52.86326
763,Annora,Gouck,agouckl6@utexas.edu,Female,Ireland,-6.9898366,53.2265199
764,Xenos,Regitz,xregitzl7@zdnet.com,Male,Ireland,-6.9711886,53.916791
765,Kirby,Rosenbloom,krosenblooml8@behance.net,Female,Ireland,-8.5176583,51.8863277
766,Lorry,Klaffs,lklaffsl9@cdc.gov,Female,Ireland,-6.3506335,53.2911347
767,Ricardo,Strowger,rstrowgerla@oakley.com,Male,Ireland,-8.9775014,52.8314927
768,Ag,Andrys,aandryslb@drupal.org,Female,Ireland,-6.2152673,53.3323703
769,Rancell,Wardell,rwardelllc@ft.com,Male,Ireland,-6.590926,53.1936864
770,Lyndell,Woolfitt,lwoolfittld@ustream.tv,Female,Ireland,-8.5946591,54.632283
771,Christoffer,Thoday,cthodayle@bizjournals.com,Male,Ireland,-7.086877,53.8363325
772,Lisbeth,Lighterness,llighternesslf@google.co.jp,Female,Ireland,-6.2324705,53.3177535
773,Timotheus,Johansen,tjohansenlg@cdbaby.com,Male,Ireland,-8.3929404,51.8113447
774,Denys,Luparti,dlupartilh@uol.com.br,Male,Ireland,-6.1603828,53.2599034
775,Nathalie,McAnulty,nmcanultyli@odnoklassniki.ru,Female,Ireland,-8.642661,52.1361219
776,Ced,Ziemen,cziemenlj@mysql.com,Male,Ireland,-8.5111664,51.8858819
777,Alicea,Espadater,aespadaterlk@gravatar.com,Female,Ireland,-6.3049392,53.3021194
778,Selby,Marks,smarksll@microsoft.com,Male,Ireland,-8.2817353,54.4771768
779,Moises,Belliard,mbelliardlm@gizmodo.com,Male,Ireland,-8.2215941,53.0917381
780,Bridgette,Engelmann,bengelmannln@skype.com,Female,Ireland,-6.3422325,53.719155
781,Melisande,Duncombe,mduncombelo@i2i.jp,Female,Ireland,-6.4241156,53.7369009
782,Hodge,Agney,hagneylp@apache.org,Male,Ireland,-6.0690645,53.1257486
783,Jan,Slevin,jslevinlq@dion.ne.jp,Male,Ireland,-8.2755058,52.2627273
784,Edmund,Culp,eculplr@cam.ac.uk,Male,Ireland,-6.2057463,53.3870149
785,Sandra,Bendell,sbendellls@wix.com,Bigender,Ireland,-8.5054897,52.7107501
786,Joachim,Birrel,jbirrellt@wordpress.org,Agender,Ireland,-6.1535181,53.5220275
787,Weider,Pahl,wpahllu@example.com,Male,Ireland,-8.5047067,51.8830697
788,Linnet,Ternott,lternottlv@fc2.com,Female,Ireland,-8.6346959,53.7423435
789,Vannie,Patley,vpatleylw@blinklist.com,Female,Ireland,-7.1297243,52.2509369
790,Corissa,Pitcock,cpitcocklx@ezinearticles.com,Polygender,Ireland,-6.2152673,53.3323703
791,Chester,Flieger,cfliegerly@altervista.org,Male,Ireland,-6.1072403,53.2780047
792,Dian,Brigman,dbrigmanlz@webs.com,Female,Ireland,-9.0288689,53.2737147
793,Issi,Line,ilinem0@issuu.com,Female,Ireland,-6.2340942,53.2993199
794,Avictor,Weatherburn,aweatherburnm1@hibu.com,Male,Ireland,-9.268589,51.549106
795,Humfrey,Talboy,htalboym2@clickbank.net,Male,Ireland,-8.8950821,52.7604883
796,Baxy,Bottoms,bbottomsm3@a8.net,Male,Ireland,-8.9791425,52.8638391
797,Davina,Adie,dadiem4@mapquest.com,Female,Ireland,-7.0472382,52.9480781
798,Cori,Coumbe,ccoumbem5@google.cn,Female,Ireland,-9.448724,51.680591
799,Ephraim,Wellbank,ewellbankm6@statcounter.com,Male,Ireland,-9.268589,51.549106
800,Umberto,Dorrance,udorrancem7@berkeley.edu,Male,Ireland,-8.6346959,53.7423435
801,Mohammed,Whodcoat,mwhodcoatm8@upenn.edu,Male,Ireland,-7.0833118,52.2413206
802,Jard,Sinfield,jsinfieldm9@aboutads.info,Male,Ireland,-8.4784945,51.8815586
803,Ellwood,Bastable,ebastablema@merriam-webster.com,Male,Ireland,-7.185387,53.158984
804,Grantley,Pyvis,gpyvismb@jalbum.net,Male,Ireland,-6.1942058,53.3604483
805,Fairfax,Ryott,fryottmc@theguardian.com,Male,Ireland,-9.7359765,54.1433253
806,Bobine,Worledge,bworledgemd@chronoengine.com,Female,Ireland,-8.05,51.9166667
807,Adelbert,Bourhill,abourhillme@nytimes.com,Male,Ireland,-8.445614,51.8885086
808,Lona,Mangham,lmanghammf@github.com,Female,Ireland,-6.3048641,53.3284298
809,Robinett,Prewer,rprewermg@sogou.com,Female,Ireland,-9.7359765,54.1433253
810,Haydon,Brocket,hbrocketmh@biblegateway.com,Male,Ireland,-6.2340942,53.2993199
811,Karol,Quartermain,kquartermainmi@discovery.com,Non-binary,Ireland,-6.3049392,53.3021194
812,Creighton,Bulter,cbultermj@economist.com,Male,Ireland,-6.9898366,53.2265199
813,Patricio,Maffei,pmaffeimk@imdb.com,Male,Ireland,-6.1544115,53.4855448
814,Margo,Stowell,mstowellml@goo.gl,Genderfluid,Ireland,-8.9706844,52.6004448
815,Thedric,Poff,tpoffmm@plala.or.jp,Male,Ireland,-7.2584,52.655184
816,Lay,Dannohl,ldannohlmn@upenn.edu,Male,Ireland,-6.1215213,53.2724538
817,Clemmy,Jennemann,cjennemannmo@gravatar.com,Female,Ireland,-6.5028415,53.3806398
818,Harlen,Limpenny,hlimpennymp@alexa.com,Male,Ireland,-6.1136478,53.2121335
819,Crawford,Doveston,cdovestonmq@thetimes.co.uk,Male,Ireland,-7.5011999,53.776647
820,Vinson,Hadley,vhadleymr@zdnet.com,Male,Ireland,-9.1115941,51.7203863
821,Elston,Springtorp,espringtorpms@timesonline.co.uk,Male,Ireland,-8.4977746,51.8895954
822,Eachelle,Widdows,ewiddowsmt@lulu.com,Female,Ireland,-7.297914,54.026345
823,Jozef,Dyball,jdyballmu@cam.ac.uk,Male,Ireland,-6.9692181,52.7009338
824,Huntlee,Silveston,hsilvestonmv@dyndns.org,Male,Ireland,-6.2057463,53.3870149
825,Twyla,Node,tnodemw@boston.com,Female,Ireland,-7.1297243,52.2509369
826,Ruperta,Wormleighton,rwormleightonmx@free.fr,Female,Ireland,-7.1297243,52.2509369
827,Ash,Sterzaker,asterzakermy@shareasale.com,Male,Ireland,-7.518792,53.284466
828,Emilie,Galley,egalleymz@domainmarket.com,Female,Ireland,-7.269174,55.0650892
829,Sim,Romanetti,sromanettin0@disqus.com,Male,Ireland,-6.1157412,53.2774963
830,Mala,Benadette,mbenadetten1@tiny.cc,Female,Ireland,-8.83565,53.49417
831,Martelle,Meekins,mmeekinsn2@sun.com,Female,Ireland,-6.3828795,53.385304
832,Craig,Leatherbarrow,cleatherbarrown3@plala.or.jp,Male,Ireland,-8.2817353,54.4771768
833,Joanne,Colpus,jcolpusn4@nps.gov,Female,Ireland,-8.3545704,52.5593605
834,Brier,Tortis,btortisn5@technorati.com,Female,Ireland,-6.251714,53.3169419
835,Wendall,Itzkovsky,witzkovskyn6@epa.gov,Male,Ireland,-6.391149,53.8996586
836,Koenraad,Oxborrow,koxborrown7@cnbc.com,Male,Ireland,-6.67045,53.213319
837,Enrico,Goldthorp,egoldthorpn8@wix.com,Male,Ireland,-6.5899765,52.176031
838,Dixie,Takkos,dtakkosn9@smugmug.com,Female,Ireland,-6.4202878,54.0026343
839,Aubrey,Pointing,apointingna@fotki.com,Non-binary,Ireland,-6.0704904,53.1286984
840,Alexis,Simonini,asimonininb@ted.com,Female,Ireland,-7.269174,55.0650892
841,Garwin,Whimper,gwhimpernc@storify.com,Male,Ireland,-9.7850991,52.1058991
842,Jori,Bonallack,jbonallacknd@cam.ac.uk,Female,Ireland,-6.1820563,53.3786861
843,Leila,Linbohm,llinbohmne@ted.com,Bigender,Ireland,-8.9342111,52.182304
844,Fernando,Janiak,fjaniaknf@topsy.com,Male,Ireland,-7.9428197,53.4231032
845,Ethyl,Fountain,efountainng@squarespace.com,Female,Ireland,-6.374155,53.3223974
846,Fanny,Gurnell,fgurnellnh@newsvine.com,Female,Ireland,-8.4824714,51.8862378
847,Titos,Acheson,tachesonni@issuu.com,Male,Ireland,-8.958931,51.904635
848,Honor,Clohessy,hclohessynj@howstuffworks.com,Genderqueer,Ireland,-8.445614,51.8885086
849,Dayle,Freake,dfreakenk@angelfire.com,Female,Ireland,-8.5946591,54.632283
850,Sullivan,Getty,sgettynl@geocities.jp,Male,Ireland,-6.1544115,53.4855448
851,Angie,Albrooke,aalbrookenm@cornell.edu,Male,Ireland,-8.5946591,54.632283
852,Boycie,Southard,bsouthardnn@last.fm,Male,Ireland,-9.7850991,52.1058991
853,Giovanni,Frank,gfrankno@ustream.tv,Male,Ireland,-8.6340751,52.6638144
854,Allison,Radborne,aradbornenp@friendfeed.com,Female,Ireland,-6.2554371,53.2767301
855,Ninnetta,Mohan,nmohannq@time.com,Female,Ireland,-8.83565,53.49417
856,Reba,Grimston,rgrimstonnr@webs.com,Female,Ireland,-7.606287,53.6972399
857,Andromache,Jennrich,ajennrichns@google.cn,Female,Ireland,-7.086877,53.8363325
858,Eustacia,Eltone,eeltonent@symantec.com,Genderqueer,Ireland,-6.3539424,53.3666338
859,Brandais,Cufflin,bcufflinnu@sbwire.com,Female,Ireland,-8.05,51.9166667
860,Elberta,Clemetts,eclemettsnv@berkeley.edu,Female,Ireland,-8.8562835,53.510243
861,Sherri,Clemmensen,sclemmensennw@skype.com,Female,Ireland,-6.308522,52.665267
862,Daisey,Breadon,dbreadonnx@wufoo.com,Female,Ireland,-9.4904891,52.6396679
863,Tadeas,Portch,tportchny@phoca.cz,Male,Ireland,-6.6633404,53.2492381
864,Cosimo,Olivey,coliveynz@quantcast.com,Male,Ireland,-6.1535181,53.5220275
865,Gallagher,Gerok,ggeroko0@icio.us,Agender,Ireland,-6.3660863,53.2874153
866,Grethel,Lawrance,glawranceo1@accuweather.com,Female,Ireland,-8.7683674,53.7942932
867,Sol,Jackett,sjacketto2@jimdo.com,Male,Ireland,-8.958931,51.904635
868,Robinia,D'Oyley,rdoyleyo3@paginegialle.it,Non-binary,Ireland,-8.5047067,51.8830697
869,Creigh,Daingerfield,cdaingerfieldo4@gravatar.com,Male,Ireland,-9.1115941,51.7203863
870,Caresse,Valentine,cvalentineo5@naver.com,Female,Ireland,-6.139018,53.171935
871,Johnath,Yarrell,jyarrello6@blog.com,Female,Ireland,-6.5899765,52.176031
872,Jeffie,Posten,jposteno7@google.it,Male,Ireland,-7.0472382,52.9480781
873,Kiley,Breyt,kbreyto8@geocities.jp,Male,Ireland,-9.151825,54.11215
874,Berti,Scamerden,bscamerdeno9@amazon.co.jp,Female,Ireland,-6.374155,53.3223974
875,Cori,Birrell,cbirrelloa@e-recht24.de,Female,Ireland,-8.958931,51.904635
876,Celestyna,Gingold,cgingoldob@arstechnica.com,Female,Ireland,-6.4008792,53.9215606
877,Charlie,Eddison,ceddisonoc@biblegateway.com,Male,Ireland,-6.1011147,53.2000455
878,Raphaela,Tours,rtoursod@netlog.com,Female,Ireland,-6.2398782,53.32112
879,Marc,Gotter,mgotteroe@oakley.com,Male,Ireland,-80.7087609,35.7797381
880,Nonnah,Limbert,nlimbertof@intel.com,Female,Ireland,-6.3695384,53.3734053
881,Kelly,Le Leu,kleleuog@dropbox.com,Female,Ireland,-7.5011999,53.776647
882,Tricia,Giacobo,tgiacobooh@technorati.com,Female,Ireland,-6.1920933,53.3916434
883,Holly,Seakes,hseakesoi@indiatimes.com,Female,Ireland,-6.1942058,53.3604483
884,Brantley,Yesichev,byesichevoj@timesonline.co.uk,Male,Ireland,-6.218069,53.374266
885,Bellanca,Bagger,bbaggerok@csmonitor.com,Female,Ireland,-6.3077823,53.3655256
886,Keelia,Connaughton,kconnaughtonol@lulu.com,Female,Ireland,-6.2554371,53.2767301
887,Artus,Prawle,aprawleom@geocities.jp,Male,Ireland,-8.9791425,52.8638391
888,Clare,Aleksankin,caleksankinon@comcast.net,Male,Ireland,-8.2215941,53.0917381
889,Carolin,Mc Dermid,cmcdermidoo@squarespace.com,Female,Ireland,-6.0690645,53.1257486
890,Gabriela,Stubbings,gstubbingsop@home.pl,Female,Ireland,-9.4904891,52.6396679
891,Lemmy,Marvelley,lmarvelleyoq@skype.com,Male,Ireland,-8.4242597,51.8910459
892,Patton,Baynam,pbaynamor@dmoz.org,Male,Ireland,-8.2001004,52.86326
893,Bert,Winslet,bwinsletos@i2i.jp,Female,Ireland,-6.1884248,53.5879156
894,Corrie,O'Dennehy,codennehyot@nymag.com,Polygender,Ireland,-6.4241156,53.7369009
895,Thibaut,Astupenas,tastupenasou@flavors.me,Male,Ireland,-8.5054897,52.7107501
896,Perla,Gebbe,pgebbeov@artisteer.com,Female,Ireland,-6.1157412,53.2774963
897,Andras,Franzke,afranzkeow@scientificamerican.com,Male,Ireland,-8.445614,51.8885086
898,Rosco,Cumine,rcumineox@stanford.edu,Male,Ireland,-6.264963,53.3897152
899,Drud,Hindenberger,dhindenbergeroy@networkadvertising.org,Male,Ireland,-6.2633149,53.377533
900,Shannon,Wissby,swissbyoz@jimdo.com,Male,Ireland,-9.7359765,54.1433253
901,Paula,Fall,pfallp0@marketwatch.com,Female,Ireland,-9.1327273,53.806868
902,Penn,Weatherhogg,pweatherhoggp1@i2i.jp,Polygender,Ireland,-6.1884248,53.5879156
903,Myrtie,Tedahl,mtedahlp2@dyndns.org,Female,Ireland,-8.1722002,54.3051891
904,Man,Wayon,mwayonp3@storify.com,Male,Ireland,-8.5054897,52.7107501
905,Anna-diane,Robichon,arobichonp4@indiegogo.com,Agender,Ireland,-7.297914,54.026345
906,Wilfred,Mantz,wmantzp5@hostgator.com,Male,Ireland,-6.4671298,53.5050031
907,Nelli,Mateescu,nmateescup6@scribd.com,Non-binary,Ireland,-8.05,51.9166667
908,Broddy,Hugonneau,bhugonneaup7@wordpress.com,Male,Ireland,-6.266734,53.3829319
909,Morgun,Gaule,mgaulep8@nps.gov,Male,Ireland,-9.7359765,54.1433253
910,Gilbert,Enriquez,genriquezp9@elegantthemes.com,Male,Ireland,-9.4851741,52.4460804
911,Patrica,Robke,probkepa@google.com,Female,Ireland,-6.4671298,53.5050031
912,Frankie,Prout,fproutpb@odnoklassniki.ru,Female,Ireland,-8.7683674,53.7942932
913,Alma,Hauxley,ahauxleypc@ca.gov,Female,Ireland,-8.6346959,53.7423435
914,Carmelina,Bunclark,cbunclarkpd@about.com,Female,Ireland,-8.8950821,52.7604883
915,Arte,Paye,apayepe@google.ru,Male,Ireland,-6.3077823,53.3655256
916,Artemis,Screaton,ascreatonpf@uiuc.edu,Agender,Ireland,-6.1603828,53.2599034
917,Silvester,Humbles,shumblespg@topsy.com,Male,Ireland,-6.1349155,53.5834008
918,Dmitri,Altofts,daltoftsph@census.gov,Male,Ireland,-7.0472382,52.9480781
919,Liv,Shambroke,lshambrokepi@exblog.jp,Female,Ireland,-6.2152673,53.3323703
920,Justis,Monson,jmonsonpj@usnews.com,Male,Ireland,-7.269174,55.0650892
921,Vaclav,Grinley,vgrinleypk@miitbeian.gov.cn,Male,Ireland,-8.337871,52.0097259
922,Lorri,Bairstow,lbairstowpl@sakura.ne.jp,Female,Ireland,-6.1884248,53.5879156
923,Winne,Sondon,wsondonpm@theglobeandmail.com,Female,Ireland,-8.5946591,54.632283
924,Sheffield,Whalley,swhalleypn@blogtalkradio.com,Polygender,Ireland,-7.0472382,52.9480781
925,Beryle,Rickert,brickertpo@1688.com,Female,Ireland,-7.0472382,52.9480781
926,Gregoor,Meader,gmeaderpp@slashdot.org,Male,Ireland,-7.0625888,53.1387595
927,Irv,Sodor,isodorpq@businessinsider.com,Male,Ireland,-10.0320886,54.2223118
928,Alfie,Sandercock,asandercockpr@biglobe.ne.jp,Agender,Ireland,-6.251714,53.3169419
929,Cherye,Igglesden,cigglesdenps@abc.net.au,Female,Ireland,-7.9139891,53.0949398
930,Oralee,O'Kennedy,ookennedypt@noaa.gov,Female,Ireland,-8.4627451,54.25645
931,Dania,Elwyn,delwynpu@thetimes.co.uk,Female,Ireland,-7.0833118,52.2413206
932,Andrea,Murrum,amurrumpv@instagram.com,Female,Ireland,-6.2387374,53.3141205
933,Pru,Queyos,pqueyospw@icq.com,Female,Ireland,-6.1215213,53.2724538
934,Silvio,Coneau,sconeaupx@army.mil,Male,Ireland,-8.4627451,54.25645
935,Erroll,Bautiste,ebautistepy@1und1.de,Male,Ireland,-6.1535181,53.5220275
936,Normy,Halshaw,nhalshawpz@sphinn.com,Male,Ireland,-8.9791425,52.8638391
937,Roxane,Barbey,rbarbeyq0@hatena.ne.jp,Female,Ireland,-8.6340751,52.6638144
938,Horatia,Haddrill,hhaddrillq1@examiner.com,Female,Ireland,-6.4241156,53.7369009
939,Briano,Crosser,bcrosserq2@last.fm,Agender,Ireland,-8.9480659,53.940892
940,Bari,Munnion,bmunnionq3@statcounter.com,Female,Ireland,-6.163027,53.2339841
941,Annabell,Corck,acorckq4@ocn.ne.jp,Female,Ireland,-7.185387,53.158984
942,Raffarty,Stembridge,rstembridgeq5@globo.com,Male,Ireland,-7.145971,53.508326
943,Liuka,Turpey,lturpeyq6@examiner.com,Non-binary,Ireland,-6.5924609,53.2482376
944,Fowler,Elgey,felgeyq7@example.com,Male,Ireland,-6.163027,53.2339841
945,Arlana,Vanin,avaninq8@ucla.edu,Female,Ireland,-8.4784945,51.8815586
946,Dorry,Cosgrive,dcosgriveq9@baidu.com,Polygender,Ireland,-6.1979853,53.3046353
947,Dorian,Trimby,dtrimbyqa@cbslocal.com,Genderfluid,Ireland,-9.448724,51.680591
948,Kenton,Maffey,kmaffeyqb@miitbeian.gov.cn,Male,Ireland,-7.086877,53.8363325
949,Manon,Kolak,mkolakqc@ebay.co.uk,Female,Ireland,-8.9480659,53.940892
950,Pammi,Lines,plinesqd@alibaba.com,Bigender,Ireland,-6.313755,53.366736
951,Mirella,Domleo,mdomleoqe@ow.ly,Female,Ireland,-6.3049392,53.3021194
952,Donielle,Mold,dmoldqf@webmd.com,Female,Ireland,-6.3219759,53.2976886
953,Antonio,Howroyd,ahowroydqg@canalblog.com,Male,Ireland,-7.9139891,53.0949398
954,Goldarina,Jakel,gjakelqh@wufoo.com,Female,Ireland,-8.9821467,52.8498651
955,Micah,McCalister,mmccalisterqi@skyrock.com,Bigender,Ireland,-8.5946591,54.632283
956,Grant,Aberkirder,gaberkirderqj@google.com.br,Agender,Ireland,-8.298942,51.848898
957,Derry,Bolderoe,dbolderoeqk@psu.edu,Male,Ireland,-8.4523258,51.880525
958,Joann,Tarbert,jtarbertql@histats.com,Female,Ireland,-6.9898366,53.2265199
959,Foss,Guiness,fguinessqm@cbsnews.com,Male,Ireland,-6.1822287,53.3788495
960,Andra,Earle,aearleqn@hud.gov,Bigender,Ireland,-8.4242597,51.8910459
961,Keeley,Simkins,ksimkinsqo@mozilla.com,Polygender,Ireland,-8.958931,51.904635
962,Brent,Schleswig-Holstein,bschleswigholsteinqp@wordpress.org,Male,Ireland,-8.2755058,52.2627273
963,Christoper,Deverose,cdeveroseqq@aboutads.info,Agender,Ireland,-6.0690645,53.1257486
964,Rory,Band,rbandqr@weather.com,Female,Ireland,-6.133718,53.291512
965,Allyson,Alvy,aalvyqs@google.ru,Female,Ireland,-6.1406578,53.2886387
966,Eb,Proger,eprogerqt@macromedia.com,Male,Ireland,-6.3048641,53.3284298
967,Waldo,Whitton,wwhittonqu@engadget.com,Male,Ireland,-6.4202878,54.0026343
968,Davidde,Marklow,dmarklowqv@disqus.com,Male,Ireland,-6.3695384,53.3734053
969,Atalanta,Dysart,adysartqw@cornell.edu,Female,Ireland,-8.4242597,51.8910459
970,Dolorita,Oury,douryqx@free.fr,Female,Ireland,-6.218069,53.374266
971,Ernie,Sawtell,esawtellqy@dyndns.org,Male,Ireland,-8.2215941,53.0917381
972,Lauree,Parchment,lparchmentqz@yellowbook.com,Female,Ireland,-6.7449927,53.1310185
973,Leta,Reims,lreimsr0@ft.com,Polygender,Ireland,-7.185387,53.158984
974,Avigdor,Windham,awindhamr1@elpais.com,Male,Ireland,-6.2398782,53.32112
975,Whit,Shotbolt,wshotboltr2@sun.com,Male,Ireland,-8.4977746,51.8895954
976,Lindy,Kapelhoff,lkapelhoffr3@mit.edu,Female,Ireland,-8.9949917,53.8533151
977,Randi,Gero,rgeror4@ocn.ne.jp,Female,Ireland,-7.1297243,52.2509369
978,Sherrie,Casone,scasoner5@instagram.com,Female,Ireland,-8.4627451,54.25645
979,Padget,Rown,prownr6@sakura.ne.jp,Male,Ireland,-6.1136478,53.2121335
980,Lisbeth,Ference,lferencer7@ftc.gov,Female,Ireland,-6.1215213,53.2724538
981,Rachel,Najara,rnajarar8@list-manage.com,Female,Ireland,-6.4202878,54.0026343
982,Liam,Vanichev,lvanichevr9@toplist.cz,Non-binary,Ireland,-7.7655701,53.5650926
983,Sophie,Askem,saskemra@oracle.com,Female,Ireland,-6.3422325,53.719155
984,Tabatha,Glencorse,tglencorserb@bbc.co.uk,Female,Ireland,-6.3660863,53.2874153
985,Merline,Downe,mdownerc@1688.com,Female,Ireland,-6.336393,53.3122864
986,Northrop,Shearwood,nshearwoodrd@dailymail.co.uk,Male,Ireland,-6.313755,53.366736
987,Lyn,Bonnyson,lbonnysonre@narod.ru,Female,Ireland,-6.2554371,53.2767301
988,Domenico,Morford,dmorfordrf@scribd.com,Male,Ireland,-8.5171384,51.876873
989,Adan,Bartos,abartosrg@so-net.ne.jp,Male,Ireland,-9.5003786,52.4458588
990,Valdemar,Gasnoll,vgasnollrh@cloudflare.com,Male,Ireland,-6.590926,53.1936864
991,Gabriela,Buckie,gbuckieri@blog.com,Female,Ireland,-6.176659,53.4487975
992,Seymour,Longhorn,slonghornrj@google.ca,Male,Ireland,-10.022186,53.488087
993,Sybyl,Haggard,shaggardrk@yellowbook.com,Female,Ireland,-6.218069,53.374266
994,Mauricio,Shortin,mshortinrl@simplemachines.org,Male,Ireland,-6.590926,53.1936864
995,Moore,Fike,mfikerm@is.gd,Male,Ireland,-7.185387,53.158984
996,Fleurette,Cundy,fcundyrn@domainmarket.com,Female,Ireland,-6.3506335,53.2911347
997,Ellen,Keynd,ekeyndro@businessweek.com,Female,Ireland,-6.473025,54.0086093
998,Farleigh,Nettle,fnettlerp@newsvine.com,Bigender,Ireland,-6.2071246,53.4562426
999,Salomone,Huntley,shuntleyrq@examiner.com,Male,Ireland,-6.3422325,53.719155
1000,Cy,Woloschinski,cwoloschinskirr@gov.uk,Male,Ireland,-6.336393,53.3122864
