id,first_name,last_name,email,gender,country,lon,lat
1,Payton,Wiffler,pwiffler0@arstechnica.com,Agender,Ireland,-6.2057463,53.3870149
2,Wash,Waison,wwaison1@rediff.com,Male,Ireland,-6.1920933,53.3916434
3,Leodora,Peevor,lpeevor2@tuttocitta.it,Female,Ireland,-7.7655701,53.5650926
4,Vassily,MacNamee,vmacnamee3@google.ca,Male,Ireland,-6.0704904,53.1286984
5,Niccolo,Cowle,ncowle4@issuu.com,Male,Ireland,-8.334953,51.8610022
6,Killian,Drioli,kdrioli5@dell.com,Male,Ireland,-6.2429997,53.7902634
7,Aymer,Biernacki,abiernacki6@imageshack.us,Agender,Ireland,-8.445614,51.8885086
8,Conrade,Buckler,cbuckler7@hc360.com,Male,Ireland,-7.0472382,52.9480781
9,Mella,Tindle,mtindle8@meetup.com,Female,Ireland,-8.1722173,51.9138694
10,Killie,Gillham,kgillham9@slate.com,Male,Ireland,-8.5047067,51.8830697
11,Frederigo,Christescu,fchristescua@sakura.ne.jp,Male,Ireland,-7.1111732,52.2513095
12,Isabel,Lasselle,ilasselleb@imdb.com,Female,Ireland,-6.2429997,53.7902634
13,Law,Rowberry,lrowberryc@google.com.au,Male,Ireland,-6.3695384,53.3734053
14,Tymothy,McKinstry,tmckinstryd@omniture.com,Male,Ireland,-7.518792,53.284466
15,Vilhelmina,Threadgould,vthreadgoulde@hud.gov,Female,Ireland,-6.3025448,53.6920618
16,Bertrando,De Stoop,bdestoopf@techcrunch.com,Bigender,Ireland,-6.1820563,53.3786861
17,Kenon,Vousden,kvousdeng@yellowbook.com,Male,Ireland,-6.2324705,53.3177535
18,Kathrine,Howells,khowellsh@imgur.com,Genderqueer,Ireland,-9.4851741,52.4460804
19,Eugene,Lambrook,elambrooki@weibo.com,Male,Ireland,-6.2324705,53.3177535
20,Darla,Woodus,dwoodusj@usa.gov,Female,Ireland,-9.4904891,52.6396679
21,Carmina,Tollemache,ctollemachek@merriam-webster.com,Female,Ireland,-6.4241156,53.7369009
22,Dimitry,Seagrove,dseagrovel@cbc.ca,Male,Ireland,-6.4202878,54.0026343
23,Ab,Neath,aneathm@soup.io,Male,Ireland,-7.7655701,53.5650926
24,Malena,Thomsen,mthomsenn@senate.gov,Female,Ireland,-6.218069,53.374266
25,Elyssa,Klimek,eklimeko@paginegialle.it,Female,Ireland,-6.0690645,53.1257486
26,Bennie,O'Doran,bodoranp@zdnet.com,Female,Ireland,-6.1215213,53.2724538
27,Kamillah,Deedes,kdeedesq@google.es,Female,Ireland,-9.1327273,53.806868
28,Jami,Recke,jrecker@csmonitor.com,Female,Ireland,-6.266734,53.3829319
29,Izaak,Dowse,idowses@answers.com,Male,Ireland,-6.2633149,53.377533
30,Nap,Rubinlicht,nrubinlichtt@nifty.com,Male,Ireland,-6.0690645,53.1257486
31,Theodor,Orrobin,torrobinu@vk.com,Male,Ireland,-6.2057463,53.3870149
32,Sinclare,Gother,sgotherv@opensource.org,Male,Ireland,-6.266734,53.3829319
33,Patrick,Keat,pkeatw@uol.com.br,Male,Ireland,-6.2755912,53.3500473
34,Byrann,Querrard,bquerrardx@opera.com,Male,Ireland,-8.1722173,51.9138694
35,Ned,Corry,ncorryy@japanpost.jp,Male,Ireland,-8.8950821,52.7604883
36,Agatha,Larciere,alarcierez@artisteer.com,Female,Ireland,-9.0197835,53.2736466
37,Bernette,Crusham,bcrusham10@istockphoto.com,Bigender,Ireland,-6.3828795,53.385304
38,Monty,Caffrey,mcaffrey11@exblog.jp,Male,Ireland,-7.1297243,52.2509369
39,Julie,Hunt,jhunt12@chron.com,Male,Ireland,-7.606287,53.6972399
40,Garald,Hazard,ghazard13@pcworld.com,Male,Ireland,-6.9711886,53.916791
41,Tim,Brolly,tbrolly14@chronoengine.com,Genderqueer,Ireland,-6.4241156,53.7369009
42,Matthus,Laval,mlaval15@thetimes.co.uk,Male,Ireland,-7.2314132,54.1794814
43,Tiffany,Brownbridge,tbrownbridge16@google.ca,Female,Ireland,-8.9791425,52.8638391
44,Deny,Feakins,dfeakins17@virginia.edu,Female,Ireland,-6.2057463,53.3870149
45,Miles,Slad,mslad18@chicagotribune.com,Male,Ireland,-6.1544115,53.4855448
46,Ray,Alenichicov,ralenichicov19@arstechnica.com,Male,Ireland,-6.2611953,53.3881832
47,Lowrance,Donson,ldonson1a@china.com.cn,Male,Ireland,-6.2755912,53.3500473
48,Angie,O'Towey,aotowey1b@elpais.com,Male,Ireland,-7.5717688,52.1045472
49,Christoper,Bondesen,cbondesen1c@dion.ne.jp,Genderqueer,Ireland,-6.4202878,54.0026343
50,Myrtice,Montez,mmontez1d@nydailynews.com,Female,Ireland,-6.9140788,53.169971
51,Cyndia,Dike,cdike1e@youtube.com,Female,Ireland,-6.0690645,53.1257486
52,Conway,Danielsky,cdanielsky1f@indiatimes.com,Male,Ireland,-6.3049392,53.3021194
53,Kristofor,Gillison,kgillison1g@topsy.com,Male,Ireland,-8.8562835,53.510243
54,Brendis,Welbelove,bwelbelove1h@elpais.com,Male,Ireland,-6.176659,53.4487975
55,Franny,Magne,fmagne1i@home.pl,Bigender,Ireland,-8.8950821,52.7604883
56,Althea,Webb,awebb1j@spotify.com,Female,Ireland,-6.336393,53.3122864
57,Paulette,Leak,pleak1k@home.pl,Female,Ireland,-6.3049392,53.3021194
58,Ilaire,Wanless,iwanless1l@rediff.com,Male,Ireland,-6.2057463,53.3870149
59,Kalindi,Henningham,khenningham1m@nps.gov,Female,Ireland,-7.888894,52.516323
60,Papageno,Pieters,ppieters1n@posterous.com,Male,Ireland,-8.958931,51.904635
61,Cheslie,Gronaller,cgronaller1o@skype.com,Female,Ireland,-6.4496384,53.3582341
62,Bucky,Markson,bmarkson1p@prlog.org,Male,Ireland,-7.297914,54.026345
63,Carolus,Ventham,cventham1q@blogtalkradio.com,Male,Ireland,-6.5899765,52.176031
64,Charmion,Fraschini,cfraschini1r@reuters.com,Female,Ireland,-8.4523258,51.880525
65,Ronny,Hexham,rhexham1s@go.com,Male,Ireland,-8.8562835,53.510243
66,Willem,Carne,wcarne1t@a8.net,Bigender,Ireland,-8.337871,52.0097259
67,Kippy,Choudhury,kchoudhury1u@whitehouse.gov,Female,Ireland,-6.2398782,53.32112
68,Gabriella,Bolderstone,gbolderstone1v@prnewswire.com,Female,Ireland,-7.9027266,53.4148582
69,Annecorinne,Kennelly,akennelly1w@360.cn,Female,Ireland,-6.1191333,53.1915379
70,Lisha,Tomasoni,ltomasoni1x@rediff.com,Polygender,Ireland,-8.9342111,52.182304
71,Parrnell,Wethered,pwethered1y@hp.com,Male,Ireland,-8.5054897,52.7107501
72,Gabie,Conlaund,gconlaund1z@symantec.com,Male,Ireland,-9.1097137,53.2582868
73,Helli,Monard,hmonard20@imgur.com,Female,Ireland,-8.9342111,52.182304
74,Helyn,Rhodef,hrhodef21@chicagotribune.com,Female,Ireland,-8.9480659,53.940892
75,Nixie,Exrol,nexrol22@google.com.au,Female,Ireland,-6.9140788,53.169971
76,Colby,Bazelle,cbazelle23@yahoo.co.jp,Male,Ireland,-6.4887534,53.3653866
77,Sib,Vern,svern24@tiny.cc,Female,Ireland,-7.0833118,52.2413206
78,Benedikta,Croxall,bcroxall25@un.org,Female,Ireland,-6.1097188,53.3895926
79,Dael,Ommanney,dommanney26@oakley.com,Male,Ireland,-6.3660863,53.2874153
80,Obidiah,Duckerin,oduckerin27@posterous.com,Male,Ireland,-8.9821467,52.8498651
81,Jeremias,Tuting,jtuting28@ed.gov,Male,Ireland,-8.2001004,52.86326
82,Ferdie,Gouldeby,fgouldeby29@redcross.org,Male,Ireland,-6.1097188,53.3895926
83,Ursa,Thombleson,uthombleson2a@thetimes.co.uk,Female,Ireland,-6.2152673,53.3323703
84,Erinna,Ferencowicz,eferencowicz2b@histats.com,Genderfluid,Ireland,-6.2429997,53.7902634
85,Kalli,Claworth,kclaworth2c@cisco.com,Female,Ireland,-7.0833118,52.2413206
86,Rachele,Peealess,rpeealess2d@sourceforge.net,Genderqueer,Ireland,-7.518792,53.284466
87,Onofredo,Mughal,omughal2e@pen.io,Male,Ireland,-6.9858993,53.0018699
88,Tally,Circuitt,tcircuitt2f@amazon.co.uk,Non-binary,Ireland,-8.4784945,51.8815586
89,Florencia,Dowell,fdowell2g@army.mil,Female,Ireland,-8.4784945,51.8815586
90,Flem,Lorinez,florinez2h@narod.ru,Non-binary,Ireland,-7.086877,53.8363325
91,Lulu,Meese,lmeese2i@ning.com,Female,Ireland,-6.2611953,53.3881832
92,Kim,Neasam,kneasam2j@amazon.com,Female,Ireland,-6.308522,52.665267
93,Cyril,Hartshorne,chartshorne2k@washingtonpost.com,Male,Ireland,-6.374155,53.3223974
94,Teddy,Tatton,ttatton2l@boston.com,Female,Ireland,-6.266734,53.3829319
95,Margarete,Pauli,mpauli2m@pagesperso-orange.fr,Female,Ireland,-6.2324705,53.3177535
96,Kathleen,Philipart,kphilipart2n@yellowbook.com,Female,Ireland,-6.7515223,53.2888321
97,Vinni,Borthe,vborthe2o@digg.com,Female,Ireland,-8.8562835,53.510243
98,Nolana,Stobbe,nstobbe2p@google.nl,Female,Ireland,-9.1097137,53.2582868
99,Livvie,Roly,lroly2q@rambler.ru,Female,Ireland,-7.8004329,53.7283566
100,Sheryl,Zeale,szeale2r@1688.com,Female,Ireland,-6.3219759,53.2976886
101,Town,Veregan,tveregan2s@instagram.com,Male,Ireland,-7.7655701,53.5650926
102,Darda,Farenden,dfarenden2t@nydailynews.com,Polygender,Ireland,-6.473025,54.0086093
103,Gabriellia,Carruth,gcarruth2u@hc360.com,Female,Ireland,-7.145971,53.508326
104,Carlin,Padula,cpadula2v@acquirethisname.com,Male,Ireland,-6.9898366,53.2265199
105,Robb,Bengal,rbengal2w@senate.gov,Male,Ireland,-6.1136478,53.2121335
106,Fay,Tuffield,ftuffield2x@fema.gov,Female,Ireland,-6.2057463,53.3870149
107,Tedman,Froment,tfroment2y@g.co,Male,Ireland,-7.2979911,53.6785169
108,Roberta,Swallwell,rswallwell2z@storify.com,Female,Ireland,-6.1479779,53.450694
109,Russ,Scorthorne,rscorthorne30@ibm.com,Male,Ireland,-6.4241156,53.7369009
110,Sileas,Gleadle,sgleadle31@apache.org,Female,Ireland,-8.5946591,54.632283
111,Georgy,Krolik,gkrolik32@craigslist.org,Male,Ireland,-6.2611953,53.3881832
112,Gordon,Gillinghams,ggillinghams33@boston.com,Male,Ireland,-6.3828795,53.385304
113,Amil,Brewood,abrewood34@scientificamerican.com,Female,Ireland,-6.7449927,53.1310185
114,Shirlene,Hegges,shegges35@census.gov,Female,Ireland,-6.2755912,53.3500473
115,Shaylah,Doldon,sdoldon36@hubpages.com,Female,Ireland,-6.2890702,53.3201497
116,Minnnie,Nevison,mnevison37@instagram.com,Female,Ireland,-8.5047067,51.8830697
117,Audra,Mulgrew,amulgrew38@oracle.com,Female,Ireland,-6.64937,54.10269
118,Othilia,Speck,ospeck39@google.es,Female,Ireland,-6.1157412,53.2774963
119,Roslyn,Pedican,rpedican3a@dagondesign.com,Female,Ireland,-7.9428197,53.4231032
120,Marni,Sains,msains3b@google.com,Female,Ireland,-8.9949917,53.8533151
121,Franni,Golightly,fgolightly3c@so-net.ne.jp,Female,Ireland,-6.3219759,53.2976886
122,Bordy,Simpson,bsimpson3d@storify.com,Male,Ireland,-8.5171384,51.876873
123,Taite,Covotto,tcovotto3e@a8.net,Male,Ireland,-8.1722002,54.3051891
124,Maura,MacAnulty,mmacanulty3f@indiegogo.com,Female,Ireland,-7.1297243,52.2509369
125,Rafe,Bendig,rbendig3g@fema.gov,Male,Ireland,-8.3929404,51.8113447
126,Kimberly,Romeuf,kromeuf3h@ibm.com,Female,Ireland,-6.3049392,53.3021194
127,Hodge,Menichini,hmenichini3i@google.nl,Male,Ireland,-6.366762,53.2987724
128,Briggs,Elsby,belsby3j@sina.com.cn,Male,Ireland,-6.313755,53.366736
129,Elset,Mattersey,emattersey3k@ft.com,Female,Ireland,-6.1535181,53.5220275
130,Nicola,Ide,nide3l@columbia.edu,Female,Ireland,-8.2817353,54.4771768
131,Sherman,Trenfield,strenfield3m@hhs.gov,Male,Ireland,-6.163027,53.2339841
132,Arv,Lagadu,alagadu3n@unblog.fr,Male,Ireland,-6.3025448,53.6920618
133,Lemuel,Glavias,lglavias3o@wired.com,Male,Ireland,-9.1115941,51.7203863
134,Rolfe,Dansken,rdansken3p@hubpages.com,Male,Ireland,-9.7359765,54.1433253
135,Pierre,Kerswill,pkerswill3q@studiopress.com,Male,Ireland,-6.1603828,53.2599034
136,Tiebold,Swires,tswires3r@ustream.tv,Male,Ireland,-8.8562835,53.510243
137,Jackqueline,Breheny,jbreheny3s@desdev.cn,Female,Ireland,-7.9428197,53.4231032
138,Drusy,Sewter,dsewter3t@ucoz.ru,Female,Ireland,-6.1942058,53.3604483
139,Raphael,Sonner,rsonner3u@linkedin.com,Male,Ireland,-6.1644997,53.4266145
140,Christoffer,Kidwell,ckidwell3v@hugedomains.com,Male,Ireland,-80.7087609,35.7797381
141,Kristin,Lambertazzi,klambertazzi3w@cbsnews.com,Female,Ireland,-6.1979853,53.3046353
142,Ermin,Hollyman,ehollyman3x@privacy.gov.au,Male,Ireland,-6.1535181,53.5220275
143,Pamelina,Sketch,psketch3y@wired.com,Female,Ireland,-6.7449927,53.1310185
144,Hobart,Gater,hgater3z@dailymail.co.uk,Male,Ireland,-6.266734,53.3829319
145,Carlene,Bescoby,cbescoby40@deviantart.com,Female,Ireland,-8.1722002,54.3051891
146,Shaine,Fagge,sfagge41@google.co.jp,Male,Ireland,-6.9692181,52.7009338
147,Agustin,Druhan,adruhan42@columbia.edu,Male,Ireland,-6.374155,53.3223974
148,Matthew,Ivashkin,mivashkin43@indiegogo.com,Male,Ireland,-6.7515223,53.2888321
149,Herb,Gladdolph,hgladdolph44@hp.com,Male,Ireland,-8.2755058,52.2627273
150,Loree,Sanpher,lsanpher45@xinhuanet.com,Female,Ireland,-8.337871,52.0097259
151,Druci,O' Cuolahan,docuolahan46@infoseek.co.jp,Female,Ireland,-8.9791425,52.8638391
152,Christopher,Tettersell,ctettersell47@google.de,Bigender,Ireland,-9.5003786,52.4458588
153,Janeva,Dunstan,jdunstan48@jugem.jp,Female,Ireland,-6.3049392,53.3021194
154,Huberto,Cumesky,hcumesky49@tmall.com,Male,Ireland,-6.9858993,53.0018699
155,Hally,Mathet,hmathet4a@wordpress.org,Female,Ireland,-6.1136478,53.2121335
156,Gottfried,Lynde,glynde4b@vkontakte.ru,Male,Ireland,-8.5111664,51.8858819
157,Eugine,Bestman,ebestman4c@paginegialle.it,Female,Ireland,-6.1884248,53.5879156
158,Georas,Houdmont,ghoudmont4d@ning.com,Male,Ireland,-6.2508196,53.2866372
159,Noellyn,Joust,njoust4e@1688.com,Female,Ireland,-7.518792,53.284466
160,Donnamarie,Simmens,dsimmens4f@indiatimes.com,Polygender,Ireland,-9.4851741,52.4460804
161,Coleen,Spinetti,cspinetti4g@cbc.ca,Female,Ireland,-8.4523258,51.880525
162,Ulrike,Bruinemann,ubruinemann4h@simplemachines.org,Female,Ireland,-8.05,51.9166667
163,Gilberte,Pengilley,gpengilley4i@dion.ne.jp,Female,Ireland,-6.2508196,53.2866372
164,Basilio,Sopp,bsopp4j@domainmarket.com,Male,Ireland,-6.9898366,53.2265199
165,Haslett,Orkney,horkney4k@seesaa.net,Male,Ireland,-6.64937,54.10269
166,Terza,Giovannacci,tgiovannacci4l@mit.edu,Female,Ireland,-7.269174,55.0650892
167,Arlene,Weyland,aweyland4m@amazon.co.uk,Female,Ireland,-6.176659,53.4487975
168,Cicely,Bosward,cbosward4n@canalblog.com,Female,Ireland,-6.9898366,53.2265199
169,Sibyl,Murcutt,smurcutt4o@acquirethisname.com,Male,Ireland,-6.2755912,53.3500473
170,Kettie,Abrahamsohn,kabrahamsohn4p@php.net,Female,Ireland,-8.1722002,54.3051891
171,Cecelia,Eakins,ceakins4q@mail.ru,Female,Ireland,-7.606287,53.6972399
172,Osborne,Dunstone,odunstone4r@ebay.com,Male,Ireland,-6.264963,53.3897152
173,Cookie,Siret,csiret4s@hugedomains.com,Female,Ireland,-7.086877,53.8363325
174,Zacharias,Seleway,zseleway4t@washingtonpost.com,Male,Ireland,-7.269174,55.0650892
175,Dreddy,Thoresbie,dthoresbie4u@oracle.com,Polygender,Ireland,-8.259128,51.908209
176,Chaddy,Weagener,cweagener4v@businessweek.com,Male,Ireland,-8.9480659,53.940892
177,Celinka,Trotman,ctrotman4w@weibo.com,Female,Ireland,-8.337871,52.0097259
178,Noelyn,Biggin,nbiggin4x@histats.com,Female,Ireland,-6.1822287,53.3788495
179,Mil,Greasley,mgreasley4y@stanford.edu,Female,Ireland,-9.0288689,53.2737147
180,Foss,Macallam,fmacallam4z@cocolog-nifty.com,Male,Ireland,-6.1136478,53.2121335
181,Jeremiah,Broggini,jbroggini50@theatlantic.com,Male,Ireland,-6.67045,53.213319
182,Melicent,Harland,mharland51@smugmug.com,Female,Ireland,-8.2969737,53.9735591
183,Nerty,Nequest,nnequest52@businesswire.com,Female,Ireland,-6.9692181,52.7009338
184,Brander,Rostron,brostron53@51.la,Agender,Ireland,-6.3219759,53.2976886
185,Dehlia,Crawford,dcrawford54@wired.com,Female,Ireland,-7.1111732,52.2513095
186,Remy,Constantine,rconstantine55@bbc.co.uk,Female,Ireland,-6.2890702,53.3201497
187,Olga,Gwatkins,ogwatkins56@state.tx.us,Non-binary,Ireland,-7.9428197,53.4231032
188,Bogey,Rousell,brousell57@instagram.com,Male,Ireland,-6.218069,53.374266
189,Tabb,Waud,twaud58@github.com,Agender,Ireland,-8.9480659,53.940892
190,Angeline,Baudon,abaudon59@eepurl.com,Female,Ireland,-6.0704904,53.1286984
191,Deny,Jakaway,djakaway5a@wix.com,Bigender,Ireland,-6.4496384,53.3582341
192,Katrine,Sallier,ksallier5b@answers.com,Female,Ireland,-6.2890702,53.3201497
193,Shane,Pagitt,spagitt5c@wiley.com,Male,Ireland,-8.5070436,54.2109904
194,Kata,Bough,kbough5d@nsw.gov.au,Female,Ireland,-6.2611953,53.3881832
195,Marys,Nursey,mnursey5e@microsoft.com,Female,Ireland,-9.4851741,52.4460804
196,Ibrahim,Kinnie,ikinnie5f@github.io,Male,Ireland,-6.4202878,54.0026343
197,Hobard,Smewings,hsmewings5g@cisco.com,Male,Ireland,-6.313755,53.366736
198,Arnaldo,Oake,aoake5h@java.com,Male,Ireland,-9.1115941,51.7203863
199,Tori,Kleinhaus,tkleinhaus5i@disqus.com,Female,Ireland,-6.9711886,53.916791
200,Caspar,Issit,cissit5j@answers.com,Male,Ireland,-6.1544115,53.4855448
201,Manny,Whitwham,mwhitwham5k@tripadvisor.com,Male,Ireland,-6.5853664,53.378253
202,Cecilius,Headland,cheadland5l@walmart.com,Male,Ireland,-7.74208,54.70972
203,Hannie,Loffill,hloffill5m@yandex.ru,Female,Ireland,-8.9821467,52.8498651
204,Pierette,Escofier,pescofier5n@howstuffworks.com,Female,Ireland,-6.1479779,53.450694
205,Kordula,Danielsohn,kdanielsohn5o@biglobe.ne.jp,Non-binary,Ireland,-7.1297243,52.2509369
206,Teriann,Gummow,tgummow5p@etsy.com,Agender,Ireland,-8.8950821,52.7604883
207,Dag,Bienvenu,dbienvenu5q@sohu.com,Male,Ireland,-8.9342111,52.182304
208,Burnard,Eneas,beneas5r@fotki.com,Male,Ireland,-6.1820563,53.3786861
209,Cirilo,Wilkennson,cwilkennson5s@bloglines.com,Agender,Ireland,-6.64937,54.10269
210,Elisha,Miko,emiko5t@fastcompany.com,Female,Ireland,-8.259128,51.908209
211,Gauthier,Booij,gbooij5u@photobucket.com,Male,Ireland,-6.2890702,53.3201497
212,Zoe,Carlaw,zcarlaw5v@microsoft.com,Female,Ireland,-7.1111732,52.2513095
213,Erroll,McKew,emckew5w@slate.com,Male,Ireland,-6.1097188,53.3895926
214,Salomi,Drinkhill,sdrinkhill5x@scribd.com,Female,Ireland,-7.2979911,53.6785169
215,Rose,O'Noland,ronoland5y@virginia.edu,Female,Ireland,-6.2892907,53.310122
216,Darbie,Markwell,dmarkwell5z@boston.com,Female,Ireland,-6.1942058,53.3604483
217,Carleen,Helwig,chelwig60@1und1.de,Female,Ireland,-9.0288689,53.2737147
218,Phoebe,Weatherley,pweatherley61@wired.com,Female,Ireland,-8.298942,51.848898
219,Fabien,Fishby,ffishby62@boston.com,Male,Ireland,-6.4241156,53.7369009
220,Kalvin,MacBain,kmacbain63@xing.com,Male,Ireland,-6.1011147,53.2000455
221,Malva,Semrad,msemrad64@hubpages.com,Female,Ireland,-7.2314132,54.1794814
222,Deena,Yelyashev,dyelyashev65@canalblog.com,Female,Ireland,-8.5946591,54.632283
223,Wright,Selesnick,wselesnick66@slideshare.net,Non-binary,Ireland,-6.124065,53.231395
224,Murial,Ewence,mewence67@arstechnica.com,Polygender,Ireland,-6.1820563,53.3786861
225,Gonzales,Mullard,gmullard68@webs.com,Male,Ireland,-7.74208,54.70972
226,Zoe,Duffin,zduffin69@adobe.com,Female,Ireland,-6.176659,53.4487975
227,Caryn,Velden,cvelden6a@angelfire.com,Female,Ireland,-9.1327273,53.806868
228,Ardis,Blackbrough,ablackbrough6b@goo.ne.jp,Female,Ireland,-8.6346959,53.7423435
229,Julie,Edland,jedland6c@nih.gov,Female,Ireland,-6.308522,52.665267
230,Maurizio,Risman,mrisman6d@cam.ac.uk,Non-binary,Ireland,-8.2969737,53.9735591
231,Bran,Ferney,bferney6e@google.com.hk,Male,Ireland,-7.74208,54.70972
232,Cordy,MacCawley,cmaccawley6f@lycos.com,Female,Ireland,-6.1644997,53.4266145
233,Abbe,Cadore,acadore6g@google.ru,Female,Ireland,-6.2387374,53.3141205
234,Barron,Draayer,bdraayer6h@umich.edu,Male,Ireland,-6.1191333,53.1915379
235,Michel,Quinevan,mquinevan6i@soup.io,Polygender,Ireland,-6.1011147,53.2000455
236,Fanya,Frankcombe,ffrankcombe6j@last.fm,Female,Ireland,-7.9428197,53.4231032
237,Micah,Van Dale,mvandale6k@cisco.com,Male,Ireland,-6.2554371,53.2767301
238,Pauline,MacGorrie,pmacgorrie6l@purevolume.com,Female,Ireland,-6.7449927,53.1310185
239,Trudy,Pavlovsky,tpavlovsky6m@cloudflare.com,Female,Ireland,-8.5369154,52.6681994
240,Gwennie,Morlon,gmorlon6n@ca.gov,Female,Ireland,-7.9428197,53.4231032
241,Delly,Westcot,dwestcot6o@mtv.com,Polygender,Ireland,-7.888894,52.516323
242,Julian,Thormann,jthormann6p@nationalgeographic.com,Male,Ireland,-6.251714,53.3169419
243,Danny,Chalcroft,dchalcroft6q@marketwatch.com,Female,Ireland,-6.2340942,53.2993199
244,Beth,Conibeer,bconibeer6r@cisco.com,Female,Ireland,-8.2001004,52.86326
245,Gabrila,Tander,gtander6s@nydailynews.com,Female,Ireland,-6.2755912,53.3500473
246,Nealy,Harmes,nharmes6t@reference.com,Male,Ireland,-6.313755,53.366736
247,Starr,Hansford,shansford6u@yellowpages.com,Female,Ireland,-8.9775014,52.8314927
248,Amabelle,Maciaszczyk,amaciaszczyk6v@psu.edu,Female,Ireland,-6.1406578,53.2886387
249,Palmer,Chalkly,pchalkly6w@squidoo.com,Male,Ireland,-8.1722173,51.9138694
250,Alia,Mengo,amengo6x@constantcontact.com,Female,Ireland,-6.1644997,53.4266145
251,Cliff,Schwanden,cschwanden6y@rediff.com,Male,Ireland,-6.0704904,53.1286984
252,Annabela,Benjafield,abenjafield6z@live.com,Female,Ireland,-8.9480659,53.940892
253,Ky,Pilger,kpilger70@hexun.com,Male,Ireland,-7.9139891,53.0949398
254,Benyamin,Hobden,bhobden71@canalblog.com,Male,Ireland,-8.9791425,52.8638391
255,Derril,Stener,dstener72@purevolume.com,Male,Ireland,-7.888894,52.516323
256,Chase,Hickin,chickin73@etsy.com,Male,Ireland,-8.489012,51.923707
257,Whitman,Settle,wsettle74@oakley.com,Genderqueer,Ireland,-8.2969737,53.9735591
258,Tyrone,Badby,tbadby75@ehow.com,Male,Ireland,-8.958931,51.904635
259,Merv,Roswarn,mroswarn76@mozilla.com,Male,Ireland,-6.1603828,53.2599034
260,Petey,McMeekan,pmcmeekan77@squarespace.com,Male,Ireland,-6.4202878,54.0026343
261,Marlow,Clubb,mclubb78@state.gov,Male,Ireland,-7.297914,54.026345
262,Flemming,Bester,fbester79@census.gov,Genderqueer,Ireland,-6.9692181,52.7009338
263,Saundra,Tembey,stembey7a@washington.edu,Agender,Ireland,-6.6633404,53.2492381
264,Gallard,Ionnisian,gionnisian7b@constantcontact.com,Male,Ireland,-6.1072403,53.2780047
265,Minnie,Bussey,mbussey7c@dailymail.co.uk,Female,Ireland,-8.9791425,52.8638391
266,Michel,Minget,mminget7d@latimes.com,Female,Ireland,-8.7683674,53.7942932
267,Lindsey,Gallico,lgallico7e@tuttocitta.it,Male,Ireland,-6.4241156,53.7369009
268,Trey,Scotfurth,tscotfurth7f@auda.org.au,Male,Ireland,-7.606287,53.6972399
269,Belicia,Tynewell,btynewell7g@wikia.com,Female,Ireland,-6.3539424,53.3666338
270,Rana,MacLoughlin,rmacloughlin7h@yahoo.com,Genderqueer,Ireland,-6.3695384,53.3734053
271,Molly,Como,mcomo7i@jimdo.com,Agender,Ireland,-8.3929404,51.8113447
272,Briggs,Gabriel,bgabriel7j@lycos.com,Male,Ireland,-8.8950821,52.7604883
273,Jaclin,Tatters,jtatters7k@telegraph.co.uk,Female,Ireland,-6.336393,53.3122864
274,Gerri,Dorro,gdorro7l@list-manage.com,Male,Ireland,-6.251714,53.3169419
275,Avie,McCook,amccook7m@spiegel.de,Female,Ireland,-6.9858993,53.0018699
276,Wynn,Willard,wwillard7n@cbc.ca,Male,Ireland,-7.9027266,53.4148582
277,Paulie,Yallowley,pyallowley7o@cargocollective.com,Male,Ireland,-6.7434401,53.2229873
278,Stevy,Balsom,sbalsom7p@mozilla.org,Male,Ireland,-6.2057463,53.3870149
279,Sidnee,Hallworth,shallworth7q@ihg.com,Male,Ireland,-6.2398782,53.32112
280,Cliff,Ledington,cledington7r@tinyurl.com,Male,Ireland,-8.9706844,52.6004448
281,Hinze,Yegorev,hyegorev7s@ucsd.edu,Bigender,Ireland,-9.4904891,52.6396679
282,Dix,Cornfoot,dcornfoot7t@jugem.jp,Female,Ireland,-7.269174,55.0650892
283,Demetra,Siddons,dsiddons7u@usda.gov,Female,Ireland,-6.1479779,53.450694
284,Cosetta,Phippen,cphippen7v@java.com,Female,Ireland,-6.1479779,53.450694
285,Yorke,Tomaselli,ytomaselli7w@furl.net,Male,Ireland,-7.9428197,53.4231032
286,Stillmann,Dahlbom,sdahlbom7x@washingtonpost.com,Male,Ireland,-8.2215941,53.0917381
287,Pegeen,Jaram,pjaram7y@google.es,Female,Ireland,-8.3929404,51.8113447
288,Myer,Radbond,mradbond7z@de.vu,Bigender,Ireland,-6.3539424,53.3666338
289,Gawain,Dempster,gdempster80@yandex.ru,Male,Ireland,-9.0288689,53.2737147
290,Yvonne,Petrak,ypetrak81@icq.com,Female,Ireland,-7.145971,53.508326
291,Clareta,Eddowes,ceddowes82@bloomberg.com,Female,Ireland,-6.163027,53.2339841
292,Edgar,Janse,ejanse83@theguardian.com,Male,Ireland,-6.7449927,53.1310185
293,Carleton,Hadfield,chadfield84@google.de,Male,Ireland,-6.176659,53.4487975
294,Cassandre,Mc-Kerley,cmckerley85@reference.com,Female,Ireland,-6.1535181,53.5220275
295,Molly,Rushbrooke,mrushbrooke86@goodreads.com,Female,Ireland,-8.958931,51.904635
296,Laurel,Smallacombe,lsmallacombe87@ustream.tv,Female,Ireland,-8.9480659,53.940892
297,Fraser,Petrovic,fpetrovic88@godaddy.com,Male,Ireland,-7.086877,53.8363325
298,Starla,Jemmison,sjemmison89@histats.com,Female,Ireland,-7.1297243,52.2509369
299,Candis,Lassells,classells8a@chronoengine.com,Female,Ireland,-7.1111732,52.2513095
300,Herb,McLeman,hmcleman8b@google.fr,Male,Ireland,-8.8562835,53.510243
301,Venita,Mohammad,vmohammad8c@epa.gov,Agender,Ireland,-8.9821467,52.8498651
302,Dino,Bouttell,dbouttell8d@macromedia.com,Male,Ireland,-7.9139891,53.0949398
303,Karlis,Miguel,kmiguel8e@github.io,Agender,Ireland,-6.2324705,53.3177535
304,Marina,Haynes,mhaynes8f@google.de,Female,Ireland,-6.391149,53.8996586
305,Orazio,Curm,ocurm8g@admin.ch,Male,Ireland,-8.4824714,51.8862378
306,Rosamond,Van den Velden,rvandenvelden8h@symantec.com,Female,Ireland,-6.2611953,53.3881832
307,Sara-ann,Scanlon,sscanlon8i@slideshare.net,Female,Ireland,-6.1136478,53.2121335
308,Junie,Mosco,jmosco8j@naver.com,Female,Ireland,-8.2215941,53.0917381
309,Galvan,Ginley,gginley8k@pagesperso-orange.fr,Male,Ireland,-7.888894,52.516323
310,Gabriela,Battell,gbattell8l@fda.gov,Female,Ireland,-6.1406578,53.2886387
311,Shoshana,Reedshaw,sreedshaw8m@goodreads.com,Female,Ireland,-9.448724,51.680591
312,Sharyl,Waller-Bridge,swallerbridge8n@guardian.co.uk,Female,Ireland,-7.606287,53.6972399
313,Finlay,MacCallester,fmaccallester8o@macromedia.com,Male,Ireland,-8.9342111,52.182304
314,Daven,Camlin,dcamlin8p@gizmodo.com,Male,Ireland,-6.1215213,53.2724538
315,Owen,Nattrass,onattrass8q@ucoz.ru,Male,Ireland,-6.473025,54.0086093
316,Reider,Levins,rlevins8r@ibm.com,Male,Ireland,-6.163027,53.2339841
317,Thedrick,Shayes,tshayes8s@uiuc.edu,Male,Ireland,-9.268589,51.549106
318,Deena,Oatley,doatley8t@google.ca,Female,Ireland,-6.1979853,53.3046353
319,Suzette,Hamson,shamson8u@dagondesign.com,Female,Ireland,-6.3506335,53.2911347
320,Logan,Hardison,lhardison8v@latimes.com,Male,Ireland,-8.9791425,52.8638391
321,Willdon,Dobbs,wdobbs8w@privacy.gov.au,Male,Ireland,-8.2969737,53.9735591
322,Xenia,Proger,xproger8x@imdb.com,Female,Ireland,-6.1644997,53.4266145
323,Cayla,Hek,chek8y@washingtonpost.com,Female,Ireland,-10.022186,53.488087
324,Guenna,Roulston,groulston8z@typepad.com,Female,Ireland,-7.185387,53.158984
325,Robbi,Dutnell,rdutnell90@geocities.com,Female,Ireland,-6.1097188,53.3895926
326,Veronica,Blader,vblader91@bing.com,Female,Ireland,-6.1644997,53.4266145
327,Elbertine,Arguile,earguile92@creativecommons.org,Agender,Ireland,-6.2340942,53.2993199
328,Malina,Deans,mdeans93@free.fr,Female,Ireland,-7.9428197,53.4231032
329,Abra,Rourke,arourke94@webs.com,Female,Ireland,-8.2817353,54.4771768
330,Gerti,MacCaughen,gmaccaughen95@engadget.com,Female,Ireland,-6.5924609,53.2482376
331,Diannne,Gadault,dgadault96@slate.com,Non-binary,Ireland,-6.1979853,53.3046353
332,Pansy,Dofty,pdofty97@macromedia.com,Female,Ireland,-6.1822287,53.3788495
333,Alicea,Morecomb,amorecomb98@reference.com,Female,Ireland,-6.266734,53.3829319
334,Martelle,Arr,marr99@purevolume.com,Female,Ireland,-6.7515223,53.2888321
335,Dasie,Feehan,dfeehan9a@samsung.com,Female,Ireland,-6.2398782,53.32112
336,Lura,Alesbrook,lalesbrook9b@artisteer.com,Female,Ireland,-6.2611953,53.3881832
337,Calhoun,Bullant,cbullant9c@bbb.org,Agender,Ireland,-9.268589,51.549106
338,Martina,Rzehor,mrzehor9d@theguardian.com,Female,Ireland,-8.4523258,51.880525
339,Betteanne,Wintle,bwintle9e@washingtonpost.com,Female,Ireland,-6.1822287,53.3788495
340,Scotti,Yeates,syeates9f@mysql.com,Male,Ireland,-6.366762,53.2987724
341,Aluin,Essam,aessam9g@booking.com,Male,Ireland,-6.7434401,53.2229873
342,Hi,Miche,hmiche9h@guardian.co.uk,Male,Ireland,-7.2584,52.655184
343,Ingar,Hendonson,ihendonson9i@sun.com,Male,Ireland,-6.5924609,53.2482376
344,Tarrance,Usher,tusher9j@vinaora.com,Male,Ireland,-8.489012,51.923707
345,Rani,Winders,rwinders9k@cam.ac.uk,Female,Ireland,-8.5171384,51.876873
346,Trevar,Gemmill,tgemmill9l@jiathis.com,Male,Ireland,-7.5011999,53.776647
347,Cullen,Seyers,cseyers9m@barnesandnoble.com,Male,Ireland,-6.3539424,53.3666338
348,Amelita,Swyre,aswyre9n@4shared.com,Genderqueer,Ireland,-6.163027,53.2339841
349,Rhodie,Renvoys,rrenvoys9o@parallels.com,Female,Ireland,-9.268589,51.549106
350,Reginauld,MacAree,rmacaree9p@ed.gov,Male,Ireland,-9.1115941,51.7203863
351,Merridie,Croxley,mcroxley9q@npr.org,Polygender,Ireland,-6.374155,53.3223974
352,Kenn,Kettlestringes,kkettlestringes9r@addtoany.com,Male,Ireland,-8.489012,51.923707
353,Tabatha,Dries,tdries9s@economist.com,Female,Ireland,-8.2001004,52.86326
354,Ode,Dows,odows9t@163.com,Male,Ireland,-8.5171384,51.876873
355,Lira,Pesterfield,lpesterfield9u@twitpic.com,Female,Ireland,-6.1822287,53.3788495
356,Sawyer,Robiou,srobiou9v@nhs.uk,Male,Ireland,-6.176659,53.4487975
357,Farah,Chrystie,fchrystie9w@booking.com,Female,Ireland,-10.022186,53.488087
358,Daniela,Martland,dmartland9x@sciencedirect.com,Female,Ireland,-6.4496384,53.3582341
359,Lyndel,Finnie,lfinnie9y@symantec.com,Female,Ireland,-9.7850991,52.1058991
360,Armstrong,Millwall,amillwall9z@mysql.com,Male,Ireland,-9.5003786,52.4458588
361,Leighton,Ceyssen,lceyssena0@ox.ac.uk,Male,Ireland,-6.1157412,53.2774963
362,Nicol,Folds,nfoldsa1@linkedin.com,Male,Ireland,-6.163027,53.2339841
363,Hatty,Guillart,hguillarta2@smh.com.au,Female,Ireland,-7.518792,53.284466
364,Steffen,Buttery,sbutterya3@noaa.gov,Polygender,Ireland,-6.3422325,53.719155
365,Teena,Boldock,tboldocka4@ed.gov,Female,Ireland,-6.2071246,53.4562426
366,Wilbur,McGilbon,wmcgilbona5@sciencedaily.com,Male,Ireland,-8.9775014,52.8314927
367,Lizzie,O'Kane,lokanea6@nyu.edu,Female,Ireland,-8.337871,52.0097259
368,Peggi,Hutchins,phutchinsa7@dailymotion.com,Female,Ireland,-8.4784945,51.8815586
369,Chester,Pere,cperea8@walmart.com,Male,Ireland,-7.5717688,52.1045472
370,Glen,Stollenbeck,gstollenbecka9@telegraph.co.uk,Male,Ireland,-8.6346959,53.7423435
371,Drew,Frankcom,dfrankcomaa@amazonaws.com,Male,Ireland,-8.9949917,53.8533151
372,Abra,Beaby,abeabyab@prweb.com,Female,Ireland,-8.5047067,51.8830697
373,Wes,Jeakins,wjeakinsac@guardian.co.uk,Male,Ireland,-9.448724,51.680591
374,Hastings,Peperell,hpeperellad@youtube.com,Male,Ireland,-8.9949917,53.8533151
375,Benji,Trudgion,btrudgionae@cdc.gov,Male,Ireland,-6.374155,53.3223974
376,Eugene,Alpin,ealpinaf@phoca.cz,Male,Ireland,-7.8434254,51.949401
377,Isiahi,Atkyns,iatkynsag@pinterest.com,Male,Ireland,-8.5070436,54.2109904
378,Chaddie,Duesberry,cduesberryah@globo.com,Male,Ireland,-7.145971,53.508326
379,Norean,Ruggieri,nruggieriai@kickstarter.com,Female,Ireland,-8.5070436,54.2109904
380,Cayla,Hubbart,chubbartaj@wikipedia.org,Female,Ireland,-8.8562835,53.510243
381,Lina,Spenclay,lspenclayak@ocn.ne.jp,Female,Ireland,-9.159604,53.302644
382,Dedra,Fogel,dfogelal@cpanel.net,Genderfluid,Ireland,-6.336393,53.3122864
383,Jasmin,Jobey,jjobeyam@rediff.com,Female,Ireland,-6.9692181,52.7009338
384,Joan,Reany,jreanyan@chron.com,Female,Ireland,-8.83565,53.49417
385,Francisca,Stevani,fstevaniao@squarespace.com,Female,Ireland,-8.5070436,54.2109904
386,Melli,Drennan,mdrennanap@huffingtonpost.com,Female,Ireland,-7.086877,53.8363325
387,Tam,Haliburn,thaliburnaq@1688.com,Male,Ireland,-6.1979853,53.3046353
388,Stephani,Bennison,sbennisonar@imgur.com,Female,Ireland,-6.3219759,53.2976886
389,Heywood,Byfield,hbyfieldas@domainmarket.com,Male,Ireland,-8.4523258,51.880525
390,Cecilla,Gooderick,cgooderickat@chronoengine.com,Female,Ireland,-8.9342111,52.182304
391,Shanda,Haysman,shaysmanau@icq.com,Female,Ireland,-7.8004329,53.7283566
392,Geri,Hardage,ghardageav@phpbb.com,Female,Ireland,-7.297914,54.026345
393,Damon,Roskelly,droskellyaw@oracle.com,Male,Ireland,-9.1115941,51.7203863
394,Binni,Staddon,bstaddonax@cisco.com,Female,Ireland,-6.1544115,53.4855448
395,Minna,Bridat,mbridatay@vistaprint.com,Female,Ireland,-7.9428197,53.4231032
396,Meghan,McConnel,mmcconnelaz@pagesperso-orange.fr,Bigender,Ireland,-8.298942,51.848898
397,Timoteo,Sliney,tslineyb0@lulu.com,Male,Ireland,-6.1349155,53.5834008
398,Sue,Chisnall,schisnallb1@scribd.com,Female,Ireland,-8.9342111,52.182304
399,Kort,Ansteys,kansteysb2@prweb.com,Male,Ireland,-6.133718,53.291512
400,Randee,Ferrone,rferroneb3@netvibes.com,Female,Ireland,-6.2633149,53.377533
401,Bale,Justis,bjustisb4@freewebs.com,Male,Ireland,-80.7087609,35.7797381
402,Melvyn,Spitell,mspitellb5@google.it,Male,Ireland,-6.590926,53.1936864
403,Fritz,Dan,fdanb6@intel.com,Male,Ireland,-7.5717688,52.1045472
404,Henrik,Insole,hinsoleb7@constantcontact.com,Male,Ireland,-9.4904891,52.6396679
405,Holly,Malster,hmalsterb8@oracle.com,Female,Ireland,-6.4241156,53.7369009
406,Dirk,Tonepohl,dtonepohlb9@sfgate.com,Male,Ireland,-6.6633404,53.2492381
407,Ariela,Sertin,asertinba@wisc.edu,Female,Ireland,-6.9711886,53.916791
408,Mannie,Sempill,msempillbb@i2i.jp,Male,Ireland,-6.9898366,53.2265199
409,Yorgo,Rosita,yrositabc@ed.gov,Male,Ireland,-8.9480659,53.940892
410,Moyna,Ludovici,mludovicibd@patch.com,Female,Ireland,-6.2633149,53.377533
411,Bendick,Tamburi,btamburibe@zimbio.com,Male,Ireland,-6.5028415,53.3806398
412,Beauregard,Pettingill,bpettingillbf@ted.com,Male,Ireland,-6.3660863,53.2874153
413,Manfred,Lonergan,mlonerganbg@china.com.cn,Male,Ireland,-6.64937,54.10269
414,Billie,Ameer-Beg,bameerbegbh@va.gov,Female,Ireland,-6.3077823,53.3655256
415,Ivor,Craufurd,icraufurdbi@ovh.net,Polygender,Ireland,-9.5003786,52.4458588
416,Axe,Delves,adelvesbj@state.gov,Bigender,Ireland,-6.218069,53.374266
417,Devon,Balnaves,dbalnavesbk@livejournal.com,Female,Ireland,-6.2057463,53.3870149
418,Cati,Wakeling,cwakelingbl@cnet.com,Female,Ireland,-6.1072403,53.2780047
419,Verile,Coupar,vcouparbm@mozilla.org,Female,Ireland,-7.145971,53.508326
420,Tony,Dowdall,tdowdallbn@w3.org,Male,Ireland,-6.0690645,53.1257486
421,Brion,Duthie,bduthiebo@engadget.com,Male,Ireland,-6.2152673,53.3323703
422,Babita,Dotson,bdotsonbp@icq.com,Female,Ireland,-7.8004329,53.7283566
423,Tobe,Cuddon,tcuddonbq@rediff.com,Male,Ireland,-6.1349155,53.5834008
424,Mallory,Kezor,mkezorbr@senate.gov,Male,Ireland,-8.4627451,54.25645
425,Paton,Hasty,phastybs@canalblog.com,Male,Ireland,-6.1544115,53.4855448
426,Ola,Farrants,ofarrantsbt@google.pl,Female,Ireland,-6.2611953,53.3881832
427,Duane,Bernon,dbernonbu@unicef.org,Male,Ireland,-6.1822287,53.3788495
428,Benjy,Squibb,bsquibbbv@mysql.com,Male,Ireland,-8.445614,51.8885086
429,Holmes,Bartot,hbartotbw@discovery.com,Male,Ireland,-8.9775014,52.8314927
430,Meggy,Bruins,mbruinsbx@engadget.com,Polygender,Ireland,-9.1097137,53.2582868
431,Milo,Beddow,mbeddowby@arstechnica.com,Male,Ireland,-7.9139891,53.0949398
432,Hugo,Slevin,hslevinbz@gravatar.com,Male,Ireland,-8.4627451,54.25645
433,Moria,Busen,mbusenc0@economist.com,Female,Ireland,-10.0320886,54.2223118
434,Chicky,Piggins,cpigginsc1@arizona.edu,Female,Ireland,-8.9480659,53.940892
435,Ring,Ferre,rferrec2@hatena.ne.jp,Male,Ireland,-6.7449927,53.1310185
436,Mary,Collumbell,mcollumbellc3@dell.com,Female,Ireland,-6.4241156,53.7369009
437,Simone,Bertouloume,sbertouloumec4@wsj.com,Female,Ireland,-6.5028415,53.3806398
438,Petra,Verralls,pverrallsc5@digg.com,Female,Ireland,-6.313755,53.366736
439,Gregor,Dyzart,gdyzartc6@addtoany.com,Male,Ireland,-7.2584,52.655184
440,Lorilee,Brocks,lbrocksc7@jugem.jp,Female,Ireland,-7.145971,53.508326
441,Josias,Halversen,jhalversenc8@alibaba.com,Male,Ireland,-6.1136478,53.2121335
442,Ryan,Greensmith,rgreensmithc9@hatena.ne.jp,Male,Ireland,-6.1215213,53.2724538
443,Inga,Le Grice,ilegriceca@usgs.gov,Polygender,Ireland,-8.9342111,52.182304
444,Camilla,Reedman,creedmancb@gnu.org,Female,Ireland,-6.218069,53.374266
445,Tate,Bolam,tbolamcc@walmart.com,Male,Ireland,-8.5369154,52.6681994
446,Ernesta,Vondrys,evondryscd@sina.com.cn,Female,Ireland,-8.445614,51.8885086
447,Tamqrah,Pailin,tpailince@163.com,Female,Ireland,-6.1097188,53.3895926
448,Dallon,Spooner,dspoonercf@mediafire.com,Male,Ireland,-7.2979911,53.6785169
449,Kalli,Bothram,kbothramcg@cornell.edu,Female,Ireland,-9.151825,54.11215
450,Kelsy,Armatage,karmatagech@hc360.com,Female,Ireland,-6.336393,53.3122864
451,Townsend,O'Rourke,torourkeci@apple.com,Male,Ireland,-8.5176583,51.8863277
452,Jessalyn,Ranscomb,jranscombcj@paypal.com,Female,Ireland,-8.2215941,53.0917381
453,Markos,Headly,mheadlyck@pbs.org,Male,Ireland,-6.1157412,53.2774963
454,Adelind,Dreghorn,adreghorncl@w3.org,Female,Ireland,-6.2398782,53.32112
455,Allys,Schneidau,aschneidaucm@cloudflare.com,Female,Ireland,-6.2340942,53.2993199
456,Dewain,Leith,dleithcn@telegraph.co.uk,Male,Ireland,-6.1097188,53.3895926
457,Gerry,Spurling,gspurlingco@google.com.hk,Female,Ireland,-6.7449927,53.1310185
458,Karlotte,Kisby,kkisbycp@hexun.com,Female,Ireland,-8.3929404,51.8113447
459,Willamina,Philipson,wphilipsoncq@ocn.ne.jp,Female,Ireland,-8.3545704,52.5593605
460,Thea,Golbourn,tgolbourncr@rakuten.co.jp,Genderqueer,Ireland,-8.2215941,53.0917381
461,Gilberto,Durand,gdurandcs@who.int,Male,Ireland,-7.1111732,52.2513095
462,Carmella,Rockwill,crockwillct@indiatimes.com,Female,Ireland,-9.7850991,52.1058991
463,Pammie,Ragat,pragatcu@unblog.fr,Female,Ireland,-8.5176583,51.8863277
464,Kele,Giacobo,kgiacobocv@usa.gov,Male,Ireland,-8.8562835,53.510243
465,Sonnnie,Islip,sislipcw@vistaprint.com,Female,Ireland,-6.3048641,53.3284298
466,Iormina,Wadesworth,iwadesworthcx@pbs.org,Female,Ireland,-8.958931,51.904635
467,Gawen,Diddams,gdiddamscy@ihg.com,Male,Ireland,-6.2324705,53.3177535
468,Mamie,Vernham,mvernhamcz@reverbnation.com,Female,Ireland,-6.163027,53.2339841
469,Rodina,Van Der Straaten,rvanderstraatend0@parallels.com,Female,Ireland,-9.0248232,53.2760162
470,Rici,Hilbourne,rhilbourned1@google.co.jp,Female,Ireland,-8.9949917,53.8533151
471,Fanchon,Rendle,frendled2@issuu.com,Female,Ireland,-6.4202878,54.0026343
472,Filberto,Cains,fcainsd3@harvard.edu,Male,Ireland,-6.1157412,53.2774963
473,Reena,Shorie,rshoried4@google.com,Female,Ireland,-8.2817353,54.4771768
474,Chaim,Grist,cgristd5@imdb.com,Male,Ireland,-6.2429997,53.7902634
475,Portie,Colvill,pcolvilld6@ted.com,Male,Ireland,-7.185387,53.158984
476,Bert,Ruffli,brufflid7@sbwire.com,Male,Ireland,-9.1327273,53.806868
477,Ninnette,Camin,ncamind8@goo.gl,Female,Ireland,-8.2215941,53.0917381
478,Lise,Gildroy,lgildroyd9@mit.edu,Female,Ireland,-8.9342111,52.182304
479,Aldon,Anthill,aanthillda@ning.com,Male,Ireland,-9.5003786,52.4458588
480,Frasier,Runham,frunhamdb@aboutads.info,Male,Ireland,-9.151825,54.11215
481,Cilka,Dreus,cdreusdc@kickstarter.com,Female,Ireland,-8.4523258,51.880525
482,Sophey,Heintz,sheintzdd@abc.net.au,Female,Ireland,-8.9706844,52.6004448
483,Sheree,Fine,sfinede@nymag.com,Female,Ireland,-6.1072403,53.2780047
484,Burtie,Tommen,btommendf@dion.ne.jp,Bigender,Ireland,-6.366762,53.2987724
485,Nicolai,Goodhall,ngoodhalldg@ocn.ne.jp,Male,Ireland,-6.4671298,53.5050031
486,Ina,Rowan,irowandh@ycombinator.com,Female,Ireland,-6.336393,53.3122864
487,Demetris,Tunder,dtunderdi@europa.eu,Female,Ireland,-6.1349155,53.5834008
488,Gaston,Gewer,ggewerdj@cbslocal.com,Male,Ireland,-6.3077823,53.3655256
489,Odetta,Cubbit,ocubbitdk@bloglovin.com,Female,Ireland,-6.2340942,53.2993199
490,Kayne,Djurevic,kdjurevicdl@posterous.com,Agender,Ireland,-6.2890702,53.3201497
491,Aleen,Tallow,atallowdm@census.gov,Female,Ireland,-8.7683674,53.7942932
492,Tybie,Borg-Bartolo,tborgbartolodn@blogger.com,Female,Ireland,-6.1942058,53.3604483
493,Johann,Teasell,jteaselldo@irs.gov,Male,Ireland,-8.4523258,51.880525
494,Fidelio,Dufour,fdufourdp@goo.gl,Male,Ireland,-8.2817353,54.4771768
495,Brynna,McCarron,bmccarrondq@umn.edu,Non-binary,Ireland,-9.1327273,53.806868
496,Evelyn,O'Lahy,eolahydr@hc360.com,Male,Ireland,-7.7655701,53.5650926
497,Wilie,Nockalls,wnockallsds@home.pl,Agender,Ireland,-8.05,51.9166667
498,Luciano,Picheford,lpicheforddt@cargocollective.com,Bigender,Ireland,-6.2324705,53.3177535
499,Ashli,McNeil,amcneildu@washington.edu,Female,Ireland,-6.6633404,53.2492381
500,Corissa,Diss,cdissdv@blogger.com,Female,Ireland,-8.2969737,53.9735591
501,Zorina,Raymen,zraymendw@npr.org,Female,Ireland,-9.268589,51.549106
502,Nikita,Sterley,nsterleydx@istockphoto.com,Male,Ireland,-7.9027266,53.4148582
503,Lil,Strattan,lstrattandy@pagesperso-orange.fr,Female,Ireland,-8.9342111,52.182304
504,Hoyt,Billingsly,hbillingslydz@google.com.br,Male,Ireland,-8.83565,53.49417
505,Ruperta,Russen,rrussene0@plala.or.jp,Female,Ireland,-6.2387374,53.3141205
506,Catarina,Lailey,claileye1@prweb.com,Female,Ireland,-6.64937,54.10269
507,Gawain,Mounter,gmountere2@1und1.de,Male,Ireland,-7.185387,53.158984
508,Selie,Aksell,sakselle3@irs.gov,Genderfluid,Ireland,-7.5011999,53.776647
509,Michal,Wallett,mwallette4@github.com,Female,Ireland,-6.5924609,53.2482376
510,Dougy,Duffil,dduffile5@rambler.ru,Male,Ireland,-6.1011147,53.2000455
511,Nester,Roff,nroffe6@mysql.com,Male,Ireland,-7.7655701,53.5650926
512,Maggie,Privett,mprivette7@howstuffworks.com,Female,Ireland,-8.9791425,52.8638391
513,Bill,Gannicott,bgannicotte8@livejournal.com,Male,Ireland,-6.590926,53.1936864
514,Mandy,Conti,mcontie9@joomla.org,Female,Ireland,-6.1097188,53.3895926
515,Jermaine,Jones,jjonesea@baidu.com,Female,Ireland,-7.5011999,53.776647
516,Gannon,Wrigglesworth,gwriggleswortheb@sun.com,Male,Ireland,-6.2398782,53.32112
517,Nydia,Vanezis,nvanezisec@lycos.com,Female,Ireland,-7.2584,52.655184
518,Aubrette,Rayner,araynered@utexas.edu,Female,Ireland,-8.6346959,53.7423435
519,Eimile,McAdam,emcadamee@buzzfeed.com,Female,Ireland,-6.4671298,53.5050031
520,Constantina,Willingale,cwillingaleef@booking.com,Female,Ireland,-8.2001004,52.86326
521,Granny,Ziems,gziemseg@skype.com,Genderqueer,Ireland,-8.8950821,52.7604883
522,Gris,Muneely,gmuneelyeh@skype.com,Male,Ireland,-8.4824714,51.8862378
523,Brina,Feavers,bfeaversei@miibeian.gov.cn,Bigender,Ireland,-6.218069,53.374266
524,Phyllida,Dooler,pdoolerej@sbwire.com,Agender,Ireland,-7.8004329,53.7283566
525,Minnie,Dutton,mduttonek@seesaa.net,Female,Ireland,-6.264963,53.3897152
526,Hobie,Martyntsev,hmartyntsevel@wix.com,Male,Ireland,-6.264963,53.3897152
527,Nev,Buer,nbuerem@reverbnation.com,Male,Ireland,-6.2890702,53.3201497
528,Annabal,Owttrim,aowttrimen@europa.eu,Polygender,Ireland,-7.606287,53.6972399
529,Yetty,Clancy,yclancyeo@cnet.com,Female,Ireland,-6.3828795,53.385304
530,Meryl,Raff,mraffep@amazonaws.com,Male,Ireland,-8.5176583,51.8863277
531,Cosmo,Tarn,ctarneq@bing.com,Male,Ireland,-8.6346959,53.7423435
532,Dyann,Konmann,dkonmanner@mapquest.com,Female,Ireland,-9.151825,54.11215
533,Barthel,Kellen,bkellenes@chron.com,Genderfluid,Ireland,-7.269174,55.0650892
534,Wally,Refford,wreffordet@furl.net,Male,Ireland,-6.4671298,53.5050031
535,Thaddus,McHan,tmchaneu@reddit.com,Male,Ireland,-6.2057463,53.3870149
536,Timmi,O'Keenan,tokeenanev@i2i.jp,Female,Ireland,-8.2817353,54.4771768
537,Erhard,Klemmt,eklemmtew@dot.gov,Male,Ireland,-6.2554371,53.2767301
538,Diahann,Kliesl,dklieslex@google.ru,Female,Ireland,-8.6340751,52.6638144
539,Caspar,Bullock,cbullockey@craigslist.org,Male,Ireland,-7.5011999,53.776647
540,Clemmie,Woolway,cwoolwayez@java.com,Male,Ireland,-6.1479779,53.450694
541,Chlo,Monini,cmoninif0@barnesandnoble.com,Female,Ireland,-6.1544115,53.4855448
542,Hildagard,Lines,hlinesf1@dion.ne.jp,Female,Ireland,-80.7087609,35.7797381
543,Lorenza,Muck,lmuckf2@mysql.com,Female,Ireland,-6.1072403,53.2780047
544,Paco,Franzel,pfranzelf3@washington.edu,Male,Ireland,-6.1349155,53.5834008
545,Kirbie,O'Scollee,koscolleef4@ucla.edu,Female,Ireland,-7.2314132,54.1794814
546,Gwyneth,O' Donohoe,godonohoef5@mozilla.com,Female,Ireland,-6.4241156,53.7369009
547,Bertie,Wills,bwillsf6@webs.com,Female,Ireland,-6.67045,53.213319
548,Juliette,Gonthard,jgonthardf7@census.gov,Female,Ireland,-7.2979911,53.6785169
549,Richy,Machen,rmachenf8@stumbleupon.com,Male,Ireland,-8.489012,51.923707
550,Hamnet,McCandless,hmccandlessf9@uol.com.br,Male,Ireland,-7.74208,54.70972
551,Ferdinand,Ortas,fortasfa@seesaa.net,Male,Ireland,-7.086877,53.8363325
552,Amalie,Duplan,aduplanfb@weather.com,Female,Ireland,-6.9898366,53.2265199
553,Karia,Klejna,kklejnafc@umn.edu,Female,Ireland,-6.1544115,53.4855448
554,Henrik,Eltone,heltonefd@phoca.cz,Male,Ireland,-8.259128,51.908209
555,Valentina,Facher,vfacherfe@rediff.com,Female,Ireland,-6.4671298,53.5050031
556,Pascal,Bloss,pblossff@blogs.com,Male,Ireland,-6.64937,54.10269
557,Murielle,Peart,mpeartfg@quantcast.com,Female,Ireland,-6.3077823,53.3655256
558,Antonetta,Cromar,acromarfh@epa.gov,Female,Ireland,-6.266734,53.3829319
559,Ced,Jerrolt,cjerroltfi@technorati.com,Male,Ireland,-8.4242597,51.8910459
560,Massimiliano,Blazewicz,mblazewiczfj@deviantart.com,Male,Ireland,-8.334953,51.8610022
561,Bartholomew,Cresser,bcresserfk@mysql.com,Male,Ireland,-6.133718,53.291512
562,Enrica,Sibray,esibrayfl@free.fr,Female,Ireland,-6.4887534,53.3653866
563,Ethelda,Botting,ebottingfm@china.com.cn,Female,Ireland,-6.1884248,53.5879156
564,Ignatius,Berka,iberkafn@moonfruit.com,Polygender,Ireland,-8.2755058,52.2627273
565,Ruperto,Brugh,rbrughfo@cornell.edu,Male,Ireland,-8.8950821,52.7604883
566,Xerxes,Patemore,xpatemorefp@nymag.com,Male,Ireland,-7.0625888,53.1387595
567,Anatol,Marcos,amarcosfq@telegraph.co.uk,Male,Ireland,-6.1979853,53.3046353
568,Cecilius,Aldine,caldinefr@i2i.jp,Male,Ireland,-6.1979853,53.3046353
569,Corrie,Wason,cwasonfs@oaic.gov.au,Female,Ireland,-6.1920933,53.3916434
570,Cary,Manifold,cmanifoldft@eventbrite.com,Female,Ireland,-8.1722173,51.9138694
571,Abeu,Sasser,asasserfu@surveymonkey.com,Male,Ireland,-6.1191333,53.1915379
572,Valencia,Cluett,vcluettfv@ftc.gov,Female,Ireland,-6.2890702,53.3201497
573,Kendricks,Tudball,ktudballfw@parallels.com,Male,Ireland,-8.9706844,52.6004448
574,Karoly,Delgaty,kdelgatyfx@jigsy.com,Female,Ireland,-6.3077823,53.3655256
575,Christel,Hobbema,chobbemafy@feedburner.com,Female,Ireland,-6.0704904,53.1286984
576,Harli,Castellucci,hcastelluccifz@1688.com,Bigender,Ireland,-7.297914,54.026345
577,Warner,Bernardy,wbernardyg0@mapy.cz,Male,Ireland,-6.5853664,53.378253
578,Fransisco,Walding,fwaldingg1@google.com.hk,Male,Ireland,-6.391149,53.8996586
579,Pattin,Benck,pbenckg2@sohu.com,Male,Ireland,-7.2979911,53.6785169
580,Perri,Oppery,popperyg3@last.fm,Female,Ireland,-6.2057463,53.3870149
581,Kevin,Batchley,kbatchleyg4@miibeian.gov.cn,Male,Ireland,-6.9711886,53.916791
582,Bucky,Fasler,bfaslerg5@nih.gov,Male,Ireland,-6.3695384,53.3734053
583,Myrwyn,Gambie,mgambieg6@pen.io,Male,Ireland,-9.7359765,54.1433253
584,Wells,Edgeley,wedgeleyg7@cnet.com,Male,Ireland,-6.0704904,53.1286984
585,Glynn,Favelle,gfavelleg8@microsoft.com,Male,Ireland,-6.251714,53.3169419
586,Caresse,Lavin,claving9@usda.gov,Female,Ireland,-6.6633404,53.2492381
587,Dalis,Magnar,dmagnarga@tuttocitta.it,Male,Ireland,-6.3077823,53.3655256
588,Birgit,Yoell,byoellgb@yahoo.com,Female,Ireland,-6.0690645,53.1257486
589,Leonard,Wandless,lwandlessgc@google.ru,Male,Ireland,-6.64937,54.10269
590,Adriana,Tucsell,atucsellgd@furl.net,Female,Ireland,-6.1215213,53.2724538
591,Marquita,Greiswood,mgreiswoodge@usatoday.com,Female,Ireland,-8.5111664,51.8858819
592,Malchy,Learie,mleariegf@goo.gl,Male,Ireland,-6.266734,53.3829319
593,Vaclav,Pothergill,vpothergillgg@icio.us,Male,Ireland,-8.1722002,54.3051891
594,Dela,Ilymanov,dilymanovgh@answers.com,Female,Ireland,-9.151825,54.11215
595,Olympe,Gladden,ogladdengi@ucoz.com,Genderfluid,Ireland,-6.1157412,53.2774963
596,Marrissa,Leftly,mleftlygj@is.gd,Female,Ireland,-6.391149,53.8996586
597,Kippie,Sawell,ksawellgk@scientificamerican.com,Male,Ireland,-6.1136478,53.2121335
598,Libbi,Starmont,lstarmontgl@nymag.com,Female,Ireland,-6.3695384,53.3734053
599,Lew,Fronzek,lfronzekgm@earthlink.net,Non-binary,Ireland,-7.9139891,53.0949398
600,Annadiana,Hedaux,ahedauxgn@bing.com,Female,Ireland,-8.4824714,51.8862378
601,Hanan,Whitebread,hwhitebreadgo@webeden.co.uk,Male,Ireland,-7.185387,53.158984
602,Granger,Badcock,gbadcockgp@paginegialle.it,Male,Ireland,-7.0625888,53.1387595
603,Barny,Renahan,brenahangq@tamu.edu,Male,Ireland,-7.297914,54.026345
604,Kala,Keymer,kkeymergr@state.gov,Agender,Ireland,-8.9949917,53.8533151
605,Rogerio,Ruckert,rruckertgs@tripod.com,Male,Ireland,-7.9027266,53.4148582
606,Joey,Menure,jmenuregt@yahoo.co.jp,Female,Ireland,-8.489012,51.923707
607,Raynard,Lamputt,rlamputtgu@godaddy.com,Male,Ireland,-6.176659,53.4487975
608,Renaud,Venart,rvenartgv@tmall.com,Male,Ireland,-6.6633404,53.2492381
609,Taddeusz,Glede,tgledegw@delicious.com,Male,Ireland,-6.7515223,53.2888321
610,Ahmed,Llorens,allorensgx@hao123.com,Male,Ireland,-6.0690645,53.1257486
611,Talbot,Barwood,tbarwoodgy@nyu.edu,Male,Ireland,-6.2755912,53.3500473
612,Lamond,Tetla,ltetlagz@51.la,Male,Ireland,-6.5899765,52.176031
613,Magda,Stollenbeck,mstollenbeckh0@youtu.be,Female,Ireland,-6.0704904,53.1286984
614,Osmond,Lempel,olempelh1@nsw.gov.au,Male,Ireland,-6.1979853,53.3046353
615,Terrie,Sturzaker,tsturzakerh2@google.es,Female,Ireland,-8.445614,51.8885086
616,Tiffanie,Heffernan,theffernanh3@cdc.gov,Female,Ireland,-9.0197835,53.2736466
617,Trevar,Murkitt,tmurkitth4@narod.ru,Male,Ireland,-6.2057463,53.3870149
618,Leroy,Eastwell,leastwellh5@google.co.jp,Male,Ireland,-9.448724,51.680591
619,Boycey,Corkett,bcorketth6@archive.org,Male,Ireland,-8.6340751,52.6638144
620,Teriann,Jeandot,tjeandoth7@ucoz.com,Agender,Ireland,-8.8950821,52.7604883
621,Blakelee,Gilbertson,bgilbertsonh8@netlog.com,Female,Ireland,-8.5369154,52.6681994
622,Prentiss,Joslow,pjoslowh9@ihg.com,Male,Ireland,-8.2817353,54.4771768
623,Claudius,Ead,ceadha@prlog.org,Male,Ireland,-6.0704904,53.1286984
624,Ricki,Radolf,rradolfhb@blog.com,Female,Ireland,-8.2001004,52.86326
625,Etta,Ganter,eganterhc@dell.com,Female,Ireland,-8.1722002,54.3051891
626,Josy,Hebborne,jhebbornehd@unblog.fr,Female,Ireland,-6.4241156,53.7369009
627,Dody,Mateu,dmateuhe@geocities.com,Female,Ireland,-7.8434254,51.949401
628,Krisha,Bilbrook,kbilbrookhf@biglobe.ne.jp,Male,Ireland,-9.5003786,52.4458588
629,Karly,Mulrenan,kmulrenanhg@shutterfly.com,Female,Ireland,-7.7655701,53.5650926
630,Liliane,Spellar,lspellarhh@slate.com,Female,Ireland,-6.0690645,53.1257486
631,Larine,Maxsted,lmaxstedhi@reverbnation.com,Female,Ireland,-6.336393,53.3122864
632,Emalee,Van Baaren,evanbaarenhj@cbc.ca,Female,Ireland,-7.0472382,52.9480781
633,Joanie,Chaman,jchamanhk@exblog.jp,Female,Ireland,-7.2979911,53.6785169
634,Jeanna,Hugk,jhugkhl@rambler.ru,Female,Ireland,-6.5028415,53.3806398
635,Remy,Malafe,rmalafehm@networksolutions.com,Female,Ireland,-6.0704904,53.1286984
636,Jerri,McClenan,jmcclenanhn@geocities.com,Male,Ireland,-7.185387,53.158984
637,Dorothea,Macbane,dmacbaneho@patch.com,Non-binary,Ireland,-6.1191333,53.1915379
638,Domenico,Thelwll,dthelwllhp@qq.com,Male,Ireland,-6.1820563,53.3786861
639,Geralda,McComiskie,gmccomiskiehq@trellian.com,Non-binary,Ireland,-6.251714,53.3169419
640,Jobie,Bahike,jbahikehr@cmu.edu,Genderfluid,Ireland,-6.3695384,53.3734053
641,Friedrick,Raylton,frayltonhs@flickr.com,Male,Ireland,-8.9706844,52.6004448
642,Inger,Letts,ilettsht@ebay.com,Female,Ireland,-6.1406578,53.2886387
643,Kiel,Blinkhorn,kblinkhornhu@constantcontact.com,Male,Ireland,-7.606287,53.6972399
644,Mal,Cobbe,mcobbehv@opensource.org,Male,Ireland,-8.2969737,53.9735591
645,Margo,Radband,mradbandhw@google.nl,Female,Ireland,-9.151825,54.11215
646,El,Domico,edomicohx@scribd.com,Male,Ireland,-6.1479779,53.450694
647,Teddy,Skitterel,tskitterelhy@freewebs.com,Female,Ireland,-7.297914,54.026345
648,Jaine,Colam,jcolamhz@harvard.edu,Female,Ireland,-8.1722002,54.3051891
649,Lind,Willment,lwillmenti0@biglobe.ne.jp,Male,Ireland,-8.9949917,53.8533151
650,Dunstan,Marini,dmarinii1@nyu.edu,Male,Ireland,-8.5946591,54.632283
651,Candice,Rickard,crickardi2@prweb.com,Female,Ireland,-9.7359765,54.1433253
652,Tuck,Bangiard,tbangiardi3@google.com,Genderfluid,Ireland,-7.297914,54.026345
653,Florrie,Bower,fboweri4@addthis.com,Female,Ireland,-6.4202878,54.0026343
654,Quintana,McCrory,qmccroryi5@wunderground.com,Female,Ireland,-8.9775014,52.8314927
655,Kathlin,Heugel,kheugeli6@xinhuanet.com,Female,Ireland,-9.0248232,53.2760162
656,Lynette,Dyers,ldyersi7@jigsy.com,Female,Ireland,-6.2890702,53.3201497
657,Katha,Preddy,kpreddyi8@aboutads.info,Female,Ireland,-8.259128,51.908209
658,Sol,Terbeck,sterbecki9@barnesandnoble.com,Male,Ireland,-6.7434401,53.2229873
659,Stevena,Cheine,scheineia@paginegialle.it,Female,Ireland,-6.3219759,53.2976886
660,Jackie,McPartlin,jmcpartlinib@mit.edu,Polygender,Ireland,-6.1011147,53.2000455
661,Maximilian,Redman,mredmanic@google.co.uk,Agender,Ireland,-7.297914,54.026345
662,Nariko,Kimmitt,nkimmittid@livejournal.com,Female,Ireland,-8.83565,53.49417
663,Maxy,Woodrough,mwoodroughie@ovh.net,Genderqueer,Ireland,-6.5899765,52.176031
664,Elli,Posselwhite,eposselwhiteif@altervista.org,Female,Ireland,-6.2755912,53.3500473
665,Byran,Morfett,bmorfettig@chron.com,Male,Ireland,-6.2429997,53.7902634
666,Esme,Otton,eottonih@vistaprint.com,Female,Ireland,-7.185387,53.158984
667,Jerrold,Videler,jvidelerii@salon.com,Male,Ireland,-8.8950821,52.7604883
668,Bax,Guile,bguileij@dyndns.org,Male,Ireland,-8.958931,51.904635
669,Morganica,McEneny,mmcenenyik@hhs.gov,Genderqueer,Ireland,-7.888894,52.516323
670,Lucretia,Zavittieri,lzavittieriil@mashable.com,Polygender,Ireland,-6.5853664,53.378253
671,Correna,Erett,cerettim@trellian.com,Female,Ireland,-8.3545704,52.5593605
672,Ibrahim,Wynne,iwynnein@intel.com,Male,Ireland,-6.2398782,53.32112
673,Cull,Abeles,cabelesio@prweb.com,Polygender,Ireland,-7.1297243,52.2509369
674,John,Chater,jchaterip@earthlink.net,Male,Ireland,-8.5070436,54.2109904
675,Pepito,Pudding,ppuddingiq@answers.com,Male,Ireland,-7.8434254,51.949401
676,Garvy,Roddick,groddickir@constantcontact.com,Male,Ireland,-6.2892907,53.310122
677,Sebastien,Malatalant,smalatalantis@buzzfeed.com,Male,Ireland,-9.1097137,53.2582868
678,Fredia,Caps,fcapsit@businessweek.com,Female,Ireland,-7.518792,53.284466
679,Myrle,Dunstone,mdunstoneiu@abc.net.au,Female,Ireland,-6.2755912,53.3500473
680,Barron,Byforth,bbyforthiv@plala.or.jp,Male,Ireland,-80.7087609,35.7797381
681,Jerrie,Beefon,jbeefoniw@meetup.com,Female,Ireland,-6.2071246,53.4562426
682,Phyllis,Piffe,ppiffeix@stumbleupon.com,Female,Ireland,-8.4242597,51.8910459
683,Valerye,Fripp,vfrippiy@newsvine.com,Female,Ireland,-6.1349155,53.5834008
684,Garrett,Ciccottio,gciccottioiz@pagesperso-orange.fr,Male,Ireland,-7.086877,53.8363325
685,Thibaut,Yakunin,tyakuninj0@oracle.com,Male,Ireland,-6.1535181,53.5220275
686,Ramona,Dorr,rdorrj1@is.gd,Female,Ireland,-6.0690645,53.1257486
687,Leoline,Burnsides,lburnsidesj2@alexa.com,Female,Ireland,-7.8004329,53.7283566
688,Elayne,Jakoubec,ejakoubecj3@google.co.uk,Female,Ireland,-8.05,51.9166667
689,Nikolia,Murfin,nmurfinj4@typepad.com,Female,Ireland,-6.1942058,53.3604483
690,Weidar,Andrei,wandreij5@de.vu,Male,Ireland,-8.4824714,51.8862378
691,Bartlett,Bembridge,bbembridgej6@dell.com,Male,Ireland,-6.9711886,53.916791
692,Natalya,Lamps,nlampsj7@unicef.org,Female,Ireland,-9.4904891,52.6396679
693,Alina,Spreag,aspreagj8@wikimedia.org,Female,Ireland,-6.5899765,52.176031
694,Wadsworth,Codron,wcodronj9@examiner.com,Male,Ireland,-8.489012,51.923707
695,Dore,Queste,dquesteja@shareasale.com,Female,Ireland,-8.334953,51.8610022
696,Ash,Aspy,aaspyjb@ebay.com,Male,Ireland,-7.0833118,52.2413206
697,Gordie,Kaasman,gkaasmanjc@cbc.ca,Male,Ireland,-6.218069,53.374266
698,Sylas,Abrami,sabramijd@howstuffworks.com,Male,Ireland,-8.9821467,52.8498651
699,Benedikt,Boshers,bboshersje@webmd.com,Male,Ireland,-6.1479779,53.450694
700,Waylan,Batcheldor,wbatcheldorjf@auda.org.au,Male,Ireland,-6.3422325,53.719155
701,Chic,Wyer,cwyerjg@symantec.com,Male,Ireland,-8.2215941,53.0917381
702,Free,Kiebes,fkiebesjh@zdnet.com,Male,Ireland,-6.1011147,53.2000455
703,Ian,Dolder,idolderji@ftc.gov,Male,Ireland,-80.7087609,35.7797381
704,Audie,Bradlaugh,abradlaughjj@jiathis.com,Female,Ireland,-6.3049392,53.3021194
705,Sig,Sholl,ssholljk@princeton.edu,Agender,Ireland,-6.3077823,53.3655256
706,Arlinda,Patroni,apatronijl@gravatar.com,Female,Ireland,-7.8434254,51.949401
707,Caroljean,Sidnell,csidnelljm@newyorker.com,Female,Ireland,-8.2001004,52.86326
708,Chico,Gresham,cgreshamjn@live.com,Male,Ireland,-6.3660863,53.2874153
709,Benn,Adao,badaojo@stumbleupon.com,Male,Ireland,-7.9139891,53.0949398
710,Florida,Monteith,fmonteithjp@baidu.com,Female,Ireland,-9.5003786,52.4458588
711,Karoly,Perrat,kperratjq@last.fm,Male,Ireland,-8.2817353,54.4771768
712,Ethelyn,Rubica,erubicajr@ow.ly,Female,Ireland,-8.334953,51.8610022
713,Sharona,Northcote,snorthcotejs@purevolume.com,Female,Ireland,-6.4887534,53.3653866
714,Alberta,Rickman,arickmanjt@gnu.org,Female,Ireland,-6.2387374,53.3141205
715,Madonna,Papachristophorou,mpapachristophorouju@ifeng.com,Female,Ireland,-6.4887534,53.3653866
716,Daveen,Rohlf,drohlfjv@free.fr,Female,Ireland,-8.4242597,51.8910459
717,Hamlen,Lapham,hlaphamjw@noaa.gov,Male,Ireland,-6.313755,53.366736
718,Esteban,Mullaney,emullaneyjx@tripadvisor.com,Male,Ireland,-6.1822287,53.3788495
719,Idaline,Kindleside,ikindlesidejy@cnbc.com,Female,Ireland,-6.3539424,53.3666338
720,Irv,Guage,iguagejz@hud.gov,Male,Ireland,-6.2340942,53.2993199
721,Nicolle,Tomankowski,ntomankowskik0@homestead.com,Female,Ireland,-7.0472382,52.9480781
722,Domingo,Willoughby,dwilloughbyk1@paginegialle.it,Genderfluid,Ireland,-6.1820563,53.3786861
723,Nicola,Spaxman,nspaxmank2@cornell.edu,Female,Ireland,-6.3695384,53.3734053
724,Twyla,Sutor,tsutork3@harvard.edu,Female,Ireland,-6.391149,53.8996586
725,Yoshi,Mongenot,ymongenotk4@51.la,Agender,Ireland,-6.7515223,53.2888321
726,Freda,Iuorio,fiuoriok5@nasa.gov,Female,Ireland,-8.5946591,54.632283
727,Kayne,Sleightholme,ksleightholmek6@tmall.com,Male,Ireland,-6.5028415,53.3806398
728,Aurora,Wrankling,awranklingk7@dell.com,Female,Ireland,-9.4851741,52.4460804
729,Richy,Caustick,rcaustickk8@arstechnica.com,Non-binary,Ireland,-7.185387,53.158984
730,Way,Strelitz,wstrelitzk9@moonfruit.com,Male,Ireland,-6.313755,53.366736
731,Abbye,Cranshaw,acranshawka@hud.gov,Female,Ireland,-8.8950821,52.7604883
732,Milicent,MacCardle,mmaccardlekb@skyrock.com,Agender,Ireland,-8.4824714,51.8862378
733,Janenna,Pate,jpatekc@gnu.org,Female,Ireland,-8.9821467,52.8498651
734,Terencio,Cherrett,tcherrettkd@nationalgeographic.com,Male,Ireland,-7.8004329,53.7283566
735,Clark,Natwick,cnatwickke@tmall.com,Male,Ireland,-6.2755912,53.3500473
736,Merrill,Jurges,mjurgeskf@51.la,Female,Ireland,-7.9027266,53.4148582
737,Robby,Wallbutton,rwallbuttonkg@msu.edu,Male,Ireland,-6.391149,53.8996586
738,Madge,Cicullo,mcicullokh@vkontakte.ru,Female,Ireland,-6.1479779,53.450694
739,Kanya,Bingle,kbingleki@rambler.ru,Female,Ireland,-6.5028415,53.3806398
740,Conrade,Budd,cbuddkj@gravatar.com,Male,Ireland,-6.1884248,53.5879156
741,Dawn,Wiburn,dwiburnkk@indiegogo.com,Female,Ireland,-6.163027,53.2339841
742,Veriee,Baulcombe,vbaulcombekl@elpais.com,Female,Ireland,-6.336393,53.3122864
743,Leonhard,Olijve,lolijvekm@apache.org,Male,Ireland,-7.2314132,54.1794814
744,Dyanna,Sayton,dsaytonkn@parallels.com,Bigender,Ireland,-6.2387374,53.3141205
745,Claybourne,Shephard,cshephardko@sbwire.com,Male,Ireland,-6.0690645,53.1257486
746,Nicholas,Aggas,naggaskp@nba.com,Male,Ireland,-8.2215941,53.0917381
747,Roddie,Vakhonin,rvakhoninkq@about.me,Male,Ireland,-6.1406578,53.2886387
748,Suzanne,Loades,sloadeskr@amazonaws.com,Polygender,Ireland,-6.3077823,53.3655256
749,Anjanette,Obeney,aobeneyks@weather.com,Female,Ireland,-8.1722173,51.9138694
750,Ray,Troubridge,rtroubridgekt@gov.uk,Male,Ireland,-8.5047067,51.8830697
751,Jerrilee,Espie,jespieku@tiny.cc,Female,Ireland,-9.0248232,53.2760162
752,Max,Conner,mconnerkv@paginegialle.it,Male,Ireland,-8.4977746,51.8895954
753,Hewitt,Aird,hairdkw@unesco.org,Male,Ireland,-6.3048641,53.3284298
754,Wynny,Olligan,wolligankx@xing.com,Female,Ireland,-8.9480659,53.940892
755,Oneida,Dumingo,odumingoky@youtu.be,Female,Ireland,-8.2215941,53.0917381
756,Tatiana,Vasyaev,tvasyaevkz@army.mil,Female,Ireland,-6.5899765,52.176031
757,Jewelle,Landor,jlandorl0@hibu.com,Female,Ireland,-7.086877,53.8363325
758,Alexandros,Gourlie,agourliel1@wp.com,Male,Ireland,-8.9949917,53.8533151
759,Noland,Hindge,nhindgel2@alibaba.com,Male,Ireland,-9.448724,51.680591
760,Catherin,Ramsden,cramsdenl3@utexas.edu,Bigender,Ireland,-7.606287,53.6972399
761,Cindy,Murgatroyd,cmurgatroydl4@fotki.com,Female,Ireland,-9.1097137,53.2582868
762,Bronson,Buggy,bbuggyl5@booking.com,Male,Ireland,-7.74208,54.70972
763,Thaxter,Moxson,tmoxsonl6@nationalgeographic.com,Male,Ireland,-8.5054897,52.7107501
764,Clim,Aleksic,caleksicl7@huffingtonpost.com,Male,Ireland,-7.5717688,52.1045472
765,Durward,Sumsion,dsumsionl8@sbwire.com,Male,Ireland,-6.590926,53.1936864
766,Denney,Bazley,dbazleyl9@redcross.org,Male,Ireland,-9.4851741,52.4460804
767,Johnnie,Dmitrichenko,jdmitrichenkola@bbb.org,Male,Ireland,-6.9858993,53.0018699
768,Yul,Hiscocks,yhiscockslb@studiopress.com,Male,Ireland,-6.124065,53.231395
769,Skippy,Olech,solechlc@google.es,Male,Ireland,-6.1191333,53.1915379
770,Nealon,Whorall,nwhorallld@example.com,Male,Ireland,-6.9140788,53.169971
771,Nona,Colgan,ncolganle@techcrunch.com,Female,Ireland,-6.4008792,53.9215606
772,Kristine,Cottesford,kcottesfordlf@ibm.com,Female,Ireland,-8.445614,51.8885086
773,Ford,Eyden,feydenlg@wisc.edu,Male,Ireland,-6.3695384,53.3734053
774,Andrei,Loveland,alovelandlh@newsvine.com,Female,Ireland,-9.1115941,51.7203863
775,Evania,Crewther,ecrewtherli@adobe.com,Female,Ireland,-6.67045,53.213319
776,Ricky,Cholonin,rcholoninlj@amazonaws.com,Male,Ireland,-8.2755058,52.2627273
777,Fairlie,Chartres,fchartreslk@cafepress.com,Male,Ireland,-8.334953,51.8610022
778,Honor,Clemmen,hclemmenll@cargocollective.com,Non-binary,Ireland,-8.6340751,52.6638144
779,Amye,Pervoe,apervoelm@infoseek.co.jp,Female,Ireland,-9.268589,51.549106
780,Karie,Ferneyhough,kferneyhoughln@wordpress.com,Female,Ireland,-6.590926,53.1936864
781,Cassey,Van Saltsberg,cvansaltsberglo@ebay.com,Female,Ireland,-6.4008792,53.9215606
782,Tremayne,Loram,tloramlp@reuters.com,Male,Ireland,-6.7449927,53.1310185
783,Andrea,Teasdale-Markie,ateasdalemarkielq@ustream.tv,Female,Ireland,-6.4496384,53.3582341
784,Ric,Ellit,rellitlr@blogtalkradio.com,Male,Ireland,-9.1115941,51.7203863
785,Reena,Fateley,rfateleyls@wikimedia.org,Female,Ireland,-6.2387374,53.3141205
786,Charmine,Ladbrook,cladbrooklt@latimes.com,Female,Ireland,-8.9342111,52.182304
787,Conny,Figg,cfigglu@hibu.com,Male,Ireland,-6.1603828,53.2599034
788,Patience,Manwaring,pmanwaringlv@live.com,Female,Ireland,-6.374155,53.3223974
789,Sander,Sully,ssullylw@chron.com,Male,Ireland,-6.3828795,53.385304
790,Hobart,Philippson,hphilippsonlx@eepurl.com,Male,Ireland,-7.185387,53.158984
791,Berti,Yurchishin,byurchishinly@macromedia.com,Female,Ireland,-6.1942058,53.3604483
792,Malena,Tour,mtourlz@fc2.com,Female,Ireland,-7.1111732,52.2513095
793,Dalila,McCraine,dmccrainem0@webeden.co.uk,Female,Ireland,-8.334953,51.8610022
794,Daisy,Ornelas,dornelasm1@sbwire.com,Female,Ireland,-8.2969737,53.9735591
795,Sissy,Morritt,smorrittm2@walmart.com,Female,Ireland,-6.218069,53.374266
796,Elwyn,Follen,efollenm3@studiopress.com,Male,Ireland,-6.3049392,53.3021194
797,Tracie,Spry,tsprym4@paypal.com,Female,Ireland,-6.374155,53.3223974
798,Tildi,Di Biagio,tdibiagiom5@hibu.com,Female,Ireland,-6.7515223,53.2888321
799,Corny,Dake,cdakem6@alexa.com,Female,Ireland,-9.151825,54.11215
800,Jeri,Pover,jpoverm7@oakley.com,Female,Ireland,-6.4496384,53.3582341
801,Denis,Risely,driselym8@boston.com,Male,Ireland,-9.7850991,52.1058991
802,Creigh,Goldston,cgoldstonm9@etsy.com,Male,Ireland,-9.5003786,52.4458588
803,Wilma,Aidler,waidlerma@jimdo.com,Female,Ireland,-8.8562835,53.510243
804,Doralyn,Hartnell,dhartnellmb@huffingtonpost.com,Female,Ireland,-7.0625888,53.1387595
805,Robby,Treweek,rtreweekmc@unesco.org,Male,Ireland,-6.590926,53.1936864
806,Dannie,Sargent,dsargentmd@amazon.de,Male,Ireland,-9.7850991,52.1058991
807,Town,Casson,tcassonme@webs.com,Male,Ireland,-7.185387,53.158984
808,Valdemar,Pollock,vpollockmf@unblog.fr,Male,Ireland,-8.8950821,52.7604883
809,Diego,Jacobovitz,djacobovitzmg@weebly.com,Male,Ireland,-6.2892907,53.310122
810,Erhart,Canete,ecanetemh@ning.com,Genderqueer,Ireland,-6.7449927,53.1310185
811,Dorine,Pollitt,dpollittmi@chicagotribune.com,Bigender,Ireland,-6.4008792,53.9215606
812,Denys,Robelow,drobelowmj@woothemes.com,Male,Ireland,-6.2057463,53.3870149
813,Michaeline,Cornejo,mcornejomk@123-reg.co.uk,Female,Ireland,-6.2892907,53.310122
814,Mikey,Barlie,mbarlieml@altervista.org,Male,Ireland,-6.251714,53.3169419
815,Sal,Reimer,sreimermm@hexun.com,Genderfluid,Ireland,-6.9140788,53.169971
816,Agata,Bwye,abwyemn@unesco.org,Female,Ireland,-7.74208,54.70972
817,Barnaby,Edmondson,bedmondsonmo@tmall.com,Polygender,Ireland,-9.1327273,53.806868
818,Wilton,Epton,weptonmp@discuz.net,Male,Ireland,-7.1111732,52.2513095
819,Brandtr,Berringer,bberringermq@opensource.org,Male,Ireland,-7.74208,54.70972
820,Judie,Mabb,jmabbmr@friendfeed.com,Female,Ireland,-8.4627451,54.25645
821,Bertha,Kneale,bknealems@cdbaby.com,Female,Ireland,-9.0248232,53.2760162
822,Kaylil,Clingan,kclinganmt@yale.edu,Genderqueer,Ireland,-6.4887534,53.3653866
823,Harper,Jolin,hjolinmu@people.com.cn,Male,Ireland,-8.4824714,51.8862378
824,Marchelle,Gruczka,mgruczkamv@amazon.co.jp,Female,Ireland,-7.0833118,52.2413206
825,Cecilius,Dobrowolski,cdobrowolskimw@ovh.net,Male,Ireland,-6.1979853,53.3046353
826,Ora,Manterfield,omanterfieldmx@ucsd.edu,Female,Ireland,-7.145971,53.508326
827,York,Brahams,ybrahamsmy@webs.com,Male,Ireland,-6.133718,53.291512
828,Fedora,Franckton,ffrancktonmz@ning.com,Female,Ireland,-6.2340942,53.2993199
829,Farrand,Widdup,fwiddupn0@cocolog-nifty.com,Female,Ireland,-6.2554371,53.2767301
830,Myrah,Berrie,mberrien1@furl.net,Polygender,Ireland,-6.2057463,53.3870149
831,Esdras,Sleigh,esleighn2@economist.com,Male,Ireland,-9.1097137,53.2582868
832,Russell,Vlasenkov,rvlasenkovn3@epa.gov,Male,Ireland,-6.308522,52.665267
833,Katee,Scotford,kscotfordn4@mashable.com,Female,Ireland,-6.1191333,53.1915379
834,Lucille,Godfery,lgodferyn5@geocities.com,Bigender,Ireland,-7.0943023,54.2694844
835,Addison,Bettenay,abettenayn6@seattletimes.com,Male,Ireland,-8.5171384,51.876873
836,Pembroke,Deakan,pdeakann7@imgur.com,Male,Ireland,-10.022186,53.488087
837,Bette,Craigs,bcraigsn8@canalblog.com,Female,Ireland,-6.264963,53.3897152
838,Skye,Robel,srobeln9@is.gd,Male,Ireland,-8.6346959,53.7423435
839,Ainslie,Cahan,acahanna@ucoz.com,Female,Ireland,-8.5946591,54.632283
840,Blondell,McGowan,bmcgowannb@ibm.com,Female,Ireland,-6.2611953,53.3881832
841,Babara,Rochester,brochesternc@topsy.com,Polygender,Ireland,-8.4242597,51.8910459
842,Val,Camilleri,vcamillerind@howstuffworks.com,Male,Ireland,-8.4824714,51.8862378
843,Leora,Thorwarth,lthorwarthne@time.com,Female,Ireland,-8.445614,51.8885086
844,Kirsten,Challicum,kchallicumnf@state.tx.us,Female,Ireland,-6.2892907,53.310122
845,Karleen,Berndtsson,kberndtssonng@dagondesign.com,Female,Ireland,-6.1097188,53.3895926
846,Bellanca,Francecione,bfrancecionenh@google.com.au,Female,Ireland,-6.7434401,53.2229873
847,Adda,Kingsworth,akingsworthni@sohu.com,Female,Ireland,-6.9692181,52.7009338
848,Nathanil,Bernardeschi,nbernardeschinj@wired.com,Male,Ireland,-7.2314132,54.1794814
849,Millicent,covino,mcovinonk@senate.gov,Female,Ireland,-6.3219759,53.2976886
850,Alverta,Doorly,adoorlynl@fema.gov,Female,Ireland,-8.4627451,54.25645
851,Wini,Jachtym,wjachtymnm@toplist.cz,Female,Ireland,-6.1072403,53.2780047
852,Daniel,Nealy,dnealynn@constantcontact.com,Male,Ireland,-9.7359765,54.1433253
853,Dian,Filkin,dfilkinno@yellowpages.com,Genderfluid,Ireland,-6.1979853,53.3046353
854,Shalna,Tallboy,stallboynp@intel.com,Female,Ireland,-7.297914,54.026345
855,Trace,Paddie,tpaddienq@fda.gov,Male,Ireland,-6.4241156,53.7369009
856,Cathrine,Cosely,ccoselynr@chronoengine.com,Female,Ireland,-8.298942,51.848898
857,Lynett,Lambillion,llambillionns@amazonaws.com,Female,Ireland,-6.1191333,53.1915379
858,Merry,Nealey,mnealeynt@hc360.com,Female,Ireland,-6.1644997,53.4266145
859,Brook,Scuse,bscusenu@nytimes.com,Female,Ireland,-6.1157412,53.2774963
860,Gayel,Mintoft,gmintoftnv@ucoz.ru,Genderfluid,Ireland,-6.2398782,53.32112
861,Jedd,Jowle,jjowlenw@ibm.com,Male,Ireland,-7.185387,53.158984
862,Markus,Apfler,mapflernx@shareasale.com,Male,Ireland,-8.2215941,53.0917381
863,Dode,Acklands,dacklandsny@businesswire.com,Female,Ireland,-7.9139891,53.0949398
864,Flory,Vlasyuk,fvlasyuknz@qq.com,Female,Ireland,-7.518792,53.284466
865,Darlleen,McAllan,dmcallano0@hugedomains.com,Female,Ireland,-8.3545704,52.5593605
866,Alvin,Egel,aegelo1@yellowbook.com,Genderqueer,Ireland,-7.145971,53.508326
867,Eldredge,Hailes,ehaileso2@umn.edu,Male,Ireland,-6.3219759,53.2976886
868,Ryley,Stit,rstito3@lycos.com,Male,Ireland,-7.1297243,52.2509369
869,Reinhard,Lavalde,rlavaldeo4@cdbaby.com,Male,Ireland,-8.2969737,53.9735591
870,Perren,Matelaitis,pmatelaitiso5@ihg.com,Male,Ireland,-9.159604,53.302644
871,Lynn,Rubinsaft,lrubinsafto6@joomla.org,Female,Ireland,-8.8562835,53.510243
872,Frankie,Camilli,fcamillio7@state.tx.us,Male,Ireland,-7.269174,55.0650892
873,Elvyn,Goode,egoodeo8@cyberchimps.com,Male,Ireland,-6.2554371,53.2767301
874,Reube,Bloxham,rbloxhamo9@nba.com,Genderqueer,Ireland,-6.6633404,53.2492381
875,Roshelle,Covert,rcovertoa@eventbrite.com,Female,Ireland,-8.445614,51.8885086
876,Rivkah,Yakubovich,ryakubovichob@ustream.tv,Female,Ireland,-6.1215213,53.2724538
877,Stormy,Clemanceau,sclemanceauoc@theguardian.com,Female,Ireland,-8.259128,51.908209
878,Rafferty,Murray,rmurrayod@plala.or.jp,Male,Ireland,-6.1644997,53.4266145
879,Ewan,Pretswell,epretswelloe@irs.gov,Male,Ireland,-7.2979911,53.6785169
880,Juan,Forsard,jforsardof@wikipedia.org,Male,Ireland,-6.1349155,53.5834008
881,Felice,Wollers,fwollersog@arizona.edu,Female,Ireland,-8.2215941,53.0917381
882,Ariella,Arlt,aarltoh@macromedia.com,Polygender,Ireland,-6.1920933,53.3916434
883,Brigham,Loins,bloinsoi@wp.com,Male,Ireland,-6.7515223,53.2888321
884,Rupert,Yurchishin,ryurchishinoj@vkontakte.ru,Male,Ireland,-8.5054897,52.7107501
885,Hillary,Drysdell,hdrysdellok@jimdo.com,Female,Ireland,-8.6346959,53.7423435
886,Flemming,Henryson,fhenrysonol@php.net,Male,Ireland,-6.2071246,53.4562426
887,Zachary,Yurchenko,zyurchenkoom@wiley.com,Male,Ireland,-8.9949917,53.8533151
888,Addie,Allmark,aallmarkon@walmart.com,Polygender,Ireland,-6.1942058,53.3604483
889,Adoree,Velasquez,avelasquezoo@china.com.cn,Female,Ireland,-8.5176583,51.8863277
890,Eolanda,Goudman,egoudmanop@usnews.com,Female,Ireland,-7.606287,53.6972399
891,Valenka,Leaming,vleamingoq@paginegialle.it,Female,Ireland,-7.9428197,53.4231032
892,Gualterio,Penzer,gpenzeror@rambler.ru,Male,Ireland,-6.0704904,53.1286984
893,Carma,Bloxham,cbloxhamos@cbc.ca,Female,Ireland,-6.9692181,52.7009338
894,Hannie,Connew,hconnewot@a8.net,Female,Ireland,-8.5047067,51.8830697
895,Nial,Bradford,nbradfordou@vimeo.com,Male,Ireland,-6.4887534,53.3653866
896,Ennis,Dolman,edolmanov@so-net.ne.jp,Male,Ireland,-8.337871,52.0097259
897,Mathilda,Mc Harg,mmchargow@umn.edu,Female,Ireland,-6.4887534,53.3653866
898,Clive,Pallent,cpallentox@ow.ly,Male,Ireland,-6.2324705,53.3177535
899,Ortensia,Flecknell,oflecknelloy@apache.org,Bigender,Ireland,-9.1115941,51.7203863
900,Bret,Rosengren,brosengrenoz@forbes.com,Male,Ireland,-6.2324705,53.3177535
901,Carmelita,Beinisch,cbeinischp0@google.co.jp,Female,Ireland,-8.5171384,51.876873
902,Eddy,Bevans,ebevansp1@prweb.com,Agender,Ireland,-80.7087609,35.7797381
903,Ronica,Phizackerly,rphizackerlyp2@fc2.com,Female,Ireland,-7.2584,52.655184
904,Emogene,Keysall,ekeysallp3@sogou.com,Genderqueer,Ireland,-6.4241156,53.7369009
905,Vivyan,Keddy,vkeddyp4@statcounter.com,Female,Ireland,-9.4851741,52.4460804
906,Lusa,Baldick,lbaldickp5@i2i.jp,Female,Ireland,-7.9139891,53.0949398
907,Euell,Gurling,egurlingp6@acquirethisname.com,Male,Ireland,-6.3506335,53.2911347
908,Hobie,Harry,hharryp7@hugedomains.com,Male,Ireland,-6.2508196,53.2866372
909,Haze,Akhurst,hakhurstp8@baidu.com,Male,Ireland,-8.3929404,51.8113447
910,Cary,Wasielewicz,cwasielewiczp9@wp.com,Male,Ireland,-8.5171384,51.876873
911,Oneida,Norwood,onorwoodpa@trellian.com,Female,Ireland,-8.5054897,52.7107501
912,Ingrim,Meekings,imeekingspb@theguardian.com,Male,Ireland,-9.0197835,53.2736466
913,Rubetta,Fortesquieu,rfortesquieupc@stanford.edu,Female,Ireland,-6.1820563,53.3786861
914,Terri-jo,O'Cannan,tocannanpd@sun.com,Agender,Ireland,-9.7359765,54.1433253
915,Reba,Baudinot,rbaudinotpe@wired.com,Female,Ireland,-8.1722173,51.9138694
916,Dexter,Fretter,dfretterpf@smh.com.au,Male,Ireland,-7.0472382,52.9480781
917,Bevvy,Malmar,bmalmarpg@paypal.com,Genderqueer,Ireland,-6.2398782,53.32112
918,Frederic,Colleford,fcollefordph@addthis.com,Male,Ireland,-6.5853664,53.378253
919,Thomasina,Carbert,tcarbertpi@indiegogo.com,Female,Ireland,-7.269174,55.0650892
920,Cass,Westerman,cwestermanpj@netlog.com,Male,Ireland,-6.266734,53.3829319
921,Terri-jo,Dugdale,tdugdalepk@fotki.com,Female,Ireland,-6.3422325,53.719155
922,Jemmie,Kondrat,jkondratpl@rakuten.co.jp,Female,Ireland,-8.05,51.9166667
923,Aloysia,Fruish,afruishpm@vk.com,Female,Ireland,-6.1884248,53.5879156
924,Theodore,Rockingham,trockinghampn@1688.com,Male,Ireland,-6.5028415,53.3806398
925,Peirce,Duding,pdudingpo@senate.gov,Male,Ireland,-6.1603828,53.2599034
926,Arney,Reeveley,areeveleypp@who.int,Male,Ireland,-8.5171384,51.876873
927,Karry,Carek,kcarekpq@opensource.org,Female,Ireland,-7.8004329,53.7283566
928,Wang,Eddow,weddowpr@odnoklassniki.ru,Male,Ireland,-6.2429997,53.7902634
929,Fulvia,Sachno,fsachnops@moonfruit.com,Female,Ireland,-8.337871,52.0097259
930,Gradey,Dulson,gdulsonpt@topsy.com,Male,Ireland,-9.448724,51.680591
931,Jacques,Yanyushkin,jyanyushkinpu@sciencedaily.com,Male,Ireland,-6.1644997,53.4266145
932,Dov,Murrells,dmurrellspv@sbwire.com,Male,Ireland,-6.1535181,53.5220275
933,Batholomew,Halgarth,bhalgarthpw@mlb.com,Male,Ireland,-6.3048641,53.3284298
934,Ambros,Billingham,abillinghampx@ask.com,Male,Ireland,-6.4202878,54.0026343
935,Audy,Kerrey,akerreypy@vistaprint.com,Female,Ireland,-9.7850991,52.1058991
936,Emmie,Shewon,eshewonpz@twitpic.com,Genderfluid,Ireland,-7.8004329,53.7283566
937,Marketa,Papis,mpapisq0@twitpic.com,Female,Ireland,-6.1136478,53.2121335
938,Darn,Bartell,dbartellq1@cornell.edu,Male,Ireland,-6.2398782,53.32112
939,Lelia,Chastel,lchastelq2@skype.com,Female,Ireland,-6.9858993,53.0018699
940,Mignon,Goodger,mgoodgerq3@pen.io,Bigender,Ireland,-6.2429997,53.7902634
941,Mil,Danks,mdanksq4@java.com,Female,Ireland,-8.337871,52.0097259
942,Shell,Isabell,sisabellq5@parallels.com,Bigender,Ireland,-6.2892907,53.310122
943,Galven,McNutt,gmcnuttq6@patch.com,Male,Ireland,-6.2324705,53.3177535
944,Catlee,Antonellini,cantonelliniq7@cbsnews.com,Female,Ireland,-6.1479779,53.450694
945,Ludwig,Revington,lrevingtonq8@squarespace.com,Male,Ireland,-6.2429997,53.7902634
946,Fawn,Pellant,fpellantq9@ed.gov,Female,Ireland,-6.313755,53.366736
947,Gamaliel,Wildman,gwildmanqa@craigslist.org,Male,Ireland,-6.1349155,53.5834008
948,Rikki,Kiffe,rkiffeqb@prweb.com,Male,Ireland,-6.1349155,53.5834008
949,Fidelia,Lovelock,flovelockqc@domainmarket.com,Female,Ireland,-6.7515223,53.2888321
950,Hilario,Hirschmann,hhirschmannqd@google.ru,Male,Ireland,-7.9139891,53.0949398
951,Feodora,Stroder,fstroderqe@sohu.com,Female,Ireland,-6.3506335,53.2911347
952,Ransom,Byforth,rbyforthqf@over-blog.com,Male,Ireland,-6.67045,53.213319
953,Dick,Davenhall,ddavenhallqg@jiathis.com,Non-binary,Ireland,-9.151825,54.11215
954,Con,Lippitt,clippittqh@sun.com,Female,Ireland,-7.185387,53.158984
955,Teador,Jays,tjaysqi@ycombinator.com,Male,Ireland,-8.1722173,51.9138694
956,Fawne,Alloisi,falloisiqj@marketwatch.com,Female,Ireland,-7.0472382,52.9480781
957,Ebba,Bedow,ebedowqk@wired.com,Female,Ireland,-6.124065,53.231395
958,Aubrette,Varsey,avarseyql@yandex.ru,Female,Ireland,-8.8562835,53.510243
959,Dudley,Dessent,ddessentqm@desdev.cn,Male,Ireland,-6.1942058,53.3604483
960,Merla,Fitzpayn,mfitzpaynqn@sciencedirect.com,Female,Ireland,-6.2611953,53.3881832
961,Cara,Kerslake,ckerslakeqo@whitehouse.gov,Female,Ireland,-6.366762,53.2987724
962,Peterus,Courtonne,pcourtonneqp@ed.gov,Male,Ireland,-7.0833118,52.2413206
963,Krystyna,Phizakarley,kphizakarleyqq@163.com,Female,Ireland,-6.2755912,53.3500473
964,Abel,Lingfoot,alingfootqr@businesswire.com,Male,Ireland,-9.0248232,53.2760162
965,Nora,Eccleshare,neccleshareqs@pen.io,Female,Ireland,-6.2387374,53.3141205
966,Elka,Emig,eemigqt@tinypic.com,Female,Ireland,-6.1820563,53.3786861
967,Neda,Bewlay,nbewlayqu@free.fr,Female,Ireland,-6.9140788,53.169971
968,Hanni,O'Doherty,hodohertyqv@simplemachines.org,Female,Ireland,-8.298942,51.848898
969,Sabra,Zanioletti,szaniolettiqw@rakuten.co.jp,Female,Ireland,-8.5369154,52.6681994
970,Georgeanne,Gurrado,ggurradoqx@epa.gov,Female,Ireland,-8.334953,51.8610022
971,Tarah,Orht,torhtqy@csmonitor.com,Female,Ireland,-6.4887534,53.3653866
972,Grantham,Cathesyed,gcathesyedqz@fotki.com,Male,Ireland,-7.9027266,53.4148582
973,Doralyn,Bellas,dbellasr0@hostgator.com,Female,Ireland,-6.133718,53.291512
974,Tabb,Chatters,tchattersr1@canalblog.com,Male,Ireland,-7.888894,52.516323
975,Lawrence,Martino,lmartinor2@goo.ne.jp,Bigender,Ireland,-7.269174,55.0650892
976,Sheila-kathryn,Ovill,sovillr3@toplist.cz,Female,Ireland,-6.4496384,53.3582341
977,Konrad,Goodsall,kgoodsallr4@ted.com,Male,Ireland,-8.334953,51.8610022
978,Petra,Killiner,pkillinerr5@rakuten.co.jp,Female,Ireland,-6.1942058,53.3604483
979,Uriel,Blincko,ublinckor6@jalbum.net,Male,Ireland,-6.3539424,53.3666338
980,Reinhard,Chown,rchownr7@live.com,Male,Ireland,-8.5171384,51.876873
981,Wilhelmina,Dumbarton,wdumbartonr8@toplist.cz,Female,Ireland,-6.1215213,53.2724538
982,Brucie,Normanell,bnormanellr9@lycos.com,Male,Ireland,-7.518792,53.284466
983,Gallagher,Spencelayh,gspencelayhra@typepad.com,Male,Ireland,-6.366762,53.2987724
984,Samuele,Surgeoner,ssurgeonerrb@wufoo.com,Male,Ireland,-6.1097188,53.3895926
985,Julee,Maldin,jmaldinrc@themeforest.net,Female,Ireland,-8.2755058,52.2627273
986,Tresa,Caherny,tcahernyrd@sitemeter.com,Female,Ireland,-6.7434401,53.2229873
987,Killian,Bacop,kbacopre@earthlink.net,Male,Ireland,-6.308522,52.665267
988,Rhett,Fortey,rforteyrf@youtu.be,Male,Ireland,-6.2611953,53.3881832
989,Kathleen,Presswell,kpresswellrg@theglobeandmail.com,Female,Ireland,-7.2584,52.655184
990,Loretta,Pickvance,lpickvancerh@patch.com,Female,Ireland,-8.1722002,54.3051891
991,Dav,Basil,dbasilri@purevolume.com,Male,Ireland,-6.2071246,53.4562426
992,Mort,McVane,mmcvanerj@deliciousdays.com,Male,Ireland,-6.4887534,53.3653866
993,Roslyn,Gadsdon,rgadsdonrk@blogtalkradio.com,Female,Ireland,-6.366762,53.2987724
994,Maurise,Ghelarducci,mghelarduccirl@comsenz.com,Male,Ireland,-6.2554371,53.2767301
995,Filbert,Carillo,fcarillorm@oakley.com,Male,Ireland,-8.7683674,53.7942932
996,Ursola,Nock,unockrn@etsy.com,Female,Ireland,-6.133718,53.291512
997,Terri,Grafom,tgrafomro@dot.gov,Female,Ireland,-6.251714,53.3169419
998,Neille,Drinan,ndrinanrp@thetimes.co.uk,Female,Ireland,-9.0197835,53.2736466
999,Horten,Spinney,hspinneyrq@fc2.com,Male,Ireland,-6.251714,53.3169419
1000,Cloe,Sheasby,csheasbyrr@about.com,Female,Ireland,-8.8562835,53.510243
