id,first_name,last_name,email,gender,country,lon,lat
1,Lorry,Huntall,lhuntall0@networksolutions.com,Female,Ireland,-7.5011999,53.776647
2,Byrle,Myrtle,bmyrtle1@reddit.com,Male,Ireland,-8.9775014,52.8314927
3,Almeria,Verdey,averdey2@vkontakte.ru,Female,Ireland,-6.2071246,53.4562426
4,Far,Merrick,fmerrick3@dropbox.com,Male,Ireland,-10.0320886,54.2223118
5,Lowe,Sircombe,lsircombe4@hud.gov,Genderqueer,Ireland,-8.642661,52.1361219
6,Gery,Hookes,ghookes5@yahoo.com,Male,Ireland,-6.251714,53.3169419
7,Buck,Jahns,bjahns6@adobe.com,Male,Ireland,-8.9342111,52.182304
8,Clemente,Besse,cbesse7@mapquest.com,Male,Ireland,-8.259128,51.908209
9,Ruddie,Gaskal,rgaskal8@cbslocal.com,Male,Ireland,-9.268589,51.549106
10,Nari,Vasilic,nvasilic9@nytimes.com,Female,Ireland,-9.159604,53.302644
11,Latrina,Cordsen,lcordsena@unc.edu,Female,Ireland,-9.268589,51.549106
12,Donnajean,Stanmer,dstanmerb@livejournal.com,Female,Ireland,-6.5853664,53.378253
13,Heda,Lowton,hlowtonc@cafepress.com,Polygender,Ireland,-6.4202878,54.0026343
14,Dinnie,Oneile,doneiled@myspace.com,Female,Ireland,-6.67045,53.213319
15,Ellis,Calow,ecalowe@seesaa.net,Male,Ireland,-8.2969737,53.9735591
16,Burnard,Macey,bmaceyf@columbia.edu,Male,Ireland,-7.74208,54.70972
17,Kris,Gynni,kgynnig@geocities.com,Male,Ireland,-8.4784945,51.8815586
18,Elisha,Beldon,ebeldonh@nymag.com,Female,Ireland,-6.2890702,53.3201497
19,Johnette,Wardlow,jwardlowi@nih.gov,Female,Ireland,-6.3660863,53.2874153
20,Alica,Fryman,afrymanj@imageshack.us,Female,Ireland,-6.1942058,53.3604483
21,Marcellina,Walczynski,mwalczynskik@hud.gov,Female,Ireland,-9.151825,54.11215
22,Starlene,Pretty,sprettyl@geocities.jp,Female,Ireland,-6.3828795,53.385304
23,Lois,Pomfret,lpomfretm@studiopress.com,Female,Ireland,-6.2892907,53.310122
24,Alfy,Standring,astandringn@xinhuanet.com,Male,Ireland,-6.2429997,53.7902634
25,Ravi,Coward,rcowardo@ehow.com,Male,Ireland,-8.3545704,52.5593605
26,Pierce,Slafford,pslaffordp@list-manage.com,Male,Ireland,-6.1942058,53.3604483
27,Michal,Becke,mbeckeq@gnu.org,Male,Ireland,-7.8434254,51.949401
28,Lutero,Mewett,lmewettr@washington.edu,Male,Ireland,-8.7683674,53.7942932
29,Rebekkah,Whitehurst,rwhitehursts@illinois.edu,Polygender,Ireland,-6.176659,53.4487975
30,Mattie,Adran,madrant@marriott.com,Male,Ireland,-6.308522,52.665267
31,Arlin,Hechlin,ahechlinu@guardian.co.uk,Male,Ireland,-6.2633149,53.377533
32,Sibley,Juanico,sjuanicov@dot.gov,Female,Ireland,-8.7683674,53.7942932
33,Danika,Henrych,dhenrychw@japanpost.jp,Female,Ireland,-6.0704904,53.1286984
34,Prinz,Doohey,pdooheyx@skype.com,Male,Ireland,-6.3049392,53.3021194
35,Hebert,Kinkaid,hkinkaidy@tamu.edu,Genderfluid,Ireland,-7.2314132,54.1794814
36,Lyn,Cosgrive,lcosgrivez@de.vu,Male,Ireland,-7.5011999,53.776647
37,Parsifal,Maleby,pmaleby10@china.com.cn,Male,Ireland,-6.1157412,53.2774963
38,Stewart,Francke,sfrancke11@dot.gov,Male,Ireland,-6.1479779,53.450694
39,Helen-elizabeth,Dyshart,hdyshart12@homestead.com,Female,Ireland,-8.4627451,54.25645
40,Alleyn,Carbett,acarbett13@ustream.tv,Male,Ireland,-80.7087609,35.7797381
41,Celisse,Andino,candino14@eventbrite.com,Female,Ireland,-8.2969737,53.9735591
42,Dan,Storror,dstorror15@flavors.me,Male,Ireland,-7.5717688,52.1045472
43,Jard,Blakesley,jblakesley16@artisteer.com,Male,Ireland,-8.1722173,51.9138694
44,Far,Gensavage,fgensavage17@live.com,Male,Ireland,-8.958931,51.904635
45,Ebenezer,Litherland,elitherland18@imgur.com,Male,Ireland,-6.3077823,53.3655256
46,Cori,Hutchens,chutchens19@pagesperso-orange.fr,Female,Ireland,-7.518792,53.284466
47,Barnard,Housen,bhousen1a@tinyurl.com,Male,Ireland,-6.374155,53.3223974
48,Bary,Raveau,braveau1b@ucla.edu,Male,Ireland,-6.4887534,53.3653866
49,Barris,Wasling,bwasling1c@wp.com,Male,Ireland,-8.259128,51.908209
50,Bobbie,Burchfield,bburchfield1d@slate.com,Male,Ireland,-9.4851741,52.4460804
51,Brew,Arnall,barnall1e@ed.gov,Male,Ireland,-8.7683674,53.7942932
52,Fiona,Espin,fespin1f@slate.com,Genderfluid,Ireland,-6.9692181,52.7009338
53,Wiley,Purselow,wpurselow1g@csmonitor.com,Male,Ireland,-6.124065,53.231395
54,Sandi,Wardhaugh,swardhaugh1h@1und1.de,Female,Ireland,-6.3695384,53.3734053
55,Nesta,Elstow,nelstow1i@ow.ly,Female,Ireland,-9.7850991,52.1058991
56,Biron,Wahner,bwahner1j@sogou.com,Male,Ireland,-6.9898366,53.2265199
57,Amos,Petracchi,apetracchi1k@arizona.edu,Male,Ireland,-6.308522,52.665267
58,Janet,Sanja,jsanja1l@joomla.org,Female,Ireland,-8.9821467,52.8498651
59,Perceval,Gatherer,pgatherer1m@jugem.jp,Male,Ireland,-8.4242597,51.8910459
60,Pepita,Danbury,pdanbury1n@biglobe.ne.jp,Female,Ireland,-6.2633149,53.377533
61,Jana,Guslon,jguslon1o@posterous.com,Female,Ireland,-6.218069,53.374266
62,Buddy,Allinson,ballinson1p@ehow.com,Male,Ireland,-8.3545704,52.5593605
63,Poppy,Ambrozik,pambrozik1q@gmpg.org,Female,Ireland,-6.2892907,53.310122
64,Cordey,Barrett,cbarrett1r@cbc.ca,Female,Ireland,-9.4904891,52.6396679
65,Harriette,O'Cahill,hocahill1s@virginia.edu,Female,Ireland,-7.269174,55.0650892
66,Ursa,Carwithan,ucarwithan1t@tripod.com,Female,Ireland,-6.5924609,53.2482376
67,Kasey,Birchenough,kbirchenough1u@lycos.com,Female,Ireland,-6.1603828,53.2599034
68,Babbie,Dilston,bdilston1v@vinaora.com,Female,Ireland,-8.2969737,53.9735591
69,Paulita,Keiley,pkeiley1w@meetup.com,Female,Ireland,-7.606287,53.6972399
70,Nelson,Hurcombe,nhurcombe1x@wikipedia.org,Male,Ireland,-6.4202878,54.0026343
71,Jacquetta,Baudinot,jbaudinot1y@google.cn,Genderqueer,Ireland,-8.5111664,51.8858819
72,Zondra,Danshin,zdanshin1z@skype.com,Female,Ireland,-6.374155,53.3223974
73,Rene,Gherardini,rgherardini20@plala.or.jp,Female,Ireland,-6.590926,53.1936864
74,Delphinia,O'Geneay,dogeneay21@squidoo.com,Female,Ireland,-6.163027,53.2339841
75,Blinnie,Linguard,blinguard22@merriam-webster.com,Female,Ireland,-8.2215941,53.0917381
76,Mariele,Uridge,muridge23@google.com,Female,Ireland,-6.176659,53.4487975
77,Ericha,Frentz,efrentz24@fastcompany.com,Female,Ireland,-10.022186,53.488087
78,Antonia,Coulston,acoulston25@wordpress.org,Female,Ireland,-8.9342111,52.182304
79,Tildie,Robard,trobard26@rakuten.co.jp,Female,Ireland,-7.518792,53.284466
80,Tamra,Avramovic,tavramovic27@friendfeed.com,Female,Ireland,-6.218069,53.374266
81,Philomena,Kienle,pkienle28@boston.com,Female,Ireland,-9.5003786,52.4458588
82,Morlee,Dinan,mdinan29@ucla.edu,Male,Ireland,-8.5369154,52.6681994
83,Worthy,Studdeard,wstuddeard2a@vk.com,Genderfluid,Ireland,-6.9692181,52.7009338
84,Letta,Stitt,lstitt2b@posterous.com,Female,Ireland,-6.336393,53.3122864
85,John,Morrill,jmorrill2c@prweb.com,Male,Ireland,-8.4784945,51.8815586
86,Aloin,Upex,aupex2d@ycombinator.com,Male,Ireland,-6.1603828,53.2599034
87,Maximilien,Mellon,mmellon2e@is.gd,Male,Ireland,-6.218069,53.374266
88,Fran,Coombes,fcoombes2f@earthlink.net,Male,Ireland,-8.4784945,51.8815586
89,Cami,Bowie,cbowie2g@walmart.com,Agender,Ireland,-6.4241156,53.7369009
90,Russ,Ebbings,rebbings2h@dropbox.com,Male,Ireland,-8.3929404,51.8113447
91,Willie,Lind,wlind2i@nydailynews.com,Male,Ireland,-7.086877,53.8363325
92,Brittan,Brunton,bbrunton2j@sciencedirect.com,Female,Ireland,-8.5171384,51.876873
93,Erminia,Murfett,emurfett2k@senate.gov,Female,Ireland,-6.218069,53.374266
94,Claudine,Teacy,cteacy2l@umn.edu,Female,Ireland,-6.2611953,53.3881832
95,Demetra,Axelbey,daxelbey2m@facebook.com,Female,Ireland,-6.1822287,53.3788495
96,Eli,Brunnen,ebrunnen2n@gmpg.org,Male,Ireland,-6.1136478,53.2121335
97,Vittoria,Wilton,vwilton2o@tripadvisor.com,Genderfluid,Ireland,-8.958931,51.904635
98,Justus,Boyde,jboyde2p@tumblr.com,Male,Ireland,-8.4977746,51.8895954
99,Malchy,Dallicott,mdallicott2q@blogger.com,Male,Ireland,-9.7359765,54.1433253
100,Mari,Chiplin,mchiplin2r@arizona.edu,Female,Ireland,-9.4904891,52.6396679
101,Nananne,Le Friec,nlefriec2s@aol.com,Genderqueer,Ireland,-9.0197835,53.2736466
102,Alexia,Aysh,aaysh2t@icio.us,Non-binary,Ireland,-7.74208,54.70972
103,Loria,Papworth,lpapworth2u@simplemachines.org,Female,Ireland,-7.185387,53.158984
104,Fay,Goulborne,fgoulborne2v@ucla.edu,Female,Ireland,-8.5047067,51.8830697
105,Davie,Huntar,dhuntar2w@deviantart.com,Polygender,Ireland,-6.4241156,53.7369009
106,Haily,Dumingos,hdumingos2x@amazon.co.jp,Polygender,Ireland,-6.4241156,53.7369009
107,Jasen,Blanchette,jblanchette2y@g.co,Male,Ireland,-8.5171384,51.876873
108,Marsh,De Carlo,mdecarlo2z@e-recht24.de,Male,Ireland,-7.888894,52.516323
109,Gael,Hooban,ghooban30@narod.ru,Male,Ireland,-6.374155,53.3223974
110,Nick,Viste,nviste31@symantec.com,Genderqueer,Ireland,-8.7683674,53.7942932
111,Corrina,Klimko,cklimko32@pcworld.com,Female,Ireland,-6.3077823,53.3655256
112,Virgil,Clear,vclear33@parallels.com,Male,Ireland,-8.4824714,51.8862378
113,Engelbert,Kenzie,ekenzie34@histats.com,Male,Ireland,-8.9775014,52.8314927
114,Arley,de Keep,adekeep35@ftc.gov,Male,Ireland,-6.2152673,53.3323703
115,Cherianne,Braham,cbraham36@jiathis.com,Female,Ireland,-7.606287,53.6972399
116,Ginelle,Rawes,grawes37@ehow.com,Female,Ireland,-10.022186,53.488087
117,Bettye,Monan,bmonan38@skype.com,Female,Ireland,-6.0704904,53.1286984
118,Stevena,Hacquard,shacquard39@discuz.net,Female,Ireland,-6.3828795,53.385304
119,Sharon,Bardill,sbardill3a@blogtalkradio.com,Female,Ireland,-9.448724,51.680591
120,Mead,Kigelman,mkigelman3b@mapy.cz,Female,Ireland,-9.0197835,53.2736466
121,Giorgia,Banisch,gbanisch3c@imdb.com,Female,Ireland,-8.4523258,51.880525
122,Batholomew,MacSporran,bmacsporran3d@hostgator.com,Male,Ireland,-7.74208,54.70972
123,Hercules,Jiggins,hjiggins3e@pagesperso-orange.fr,Male,Ireland,-8.5176583,51.8863277
124,Iain,Gors,igors3f@merriam-webster.com,Male,Ireland,-8.5176583,51.8863277
125,Ax,Futty,afutty3g@tuttocitta.it,Polygender,Ireland,-8.4627451,54.25645
126,Nettie,Baccus,nbaccus3h@ycombinator.com,Female,Ireland,-6.1544115,53.4855448
127,Codee,Seakin,cseakin3i@blogspot.com,Female,Ireland,-6.2890702,53.3201497
128,Carilyn,Mowles,cmowles3j@symantec.com,Polygender,Ireland,-7.145971,53.508326
129,Arthur,Cruddace,acruddace3k@netscape.com,Male,Ireland,-9.159604,53.302644
130,Cyrillus,Olrenshaw,colrenshaw3l@prlog.org,Male,Ireland,-7.086877,53.8363325
131,Kilian,Dirkin,kdirkin3m@yahoo.co.jp,Male,Ireland,-7.9428197,53.4231032
132,Enid,Ray,eray3n@apache.org,Female,Ireland,-7.0472382,52.9480781
133,Winne,Videan,wvidean3o@squarespace.com,Female,Ireland,-8.9342111,52.182304
134,Sela,Gherardesci,sgherardesci3p@desdev.cn,Genderfluid,Ireland,-7.0833118,52.2413206
135,Siobhan,Martschik,smartschik3q@posterous.com,Female,Ireland,-6.5028415,53.3806398
136,Dotty,Deniske,ddeniske3r@yale.edu,Female,Ireland,-6.2890702,53.3201497
137,Ilene,Cargon,icargon3s@live.com,Female,Ireland,-6.3660863,53.2874153
138,Minni,Jaan,mjaan3t@google.co.jp,Female,Ireland,-8.334953,51.8610022
139,Saleem,Heads,sheads3u@de.vu,Male,Ireland,-9.4904891,52.6396679
140,Thornie,Erat,terat3v@prnewswire.com,Male,Ireland,-6.64937,54.10269
141,Terrijo,Barnhill,tbarnhill3w@infoseek.co.jp,Female,Ireland,-6.3049392,53.3021194
142,Christalle,Greenmon,cgreenmon3x@tumblr.com,Female,Ireland,-8.2755058,52.2627273
143,Isador,FitzGibbon,ifitzgibbon3y@constantcontact.com,Male,Ireland,-8.4824714,51.8862378
144,Dudley,Filyakov,dfilyakov3z@wikipedia.org,Male,Ireland,-8.5047067,51.8830697
145,Osbourn,Pearcehouse,opearcehouse40@artisteer.com,Male,Ireland,-8.3929404,51.8113447
146,Onfroi,Tomlett,otomlett41@purevolume.com,Male,Ireland,-6.67045,53.213319
147,Fons,Sprakes,fsprakes42@tripadvisor.com,Male,Ireland,-6.1191333,53.1915379
148,Shelagh,Shipsey,sshipsey43@devhub.com,Female,Ireland,-6.2071246,53.4562426
149,Dawna,McCracken,dmccracken44@gravatar.com,Female,Ireland,-6.2071246,53.4562426
150,Con,Tough,ctough45@home.pl,Female,Ireland,-6.1820563,53.3786861
151,Fonz,Egerton,fegerton46@tripod.com,Male,Ireland,-6.64937,54.10269
152,Cammi,Pierrepoint,cpierrepoint47@github.io,Female,Ireland,-6.0690645,53.1257486
153,Roselia,Fane,rfane48@time.com,Female,Ireland,-7.1297243,52.2509369
154,Aurore,Oliphant,aoliphant49@craigslist.org,Female,Ireland,-7.9027266,53.4148582
155,Francyne,Stobo,fstobo4a@yahoo.com,Female,Ireland,-7.2314132,54.1794814
156,Marcus,Swadlen,mswadlen4b@photobucket.com,Male,Ireland,-8.1722002,54.3051891
157,Janos,Bygate,jbygate4c@godaddy.com,Male,Ireland,-6.3828795,53.385304
158,Ephraim,Hutcheons,ehutcheons4d@sohu.com,Male,Ireland,-8.3545704,52.5593605
159,Kerrill,Coppeard,kcoppeard4e@desdev.cn,Female,Ireland,-8.2817353,54.4771768
160,Debbi,Routley,droutley4f@ca.gov,Female,Ireland,-8.4977746,51.8895954
161,Sascha,Klees,sklees4g@opensource.org,Female,Ireland,-8.4784945,51.8815586
162,Elvina,Titmuss,etitmuss4h@studiopress.com,Polygender,Ireland,-6.5853664,53.378253
163,Kimbell,Botterell,kbotterell4i@smh.com.au,Polygender,Ireland,-7.0472382,52.9480781
164,Idalina,Jantzen,ijantzen4j@com.com,Female,Ireland,-7.0833118,52.2413206
165,Tilda,Kassel,tkassel4k@cornell.edu,Female,Ireland,-9.151825,54.11215
166,Siouxie,Elgy,selgy4l@geocities.jp,Female,Ireland,-7.888894,52.516323
167,Chaddy,Backman,cbackman4m@issuu.com,Male,Ireland,-6.2554371,53.2767301
168,Bill,Jacobssen,bjacobssen4n@hp.com,Male,Ireland,-7.606287,53.6972399
169,Suzann,Jerosch,sjerosch4o@cornell.edu,Female,Ireland,-9.0248232,53.2760162
170,Yorke,Marshland,ymarshland4p@mail.ru,Male,Ireland,-9.5003786,52.4458588
171,Johann,Brettoner,jbrettoner4q@about.me,Male,Ireland,-6.1191333,53.1915379
172,Lilli,Eldin,leldin4r@quantcast.com,Non-binary,Ireland,-7.2314132,54.1794814
173,Kevan,Flynn,kflynn4s@hp.com,Male,Ireland,-6.124065,53.231395
174,Alister,Silmon,asilmon4t@smh.com.au,Male,Ireland,-6.1942058,53.3604483
175,Travus,Carlos,tcarlos4u@prweb.com,Male,Ireland,-6.5028415,53.3806398
176,Arty,Claybourne,aclaybourne4v@gnu.org,Male,Ireland,-8.6346959,53.7423435
177,Kacey,Gianettini,kgianettini4w@google.com.hk,Female,Ireland,-8.2969737,53.9735591
178,Dian,Bellward,dbellward4x@aol.com,Female,Ireland,-6.1942058,53.3604483
179,Federica,Boorn,fboorn4y@skype.com,Female,Ireland,-6.9858993,53.0018699
180,Cindee,Debell,cdebell4z@themeforest.net,Female,Ireland,-7.0833118,52.2413206
181,Ardine,Broadfoot,abroadfoot50@istockphoto.com,Female,Ireland,-8.1722002,54.3051891
182,Lemuel,Inglesfield,linglesfield51@goodreads.com,Agender,Ireland,-8.9480659,53.940892
183,Roderic,Cattermull,rcattermull52@friendfeed.com,Male,Ireland,-8.2969737,53.9735591
184,Ingaborg,Highnam,ihighnam53@state.gov,Female,Ireland,-7.145971,53.508326
185,Terence,Kainz,tkainz54@ft.com,Male,Ireland,-6.3695384,53.3734053
186,Caril,Roxbee,croxbee55@squidoo.com,Female,Ireland,-8.4242597,51.8910459
187,Odell,Mixworthy,omixworthy56@yahoo.com,Male,Ireland,-6.2890702,53.3201497
188,Maurine,Blowing,mblowing57@odnoklassniki.ru,Female,Ireland,-6.3695384,53.3734053
189,Adolphus,Woodstock,awoodstock58@tumblr.com,Male,Ireland,-6.3695384,53.3734053
190,Riva,Durham,rdurham59@hugedomains.com,Female,Ireland,-8.642661,52.1361219
191,Gale,Goulbourne,ggoulbourne5a@instagram.com,Female,Ireland,-9.1115941,51.7203863
192,Eward,Shepley,eshepley5b@howstuffworks.com,Male,Ireland,-8.2001004,52.86326
193,Sean,MacMichael,smacmichael5c@google.com.au,Male,Ireland,-6.1136478,53.2121335
194,Sherlocke,Marley,smarley5d@sphinn.com,Male,Ireland,-9.5003786,52.4458588
195,Percival,Shiels,pshiels5e@youtube.com,Male,Ireland,-6.4008792,53.9215606
196,Bell,O'Hare,bohare5f@skyrock.com,Female,Ireland,-7.2584,52.655184
197,Blair,Carbonell,bcarbonell5g@marketwatch.com,Male,Ireland,-6.2554371,53.2767301
198,Etti,Parren,eparren5h@oracle.com,Female,Ireland,-8.9480659,53.940892
199,Natasha,Bourdel,nbourdel5i@tamu.edu,Polygender,Ireland,-6.2890702,53.3201497
200,Mohandas,Cicccitti,mcicccitti5j@microsoft.com,Bigender,Ireland,-6.266734,53.3829319
201,Gavrielle,Sprowson,gsprowson5k@friendfeed.com,Female,Ireland,-8.5369154,52.6681994
202,Toby,Gradly,tgradly5l@google.fr,Male,Ireland,-6.473025,54.0086093
203,Yorgos,Dreamer,ydreamer5m@moonfruit.com,Male,Ireland,-6.2427004,53.3347733
204,Pryce,Ranshaw,pranshaw5n@irs.gov,Male,Ireland,-8.2215941,53.0917381
205,Leticia,Willcot,lwillcot5o@eepurl.com,Female,Ireland,-7.5717688,52.1045472
206,Janina,Marages,jmarages5p@bloglines.com,Female,Ireland,-6.5924609,53.2482376
207,Rick,Gecks,rgecks5q@cargocollective.com,Male,Ireland,-6.3219759,53.2976886
208,Cordy,Holleworth,cholleworth5r@wired.com,Male,Ireland,-6.9711886,53.916791
209,Eugenie,Routh,erouth5s@mlb.com,Female,Ireland,-8.9775014,52.8314927
210,Lock,Zwicker,lzwicker5t@dion.ne.jp,Male,Ireland,-8.958931,51.904635
211,Phil,Obbard,pobbard5u@uol.com.br,Female,Ireland,-6.0690645,53.1257486
212,Carie,Maldin,cmaldin5v@quantcast.com,Female,Ireland,-6.2611953,53.3881832
213,Urbanus,Devoy,udevoy5w@xing.com,Male,Ireland,-7.145971,53.508326
214,Rubia,Leith,rleith5x@rakuten.co.jp,Female,Ireland,-6.1349155,53.5834008
215,Florrie,Ivashkin,fivashkin5y@furl.net,Female,Ireland,-9.4851741,52.4460804
216,Park,Marzelo,pmarzelo5z@squarespace.com,Male,Ireland,-6.1406578,53.2886387
217,Daria,Thrower,dthrower60@senate.gov,Female,Ireland,-6.3539424,53.3666338
218,Kane,Klehyn,kklehyn61@opensource.org,Male,Ireland,-9.159604,53.302644
219,Guillema,Serridge,gserridge62@npr.org,Female,Ireland,-6.1349155,53.5834008
220,Micky,Green,mgreen63@spiegel.de,Female,Ireland,-8.5369154,52.6681994
221,Roana,Allerton,rallerton64@slate.com,Female,Ireland,-8.5176583,51.8863277
222,Joelly,MacElharge,jmacelharge65@weather.com,Female,Ireland,-6.2633149,53.377533
223,Francois,Mawditt,fmawditt66@ning.com,Genderqueer,Ireland,-8.8950821,52.7604883
224,Anselma,Seres,aseres67@ning.com,Female,Ireland,-6.2427004,53.3347733
225,Joana,Pointin,jpointin68@google.pl,Female,Ireland,-8.5176583,51.8863277
226,Sawyere,De Freyne,sdefreyne69@washingtonpost.com,Male,Ireland,-7.888894,52.516323
227,Fionnula,Fishlee,ffishlee6a@ca.gov,Female,Ireland,-7.74208,54.70972
228,Ives,Cogswell,icogswell6b@soundcloud.com,Male,Ireland,-6.1097188,53.3895926
229,Darryl,Pollastrino,dpollastrino6c@discovery.com,Female,Ireland,-6.124065,53.231395
230,Ruthanne,Holliar,rholliar6d@china.com.cn,Female,Ireland,-9.268589,51.549106
231,Haven,Semper,hsemper6e@omniture.com,Male,Ireland,-6.7434401,53.2229873
232,Lainey,Dysert,ldysert6f@sfgate.com,Female,Ireland,-6.3025448,53.6920618
233,Grady,Zwicker,gzwicker6g@jimdo.com,Male,Ireland,-8.5176583,51.8863277
234,Danny,Kunzel,dkunzel6h@ihg.com,Female,Ireland,-6.2755912,53.3500473
235,Malinde,Aronowitz,maronowitz6i@symantec.com,Female,Ireland,-6.3219759,53.2976886
236,Josephina,Bernuzzi,jbernuzzi6j@tamu.edu,Female,Ireland,-8.298942,51.848898
237,Madeline,Garrigan,mgarrigan6k@squarespace.com,Female,Ireland,-8.3545704,52.5593605
238,Olag,Coat,ocoat6l@stumbleupon.com,Male,Ireland,-7.7655701,53.5650926
239,Karisa,Dermott,kdermott6m@angelfire.com,Female,Ireland,-8.3929404,51.8113447
240,Sarine,Kacheller,skacheller6n@miitbeian.gov.cn,Female,Ireland,-6.5853664,53.378253
241,Giacobo,McGinnell,gmcginnell6o@latimes.com,Male,Ireland,-8.6340751,52.6638144
242,Rosabelle,Charrier,rcharrier6p@goo.ne.jp,Female,Ireland,-6.3660863,53.2874153
243,Amalle,Luberti,aluberti6q@businessinsider.com,Female,Ireland,-6.2508196,53.2866372
244,Jean,Clamp,jclamp6r@over-blog.com,Male,Ireland,-6.1011147,53.2000455
245,Harlan,Assiratti,hassiratti6s@walmart.com,Male,Ireland,-7.269174,55.0650892
246,Cassandry,McCuish,cmccuish6t@twitpic.com,Female,Ireland,-6.3422325,53.719155
247,Moise,Coltart,mcoltart6u@4shared.com,Male,Ireland,-8.259128,51.908209
248,Brady,Neighbour,bneighbour6v@chron.com,Male,Ireland,-8.2817353,54.4771768
249,Jessalyn,Seedhouse,jseedhouse6w@nsw.gov.au,Female,Ireland,-7.8004329,53.7283566
250,Kalinda,MacTrustey,kmactrustey6x@ycombinator.com,Female,Ireland,-6.2508196,53.2866372
251,William,Cluer,wcluer6y@google.co.jp,Male,Ireland,-6.251714,53.3169419
252,Lorraine,Yvens,lyvens6z@baidu.com,Bigender,Ireland,-8.4784945,51.8815586
253,Georas,Anten,ganten70@flavors.me,Male,Ireland,-8.5070436,54.2109904
254,Jeannette,Burner,jburner71@ovh.net,Female,Ireland,-6.4008792,53.9215606
255,Aeriell,Coward,acoward72@npr.org,Female,Ireland,-8.2969737,53.9735591
256,Billi,Bertin,bbertin73@pen.io,Female,Ireland,-6.3695384,53.3734053
257,Hobard,Brekonridge,hbrekonridge74@narod.ru,Male,Ireland,-6.2340942,53.2993199
258,Katrina,Tinman,ktinman75@github.com,Female,Ireland,-6.4202878,54.0026343
259,Marisa,Baldwin,mbaldwin76@arizona.edu,Female,Ireland,-9.4904891,52.6396679
260,Concettina,Seward,cseward77@bravesites.com,Polygender,Ireland,-8.6346959,53.7423435
261,Parsifal,Dohms,pdohms78@ucoz.com,Male,Ireland,-6.67045,53.213319
262,Maryellen,Hotson,mhotson79@parallels.com,Female,Ireland,-6.1820563,53.3786861
263,Karla,Hookes,khookes7a@linkedin.com,Female,Ireland,-6.124065,53.231395
264,Isadore,Tills,itills7b@state.gov,Male,Ireland,-7.0833118,52.2413206
265,Daphene,Heinzler,dheinzler7c@latimes.com,Female,Ireland,-6.1157412,53.2774963
266,Anderea,Sextie,asextie7d@unblog.fr,Female,Ireland,-6.5028415,53.3806398
267,Pepillo,Beldon,pbeldon7e@weibo.com,Male,Ireland,-6.266734,53.3829319
268,Jase,O'Leahy,joleahy7f@csmonitor.com,Male,Ireland,-6.266734,53.3829319
269,Brittney,Janikowski,bjanikowski7g@desdev.cn,Female,Ireland,-10.0320886,54.2223118
270,Hazel,Virr,hvirr7h@amazon.co.uk,Female,Ireland,-8.5369154,52.6681994
271,Brandtr,Penman,bpenman7i@theguardian.com,Male,Ireland,-7.8434254,51.949401
272,Allen,Gillivrie,agillivrie7j@fda.gov,Male,Ireland,-6.1072403,53.2780047
273,Hatti,Tremain,htremain7k@bravesites.com,Genderqueer,Ireland,-7.2584,52.655184
274,Talbert,Moller,tmoller7l@amazon.co.jp,Male,Ireland,-9.5003786,52.4458588
275,Keane,Abrey,kabrey7m@51.la,Male,Ireland,-7.9428197,53.4231032
276,Zena,Ondrasek,zondrasek7n@google.com,Agender,Ireland,-6.1191333,53.1915379
277,Corbie,Nollet,cnollet7o@free.fr,Male,Ireland,-6.9858993,53.0018699
278,Harli,Joutapaitis,hjoutapaitis7p@livejournal.com,Female,Ireland,-8.2001004,52.86326
279,Lefty,Winters,lwinters7q@webs.com,Male,Ireland,-7.9139891,53.0949398
280,Randie,Barkas,rbarkas7r@blogtalkradio.com,Male,Ireland,-7.0472382,52.9480781
281,Faina,Cornall,fcornall7s@japanpost.jp,Female,Ireland,-8.9821467,52.8498651
282,Anna-maria,Rodnight,arodnight7t@google.nl,Female,Ireland,-8.2969737,53.9735591
283,Elysha,Eustes,eeustes7u@feedburner.com,Female,Ireland,-6.1097188,53.3895926
284,Asia,Nettles,anettles7v@about.com,Female,Ireland,-7.2314132,54.1794814
285,Lefty,Crumly,lcrumly7w@cmu.edu,Male,Ireland,-9.268589,51.549106
286,Sheridan,Klempke,sklempke7x@indiatimes.com,Male,Ireland,-8.1722002,54.3051891
287,Theobald,Bachs,tbachs7y@purevolume.com,Male,Ireland,-7.5717688,52.1045472
288,Shay,Emanson,semanson7z@who.int,Female,Ireland,-7.269174,55.0650892
289,Delano,Dunbabin,ddunbabin80@slashdot.org,Male,Ireland,-8.334953,51.8610022
290,Ernesto,Cawthron,ecawthron81@rediff.com,Male,Ireland,-6.2057463,53.3870149
291,Johanna,Joscelyne,jjoscelyne82@wix.com,Female,Ireland,-8.9480659,53.940892
292,Melamie,Adrain,madrain83@adobe.com,Bigender,Ireland,-8.7683674,53.7942932
293,Rabi,Lademann,rlademann84@diigo.com,Male,Ireland,-8.445614,51.8885086
294,Llywellyn,Pettyfar,lpettyfar85@geocities.com,Male,Ireland,-7.185387,53.158984
295,Axe,Kippling,akippling86@reference.com,Male,Ireland,-8.2001004,52.86326
296,Quincy,Kentwell,qkentwell87@hp.com,Male,Ireland,-6.2071246,53.4562426
297,Lana,Mellanby,lmellanby88@wikia.com,Female,Ireland,-7.2979911,53.6785169
298,Prudy,Lownes,plownes89@si.edu,Female,Ireland,-8.9775014,52.8314927
299,Dominick,Windle,dwindle8a@liveinternet.ru,Male,Ireland,-8.4627451,54.25645
300,Hali,Jirick,hjirick8b@themeforest.net,Female,Ireland,-8.445614,51.8885086
301,Demetra,Kuhnke,dkuhnke8c@acquirethisname.com,Female,Ireland,-8.4627451,54.25645
302,Dorry,Bromley,dbromley8d@squarespace.com,Female,Ireland,-6.3506335,53.2911347
303,Denny,Weight,dweight8e@mozilla.org,Male,Ireland,-6.2071246,53.4562426
304,Sallee,Clayill,sclayill8f@etsy.com,Female,Ireland,-8.5946591,54.632283
305,Margie,Ilieve,milieve8g@photobucket.com,Female,Ireland,-8.3545704,52.5593605
306,Violante,Holyland,vholyland8h@reference.com,Female,Ireland,-8.05,51.9166667
307,Inge,Phizacklea,iphizacklea8i@cpanel.net,Female,Ireland,-6.1406578,53.2886387
308,Bendite,Tommis,btommis8j@wsj.com,Female,Ireland,-9.1115941,51.7203863
309,Maegan,Ashworth,mashworth8k@umn.edu,Female,Ireland,-8.4977746,51.8895954
310,Sheff,Minshull,sminshull8l@addthis.com,Male,Ireland,-8.2969737,53.9735591
311,Tannie,Jukes,tjukes8m@state.tx.us,Male,Ireland,-6.0690645,53.1257486
312,Zaccaria,McReynolds,zmcreynolds8n@flavors.me,Male,Ireland,-6.1535181,53.5220275
313,Rollie,Richichi,rrichichi8o@alexa.com,Male,Ireland,-6.1011147,53.2000455
314,Henrietta,Skipperbottom,hskipperbottom8p@seattletimes.com,Female,Ireland,-7.9139891,53.0949398
315,Vasily,McGahey,vmcgahey8q@flavors.me,Male,Ireland,-9.4904891,52.6396679
316,Giustino,Cheers,gcheers8r@wired.com,Male,Ireland,-8.445614,51.8885086
317,Lezley,Swepson,lswepson8s@wired.com,Male,Ireland,-6.1406578,53.2886387
318,Nevins,Chalfant,nchalfant8t@aol.com,Male,Ireland,-8.7683674,53.7942932
319,Dionysus,Toyer,dtoyer8u@google.com,Male,Ireland,-6.1822287,53.3788495
320,Nan,Goard,ngoard8v@microsoft.com,Female,Ireland,-6.1136478,53.2121335
321,Shanda,Sutlieff,ssutlieff8w@blogger.com,Female,Ireland,-6.3049392,53.3021194
322,Randene,Janisson,rjanisson8x@acquirethisname.com,Bigender,Ireland,-6.2890702,53.3201497
323,Dev,Fackrell,dfackrell8y@zdnet.com,Male,Ireland,-7.5717688,52.1045472
324,Grete,Gillespie,ggillespie8z@oaic.gov.au,Female,Ireland,-8.334953,51.8610022
325,Lorry,Terrell,lterrell90@unesco.org,Male,Ireland,-8.9706844,52.6004448
326,Barnie,Baff,bbaff91@army.mil,Male,Ireland,-8.4627451,54.25645
327,Alena,Angeli,aangeli92@stumbleupon.com,Female,Ireland,-7.2979911,53.6785169
328,Eleanore,Leinster,eleinster93@reddit.com,Female,Ireland,-6.3695384,53.3734053
329,Griffie,Prudham,gprudham94@fotki.com,Male,Ireland,-9.1115941,51.7203863
330,Bev,Dennitts,bdennitts95@lulu.com,Male,Ireland,-7.185387,53.158984
331,Janean,O'Lunny,jolunny96@google.co.uk,Female,Ireland,-6.3422325,53.719155
332,Denyse,Barrow,dbarrow97@narod.ru,Female,Ireland,-8.3545704,52.5593605
333,Adolf,Huett,ahuett98@1und1.de,Male,Ireland,-9.151825,54.11215
334,Reeta,Yukhnevich,ryukhnevich99@livejournal.com,Female,Ireland,-6.473025,54.0086093
335,Brannon,Wragge,bwragge9a@drupal.org,Male,Ireland,-6.7515223,53.2888321
336,Joceline,Snyder,jsnyder9b@booking.com,Female,Ireland,-7.0943023,54.2694844
337,Blane,Goodricke,bgoodricke9c@cpanel.net,Male,Ireland,-6.4496384,53.3582341
338,Jarvis,Puddephatt,jpuddephatt9d@blog.com,Male,Ireland,-8.4627451,54.25645
339,Aguie,Quennell,aquennell9e@sciencedaily.com,Male,Ireland,-8.4627451,54.25645
340,Chrissy,Normanell,cnormanell9f@twitpic.com,Polygender,Ireland,-8.2817353,54.4771768
341,Morly,Pitrasso,mpitrasso9g@liveinternet.ru,Male,Ireland,-8.9480659,53.940892
342,Glynda,Bierton,gbierton9h@bigcartel.com,Female,Ireland,-8.3545704,52.5593605
343,Garnette,Leborgne,gleborgne9i@sciencedaily.com,Female,Ireland,-6.3025448,53.6920618
344,Tildie,Bevan,tbevan9j@google.co.uk,Female,Ireland,-6.2429997,53.7902634
345,Bernette,Angell,bangell9k@adobe.com,Female,Ireland,-10.022186,53.488087
346,Chet,Creamer,ccreamer9l@nih.gov,Male,Ireland,-7.2584,52.655184
347,Rachel,Chang,rchang9m@irs.gov,Female,Ireland,-8.4523258,51.880525
348,Arlie,Finicj,afinicj9n@hao123.com,Female,Ireland,-8.6346959,53.7423435
349,Celestia,Bassingham,cbassingham9o@twitter.com,Female,Ireland,-6.264963,53.3897152
350,Phil,Balls,pballs9p@about.com,Agender,Ireland,-6.1979853,53.3046353
351,Arturo,Attenbarrow,aattenbarrow9q@soundcloud.com,Genderqueer,Ireland,-6.3539424,53.3666338
352,Ashbey,Disman,adisman9r@ucsd.edu,Male,Ireland,-6.2324705,53.3177535
353,Glynnis,Antat,gantat9s@t-online.de,Female,Ireland,-6.1535181,53.5220275
354,Robinett,Garry,rgarry9t@springer.com,Female,Ireland,-6.3049392,53.3021194
355,Alexei,Iscowitz,aiscowitz9u@businessinsider.com,Male,Ireland,-6.2071246,53.4562426
356,Mathias,Moreland,mmoreland9v@stanford.edu,Male,Ireland,-6.2892907,53.310122
357,Dexter,Bier,dbier9w@wikispaces.com,Male,Ireland,-6.1544115,53.4855448
358,Van,Vasilic,vvasilic9x@tumblr.com,Female,Ireland,-10.0320886,54.2223118
359,Raine,Trosdall,rtrosdall9y@cnn.com,Female,Ireland,-6.336393,53.3122864
360,Joby,Sedge,jsedge9z@alexa.com,Female,Ireland,-6.2071246,53.4562426
361,Cletis,Pea,cpeaa0@cdc.gov,Bigender,Ireland,-8.7683674,53.7942932
362,Bride,Ratnage,bratnagea1@zdnet.com,Female,Ireland,-7.185387,53.158984
363,Alexandra,Deeprose,adeeprosea2@chronoengine.com,Female,Ireland,-6.473025,54.0086093
364,Dannie,Cracie,dcraciea3@theguardian.com,Female,Ireland,-6.7434401,53.2229873
365,Sawyere,Hostan,shostana4@ameblo.jp,Male,Ireland,-9.5003786,52.4458588
366,Ivar,Saintsbury,isaintsburya5@reuters.com,Male,Ireland,-8.9775014,52.8314927
367,Ariadne,Emsley,aemsleya6@linkedin.com,Female,Ireland,-8.9791425,52.8638391
368,Jaquenetta,Seiler,jseilera7@vimeo.com,Female,Ireland,-6.2554371,53.2767301
369,Caroline,Siene,csienea8@blogger.com,Female,Ireland,-6.2324705,53.3177535
370,Emilia,Caveill,ecaveilla9@istockphoto.com,Female,Ireland,-8.337871,52.0097259
371,Micheal,Everex,meverexaa@dropbox.com,Male,Ireland,-6.366762,53.2987724
372,Hedy,Ashmole,hashmoleab@cnn.com,Female,Ireland,-6.1097188,53.3895926
373,Emmy,Billington,ebillingtonac@pagesperso-orange.fr,Female,Ireland,-7.7655701,53.5650926
374,Eugenie,Vollam,evollamad@businessweek.com,Female,Ireland,-8.9821467,52.8498651
375,Cullan,Kentwell,ckentwellae@boston.com,Male,Ireland,-6.64937,54.10269
376,Loella,Kempton,lkemptonaf@weather.com,Female,Ireland,-6.1603828,53.2599034
377,Arley,Filimore,afilimoreag@dyndns.org,Male,Ireland,-6.218069,53.374266
378,Tansy,Woolliams,twoolliamsah@myspace.com,Female,Ireland,-8.7683674,53.7942932
379,Cathe,Punyer,cpunyerai@mediafire.com,Female,Ireland,-6.9711886,53.916791
380,Sergio,Garside,sgarsideaj@youku.com,Male,Ireland,-9.0248232,53.2760162
381,Ferd,Walburn,fwalburnak@liveinternet.ru,Male,Ireland,-8.1722173,51.9138694
382,Allyn,Polin,apolinal@harvard.edu,Male,Ireland,-6.1920933,53.3916434
383,Joshua,Vasser,jvasseram@cam.ac.uk,Male,Ireland,-7.086877,53.8363325
384,Leia,De Benedictis,ldebenedictisan@cbsnews.com,Female,Ireland,-8.5054897,52.7107501
385,Ollie,Muslim,omuslimao@nyu.edu,Genderfluid,Ireland,-7.9428197,53.4231032
386,Codi,Warman,cwarmanap@statcounter.com,Male,Ireland,-6.5028415,53.3806398
387,Ailey,Firpo,afirpoaq@a8.net,Female,Ireland,-9.7359765,54.1433253
388,Carline,Gimeno,cgimenoar@google.it,Female,Ireland,-6.2554371,53.2767301
389,Auberta,Jeffcock,ajeffcockas@sphinn.com,Female,Ireland,-6.1191333,53.1915379
390,Dorothea,Huett,dhuettat@jalbum.net,Female,Ireland,-6.2071246,53.4562426
391,Thacher,McCadden,tmccaddenau@nba.com,Male,Ireland,-7.8004329,53.7283566
392,Larine,Westgarth,lwestgarthav@themeforest.net,Female,Ireland,-8.2001004,52.86326
393,Harry,Maddams,hmaddamsaw@ustream.tv,Male,Ireland,-6.1136478,53.2121335
394,Abbey,Mulholland,amulhollandax@reddit.com,Male,Ireland,-6.1942058,53.3604483
395,Henry,Bartos,hbartosay@blogs.com,Male,Ireland,-6.1097188,53.3895926
396,Erasmus,Morlon,emorlonaz@shutterfly.com,Male,Ireland,-7.9428197,53.4231032
397,Shantee,Grinnov,sgrinnovb0@yellowbook.com,Female,Ireland,-6.7434401,53.2229873
398,Arne,Meaker,ameakerb1@meetup.com,Male,Ireland,-7.74208,54.70972
399,Park,Philippart,pphilippartb2@google.com.br,Male,Ireland,-6.0690645,53.1257486
400,Eli,Mattedi,emattedib3@addthis.com,Male,Ireland,-7.185387,53.158984
401,Reynard,Whieldon,rwhieldonb4@blogs.com,Male,Ireland,-8.5054897,52.7107501
402,Colman,Brecknell,cbrecknellb5@1und1.de,Male,Ireland,-8.4627451,54.25645
403,Cindee,McAw,cmcawb6@yellowpages.com,Female,Ireland,-6.2892907,53.310122
404,Burty,Sowrah,bsowrahb7@t.co,Male,Ireland,-6.218069,53.374266
405,Kerr,Durtnel,kdurtnelb8@altervista.org,Male,Ireland,-7.086877,53.8363325
406,Georgine,True,gtrueb9@mediafire.com,Female,Ireland,-80.7087609,35.7797381
407,Janek,Swannack,jswannackba@tiny.cc,Male,Ireland,-8.2215941,53.0917381
408,Hildagarde,Lawland,hlawlandbb@printfriendly.com,Female,Ireland,-6.3539424,53.3666338
409,Gratia,Fortye,gfortyebc@webeden.co.uk,Non-binary,Ireland,-7.2314132,54.1794814
410,Ardelia,Cockton,acocktonbd@exblog.jp,Female,Ireland,-7.5717688,52.1045472
411,Elsie,Jailler,ejaillerbe@people.com.cn,Bigender,Ireland,-6.67045,53.213319
412,Kirsti,McDaid,kmcdaidbf@patch.com,Female,Ireland,-8.5111664,51.8858819
413,Andrei,Itscovitz,aitscovitzbg@engadget.com,Female,Ireland,-6.67045,53.213319
414,Sam,Sazio,ssaziobh@deviantart.com,Female,Ireland,-6.4202878,54.0026343
415,Janean,Cardenosa,jcardenosabi@jiathis.com,Female,Ireland,-6.5924609,53.2482376
416,Mark,Bayston,mbaystonbj@columbia.edu,Male,Ireland,-8.4242597,51.8910459
417,Allan,O'Sherin,aosherinbk@army.mil,Male,Ireland,-6.2071246,53.4562426
418,Jackson,Thurstan,jthurstanbl@flavors.me,Male,Ireland,-7.0472382,52.9480781
419,Conrad,Dohmann,cdohmannbm@loc.gov,Non-binary,Ireland,-8.1722002,54.3051891
420,Thornie,Killbey,tkillbeybn@tuttocitta.it,Male,Ireland,-7.5717688,52.1045472
421,Mirella,MacTerrelly,mmacterrellybo@bing.com,Female,Ireland,-7.0943023,54.2694844
422,Pavlov,Whitty,pwhittybp@behance.net,Male,Ireland,-8.4242597,51.8910459
423,Hulda,Galvin,hgalvinbq@sun.com,Female,Ireland,-8.9821467,52.8498651
424,Angil,Fawlkes,afawlkesbr@cpanel.net,Female,Ireland,-8.489012,51.923707
425,Aprilette,Bowles,abowlesbs@google.fr,Female,Ireland,-6.176659,53.4487975
426,Noll,Harnell,nharnellbt@narod.ru,Male,Ireland,-8.3929404,51.8113447
427,Taddeusz,Draysey,tdrayseybu@slate.com,Male,Ireland,-6.2057463,53.3870149
428,Thadeus,Tarr,ttarrbv@berkeley.edu,Male,Ireland,-6.1097188,53.3895926
429,Glen,Bernardes,gbernardesbw@bigcartel.com,Male,Ireland,-7.2314132,54.1794814
430,Alexine,Castaner,acastanerbx@un.org,Female,Ireland,-7.9139891,53.0949398
431,Ryley,Dirr,rdirrby@cnet.com,Male,Ireland,-6.3025448,53.6920618
432,Wallas,Noddles,wnoddlesbz@geocities.com,Male,Ireland,-8.3545704,52.5593605
433,Clarence,Prescott,cprescottc0@bizjournals.com,Male,Ireland,-8.958931,51.904635
434,Selinda,Dencs,sdencsc1@ustream.tv,Female,Ireland,-6.1157412,53.2774963
435,Jeannine,Rignoldes,jrignoldesc2@fotki.com,Agender,Ireland,-6.313755,53.366736
436,Ramsay,Orteaux,rorteauxc3@mac.com,Male,Ireland,-8.05,51.9166667
437,Oberon,Seczyk,oseczykc4@ustream.tv,Male,Ireland,-7.086877,53.8363325
438,Randa,Chappelle,rchappellec5@trellian.com,Female,Ireland,-6.251714,53.3169419
439,Dante,Rentalll,drentalllc6@slate.com,Male,Ireland,-6.3506335,53.2911347
440,Nicol,Davley,ndavleyc7@shop-pro.jp,Female,Ireland,-6.1820563,53.3786861
441,Marissa,Wildt,mwildtc8@amazon.de,Female,Ireland,-8.5171384,51.876873
442,Vinni,Attree,vattreec9@rediff.com,Female,Ireland,-6.3828795,53.385304
443,Fredra,Dealy,fdealyca@over-blog.com,Female,Ireland,-9.4851741,52.4460804
444,Felisha,Alfonsetto,falfonsettocb@howstuffworks.com,Female,Ireland,-8.5054897,52.7107501
445,Curry,Redmayne,credmaynecc@vinaora.com,Male,Ireland,-6.3695384,53.3734053
446,Niven,Kipling,nkiplingcd@google.co.uk,Bigender,Ireland,-8.2969737,53.9735591
447,Jacquette,Ranson,jransonce@google.com.hk,Female,Ireland,-8.3929404,51.8113447
448,Dulcie,Cohn,dcohncf@hp.com,Female,Ireland,-6.3506335,53.2911347
449,Sigismond,Gooly,sgoolycg@pbs.org,Male,Ireland,-8.5070436,54.2109904
450,Mair,Aspel,maspelch@hc360.com,Non-binary,Ireland,-6.3048641,53.3284298
451,Brewster,Jeffs,bjeffsci@hugedomains.com,Male,Ireland,-6.473025,54.0086093
452,Marlene,Delwater,mdelwatercj@cnbc.com,Polygender,Ireland,-6.1136478,53.2121335
453,Armin,Badger,abadgerck@ox.ac.uk,Male,Ireland,-10.022186,53.488087
454,Ciro,Iacobassi,ciacobassicl@edublogs.org,Male,Ireland,-8.83565,53.49417
455,Tyson,Gommey,tgommeycm@comsenz.com,Male,Ireland,-6.473025,54.0086093
456,Anjanette,Grioli,agriolicn@comsenz.com,Female,Ireland,-8.5946591,54.632283
457,Kayne,Buxam,kbuxamco@about.com,Male,Ireland,-8.334953,51.8610022
458,Christoforo,Goodreid,cgoodreidcp@nsw.gov.au,Male,Ireland,-6.218069,53.374266
459,Pete,Toynbee,ptoynbeecq@phpbb.com,Male,Ireland,-6.3077823,53.3655256
460,Nicolais,Lune,nlunecr@g.co,Polygender,Ireland,-6.64937,54.10269
461,Martin,Hasloch,mhaslochcs@wisc.edu,Male,Ireland,-8.334953,51.8610022
462,Brana,Roon,broonct@wikimedia.org,Female,Ireland,-8.1722173,51.9138694
463,Lindy,Dondon,ldondoncu@edublogs.org,Female,Ireland,-6.366762,53.2987724
464,Marrilee,Godthaab,mgodthaabcv@archive.org,Bigender,Ireland,-6.391149,53.8996586
465,Ferdinande,Battie,fbattiecw@odnoklassniki.ru,Female,Ireland,-6.133718,53.291512
466,Katalin,Sawart,ksawartcx@dailymail.co.uk,Female,Ireland,-9.4904891,52.6396679
467,Camel,Fry,cfrycy@people.com.cn,Female,Ireland,-8.9949917,53.8533151
468,Hilario,Gehringer,hgehringercz@gnu.org,Male,Ireland,-6.2152673,53.3323703
469,Eleanora,Bassilashvili,ebassilashvilid0@redcross.org,Female,Ireland,-8.4977746,51.8895954
470,Mufinella,Feldmesser,mfeldmesserd1@xing.com,Female,Ireland,-8.5111664,51.8858819
471,Giorgio,Dellenbroker,gdellenbrokerd2@hostgator.com,Male,Ireland,-6.1884248,53.5879156
472,Marys,McJury,mmcjuryd3@odnoklassniki.ru,Female,Ireland,-6.218069,53.374266
473,Ranna,Hiner,rhinerd4@youtu.be,Female,Ireland,-8.1722002,54.3051891
474,Tera,Dallimore,tdallimored5@wikipedia.org,Female,Ireland,-7.297914,54.026345
475,Portie,Copozio,pcopoziod6@comcast.net,Male,Ireland,-6.3506335,53.2911347
476,Osbourne,McGahern,omcgahernd7@webeden.co.uk,Male,Ireland,-6.1136478,53.2121335
477,Gifford,Jedrysik,gjedrysikd8@springer.com,Male,Ireland,-6.5924609,53.2482376
478,Janie,Canland,jcanlandd9@yolasite.com,Female,Ireland,-7.8004329,53.7283566
479,Benedetto,Hawe,bhaweda@squarespace.com,Non-binary,Ireland,-6.2071246,53.4562426
480,Juliette,Blacket,jblacketdb@wisc.edu,Female,Ireland,-8.7683674,53.7942932
481,Beilul,Neasham,bneashamdc@wordpress.com,Female,Ireland,-6.3828795,53.385304
482,Norton,Bramhill,nbramhilldd@phpbb.com,Male,Ireland,-8.9791425,52.8638391
483,Felipe,Longfoot,flongfootde@hatena.ne.jp,Male,Ireland,-8.83565,53.49417
484,Florence,Citrine,fcitrinedf@lycos.com,Female,Ireland,-7.2314132,54.1794814
485,Davin,Neeve,dneevedg@cdc.gov,Genderfluid,Ireland,-10.0320886,54.2223118
486,Bili,Natwick,bnatwickdh@dell.com,Non-binary,Ireland,-7.606287,53.6972399
487,Deny,Kermode,dkermodedi@csmonitor.com,Polygender,Ireland,-8.9480659,53.940892
488,Dinah,Broek,dbroekdj@cocolog-nifty.com,Female,Ireland,-8.5946591,54.632283
489,Cherry,Bleakman,cbleakmandk@xing.com,Female,Ireland,-6.218069,53.374266
490,Aguste,Brickstock,abrickstockdl@lulu.com,Agender,Ireland,-6.374155,53.3223974
491,Sharl,Jakolevitch,sjakolevitchdm@timesonline.co.uk,Genderqueer,Ireland,-8.2755058,52.2627273
492,Port,Beushaw,pbeushawdn@mayoclinic.com,Male,Ireland,-8.5054897,52.7107501
493,Jerrome,Impy,jimpydo@blogtalkradio.com,Male,Ireland,-9.1115941,51.7203863
494,Saloma,Punter,spunterdp@marketwatch.com,Female,Ireland,-6.1820563,53.3786861
495,Aubrette,Pol,apoldq@house.gov,Female,Ireland,-9.4904891,52.6396679
496,Colene,Dewen,cdewendr@amazon.de,Female,Ireland,-6.1011147,53.2000455
497,Jerrine,Liver,jliverds@de.vu,Female,Ireland,-6.3219759,53.2976886
498,Teresa,Scapens,tscapensdt@techcrunch.com,Female,Ireland,-6.7515223,53.2888321
499,Sapphire,Spawforth,sspawforthdu@upenn.edu,Female,Ireland,-6.3422325,53.719155
500,Basia,Sellwood,bsellwooddv@4shared.com,Female,Ireland,-6.3048641,53.3284298
501,Brigitta,Wellwood,bwellwooddw@xrea.com,Polygender,Ireland,-8.1722002,54.3051891
502,Herschel,Maggiori,hmaggioridx@hubpages.com,Male,Ireland,-8.489012,51.923707
503,Salomone,Haugg,shauggdy@jugem.jp,Male,Ireland,-6.124065,53.231395
504,Finn,Copnell,fcopnelldz@cyberchimps.com,Male,Ireland,-6.2340942,53.2993199
505,Gwen,Wickerson,gwickersone0@liveinternet.ru,Female,Ireland,-8.5369154,52.6681994
506,Bryce,Drewes,bdrewese1@wired.com,Male,Ireland,-6.2071246,53.4562426
507,Gifford,Zannuto,gzannutoe2@berkeley.edu,Male,Ireland,-6.308522,52.665267
508,Bernita,Creasy,bcreasye3@aboutads.info,Female,Ireland,-6.313755,53.366736
509,Evangelia,Dominey,edomineye4@noaa.gov,Female,Ireland,-6.2429997,53.7902634
510,Elwood,Leipnik,eleipnike5@discovery.com,Male,Ireland,-10.0320886,54.2223118
511,Ruthie,Metzel,rmetzele6@topsy.com,Female,Ireland,-6.124065,53.231395
512,Earlie,Krzyzanowski,ekrzyzanowskie7@flickr.com,Male,Ireland,-6.2398782,53.32112
513,Jeremie,Athelstan,jathelstane8@bloglines.com,Male,Ireland,-8.2969737,53.9735591
514,Malinde,Law,mlawe9@webnode.com,Female,Ireland,-6.7515223,53.2888321
515,Ignazio,Hritzko,ihritzkoea@xinhuanet.com,Male,Ireland,-9.1327273,53.806868
516,Gearard,Rowena,growenaeb@guardian.co.uk,Male,Ireland,-6.4008792,53.9215606
517,Ciel,Reynold,creynoldec@about.com,Female,Ireland,-7.9027266,53.4148582
518,Regina,Wornham,rwornhamed@amazon.com,Female,Ireland,-6.1406578,53.2886387
519,Jacques,O'Hederscoll,johederscollee@washington.edu,Agender,Ireland,-8.298942,51.848898
520,Zacharias,MacAless,zmacalessef@amazon.co.jp,Male,Ireland,-6.9711886,53.916791
521,Barnard,Caller,bcallereg@dailymail.co.uk,Male,Ireland,-6.590926,53.1936864
522,Liana,Skeath,lskeatheh@fotki.com,Female,Ireland,-8.8562835,53.510243
523,Gianni,Ricardet,gricardetei@cdbaby.com,Male,Ireland,-9.0197835,53.2736466
524,Marjy,Wornum,mwornumej@dot.gov,Female,Ireland,-6.2340942,53.2993199
525,Ogden,Romer,oromerek@deviantart.com,Bigender,Ireland,-8.642661,52.1361219
526,Coral,Salaman,csalamanel@networkadvertising.org,Female,Ireland,-6.2892907,53.310122
527,Chancey,Tomney,ctomneyem@drupal.org,Male,Ireland,-7.7655701,53.5650926
528,Lorraine,Eager,leageren@mayoclinic.com,Genderqueer,Ireland,-8.337871,52.0097259
529,Cullin,Yosifov,cyosifoveo@privacy.gov.au,Male,Ireland,-8.259128,51.908209
530,Darlleen,Featherstone,dfeatherstoneep@1688.com,Bigender,Ireland,-6.1544115,53.4855448
531,Kerry,Dobbins,kdobbinseq@intel.com,Female,Ireland,-8.3545704,52.5593605
532,Berne,Ziems,bziemser@soundcloud.com,Male,Ireland,-7.145971,53.508326
533,Cordie,Borgne,cborgnees@state.gov,Male,Ireland,-7.8434254,51.949401
534,Judith,Janodet,jjanodetet@deliciousdays.com,Female,Ireland,-8.3929404,51.8113447
535,Kristal,Oakenfield,koakenfieldeu@360.cn,Female,Ireland,-8.83565,53.49417
536,Quinn,Novotne,qnovotneev@surveymonkey.com,Male,Ireland,-6.2633149,53.377533
537,Lammond,Biddlestone,lbiddlestoneew@geocities.com,Bigender,Ireland,-8.7683674,53.7942932
538,Benoite,Beddows,bbeddowsex@comcast.net,Female,Ireland,-6.9858993,53.0018699
539,Emile,Shropshire,eshropshireey@va.gov,Male,Ireland,-6.2324705,53.3177535
540,Tabbitha,Scare,tscareez@accuweather.com,Female,Ireland,-9.7850991,52.1058991
541,Vonnie,Matschek,vmatschekf0@hatena.ne.jp,Female,Ireland,-6.366762,53.2987724
542,Ethe,Ivchenko,eivchenkof1@lycos.com,Male,Ireland,-9.0248232,53.2760162
543,Kalie,Syred,ksyredf2@cbslocal.com,Female,Ireland,-6.176659,53.4487975
544,Jocelyne,Mitie,jmitief3@youtube.com,Female,Ireland,-8.5171384,51.876873
545,Genny,Pearcehouse,gpearcehousef4@seesaa.net,Non-binary,Ireland,-8.2817353,54.4771768
546,Rozella,Hucke,rhuckef5@cdbaby.com,Female,Ireland,-6.1215213,53.2724538
547,Giustina,Pickton,gpicktonf6@cbsnews.com,Female,Ireland,-7.2314132,54.1794814
548,Sarajane,O'Cooney,socooneyf7@indiatimes.com,Genderfluid,Ireland,-7.2314132,54.1794814
549,Natka,Kinningley,nkinningleyf8@privacy.gov.au,Polygender,Ireland,-6.3539424,53.3666338
550,Hazlett,Murrock,hmurrockf9@ca.gov,Male,Ireland,-6.133718,53.291512
551,Page,Burke,pburkefa@msu.edu,Genderqueer,Ireland,-6.308522,52.665267
552,Gunilla,Gornal,ggornalfb@mapy.cz,Female,Ireland,-8.259128,51.908209
553,Rogerio,Diggles,rdigglesfc@paypal.com,Male,Ireland,-6.3539424,53.3666338
554,Katlin,Siely,ksielyfd@fastcompany.com,Female,Ireland,-8.4627451,54.25645
555,Zebedee,Forlonge,zforlongefe@yandex.ru,Genderfluid,Ireland,-8.5176583,51.8863277
556,Hephzibah,Lammerich,hlammerichff@va.gov,Female,Ireland,-8.4784945,51.8815586
557,Griselda,Tomasek,gtomasekfg@unesco.org,Agender,Ireland,-6.3077823,53.3655256
558,Federico,Knutton,fknuttonfh@soundcloud.com,Male,Ireland,-8.489012,51.923707
559,Layla,Goadsby,lgoadsbyfi@skype.com,Female,Ireland,-9.1115941,51.7203863
560,Vassily,Balmadier,vbalmadierfj@sfgate.com,Male,Ireland,-6.4887534,53.3653866
561,Buck,McCracken,bmccrackenfk@altervista.org,Male,Ireland,-7.1111732,52.2513095
562,Herrick,Bulled,hbulledfl@accuweather.com,Male,Ireland,-8.2001004,52.86326
563,Hoyt,Bugs,hbugsfm@plala.or.jp,Male,Ireland,-9.268589,51.549106
564,Lynelle,Hefforde,lheffordefn@ted.com,Female,Ireland,-7.518792,53.284466
565,Siward,Dibdall,sdibdallfo@smh.com.au,Male,Ireland,-8.83565,53.49417
566,Paulo,Godbehere,pgodbeherefp@stumbleupon.com,Male,Ireland,-8.1722002,54.3051891
567,Camel,Prater,cpraterfq@e-recht24.de,Female,Ireland,-6.1920933,53.3916434
568,Carmelina,Carlon,ccarlonfr@harvard.edu,Female,Ireland,-8.3929404,51.8113447
569,Elana,Jackes,ejackesfs@ovh.net,Female,Ireland,-7.2584,52.655184
570,Carie,Wayper,cwayperft@chron.com,Female,Ireland,-6.336393,53.3122864
571,Lanny,Bridgwater,lbridgwaterfu@salon.com,Male,Ireland,-8.05,51.9166667
572,Teri,Tunnick,ttunnickfv@nih.gov,Non-binary,Ireland,-8.5070436,54.2109904
573,Cosette,Washbrook,cwashbrookfw@techcrunch.com,Female,Ireland,-6.3422325,53.719155
574,Lorens,McNee,lmcneefx@thetimes.co.uk,Male,Ireland,-7.0943023,54.2694844
575,Lloyd,Strathdee,lstrathdeefy@printfriendly.com,Male,Ireland,-7.5011999,53.776647
576,Cyril,Ricciardiello,cricciardiellofz@networksolutions.com,Male,Ireland,-8.9775014,52.8314927
577,Marijn,Poleye,mpoleyeg0@booking.com,Male,Ireland,-6.3695384,53.3734053
578,Jaimie,O'Hegertie,johegertieg1@independent.co.uk,Male,Ireland,-8.9949917,53.8533151
579,Gauthier,Myers,gmyersg2@nsw.gov.au,Male,Ireland,-6.2633149,53.377533
580,Lindsey,Shrubsall,lshrubsallg3@4shared.com,Male,Ireland,-6.391149,53.8996586
581,Mandel,Gauler,mgaulerg4@msn.com,Male,Ireland,-8.9791425,52.8638391
582,Zahara,Beteriss,zbeterissg5@apple.com,Female,Ireland,-8.5171384,51.876873
583,Jordain,Bendon,jbendong6@facebook.com,Female,Ireland,-6.2152673,53.3323703
584,Jaclin,Roggieri,jroggierig7@goodreads.com,Female,Ireland,-6.4887534,53.3653866
585,Keriann,Forson,kforsong8@list-manage.com,Female,Ireland,-6.67045,53.213319
586,Hew,Stennet,hstennetg9@arstechnica.com,Male,Ireland,-6.1603828,53.2599034
587,Eden,Firminger,efirmingerga@loc.gov,Female,Ireland,-8.1722002,54.3051891
588,Tait,Vidineev,tvidineevgb@omniture.com,Male,Ireland,-6.2324705,53.3177535
589,Cherie,Stein,csteingc@people.com.cn,Female,Ireland,-7.9027266,53.4148582
590,Yorgos,Llewelly,yllewellygd@webeden.co.uk,Male,Ireland,-7.606287,53.6972399
591,Corby,Craft,ccraftge@com.com,Male,Ireland,-7.0943023,54.2694844
592,Launce,Ingon,lingongf@github.io,Male,Ireland,-8.9480659,53.940892
593,Aloysius,Balcers,abalcersgg@mayoclinic.com,Male,Ireland,-6.3049392,53.3021194
594,Jule,Rubens,jrubensgh@opera.com,Male,Ireland,-6.4496384,53.3582341
595,Howey,Shearsby,hshearsbygi@cnn.com,Male,Ireland,-9.0288689,53.2737147
596,Sophie,Crippen,scrippengj@sciencedirect.com,Female,Ireland,-10.022186,53.488087
597,Mark,Belhome,mbelhomegk@tumblr.com,Male,Ireland,-6.1072403,53.2780047
598,Bryon,Bosley,bbosleygl@who.int,Male,Ireland,-8.259128,51.908209
599,Enos,Lorne,elornegm@flavors.me,Male,Ireland,-7.2584,52.655184
600,Orran,Lidgley,olidgleygn@springer.com,Male,Ireland,-6.2057463,53.3870149
601,Carlyle,Crewe,ccrewego@si.edu,Male,Ireland,-6.1136478,53.2121335
602,Clotilda,Wombwell,cwombwellgp@techcrunch.com,Female,Ireland,-6.1644997,53.4266145
603,Frasco,Pinnegar,fpinnegargq@networksolutions.com,Male,Ireland,-6.5028415,53.3806398
604,Carrol,Kenaway,ckenawaygr@acquirethisname.com,Male,Ireland,-6.5899765,52.176031
605,Mirabel,Boynton,mboyntongs@taobao.com,Genderfluid,Ireland,-6.313755,53.366736
606,Bobbye,Hawket,bhawketgt@storify.com,Agender,Ireland,-6.590926,53.1936864
607,Gustave,Skace,gskacegu@sbwire.com,Male,Ireland,-6.2611953,53.3881832
608,Patricio,Ivy,pivygv@wordpress.com,Male,Ireland,-6.1479779,53.450694
609,Em,Hutson,ehutsongw@cbslocal.com,Male,Ireland,-9.7359765,54.1433253
610,Ted,Hocking,thockinggx@census.gov,Male,Ireland,-6.590926,53.1936864
611,Mar,Bothen,mbothengy@godaddy.com,Male,Ireland,-6.2755912,53.3500473
612,Robin,Sorbie,rsorbiegz@stumbleupon.com,Non-binary,Ireland,-6.4241156,53.7369009
613,Bari,Sewill,bsewillh0@youtu.be,Female,Ireland,-6.218069,53.374266
614,Hugo,Feather,hfeatherh1@nymag.com,Male,Ireland,-8.337871,52.0097259
615,Lonna,Haulkham,lhaulkhamh2@google.it,Female,Ireland,-8.2001004,52.86326
616,Yalonda,Whellams,ywhellamsh3@vinaora.com,Female,Ireland,-8.5946591,54.632283
617,Lavinia,Humerstone,lhumerstoneh4@pbs.org,Female,Ireland,-6.2429997,53.7902634
618,Alec,MacAlinden,amacalindenh5@storify.com,Male,Ireland,-8.5054897,52.7107501
619,Adela,Knagges,aknaggesh6@dailymotion.com,Female,Ireland,-6.1072403,53.2780047
620,Jean,Ellicock,jellicockh7@tripod.com,Male,Ireland,-7.1297243,52.2509369
621,Raimundo,Canadas,rcanadash8@redcross.org,Male,Ireland,-80.7087609,35.7797381
622,Sylvia,MacAnellye,smacanellyeh9@boston.com,Female,Ireland,-7.7655701,53.5650926
623,Orren,Goalley,ogoalleyha@hao123.com,Bigender,Ireland,-6.67045,53.213319
624,Enrica,Cockling,ecocklinghb@admin.ch,Female,Ireland,-7.9428197,53.4231032
625,Poul,Brockhurst,pbrockhursthc@samsung.com,Male,Ireland,-8.5054897,52.7107501
626,Efren,Longhorne,elonghornehd@cdc.gov,Male,Ireland,-8.8950821,52.7604883
627,Fredelia,Beville,fbevillehe@marriott.com,Female,Ireland,-6.2387374,53.3141205
628,Rosaline,Gronauer,rgronauerhf@webeden.co.uk,Female,Ireland,-6.2429997,53.7902634
629,Rosalia,Izakof,rizakofhg@blinklist.com,Female,Ireland,-7.8434254,51.949401
630,Laughton,Collman,lcollmanhh@fotki.com,Male,Ireland,-6.133718,53.291512
631,Jemmy,Kenwrick,jkenwrickhi@miitbeian.gov.cn,Female,Ireland,-9.7359765,54.1433253
632,Angelina,Hawkeswood,ahawkeswoodhj@vistaprint.com,Female,Ireland,-8.334953,51.8610022
633,Verne,Kynvin,vkynvinhk@jimdo.com,Male,Ireland,-8.5054897,52.7107501
634,Elwood,Leversuch,eleversuchhl@fda.gov,Male,Ireland,-6.64937,54.10269
635,Brad,Videler,bvidelerhm@imageshack.us,Male,Ireland,-8.5176583,51.8863277
636,Dimitri,Levi,dlevihn@myspace.com,Male,Ireland,-6.251714,53.3169419
637,Moll,Trenbay,mtrenbayho@eepurl.com,Female,Ireland,-80.7087609,35.7797381
638,Reggis,Samper,rsamperhp@cbc.ca,Male,Ireland,-8.642661,52.1361219
639,Aldin,Potier,apotierhq@joomla.org,Agender,Ireland,-6.3506335,53.2911347
640,Dacey,Buffey,dbuffeyhr@jiathis.com,Female,Ireland,-8.9949917,53.8533151
641,Monty,Plaster,mplasterhs@unicef.org,Genderfluid,Ireland,-8.2817353,54.4771768
642,Delbert,Hussy,dhussyht@wiley.com,Male,Ireland,-8.4627451,54.25645
643,Charmain,Antao,cantaohu@mlb.com,Agender,Ireland,-6.0690645,53.1257486
644,Nikola,Sabati,nsabatihv@meetup.com,Male,Ireland,-8.298942,51.848898
645,Davine,Librey,dlibreyhw@reuters.com,Female,Ireland,-6.366762,53.2987724
646,Rhett,Shotbolt,rshotbolthx@china.com.cn,Male,Ireland,-6.3422325,53.719155
647,Israel,Benfell,ibenfellhy@nasa.gov,Male,Ireland,-6.1822287,53.3788495
648,Emmanuel,Fairman,efairmanhz@dmoz.org,Male,Ireland,-7.2314132,54.1794814
649,Tatiana,Dounbare,tdounbarei0@angelfire.com,Female,Ireland,-7.9139891,53.0949398
650,Chick,Mulhall,cmulhalli1@cdbaby.com,Male,Ireland,-6.1820563,53.3786861
651,Christian,Daud,cdaudi2@so-net.ne.jp,Male,Ireland,-6.4241156,53.7369009
652,Kass,Dockrill,kdockrilli3@sphinn.com,Female,Ireland,-6.1822287,53.3788495
653,Donnell,Sieghart,dsiegharti4@craigslist.org,Male,Ireland,-8.4523258,51.880525
654,Celesta,Ridgway,cridgwayi5@tuttocitta.it,Female,Ireland,-9.7359765,54.1433253
655,Farica,Rotherham,frotherhami6@archive.org,Female,Ireland,-7.2584,52.655184
656,Tessi,Sapena,tsapenai7@phpbb.com,Female,Ireland,-6.2071246,53.4562426
657,Jacquelynn,Ballantine,jballantinei8@newyorker.com,Female,Ireland,-7.2584,52.655184
658,Raeann,Baynam,rbaynami9@livejournal.com,Female,Ireland,-6.9140788,53.169971
659,Kippy,Keeves,kkeevesia@squidoo.com,Female,Ireland,-8.3929404,51.8113447
660,Oriana,Trinke,otrinkeib@unblog.fr,Bigender,Ireland,-9.159604,53.302644
661,Hal,Cheng,hchengic@odnoklassniki.ru,Male,Ireland,-6.3048641,53.3284298
662,Brandi,Restorick,brestorickid@scribd.com,Female,Ireland,-6.5028415,53.3806398
663,Alfy,Torfin,atorfinie@phoca.cz,Male,Ireland,-6.2611953,53.3881832
664,Harman,Rowswell,hrowswellif@over-blog.com,Male,Ireland,-6.3219759,53.2976886
665,Camala,Lewtey,clewteyig@ucoz.ru,Female,Ireland,-6.308522,52.665267
666,Jody,Aylward,jaylwardih@usgs.gov,Male,Ireland,-8.5946591,54.632283
667,Tiphanie,Mathiassen,tmathiassenii@hibu.com,Genderfluid,Ireland,-8.2755058,52.2627273
668,Marybelle,Oxenbury,moxenburyij@squidoo.com,Female,Ireland,-6.1644997,53.4266145
669,Ardath,Sancraft,asancraftik@blogs.com,Female,Ireland,-6.251714,53.3169419
670,Selestina,Dumper,sdumperil@aol.com,Female,Ireland,-7.086877,53.8363325
671,Loren,Brellin,lbrellinim@paginegialle.it,Male,Ireland,-8.9342111,52.182304
672,Erminia,Howsden,ehowsdenin@constantcontact.com,Non-binary,Ireland,-8.9480659,53.940892
673,Jeffy,Goff,jgoffio@nyu.edu,Male,Ireland,-6.590926,53.1936864
674,Alyssa,Crowche,acrowcheip@usgs.gov,Female,Ireland,-7.185387,53.158984
675,Korella,Poletto,kpolettoiq@mtv.com,Female,Ireland,-7.8004329,53.7283566
676,Waverly,Joscelin,wjoscelinir@army.mil,Male,Ireland,-6.218069,53.374266
677,Gerek,Saffon,gsaffonis@imdb.com,Male,Ireland,-7.518792,53.284466
678,Fiann,Matfin,fmatfinit@goo.gl,Female,Ireland,-6.9858993,53.0018699
679,Bill,Gowthorpe,bgowthorpeiu@apache.org,Female,Ireland,-8.3929404,51.8113447
680,Hugues,Connors,hconnorsiv@hhs.gov,Male,Ireland,-9.5003786,52.4458588
681,Karlan,Swalwell,kswalwelliw@salon.com,Male,Ireland,-6.7434401,53.2229873
682,Demetria,De Vile,ddevileix@arizona.edu,Female,Ireland,-6.7434401,53.2229873
683,Sydney,Baruch,sbaruchiy@last.fm,Male,Ireland,-6.4008792,53.9215606
684,Rodrigo,Lent,rlentiz@nydailynews.com,Male,Ireland,-6.1603828,53.2599034
685,Sharona,Lemanu,slemanuj0@msu.edu,Female,Ireland,-6.3539424,53.3666338
686,Carrissa,Ferentz,cferentzj1@theguardian.com,Female,Ireland,-6.2755912,53.3500473
687,Cally,Pullin,cpullinj2@arstechnica.com,Female,Ireland,-8.9821467,52.8498651
688,Gaye,Denekamp,gdenekampj3@ca.gov,Female,Ireland,-9.268589,51.549106
689,Israel,Aronsohn,iaronsohnj4@princeton.edu,Male,Ireland,-6.9140788,53.169971
690,Pancho,Bundy,pbundyj5@studiopress.com,Male,Ireland,-8.334953,51.8610022
691,Arnoldo,Kinvig,akinvigj6@opera.com,Male,Ireland,-9.4904891,52.6396679
692,Tomi,Grolmann,tgrolmannj7@google.es,Female,Ireland,-6.4202878,54.0026343
693,Wain,Swate,wswatej8@blinklist.com,Male,Ireland,-7.5011999,53.776647
694,Dilan,Dudmesh,ddudmeshj9@webnode.com,Male,Ireland,-8.83565,53.49417
695,Kevyn,Waycot,kwaycotja@deliciousdays.com,Female,Ireland,-8.2969737,53.9735591
696,Cozmo,O'Sherin,cosherinjb@guardian.co.uk,Male,Ireland,-8.1722002,54.3051891
697,Georgeta,McWhirter,gmcwhirterjc@unesco.org,Female,Ireland,-6.264963,53.3897152
698,Fabian,Lucken,fluckenjd@illinois.edu,Male,Ireland,-6.4671298,53.5050031
699,Erroll,Charrisson,echarrissonje@ehow.com,Male,Ireland,-6.9711886,53.916791
700,Brittaney,Elacoate,belacoatejf@altervista.org,Female,Ireland,-6.2387374,53.3141205
701,Elliott,Gurr,egurrjg@51.la,Male,Ireland,-9.159604,53.302644
702,Edee,Braine,ebrainejh@sbwire.com,Female,Ireland,-6.9858993,53.0018699
703,Desdemona,Nibloe,dnibloeji@ning.com,Female,Ireland,-8.2817353,54.4771768
704,Griswold,Alliott,galliottjj@elegantthemes.com,Male,Ireland,-9.448724,51.680591
705,Tanny,La Croce,tlacrocejk@furl.net,Male,Ireland,-6.251714,53.3169419
706,Vi,Croxall,vcroxalljl@sitemeter.com,Bigender,Ireland,-6.2633149,53.377533
707,Johnath,Heaseman,jheasemanjm@wikimedia.org,Female,Ireland,-9.1115941,51.7203863
708,Leroi,Mallinar,lmallinarjn@jugem.jp,Male,Ireland,-10.022186,53.488087
709,Hilliard,Flute,hflutejo@sohu.com,Male,Ireland,-8.9706844,52.6004448
710,Glenna,Rossander,grossanderjp@sun.com,Female,Ireland,-9.0288689,53.2737147
711,Elijah,Medley,emedleyjq@nba.com,Male,Ireland,-7.9428197,53.4231032
712,Antonietta,Loft,aloftjr@smugmug.com,Female,Ireland,-7.9428197,53.4231032
713,Zebulen,Hutchison,zhutchisonjs@ezinearticles.com,Male,Ireland,-9.0248232,53.2760162
714,Bruno,Waldie,bwaldiejt@slashdot.org,Male,Ireland,-7.269174,55.0650892
715,Barn,Shercliff,bshercliffju@amazon.com,Agender,Ireland,-7.518792,53.284466
716,Wilfred,Gairdner,wgairdnerjv@dmoz.org,Male,Ireland,-8.6340751,52.6638144
717,Barnabe,Josuweit,bjosuweitjw@cornell.edu,Male,Ireland,-8.4523258,51.880525
718,Aldwin,Bogaert,abogaertjx@europa.eu,Male,Ireland,-9.0288689,53.2737147
719,Magdalena,Jambrozek,mjambrozekjy@vimeo.com,Female,Ireland,-6.2387374,53.3141205
720,Jessamyn,Bandt,jbandtjz@whitehouse.gov,Genderfluid,Ireland,-6.3048641,53.3284298
721,Iago,Pitkins,ipitkinsk0@ustream.tv,Male,Ireland,-6.1136478,53.2121335
722,Angelika,Senecaux,asenecauxk1@army.mil,Female,Ireland,-6.6633404,53.2492381
723,Gregorius,Jorn,gjornk2@google.com.au,Male,Ireland,-8.9791425,52.8638391
724,Jacquenetta,Rutherforth,jrutherforthk3@unc.edu,Female,Ireland,-6.3049392,53.3021194
725,Travus,Shafier,tshafierk4@mysql.com,Male,Ireland,-6.133718,53.291512
726,Addi,Lambert-Ciorwyn,alambertciorwynk5@linkedin.com,Polygender,Ireland,-8.9342111,52.182304
727,Faina,Wickett,fwickettk6@homestead.com,Female,Ireland,-6.313755,53.366736
728,Andreas,Cramond,acramondk7@ifeng.com,Male,Ireland,-9.268589,51.549106
729,Toiboid,Tennewell,ttennewellk8@ihg.com,Male,Ireland,-8.8950821,52.7604883
730,Korey,Haselwood,khaselwoodk9@google.co.uk,Male,Ireland,-6.5924609,53.2482376
731,Bondie,Sandison,bsandisonka@indiegogo.com,Male,Ireland,-8.9791425,52.8638391
732,Maryjane,Cockitt,mcockittkb@eventbrite.com,Female,Ireland,-8.334953,51.8610022
733,Dennet,McFadzean,dmcfadzeankc@sciencedirect.com,Male,Ireland,-8.1722002,54.3051891
734,Krystle,Eveleigh,keveleighkd@walmart.com,Female,Ireland,-6.1979853,53.3046353
735,Bjorn,Reolfo,breolfoke@nba.com,Male,Ireland,-6.1822287,53.3788495
736,Leese,Ramalhete,lramalhetekf@latimes.com,Female,Ireland,-8.4977746,51.8895954
737,Jarid,Papen,jpapenkg@huffingtonpost.com,Male,Ireland,-6.67045,53.213319
738,Marilee,Napolitano,mnapolitanokh@wikipedia.org,Polygender,Ireland,-6.9858993,53.0018699
739,Harold,MacDonell,hmacdonellki@google.com.br,Male,Ireland,-6.391149,53.8996586
740,Candra,Hemshall,chemshallkj@hao123.com,Female,Ireland,-6.163027,53.2339841
741,Casey,Prestidge,cprestidgekk@hubpages.com,Female,Ireland,-8.5369154,52.6681994
742,Ofella,McClelland,omcclellandkl@angelfire.com,Female,Ireland,-9.0197835,53.2736466
743,Konstanze,Volet,kvoletkm@4shared.com,Female,Ireland,-6.2890702,53.3201497
744,Illa,Richen,irichenkn@weather.com,Female,Ireland,-8.9775014,52.8314927
745,Jimmy,Wolffers,jwolffersko@macromedia.com,Male,Ireland,-7.7655701,53.5650926
746,Crissy,Buckney,cbuckneykp@wiley.com,Female,Ireland,-6.264963,53.3897152
747,Caitrin,Mohring,cmohringkq@archive.org,Female,Ireland,-8.4627451,54.25645
748,Kean,Choppen,kchoppenkr@samsung.com,Male,Ireland,-7.2979911,53.6785169
749,Ellary,De Lascy,edelascyks@imageshack.us,Male,Ireland,-6.336393,53.3122864
750,Willard,Vicary,wvicarykt@opensource.org,Male,Ireland,-6.2057463,53.3870149
751,Mata,Shenton,mshentonku@bbc.co.uk,Male,Ireland,-8.259128,51.908209
752,Alyda,Marc,amarckv@newsvine.com,Female,Ireland,-7.0833118,52.2413206
753,Maryjo,Gladbach,mgladbachkw@boston.com,Female,Ireland,-6.5028415,53.3806398
754,Dore,Kobiela,dkobielakx@businessweek.com,Male,Ireland,-6.2554371,53.2767301
755,Lilas,Cunnell,lcunnellky@shinystat.com,Female,Ireland,-6.5853664,53.378253
756,Magnum,Geeve,mgeevekz@skype.com,Male,Ireland,-8.8562835,53.510243
757,Rem,Bernier,rbernierl0@ebay.co.uk,Male,Ireland,-6.391149,53.8996586
758,Broderic,Denekamp,bdenekampl1@toplist.cz,Non-binary,Ireland,-8.5946591,54.632283
759,Stephanus,Merredy,smerredyl2@cyberchimps.com,Male,Ireland,-7.0472382,52.9480781
760,Inglis,Rigbye,irigbyel3@cisco.com,Male,Ireland,-8.489012,51.923707
761,Violante,Jumel,vjumell4@cbsnews.com,Agender,Ireland,-6.2611953,53.3881832
762,Corabelle,Simonou,csimonoul5@skyrock.com,Female,Ireland,-7.74208,54.70972
763,Griffy,Carlan,gcarlanl6@alexa.com,Male,Ireland,-6.313755,53.366736
764,Ferd,Abbiss,fabbissl7@aol.com,Male,Ireland,-6.3219759,53.2976886
765,Roda,Marshal,rmarshall8@istockphoto.com,Female,Ireland,-6.67045,53.213319
766,Nanette,Petters,npettersl9@icq.com,Female,Ireland,-8.3929404,51.8113447
767,Euell,Camillo,ecamillola@latimes.com,Male,Ireland,-6.133718,53.291512
768,Pasquale,Pawelek,ppaweleklb@gmpg.org,Male,Ireland,-6.67045,53.213319
769,Marieann,Aguirre,maguirrelc@ovh.net,Female,Ireland,-8.5369154,52.6681994
770,Georgianne,Parrot,gparrotld@tinyurl.com,Female,Ireland,-8.5369154,52.6681994
771,Nerita,Puckham,npuckhamle@csmonitor.com,Female,Ireland,-6.2892907,53.310122
772,Les,Heijnen,lheijnenlf@go.com,Male,Ireland,-9.151825,54.11215
773,Vernon,Laugheran,vlaugheranlg@gizmodo.com,Male,Ireland,-7.74208,54.70972
774,Madlen,Rubinsztein,mrubinszteinlh@ft.com,Female,Ireland,-6.5899765,52.176031
775,Ogden,Westfield,owestfieldli@arizona.edu,Male,Ireland,-7.2979911,53.6785169
776,Zarah,Gerren,zgerrenlj@unicef.org,Female,Ireland,-9.448724,51.680591
777,Brigham,Cansfield,bcansfieldlk@gov.uk,Male,Ireland,-6.1535181,53.5220275
778,Hinze,Lindholm,hlindholmll@cocolog-nifty.com,Male,Ireland,-8.298942,51.848898
779,Saleem,Wark,swarklm@etsy.com,Male,Ireland,-6.1920933,53.3916434
780,Trace,Lilie,tlilieln@webs.com,Male,Ireland,-6.2508196,53.2866372
781,Giusto,Ivanyutin,givanyutinlo@wired.com,Male,Ireland,-6.2611953,53.3881832
782,Kellen,Noot,knootlp@blogtalkradio.com,Male,Ireland,-9.0197835,53.2736466
783,Elsbeth,Yann,eyannlq@uiuc.edu,Female,Ireland,-7.74208,54.70972
784,Johnathan,Tapping,jtappinglr@clickbank.net,Male,Ireland,-9.448724,51.680591
785,Ashley,Van Der Vlies,avandervliesls@umich.edu,Male,Ireland,-6.1097188,53.3895926
786,Kenneth,Fanshaw,kfanshawlt@walmart.com,Male,Ireland,-6.1349155,53.5834008
787,Walden,Dikels,wdikelslu@netvibes.com,Male,Ireland,-6.3828795,53.385304
788,Humbert,Pruckner,hprucknerlv@mozilla.com,Male,Ireland,-6.2611953,53.3881832
789,Giana,Godard,ggodardlw@cam.ac.uk,Agender,Ireland,-7.9139891,53.0949398
790,Fidel,Gallichiccio,fgallichicciolx@chronoengine.com,Male,Ireland,-6.6633404,53.2492381
791,Alfred,Westnedge,awestnedgely@sciencedirect.com,Male,Ireland,-8.958931,51.904635
792,Donica,Gladhill,dgladhilllz@nationalgeographic.com,Female,Ireland,-7.269174,55.0650892
793,Milicent,Masurel,mmasurelm0@netvibes.com,Female,Ireland,-8.489012,51.923707
794,Sonia,Thurnham,sthurnhamm1@ameblo.jp,Female,Ireland,-8.489012,51.923707
795,Paolo,Scotcher,pscotcherm2@mail.ru,Agender,Ireland,-7.269174,55.0650892
796,Kellby,Goldup,kgoldupm3@shinystat.com,Genderfluid,Ireland,-9.0197835,53.2736466
797,Friedrick,Clynter,fclynterm4@webs.com,Male,Ireland,-6.3025448,53.6920618
798,Obediah,Stoker,ostokerm5@printfriendly.com,Male,Ireland,-8.9775014,52.8314927
799,Kattie,Godmer,kgodmerm6@studiopress.com,Female,Ireland,-6.308522,52.665267
800,Giavani,Evitts,gevittsm7@msu.edu,Male,Ireland,-8.4523258,51.880525
801,Bronnie,Critten,bcrittenm8@walmart.com,Male,Ireland,-8.9775014,52.8314927
802,Alard,Stainfield,astainfieldm9@wp.com,Male,Ireland,-7.2584,52.655184
803,Jesse,Seppey,jseppeyma@oaic.gov.au,Female,Ireland,-7.297914,54.026345
804,Agretha,Poles,apolesmb@icq.com,Female,Ireland,-6.2429997,53.7902634
805,Fifine,Abramowitz,fabramowitzmc@webs.com,Female,Ireland,-6.1603828,53.2599034
806,Audrie,Wayt,awaytmd@youtube.com,Genderqueer,Ireland,-8.9791425,52.8638391
807,Ellery,Kitley,ekitleyme@shutterfly.com,Male,Ireland,-8.4627451,54.25645
808,Isabel,Bignold,ibignoldmf@mit.edu,Female,Ireland,-7.1111732,52.2513095
809,Dusty,Rudman,drudmanmg@eepurl.com,Female,Ireland,-6.124065,53.231395
810,Gerek,Potteridge,gpotteridgemh@state.tx.us,Male,Ireland,-6.3219759,53.2976886
811,Tracy,Hurring,thurringmi@hp.com,Male,Ireland,-7.1297243,52.2509369
812,Shandee,Fullman,sfullmanmj@cornell.edu,Polygender,Ireland,-8.5047067,51.8830697
813,Suzanna,Mably,smablymk@flavors.me,Female,Ireland,-8.445614,51.8885086
814,Genni,Henworth,ghenworthml@go.com,Female,Ireland,-8.5369154,52.6681994
815,Ive,Klageman,iklagemanmm@discovery.com,Male,Ireland,-6.590926,53.1936864
816,Allx,Stratley,astratleymn@admin.ch,Female,Ireland,-6.1884248,53.5879156
817,Putnem,Adderson,paddersonmo@salon.com,Male,Ireland,-9.159604,53.302644
818,Johannah,Devonshire,jdevonshiremp@naver.com,Female,Ireland,-8.9791425,52.8638391
819,Galvin,Wraxall,gwraxallmq@fotki.com,Male,Ireland,-6.124065,53.231395
820,Jules,Frany,jfranymr@myspace.com,Male,Ireland,-6.1136478,53.2121335
821,Leesa,Calbaithe,lcalbaithems@businesswire.com,Female,Ireland,-9.159604,53.302644
822,Joelly,O'Fihillie,jofihilliemt@spotify.com,Female,Ireland,-9.448724,51.680591
823,Stacey,Housbie,shousbiemu@google.nl,Female,Ireland,-8.5176583,51.8863277
824,Glendon,Francello,gfrancellomv@usda.gov,Genderqueer,Ireland,-8.4824714,51.8862378
825,Matthiew,Sammes,msammesmw@usda.gov,Male,Ireland,-8.334953,51.8610022
826,Goldina,Entwistle,gentwistlemx@opensource.org,Female,Ireland,-8.9342111,52.182304
827,Freedman,Schenfisch,fschenfischmy@sakura.ne.jp,Male,Ireland,-7.086877,53.8363325
828,Ingrim,Orro,iorromz@jigsy.com,Male,Ireland,-8.4824714,51.8862378
829,Georgina,Schanke,gschanken0@cocolog-nifty.com,Female,Ireland,-7.2979911,53.6785169
830,Leif,Bootes,lbootesn1@ycombinator.com,Male,Ireland,-7.1111732,52.2513095
831,Madelin,Sailes,msailesn2@moonfruit.com,Female,Ireland,-6.2152673,53.3323703
832,Leighton,Pittoli,lpittolin3@canalblog.com,Male,Ireland,-7.8434254,51.949401
833,Egbert,Gumby,egumbyn4@bloomberg.com,Male,Ireland,-6.218069,53.374266
834,Hedvige,McHardy,hmchardyn5@ucoz.ru,Female,Ireland,-7.74208,54.70972
835,Clara,Ceely,cceelyn6@lycos.com,Female,Ireland,-8.259128,51.908209
836,Arty,Kleinhandler,akleinhandlern7@opensource.org,Male,Ireland,-6.133718,53.291512
837,Babbette,Carnelley,bcarnelleyn8@answers.com,Female,Ireland,-6.2429997,53.7902634
838,Kirstyn,Fearney,kfearneyn9@accuweather.com,Female,Ireland,-6.2340942,53.2993199
839,Romain,Dunsford,rdunsfordna@printfriendly.com,Male,Ireland,-6.2890702,53.3201497
840,Ruy,Grimshaw,rgrimshawnb@comcast.net,Male,Ireland,-9.448724,51.680591
841,Faythe,MacMickan,fmacmickannc@amazonaws.com,Female,Ireland,-8.8950821,52.7604883
842,Huntlee,Wolver,hwolvernd@macromedia.com,Male,Ireland,-6.1603828,53.2599034
843,Dulci,Withams,dwithamsne@elegantthemes.com,Genderfluid,Ireland,-7.0472382,52.9480781
844,Kenneth,Harriott,kharriottnf@fotki.com,Male,Ireland,-6.163027,53.2339841
845,Nettle,Vanderplas,nvanderplasng@walmart.com,Non-binary,Ireland,-6.3048641,53.3284298
846,Sebastien,Endon,sendonnh@ycombinator.com,Male,Ireland,-6.1215213,53.2724538
847,Clayton,Girth,cgirthni@washington.edu,Non-binary,Ireland,-6.2633149,53.377533
848,Ottilie,Wurz,owurznj@un.org,Female,Ireland,-8.6340751,52.6638144
849,Josephina,McPherson,jmcphersonnk@dropbox.com,Female,Ireland,-9.1097137,53.2582868
850,Weber,Edwicke,wedwickenl@pbs.org,Male,Ireland,-6.2554371,53.2767301
851,Tiffanie,Gaenor,tgaenornm@ycombinator.com,Bigender,Ireland,-8.8562835,53.510243
852,Mic,Clemenzi,mclemenzinn@ucoz.ru,Male,Ireland,-6.3695384,53.3734053
853,Stuart,Kropach,skropachno@cornell.edu,Male,Ireland,-80.7087609,35.7797381
854,Whitney,Shuttle,wshuttlenp@ox.ac.uk,Male,Ireland,-8.3545704,52.5593605
855,Bathsheba,Birtles,bbirtlesnq@google.es,Female,Ireland,-6.124065,53.231395
856,Jermaine,Catcheside,jcatchesidenr@toplist.cz,Male,Ireland,-6.6633404,53.2492381
857,Cleavland,Antoniewicz,cantoniewiczns@go.com,Male,Ireland,-8.5047067,51.8830697
858,Huntley,Phebee,hphebeent@privacy.gov.au,Genderqueer,Ireland,-6.391149,53.8996586
859,Eloise,Glanvill,eglanvillnu@columbia.edu,Female,Ireland,-8.6340751,52.6638144
860,Robbin,Grinston,rgrinstonnv@last.fm,Female,Ireland,-7.0833118,52.2413206
861,Davin,Stanesby,dstanesbynw@networksolutions.com,Male,Ireland,-6.2324705,53.3177535
862,Van,Batty,vbattynx@paypal.com,Female,Ireland,-8.1722173,51.9138694
863,Lionello,Paddison,lpaddisonny@jigsy.com,Male,Ireland,-6.1822287,53.3788495
864,Cordell,Mapples,cmapplesnz@amazon.de,Male,Ireland,-6.266734,53.3829319
865,Paulina,McGonnell,pmcgonnello0@toplist.cz,Female,Ireland,-6.2398782,53.32112
866,Elsbeth,Courage,ecourageo1@oracle.com,Female,Ireland,-7.2314132,54.1794814
867,Leslie,Pryde,lprydeo2@pbs.org,Male,Ireland,-7.145971,53.508326
868,Timoteo,Simmonds,tsimmondso3@intel.com,Male,Ireland,-9.4904891,52.6396679
869,Adelaida,Mattosoff,amattosoffo4@dmoz.org,Female,Ireland,-7.5011999,53.776647
870,Boote,Becom,bbecomo5@opensource.org,Male,Ireland,-6.1535181,53.5220275
871,Christal,Churching,cchurchingo6@free.fr,Female,Ireland,-6.0690645,53.1257486
872,Shaina,Jurzyk,sjurzyko7@clickbank.net,Female,Ireland,-6.2152673,53.3323703
873,Benni,Cranfield,bcranfieldo8@google.ca,Female,Ireland,-9.0248232,53.2760162
874,Elianora,Ricards,ericardso9@alexa.com,Genderfluid,Ireland,-8.9949917,53.8533151
875,Corbin,Bazoche,cbazocheoa@blog.com,Male,Ireland,-6.1942058,53.3604483
876,Simonne,Fillimore,sfillimoreob@slideshare.net,Female,Ireland,-6.1191333,53.1915379
877,Gilly,Hullock,ghullockoc@bbc.co.uk,Female,Ireland,-6.3048641,53.3284298
878,Ileana,Allchin,iallchinod@archive.org,Female,Ireland,-7.1297243,52.2509369
879,Kaitlyn,Maiklem,kmaiklemoe@surveymonkey.com,Agender,Ireland,-8.05,51.9166667
880,Trenton,Shepheard,tshepheardof@photobucket.com,Male,Ireland,-8.9706844,52.6004448
881,Pen,Ettritch,pettritchog@about.me,Female,Ireland,-7.7655701,53.5650926
882,Land,Jacqueminet,ljacqueminetoh@businessinsider.com,Agender,Ireland,-8.83565,53.49417
883,Ingunna,Eddisford,ieddisfordoi@cpanel.net,Female,Ireland,-7.8434254,51.949401
884,Cornela,Rivallant,crivallantoj@whitehouse.gov,Female,Ireland,-7.8004329,53.7283566
885,Brita,Scritch,bscritchok@sun.com,Female,Ireland,-9.159604,53.302644
886,Rozella,Blenkhorn,rblenkhornol@un.org,Female,Ireland,-9.7359765,54.1433253
887,Reider,Remmer,rremmerom@goo.gl,Genderfluid,Ireland,-6.4671298,53.5050031
888,Shelley,Mildner,smildneron@omniture.com,Female,Ireland,-6.266734,53.3829319
889,Hollie,Timothy,htimothyoo@china.com.cn,Female,Ireland,-6.2429997,53.7902634
890,Shelley,Zaniolini,szanioliniop@irs.gov,Male,Ireland,-6.1884248,53.5879156
891,Arel,Loft,aloftoq@blogs.com,Male,Ireland,-6.0704904,53.1286984
892,Nicol,Hazeltine,nhazeltineor@bbc.co.uk,Male,Ireland,-9.0197835,53.2736466
893,Cherida,Pizzie,cpizzieos@livejournal.com,Female,Ireland,-8.958931,51.904635
894,Grover,Orans,goransot@forbes.com,Male,Ireland,-6.0690645,53.1257486
895,Ogdon,Hyslop,ohyslopou@over-blog.com,Male,Ireland,-9.448724,51.680591
896,Berke,Errichi,berrichiov@psu.edu,Male,Ireland,-8.2755058,52.2627273
897,Vinnie,Harome,vharomeow@smugmug.com,Female,Ireland,-6.7449927,53.1310185
898,Jean,Peizer,jpeizerox@accuweather.com,Female,Ireland,-6.3539424,53.3666338
899,Jasmin,McClaren,jmcclarenoy@liveinternet.ru,Polygender,Ireland,-6.313755,53.366736
900,Lola,Gianolo,lgianolooz@cafepress.com,Female,Ireland,-6.1406578,53.2886387
901,Ingeberg,Doncom,idoncomp0@t.co,Female,Ireland,-7.7655701,53.5650926
902,Lemmie,Cantopher,lcantopherp1@vk.com,Male,Ireland,-6.3506335,53.2911347
903,Brooke,Hardern,bhardernp2@amazon.de,Female,Ireland,-9.7850991,52.1058991
904,Zeke,Fender,zfenderp3@hhs.gov,Male,Ireland,-7.145971,53.508326
905,Claudine,Gutch,cgutchp4@wikispaces.com,Female,Ireland,-8.4627451,54.25645
906,Bethina,Glander,bglanderp5@surveymonkey.com,Female,Ireland,-10.0320886,54.2223118
907,Garrott,Cornew,gcornewp6@ustream.tv,Male,Ireland,-7.2314132,54.1794814
908,Silvio,Ranyelld,sranyelldp7@pcworld.com,Male,Ireland,-7.7655701,53.5650926
909,Kath,Kleinert,kkleinertp8@marriott.com,Female,Ireland,-6.391149,53.8996586
910,Amalea,Cockburn,acockburnp9@dell.com,Female,Ireland,-6.1072403,53.2780047
911,Kristos,Babidge,kbabidgepa@elegantthemes.com,Male,Ireland,-6.590926,53.1936864
912,Cobbie,Greschke,cgreschkepb@fc2.com,Male,Ireland,-6.3660863,53.2874153
913,Laurens,Lamping,llampingpc@wikimedia.org,Male,Ireland,-8.2969737,53.9735591
914,Leese,Lorens,llorenspd@tmall.com,Female,Ireland,-9.1327273,53.806868
915,Hebert,Rowles,hrowlespe@house.gov,Bigender,Ireland,-8.9949917,53.8533151
916,Lorilee,De Gregoli,ldegregolipf@symantec.com,Female,Ireland,-6.4202878,54.0026343
917,Germain,Perryman,gperrymanpg@yolasite.com,Male,Ireland,-9.1115941,51.7203863
918,Berri,Cattlemull,bcattlemullph@ameblo.jp,Female,Ireland,-8.2001004,52.86326
919,Rickie,Brando,rbrandopi@aol.com,Male,Ireland,-6.2633149,53.377533
920,Olivette,Woolstenholmes,owoolstenholmespj@wikia.com,Female,Ireland,-6.1822287,53.3788495
921,Den,Maile,dmailepk@nydailynews.com,Male,Ireland,-6.163027,53.2339841
922,Birk,Longforth,blongforthpl@archive.org,Male,Ireland,-6.336393,53.3122864
923,Jaymie,Sunnex,jsunnexpm@google.com,Male,Ireland,-8.4824714,51.8862378
924,Jena,Oolahan,joolahanpn@intel.com,Genderqueer,Ireland,-6.1157412,53.2774963
925,Vincent,Cuell,vcuellpo@quantcast.com,Male,Ireland,-6.1920933,53.3916434
926,Aldous,Mearing,amearingpp@pen.io,Male,Ireland,-9.7359765,54.1433253
927,Gabriella,Karim,gkarimpq@phoca.cz,Female,Ireland,-7.606287,53.6972399
928,Tomlin,Presslie,tpressliepr@gmpg.org,Male,Ireland,-6.1822287,53.3788495
929,Joceline,Bysshe,jbyssheps@cmu.edu,Female,Ireland,-7.2979911,53.6785169
930,Fitz,Setch,fsetchpt@arstechnica.com,Male,Ireland,-6.251714,53.3169419
931,Kessia,Cazereau,kcazereaupu@webnode.com,Female,Ireland,-7.7655701,53.5650926
932,Rochester,Scriven,rscrivenpv@myspace.com,Male,Ireland,-8.2969737,53.9735591
933,Davie,Abrehart,dabrehartpw@etsy.com,Male,Ireland,-6.1011147,53.2000455
934,Emory,Larose,elarosepx@ft.com,Male,Ireland,-8.642661,52.1361219
935,Monti,Rewbottom,mrewbottompy@tumblr.com,Male,Ireland,-6.9898366,53.2265199
936,Susannah,Deyenhardt,sdeyenhardtpz@ocn.ne.jp,Agender,Ireland,-6.3539424,53.3666338
937,Werner,Saint,wsaintq0@nymag.com,Male,Ireland,-8.4824714,51.8862378
938,Gayleen,Bourgourd,gbourgourdq1@tripadvisor.com,Non-binary,Ireland,-6.2340942,53.2993199
939,Carlynn,Dymocke,cdymockeq2@home.pl,Female,Ireland,-8.2001004,52.86326
940,Neill,Rozier,nrozierq3@sina.com.cn,Male,Ireland,-6.366762,53.2987724
941,Kimmie,O' Meara,komearaq4@umn.edu,Female,Ireland,-10.0320886,54.2223118
942,Evered,Bellini,ebelliniq5@engadget.com,Male,Ireland,-6.391149,53.8996586
943,Timmy,Jagels,tjagelsq6@bandcamp.com,Female,Ireland,-7.0943023,54.2694844
944,Grace,Aharoni,gaharoniq7@stanford.edu,Male,Ireland,-6.313755,53.366736
945,Maxim,Kerrod,mkerrodq8@360.cn,Male,Ireland,-6.1011147,53.2000455
946,Kendre,Conahy,kconahyq9@chicagotribune.com,Female,Ireland,-6.4496384,53.3582341
947,Jarvis,Grassi,jgrassiqa@seattletimes.com,Male,Ireland,-8.2755058,52.2627273
948,Terra,De Pietri,tdepietriqb@nsw.gov.au,Female,Ireland,-8.8950821,52.7604883
949,Ellissa,Shackleford,eshacklefordqc@csmonitor.com,Female,Ireland,-8.2215941,53.0917381
950,Nappy,Darwent,ndarwentqd@delicious.com,Male,Ireland,-7.0472382,52.9480781
951,Cassondra,Chantree,cchantreeqe@merriam-webster.com,Female,Ireland,-6.374155,53.3223974
952,James,Gilbride,jgilbrideqf@unblog.fr,Male,Ireland,-6.5028415,53.3806398
953,Ashien,Iowarch,aiowarchqg@yellowbook.com,Female,Ireland,-8.9342111,52.182304
954,Fawne,Muckian,fmuckianqh@apache.org,Female,Ireland,-6.308522,52.665267
955,Rhett,Mably,rmablyqi@imageshack.us,Bigender,Ireland,-6.1157412,53.2774963
956,Bendix,Conlon,bconlonqj@feedburner.com,Male,Ireland,-6.0690645,53.1257486
957,Stafani,Dionisetti,sdionisettiqk@mayoclinic.com,Female,Ireland,-6.1011147,53.2000455
958,Morgan,Gumbrell,mgumbrellql@timesonline.co.uk,Male,Ireland,-6.2152673,53.3323703
959,Domingo,Tale,dtaleqm@twitpic.com,Male,Ireland,-6.176659,53.4487975
960,Waverly,Whiskin,wwhiskinqn@devhub.com,Male,Ireland,-6.7515223,53.2888321
961,Tommie,Labusch,tlabuschqo@pinterest.com,Male,Ireland,-9.5003786,52.4458588
962,Etty,Blyth,eblythqp@elpais.com,Female,Ireland,-8.489012,51.923707
963,Doe,Bottjer,dbottjerqq@indiatimes.com,Female,Ireland,-6.3077823,53.3655256
964,Lorrie,Ventum,lventumqr@nbcnews.com,Female,Ireland,-8.958931,51.904635
965,Car,Vaux,cvauxqs@spiegel.de,Male,Ireland,-6.2429997,53.7902634
966,Davin,Gauthorpp,dgauthorppqt@pcworld.com,Male,Ireland,-6.4241156,53.7369009
967,Gunilla,Domange,gdomangequ@nationalgeographic.com,Female,Ireland,-6.1920933,53.3916434
968,Nickolai,Blakden,nblakdenqv@independent.co.uk,Male,Ireland,-7.0472382,52.9480781
969,Viki,Desforges,vdesforgesqw@altervista.org,Female,Ireland,-6.1191333,53.1915379
970,Sophronia,Jackett,sjackettqx@ihg.com,Female,Ireland,-8.334953,51.8610022
971,Merrie,Goodsal,mgoodsalqy@youtube.com,Female,Ireland,-7.9428197,53.4231032
972,Svend,Lodwick,slodwickqz@timesonline.co.uk,Male,Ireland,-7.888894,52.516323
973,Carr,Hrishchenko,chrishchenkor0@bbb.org,Male,Ireland,-7.297914,54.026345
974,Mendie,Binner,mbinnerr1@goo.gl,Male,Ireland,-6.2890702,53.3201497
975,Winifred,Esby,wesbyr2@apache.org,Female,Ireland,-8.642661,52.1361219
976,Terrell,Bough,tboughr3@answers.com,Male,Ireland,-8.9480659,53.940892
977,Marthena,Faveryear,mfaveryearr4@hhs.gov,Non-binary,Ireland,-7.269174,55.0650892
978,Lesley,Nuss,lnussr5@istockphoto.com,Female,Ireland,-6.1822287,53.3788495
979,Grazia,Woolmer,gwoolmerr6@ucoz.ru,Female,Ireland,-9.159604,53.302644
980,Kalina,Laughton,klaughtonr7@spiegel.de,Female,Ireland,-7.0472382,52.9480781
981,Brocky,Hayth,bhaythr8@dell.com,Male,Ireland,-6.2890702,53.3201497
982,Cornelius,Bleiman,cbleimanr9@ning.com,Male,Ireland,-6.4887534,53.3653866
983,Traver,Durling,tdurlingra@umich.edu,Polygender,Ireland,-7.1297243,52.2509369
984,Yardley,Camacho,ycamachorb@icio.us,Male,Ireland,-6.391149,53.8996586
985,Larissa,Souza,lsouzarc@google.cn,Female,Ireland,-6.6633404,53.2492381
986,Windy,McAnalley,wmcanalleyrd@blogtalkradio.com,Female,Ireland,-9.1115941,51.7203863
987,Rick,Hasnip,rhasnipre@ocn.ne.jp,Male,Ireland,-7.606287,53.6972399
988,Morse,Langley,mlangleyrf@cornell.edu,Male,Ireland,-8.259128,51.908209
989,Constantine,Aloshechkin,caloshechkinrg@seesaa.net,Male,Ireland,-6.163027,53.2339841
990,Phyllida,Carder,pcarderrh@gmpg.org,Female,Ireland,-8.4784945,51.8815586
991,Shaylyn,Lauderdale,slauderdaleri@state.tx.us,Female,Ireland,-6.124065,53.231395
992,Barris,Fassam,bfassamrj@bigcartel.com,Male,Ireland,-6.5028415,53.3806398
993,Tiffie,Kingcott,tkingcottrk@symantec.com,Female,Ireland,-8.3545704,52.5593605
994,Kamillah,Toohey,ktooheyrl@mlb.com,Female,Ireland,-8.9791425,52.8638391
995,Averil,Klais,aklaisrm@nsw.gov.au,Female,Ireland,-7.086877,53.8363325
996,Putnam,Lowless,plowlessrn@virginia.edu,Male,Ireland,-6.2057463,53.3870149
997,Micheline,O'Driscoll,modriscollro@shutterfly.com,Female,Ireland,-6.5899765,52.176031
998,Loren,Armfield,larmfieldrp@clickbank.net,Male,Ireland,-7.086877,53.8363325
999,Tove,Wolton,twoltonrq@ovh.net,Female,Ireland,-7.8004329,53.7283566
1000,Pren,Roper,properrr@stumbleupon.com,Male,Ireland,-6.1979853,53.3046353
