id,first_name,last_name,email,gender,country,city,lon,lat
1,Merl,Caush,mcaush0@buzzfeed.com,Female,Ireland,Lusk,-6.1535181,53.5220275
2,Gawain,Wortt,gwortt1@engadget.com,Male,Ireland,Stradbally,-8.5054897,52.7107501
3,Tamiko,Duckett,tduckett2@accuweather.com,Female,Ireland,Moycullen,-9.159604,53.302644
4,Ramsay,Ridgwell,rridgwell3@arizona.edu,Male,Ireland,Milltown,-7.9027266,53.4148582
5,Franky,Tolomio,ftolomio4@so-net.ne.jp,Female,Ireland,Dunleer,-8.5176583,51.8863277
6,Antonio,Gatty,agatty5@cdbaby.com,Male,Ireland,Balally,-6.5899765,52.176031
7,Worth,Camilletti,wcamilletti6@illinois.edu,Male,Ireland,Ballinroad,-7.5717688,52.1045472
8,Sheri,Cometto,scometto7@photobucket.com,Female,Ireland,Kilcullen,-8.5047067,51.8830697
9,Aylmer,Caine,acaine8@wiley.com,Polygender,Ireland,Bayside,-9.1097137,53.2582868
10,Alfi,Bradfield,abradfield9@adobe.com,Polygender,Ireland,Castlemartyr,-8.05,51.9166667
11,Jammie,Richel,jrichela@sogou.com,Female,Ireland,Kilcullen,-8.5047067,51.8830697
12,Austine,Kennady,akennadyb@nymag.com,Female,Ireland,Kingscourt,-6.2755912,53.3500473
13,Lilly,Silverthorn,lsilverthornc@psu.edu,Female,Ireland,Dunleer,-8.5176583,51.8863277
14,Dalton,Flynn,dflynnd@google.es,Male,Ireland,Belmullet,-10.0320886,54.2223118
15,Michele,Dumbellow,mdumbellowe@time.com,Polygender,Ireland,Charlesland,-6.0690645,53.1257486
16,Bevan,Davidou,bdavidouf@ezinearticles.com,Male,Ireland,Ratoath,-6.4671298,53.5050031
17,Dale,Gino,dginog@netlog.com,Male,Ireland,Ballivor,-6.1191333,53.1915379
18,Matelda,Leates,mleatesh@feedburner.com,Female,Ireland,Athlone,-7.9428197,53.4231032
19,Hyacinth,Heddon,hheddoni@hexun.com,Female,Ireland,Booterstown,-6.1979853,53.3046353
20,Ulla,Kerton,ukertonj@storify.com,Female,Ireland,Caherconlish,-8.3545704,52.5593605
21,Darnall,Burney,dburneyk@guardian.co.uk,Male,Ireland,Castlebridge,-6.5853664,53.378253
22,Eduard,Binestead,ebinesteadl@netscape.com,Male,Ireland,Tallaght,-6.3660863,53.2874153
23,Antonie,Cool,acoolm@about.me,Female,Ireland,Bearna,-6.2340942,53.2993199
24,Wade,Littlekit,wlittlekitn@php.net,Male,Ireland,Cork,-8.489012,51.923707
25,Madelin,Slyford,mslyfordo@linkedin.com,Female,Ireland,Carrigaline,-8.3929404,51.8113447
26,Lydia,Flaubert,lflaubertp@trellian.com,Female,Ireland,Sandymount,-6.2152673,53.3323703
27,Tybi,Halbard,thalbardq@stanford.edu,Female,Ireland,Ballyhaunis,-8.7683674,53.7942932
28,Andria,Waddie,awaddier@jigsy.com,Female,Ireland,Naas,-6.67045,53.213319
29,Lombard,Schutter,lschutters@w3.org,Polygender,Ireland,Balrothery,-6.1884248,53.5879156
30,Danell,Yann,dyannt@jiathis.com,Female,Ireland,Ballyhaunis,-8.7683674,53.7942932
31,Harper,Stevani,hstevaniu@yandex.ru,Male,Ireland,Aughrim,-6.366762,53.2987724
32,Chadwick,Sommerton,csommertonv@hatena.ne.jp,Male,Ireland,Prosperous,-6.7515223,53.2888321
33,Lorens,Oakland,loaklandw@wp.com,Male,Ireland,Kingscourt,-6.2755912,53.3500473
34,Prescott,Otham,pothamx@vimeo.com,Male,Ireland,Tuam,-8.83565,53.49417
35,Darill,Inott,dinotty@networksolutions.com,Male,Ireland,Leixlip,-6.4887534,53.3653866
36,Claybourne,D'Antonio,cdantonioz@fema.gov,Male,Ireland,Cill Airne,-6.2890702,53.3201497
37,Ferdinand,Rutherforth,frutherforth10@thetimes.co.uk,Male,Ireland,Sandyford,-6.3422325,53.719155
38,Hedi,Pitchford,hpitchford11@sohu.com,Female,Ireland,Claremorris,-8.334953,51.8610022
39,Nathaniel,Civitillo,ncivitillo12@google.co.jp,Agender,Ireland,Longwood,-6.2892907,53.310122
40,Kore,Duxfield,kduxfield13@discovery.com,Female,Ireland,Belmullet,-10.0320886,54.2223118
41,Vevay,Mabee,vmabee14@slashdot.org,Female,Ireland,Mullagh,-8.4977746,51.8895954
42,Susanetta,Summerton,ssummerton15@microsoft.com,Female,Ireland,Tullyallen,-6.4241156,53.7369009
43,Livvyy,Teffrey,lteffrey16@cdbaby.com,Female,Ireland,Old Kilcullen,-6.7449927,53.1310185
44,Ban,Sunner,bsunner17@sakura.ne.jp,Male,Ireland,Annacotty,-8.5369154,52.6681994
45,Sallie,Riley,sriley18@nba.com,Female,Ireland,Swords,-6.2071246,53.4562426
46,Anthony,Hodgins,ahodgins19@dell.com,Male,Ireland,Kinsale,-6.251714,53.3169419
47,Murvyn,Fairham,mfairham1a@twitter.com,Male,Ireland,Lusk,-6.1535181,53.5220275
48,Atlante,Loudon,aloudon1b@ucoz.com,Female,Ireland,Youghal,-7.8434254,51.949401
49,Saxon,Le Marquis,slemarquis1c@woothemes.com,Male,Ireland,Tralee,-7.0833118,52.2413206
50,Cash,Stede,cstede1d@drupal.org,Male,Ireland,Dungloe,-6.3695384,53.3734053
51,Jeanette,Ottam,jottam1e@simplemachines.org,Non-binary,Ireland,Askeaton,-8.9706844,52.6004448
52,Abbie,Kopman,akopman1f@sphinn.com,Male,Ireland,Cork,-8.489012,51.923707
53,Adrienne,Mathiot,amathiot1g@slashdot.org,Female,Ireland,Dalkey,-6.1072403,53.2780047
54,Jacinda,Pervew,jpervew1h@state.gov,Female,Ireland,Blessington,-8.5111664,51.8858819
55,Evangelina,Handrek,ehandrek1i@ucla.edu,Female,Ireland,Clones,-7.2314132,54.1794814
56,Jelene,Reignould,jreignould1j@prnewswire.com,Female,Ireland,Ashford,-6.3828795,53.385304
57,Barnebas,Scraggs,bscraggs1k@cam.ac.uk,Male,Ireland,Kinnegad,-9.1327273,53.806868
58,Tracy,Blaschke,tblaschke1l@umich.edu,Female,Ireland,Kill,-6.5924609,53.2482376
59,Elysha,Faull,efaull1m@dedecms.com,Female,Ireland,Oranmore,-9.7359765,54.1433253
60,Ryley,Cowlam,rcowlam1n@umich.edu,Polygender,Ireland,Loughrea,-6.3506335,53.2911347
61,Ellerey,Paddeley,epaddeley1o@psu.edu,Male,Ireland,Daingean,-7.1297243,52.2509369
62,Ailey,Fetterplace,afetterplace1p@cbslocal.com,Female,Ireland,Beaumont,-6.2057463,53.3870149
63,Archie,Crossingham,acrossingham1q@dropbox.com,Male,Ireland,Monaghan,-7.0943023,54.2694844
64,Giacomo,Martinho,gmartinho1r@cbslocal.com,Male,Ireland,Raheny,-6.1820563,53.3786861
65,Mimi,MacAlaster,mmacalaster1s@clickbank.net,Female,Ireland,Birr,-7.9139891,53.0949398
66,Towney,Sydry,tsydry1t@psu.edu,Male,Ireland,Cill Airne,-6.2890702,53.3201497
67,Marlyn,D'Hooge,mdhooge1u@cocolog-nifty.com,Female,Ireland,Claremorris,-8.334953,51.8610022
68,Sherwood,Pizzey,spizzey1v@slideshare.net,Male,Ireland,Tralee,-7.0833118,52.2413206
69,Halsy,Harcarse,hharcarse1w@nbcnews.com,Genderfluid,Ireland,Dromiskin,-6.4008792,53.9215606
70,Elfie,Risdall,erisdall1x@a8.net,Female,Ireland,Askeaton,-8.9706844,52.6004448
71,Christoper,Kilgour,ckilgour1y@who.int,Male,Ireland,Youghal,-7.8434254,51.949401
72,Kimberli,Scolts,kscolts1z@webs.com,Genderqueer,Ireland,Aghada,-8.4627451,54.25645
73,Normy,Sturley,nsturley20@aboutads.info,Male,Ireland,Monkstown,-8.9775014,52.8314927
74,Katee,Attenbrough,kattenbrough21@prnewswire.com,Female,Ireland,Newmarket on Fergus,-8.8950821,52.7604883
75,Lizzy,Hamp,lhamp22@domainmarket.com,Female,Ireland,Trá Mhór,-9.0197835,53.2736466
76,Diane,Hartas,dhartas23@webmd.com,Female,Ireland,Dunlewy,-6.1157412,53.2774963
77,Ingar,Stegell,istegell24@walmart.com,Male,Ireland,Dunlewy,-6.1157412,53.2774963
78,Alfons,O'Flaherty,aoflaherty25@netlog.com,Male,Ireland,Clonskeagh,-6.2387374,53.3141205
79,Jerrie,Truluck,jtruluck26@columbia.edu,Female,Ireland,Athlone,-7.9428197,53.4231032
80,Raine,Pauling,rpauling27@bandcamp.com,Female,Ireland,Ballyjamesduff,-7.086877,53.8363325
81,Ingrid,MacAulay,imacaulay28@eepurl.com,Genderfluid,Ireland,Blessington,-8.5111664,51.8858819
82,Felita,Zappel,fzappel29@over-blog.com,Female,Ireland,Navan,-6.313755,53.366736
83,Dick,Tyrwhitt,dtyrwhitt2a@blogs.com,Male,Ireland,Bagenalstown,-6.9692181,52.7009338
84,Roselin,Stock,rstock2b@1688.com,Female,Ireland,Ardee,-8.4784945,51.8815586
85,Willey,Henrych,whenrych2c@blogspot.com,Male,Ireland,Castlepollard,-7.2979911,53.6785169
86,Daniela,Eltune,deltune2d@ucoz.com,Female,Ireland,Mallow,-8.642661,52.1361219
87,Lura,Nice,lnice2e@devhub.com,Female,Ireland,Aughrim,-6.366762,53.2987724
88,Myrtie,Brideaux,mbrideaux2f@addtoany.com,Female,Ireland,Oughterard,-6.1406578,53.2886387
89,Broderic,Byrd,bbyrd2g@sun.com,Male,Ireland,Dundrum,-6.2508196,53.2866372
90,Aeriell,Stag,astag2h@wisc.edu,Female,Ireland,Raphoe,-8.2755058,52.2627273
91,Claudie,Bartlet,cbartlet2i@cdc.gov,Female,Ireland,Dunlewy,-6.1157412,53.2774963
92,Dell,Gerrell,dgerrell2j@virginia.edu,Genderfluid,Ireland,Coolock,-6.1920933,53.3916434
93,Ingeberg,Margerrison,imargerrison2k@mit.edu,Female,Ireland,Ballymun,-6.264963,53.3897152
94,Lyndel,Boshell,lboshell2l@chicagotribune.com,Female,Ireland,Eadestown,-6.590926,53.1936864
95,Kathy,Plenderleith,kplenderleith2m@ebay.com,Female,Ireland,Booterstown,-6.1979853,53.3046353
96,Cordie,Fuentes,cfuentes2n@alibaba.com,Male,Ireland,Crossmolina,-6.473025,54.0086093
97,Joseph,Berridge,jberridge2o@de.vu,Male,Ireland,Dungarvan,-6.1822287,53.3788495
98,Selig,Wermerling,swermerling2p@discuz.net,Male,Ireland,Macroom,-8.958931,51.904635
99,Jasper,Danton,jdanton2q@1688.com,Male,Ireland,Rathnew,-6.374155,53.3223974
100,Nancy,Brixey,nbrixey2r@unicef.org,Female,Ireland,Mullagh,-8.4977746,51.8895954
101,Arri,Shorland,ashorland2s@exblog.jp,Male,Ireland,Whitegate,-6.3539424,53.3666338
102,Caril,Cocks,ccocks2t@answers.com,Female,Ireland,Oranmore,-9.7359765,54.1433253
103,Dwayne,Weatherhogg,dweatherhogg2u@jigsy.com,Polygender,Ireland,Crumlin,-6.3048641,53.3284298
104,Cecile,Eliyahu,celiyahu2v@ca.gov,Female,Ireland,Monaghan,-7.0943023,54.2694844
105,Ammamaria,Hoggetts,ahoggetts2w@reuters.com,Female,Ireland,Portumna,-8.2215941,53.0917381
106,Josefina,Slamaker,jslamaker2x@rediff.com,Female,Ireland,Raphoe,-8.2755058,52.2627273
107,Alfredo,Sustins,asustins2y@imgur.com,Male,Ireland,Adare,-6.176659,53.4487975
108,Vivian,Olford,volford2z@51.la,Genderqueer,Ireland,Carrigaline,-8.3929404,51.8113447
109,Ottilie,Beevors,obeevors30@edublogs.org,Female,Ireland,Dungloe,-6.3695384,53.3734053
110,Modestia,Nicholl,mnicholl31@zimbio.com,Female,Ireland,Blessington,-8.5111664,51.8858819
111,Ari,Laise,alaise32@forbes.com,Male,Ireland,Prosperous,-6.7515223,53.2888321
112,Andrew,Lainge,alainge33@abc.net.au,Male,Ireland,Blessington,-8.5111664,51.8858819
113,Raff,Rugge,rrugge34@sphinn.com,Male,Ireland,Tullyallen,-6.4241156,53.7369009
114,Ingeborg,Emett,iemett35@biglobe.ne.jp,Female,Ireland,Ballinteer,-6.2554371,53.2767301
115,Ethelbert,Matteau,ematteau36@berkeley.edu,Male,Ireland,Dunlewy,-6.1157412,53.2774963
116,Peterus,De Rechter,pderechter37@tuttocitta.it,Bigender,Ireland,Naas,-6.67045,53.213319
117,Vevay,Nann,vnann38@google.pl,Female,Ireland,Dunleer,-8.5176583,51.8863277
118,Yevette,Pentland,ypentland39@utexas.edu,Female,Ireland,Bayside,-9.1097137,53.2582868
119,Wynne,Laslett,wlaslett3a@macromedia.com,Female,Ireland,Oughterard,-6.1406578,53.2886387
120,Shina,Mingasson,smingasson3b@sun.com,Female,Ireland,Piltown,-6.3025448,53.6920618
121,Pattie,Novotni,pnovotni3c@noaa.gov,Female,Ireland,Portarlington,-7.185387,53.158984
122,Dita,Callear,dcallear3d@alibaba.com,Female,Ireland,Mallow,-8.642661,52.1361219
123,Lyell,Hevner,lhevner3e@so-net.ne.jp,Male,Ireland,Charlesland,-6.0690645,53.1257486
124,Vita,Berry,vberry3f@delicious.com,Female,Ireland,Monasterevin,-7.0625888,53.1387595
125,Laird,de Chastelain,ldechastelain3g@businessinsider.com,Male,Ireland,Kiltamagh,-8.9949917,53.8533151
126,Burgess,Peppard,bpeppard3h@harvard.edu,Male,Ireland,Cluain Meala,-6.2611953,53.3881832
127,Petunia,Basham,pbasham3i@baidu.com,Female,Ireland,Crumlin,-6.3048641,53.3284298
128,Dew,Elgar,delgar3j@disqus.com,Male,Ireland,Monkstown,-8.9775014,52.8314927
129,Alexander,Janway,ajanway3k@last.fm,Male,Ireland,Kanturk,-8.9342111,52.182304
130,Clovis,Finnimore,cfinnimore3l@chicagotribune.com,Female,Ireland,Confey,-6.5028415,53.3806398
131,Sandie,Easom,seasom3m@fastcompany.com,Female,Ireland,Beaumont,-6.2057463,53.3870149
132,Veronika,Hyde-Chambers,vhydechambers3n@imdb.com,Female,Ireland,Templeogue,-6.3219759,53.2976886
133,Drucy,Cownden,dcownden3o@is.gd,Female,Ireland,Ballisodare,-8.5070436,54.2109904
134,Davidde,Loving,dloving3p@blinklist.com,Male,Ireland,Prosperous,-6.7515223,53.2888321
135,Chiquita,Drews,cdrews3q@stanford.edu,Female,Ireland,Ferbane,-8.4824714,51.8862378
136,Tabitha,MacKean,tmackean3r@homestead.com,Female,Ireland,Dunmanway,-9.1115941,51.7203863
137,Jolyn,Hillitt,jhillitt3s@feedburner.com,Polygender,Ireland,Trá Mhór,-9.0197835,53.2736466
138,Amalea,Steffans,asteffans3t@sfgate.com,Female,Ireland,Dunleer,-8.5176583,51.8863277
139,Amery,Snoad,asnoad3u@hugedomains.com,Male,Ireland,Ardee,-8.4784945,51.8815586
140,Elfrieda,Arlidge,earlidge3v@sciencedaily.com,Female,Ireland,Clondalkin,-6.4496384,53.3582341
141,Ludovico,Robilliard,lrobilliard3w@4shared.com,Non-binary,Ireland,Drumcondra,-8.445614,51.8885086
142,Martguerita,Estrella,mestrella3x@pinterest.com,Female,Ireland,Listowel,-9.4851741,52.4460804
143,Fonzie,Willers,fwillers3y@merriam-webster.com,Male,Ireland,Donnybrook,-6.2324705,53.3177535
144,Paola,Pirri,ppirri3z@bigcartel.com,Female,Ireland,Bundoran,-8.2817353,54.4771768
145,Vince,Krolak,vkrolak40@google.fr,Male,Ireland,Dalkey,-6.1072403,53.2780047
146,Hermann,Cahalan,hcahalan41@hc360.com,Male,Ireland,Enniskerry,-8.9821467,52.8498651
147,Ahmed,Witten,awitten42@1688.com,Male,Ireland,Daingean,-7.1297243,52.2509369
148,Flem,Bridgeman,fbridgeman43@deviantart.com,Male,Ireland,Boyle,-8.2969737,53.9735591
149,Malissia,Kintzel,mkintzel44@ning.com,Female,Ireland,Raheny,-6.1820563,53.3786861
150,Clementius,Carayol,ccarayol45@sitemeter.com,Male,Ireland,Ballymahon,-7.7655701,53.5650926
151,Nerita,McCurtin,nmccurtin46@github.io,Female,Ireland,Oranmore,-9.7359765,54.1433253
152,Dionisio,Crompton,dcrompton47@nymag.com,Male,Ireland,Raphoe,-8.2755058,52.2627273
153,Tricia,Rowlson,trowlson48@ocn.ne.jp,Non-binary,Ireland,Kildare,-6.9140788,53.169971
154,Barnabas,Phelips,bphelips49@cdc.gov,Male,Ireland,Youghal,-7.8434254,51.949401
155,Ange,Jakubczyk,ajakubczyk4a@latimes.com,Female,Ireland,Virginia,-6.2633149,53.377533
156,Annabel,McDonagh,amcdonagh4b@state.gov,Female,Ireland,Gorey,-6.308522,52.665267
157,Gleda,Bellord,gbellord4c@foxnews.com,Genderqueer,Ireland,Watergrasshill,-8.337871,52.0097259
158,Cristian,Dabney,cdabney4d@businesswire.com,Male,Ireland,Youghal,-7.8434254,51.949401
159,Judith,Syrett,jsyrett4e@4shared.com,Female,Ireland,Askeaton,-8.9706844,52.6004448
160,Knox,Quinsee,kquinsee4f@washington.edu,Male,Ireland,Piltown,-6.3025448,53.6920618
161,Eliza,Gollop,egollop4g@loc.gov,Female,Ireland,Confey,-6.5028415,53.3806398
162,Towny,Uridge,turidge4h@constantcontact.com,Male,Ireland,Askeaton,-8.9706844,52.6004448
163,Johna,Covolini,jcovolini4i@aboutads.info,Female,Ireland,Boyle,-8.2969737,53.9735591
164,Tadeas,Timny,ttimny4j@cafepress.com,Male,Ireland,Carrigaline,-8.3929404,51.8113447
165,Sandie,Brandenberg,sbrandenberg4k@illinois.edu,Female,Ireland,Dunleer,-8.5176583,51.8863277
166,Elfrieda,Reeds,ereeds4l@mozilla.com,Female,Ireland,Dungloe,-6.3695384,53.3734053
167,Hewitt,Sunner,hsunner4m@acquirethisname.com,Male,Ireland,Farranacoush,-8.5171384,51.876873
168,Zared,Hargate,zhargate4n@unicef.org,Male,Ireland,Killumney,-8.6340751,52.6638144
169,Hugo,Gerram,hgerram4o@china.com.cn,Male,Ireland,Whitegate,-6.3539424,53.3666338
170,Collette,Ellins,cellins4p@unc.edu,Female,Ireland,Donabate,-6.1544115,53.4855448
171,Syman,Ferdinand,sferdinand4q@nymag.com,Genderfluid,Ireland,Piltown,-6.3025448,53.6920618
172,Wildon,Huggon,whuggon4r@t.co,Male,Ireland,Monaghan,-7.0943023,54.2694844
173,Chan,Lortz,clortz4s@wufoo.com,Male,Ireland,Cobh,-8.298942,51.848898
174,Marybeth,Borsay,mborsay4t@arstechnica.com,Female,Ireland,Malahide,-6.1479779,53.450694
175,Michaeline,Ellgood,mellgood4u@si.edu,Female,Ireland,Raphoe,-8.2755058,52.2627273
176,Lane,Stopps,lstopps4v@gravatar.com,Female,Ireland,Castlebellingham,-6.391149,53.8996586
177,Tuck,Clarage,tclarage4w@dion.ne.jp,Male,Ireland,Killumney,-8.6340751,52.6638144
178,Margarethe,Millward,mmillward4x@issuu.com,Agender,Ireland,Eadestown,-6.590926,53.1936864
179,Torre,Bresson,tbresson4y@chicagotribune.com,Male,Ireland,Glasnevin,-6.266734,53.3829319
180,Phylys,Gingle,pgingle4z@wikimedia.org,Female,Ireland,Blarney,-8.8562835,53.510243
181,Gabrielle,Smeeth,gsmeeth50@zdnet.com,Female,Ireland,Charlesland,-6.0690645,53.1257486
182,Yuri,Carillo,ycarillo51@123-reg.co.uk,Male,Ireland,Castlebellingham,-6.391149,53.8996586
183,Bryce,Corker,bcorker52@adobe.com,Male,Ireland,Clifden,-10.022186,53.488087
184,Bram,Sommers,bsommers53@hp.com,Male,Ireland,Listowel,-9.4851741,52.4460804
185,Manuel,McCahey,mmccahey54@telegraph.co.uk,Genderqueer,Ireland,Kinlough,-6.1136478,53.2121335
186,Ave,Ruzicka,aruzicka55@multiply.com,Male,Ireland,Athy,-6.9858993,53.0018699
187,Monroe,Drillot,mdrillot56@amazon.co.jp,Male,Ireland,Youghal,-7.8434254,51.949401
188,Tad,Rosson,trosson57@ucsd.edu,Male,Ireland,Dublin,-6.2427004,53.3347733
189,Loren,Housin,lhousin58@edublogs.org,Male,Ireland,Ballinteer,-6.2554371,53.2767301
190,Conrad,Bulpitt,cbulpitt59@hatena.ne.jp,Male,Ireland,Dunleer,-8.5176583,51.8863277
191,Felita,Davenall,fdavenall5a@jiathis.com,Agender,Ireland,Tuam,-8.83565,53.49417
192,Bordy,Wayland,bwayland5b@rediff.com,Male,Ireland,Castlebellingham,-6.391149,53.8996586
193,Meredithe,Castaignet,mcastaignet5c@sitemeter.com,Female,Ireland,Bailieborough,-6.9711886,53.916791
194,Maxy,Lanphier,mlanphier5d@ucla.edu,Male,Ireland,Eadestown,-6.590926,53.1936864
195,Vere,Itzkovich,vitzkovich5e@uiuc.edu,Female,Ireland,Rathnew,-6.374155,53.3223974
196,Priscella,Shapland,pshapland5f@dion.ne.jp,Female,Ireland,Booterstown,-6.1979853,53.3046353
197,Mohandas,Latham,mlatham5g@whitehouse.gov,Male,Ireland,Clones,-7.2314132,54.1794814
198,Thoma,Cossum,tcossum5h@slideshare.net,Bigender,Ireland,Clonskeagh,-6.2387374,53.3141205
199,Hephzibah,Vaudin,hvaudin5i@fastcompany.com,Female,Ireland,Askeaton,-8.9706844,52.6004448
200,Ulrika,MacBain,umacbain5j@smh.com.au,Bigender,Ireland,Castleknock,-9.0248232,53.2760162
201,Krispin,Hellewell,khellewell5k@google.com,Polygender,Ireland,Bantry,-9.448724,51.680591
202,Barbara-anne,Haslehurst,bhaslehurst5l@hhs.gov,Female,Ireland,Bagenalstown,-6.9692181,52.7009338
203,Hewet,Brumble,hbrumble5m@msu.edu,Male,Ireland,Sutton,-6.1097188,53.3895926
204,Odell,Collingworth,ocollingworth5n@parallels.com,Male,Ireland,Ardee,-8.4784945,51.8815586
205,Shanon,Meader,smeader5o@mayoclinic.com,Female,Ireland,Fermoy,-9.5003786,52.4458588
206,Sibyl,Smithe,ssmithe5p@walmart.com,Male,Ireland,Midleton,-8.1722173,51.9138694
207,Welby,Clemas,wclemas5q@nsw.gov.au,Genderqueer,Ireland,Clones,-7.2314132,54.1794814
208,Abbey,Sparway,asparway5r@timesonline.co.uk,Male,Ireland,Cashel,-7.888894,52.516323
209,Perri,Beasant,pbeasant5s@biglobe.ne.jp,Polygender,Ireland,Rathdrum,-6.163027,53.2339841
210,Ardyce,Stacy,astacy5t@msn.com,Female,Ireland,Dunmanway,-9.1115941,51.7203863
211,Zora,Trood,ztrood5u@jigsy.com,Female,Ireland,Bearna,-6.2340942,53.2993199
212,Rhoda,Palke,rpalke5v@photobucket.com,Female,Ireland,Templeogue,-6.3219759,53.2976886
213,Arvy,Squelch,asquelch5w@google.ru,Male,Ireland,Raheny,-6.1820563,53.3786861
214,Glennie,Balderston,gbalderston5x@artisteer.com,Female,Ireland,Killorglin,-9.7850991,52.1058991
215,Cora,Emmens,cemmens5y@mozilla.com,Female,Ireland,Tallaght,-6.3660863,53.2874153
216,Rad,Major,rmajor5z@va.gov,Male,Ireland,Ballylinan,-7.0472382,52.9480781
217,Dominique,Behan,dbehan60@utexas.edu,Male,Ireland,Cherryville,-7.1111732,52.2513095
218,Tommie,Niblo,tniblo61@redcross.org,Female,Ireland,Granard,-7.5011999,53.776647
219,Mauricio,Ennals,mennals62@miibeian.gov.cn,Male,Ireland,Daingean,-7.1297243,52.2509369
220,Murdoch,Draayer,mdraayer63@google.pl,Male,Ireland,Crumlin,-6.3048641,53.3284298
221,Kristo,Jirusek,kjirusek64@slate.com,Male,Ireland,Virginia,-6.2633149,53.377533
222,Keslie,Wartnaby,kwartnaby65@liveinternet.ru,Female,Ireland,Ashbourne,-6.1215213,53.2724538
223,Lark,Josh,ljosh66@marketwatch.com,Female,Ireland,Castlepollard,-7.2979911,53.6785169
224,Deane,Gelletly,dgelletly67@spiegel.de,Male,Ireland,Oughterard,-6.1406578,53.2886387
225,Brinn,Junkison,bjunkison68@ibm.com,Female,Ireland,Bayside,-9.1097137,53.2582868
226,Zebulen,Mell,zmell69@hibu.com,Male,Ireland,Leixlip,-6.4887534,53.3653866
227,Hailee,Huccaby,hhuccaby6a@nps.gov,Female,Ireland,Cherryville,-7.1111732,52.2513095
228,Trenton,Lints,tlints6b@over-blog.com,Male,Ireland,Ballyboden,-6.3049392,53.3021194
229,Daryle,Mariotte,dmariotte6c@hud.gov,Male,Ireland,Tuam,-8.83565,53.49417
230,Gavan,Greenmon,ggreenmon6d@nytimes.com,Male,Ireland,Blarney,-8.8562835,53.510243
231,Minnnie,Feechan,mfeechan6e@google.it,Female,Ireland,Kinsealy-Drinan,-6.1644997,53.4266145
232,Eleen,Wait,ewait6f@naver.com,Female,Ireland,Valleymount,-6.3077823,53.3655256
233,Logan,Acome,lacome6g@state.tx.us,Male,Ireland,Kinlough,-6.1136478,53.2121335
234,Adolf,Rudkin,arudkin6h@ehow.com,Male,Ireland,Kinsale,-6.251714,53.3169419
235,Tallie,Hurne,thurne6i@ox.ac.uk,Male,Ireland,Castleknock,-9.0248232,53.2760162
236,Bobbee,Chislett,bchislett6j@myspace.com,Female,Ireland,Dunlewy,-6.1157412,53.2774963
237,Larisa,Donnan,ldonnan6k@yandex.ru,Female,Ireland,Dublin,-6.2427004,53.3347733
238,Donelle,Gepson,dgepson6l@theglobeandmail.com,Female,Ireland,Whitegate,-6.3539424,53.3666338
239,Maurits,Maher,mmaher6m@drupal.org,Male,Ireland,Sutton,-6.1097188,53.3895926
240,Sophronia,Branchflower,sbranchflower6n@cnbc.com,Female,Ireland,Mullagh,-8.4977746,51.8895954
241,Alain,Minghi,aminghi6o@tmall.com,Male,Ireland,Fermoy,-9.5003786,52.4458588
242,Langston,Willgoose,lwillgoose6p@histats.com,Male,Ireland,Malahide,-6.1479779,53.450694
243,Haleigh,Bushe,hbushe6q@msn.com,Male,Ireland,Askeaton,-8.9706844,52.6004448
244,Jaclyn,Screeton,jscreeton6r@ucoz.com,Female,Ireland,Valleymount,-6.3077823,53.3655256
245,Chet,Nelmes,cnelmes6s@ted.com,Male,Ireland,Malahide,-6.1479779,53.450694
246,Alie,McCall,amccall6t@moonfruit.com,Female,Ireland,Castlerea,-8.6346959,53.7423435
247,Lethia,De Cleen,ldecleen6u@smh.com.au,Female,Ireland,Bundoran,-8.2817353,54.4771768
248,Natka,McShirie,nmcshirie6v@economist.com,Female,Ireland,Cashel,-7.888894,52.516323
249,Marna,Welbourn,mwelbourn6w@harvard.edu,Female,Ireland,Bayside,-9.1097137,53.2582868
250,Gerhardt,Genese,ggenese6x@altervista.org,Male,Ireland,Confey,-6.5028415,53.3806398
251,Gianina,Gori,ggori6y@home.pl,Female,Ireland,Kingscourt,-6.2755912,53.3500473
252,Aristotle,Navein,anavein6z@dropbox.com,Male,Ireland,Clones,-7.2314132,54.1794814
253,Ninette,Branscomb,nbranscomb70@moonfruit.com,Female,Ireland,Dundrum,-6.2508196,53.2866372
254,Horton,Eberdt,heberdt71@hud.gov,Male,Ireland,Kinsealy-Drinan,-6.1644997,53.4266145
255,Robinia,Berrecloth,rberrecloth72@hubpages.com,Female,Ireland,Adare,-6.176659,53.4487975
256,Piotr,Millett,pmillett73@yandex.ru,Male,Ireland,Rathdrum,-6.163027,53.2339841
257,Davey,Kopps,dkopps74@apache.org,Male,Ireland,Cavan,-7.297914,54.026345
258,Yuri,Wakeford,ywakeford75@marketwatch.com,Male,Ireland,Kill,-6.5924609,53.2482376
259,Ignacio,Rothon,irothon76@abc.net.au,Male,Ireland,Donegal,-8.5946591,54.632283
260,Fred,Mordanti,fmordanti77@weather.com,Male,Ireland,Listowel,-9.4851741,52.4460804
261,Afton,Dionsetto,adionsetto78@is.gd,Female,Ireland,Balally,-6.5899765,52.176031
262,Elsie,Liston,eliston79@privacy.gov.au,Agender,Ireland,Drumcondra,-8.445614,51.8885086
263,Luis,Tribell,ltribell7a@netscape.com,Male,Ireland,Oughterard,-6.1406578,53.2886387
264,Vance,Dotson,vdotson7b@nih.gov,Male,Ireland,Askeaton,-8.9706844,52.6004448
265,Patrice,Maleham,pmaleham7c@cpanel.net,Male,Ireland,Kingscourt,-6.2755912,53.3500473
266,Lavinia,Leverton,lleverton7d@deviantart.com,Female,Ireland,Macroom,-8.958931,51.904635
267,Carlos,Pate,cpate7e@woothemes.com,Agender,Ireland,Cobh,-8.298942,51.848898
268,Kalle,Corkish,kcorkish7f@loc.gov,Genderqueer,Ireland,Clogherhead,-6.2429997,53.7902634
269,Katee,Halewood,khalewood7g@naver.com,Female,Ireland,Tuam,-8.83565,53.49417
270,Cairistiona,Ghio,cghio7h@jiathis.com,Female,Ireland,Castlebridge,-6.5853664,53.378253
271,Latrena,O'Moylane,lomoylane7i@multiply.com,Bigender,Ireland,Boyle,-8.2969737,53.9735591
272,Byrom,Holston,bholston7j@java.com,Male,Ireland,Drumcondra,-8.445614,51.8885086
273,Stefanie,Scotcher,sscotcher7k@bizjournals.com,Genderqueer,Ireland,Ballinroad,-7.5717688,52.1045472
274,Aaron,Beddall,abeddall7l@msu.edu,Male,Ireland,Loughrea,-6.3506335,53.2911347
275,Nev,Bauduccio,nbauduccio7m@dmoz.org,Polygender,Ireland,Rathwire,-7.145971,53.508326
276,Morse,Lamcken,mlamcken7n@yahoo.com,Male,Ireland,Dún Laoghaire,-6.133718,53.291512
277,Marieann,Nasi,mnasi7o@typepad.com,Female,Ireland,Foxrock,-6.1011147,53.2000455
278,Franklyn,Pietruschka,fpietruschka7p@free.fr,Male,Ireland,Rathangan,-6.9898366,53.2265199
279,Doug,Fearnley,dfearnley7q@paginegialle.it,Male,Ireland,Clogherhead,-6.2429997,53.7902634
280,Rolph,Guye,rguye7r@webeden.co.uk,Male,Ireland,Ballivor,-6.1191333,53.1915379
281,Cinderella,Creasy,ccreasy7s@simplemachines.org,Non-binary,Ireland,Cluain Meala,-6.2611953,53.3881832
282,Noam,Ciabatteri,nciabatteri7t@angelfire.com,Male,Ireland,Ardee,-8.4784945,51.8815586
283,Felizio,Burwell,fburwell7u@blinklist.com,Male,Ireland,Ballyjamesduff,-7.086877,53.8363325
284,Callean,Arntzen,carntzen7v@washingtonpost.com,Male,Ireland,Clondalkin,-6.4496384,53.3582341
285,Jared,Fonzo,jfonzo7w@si.edu,Male,Ireland,Cobh,-8.298942,51.848898
286,Mischa,Volette,mvolette7x@sogou.com,Male,Ireland,Cobh,-8.298942,51.848898
287,Leia,Hassur,lhassur7y@whitehouse.gov,Female,Ireland,Kiltamagh,-8.9949917,53.8533151
288,Andrew,Corradi,acorradi7z@chicagotribune.com,Male,Ireland,Manorhamilton,-8.1722002,54.3051891
289,Tammy,Tofanini,ttofanini80@unc.edu,Female,Ireland,Crossmolina,-6.473025,54.0086093
290,Tore,Vequaud,tvequaud81@timesonline.co.uk,Male,Ireland,Dundrum,-6.2508196,53.2866372
291,Iolande,Cotterill,icotterill82@wikispaces.com,Female,Ireland,Killumney,-8.6340751,52.6638144
292,Libby,O'Haire,lohaire83@spiegel.de,Genderqueer,Ireland,Ballinteer,-6.2554371,53.2767301
293,Guenevere,Hubbocks,ghubbocks84@gov.uk,Female,Ireland,Templeogue,-6.3219759,53.2976886
294,Berny,Murrish,bmurrish85@hibu.com,Female,Ireland,Old Kilcullen,-6.7449927,53.1310185
295,Suzanna,MacNish,smacnish86@whitehouse.gov,Female,Ireland,Navan,-6.313755,53.366736
296,Malvina,Cooke,mcooke87@dmoz.org,Female,Ireland,Raphoe,-8.2755058,52.2627273
297,Chelsy,Lezemere,clezemere88@google.de,Female,Ireland,Eadestown,-6.590926,53.1936864
298,Berna,Stoppard,bstoppard89@youtube.com,Female,Ireland,Youghal,-7.8434254,51.949401
299,Robina,Hellwich,rhellwich8a@bbc.co.uk,Female,Ireland,Ballinroad,-7.5717688,52.1045472
300,Pattie,Trayford,ptrayford8b@amazonaws.com,Female,Ireland,Milltown,-7.9027266,53.4148582
301,Kenneth,Magill,kmagill8c@google.co.jp,Agender,Ireland,Tower,-80.7087609,35.7797381
302,Bili,Peyto,bpeyto8d@sun.com,Female,Ireland,Skibbereen,-9.268589,51.549106
303,Boigie,Goney,bgoney8e@ezinearticles.com,Male,Ireland,Aughrim,-6.366762,53.2987724
304,Sande,Broader,sbroader8f@oracle.com,Female,Ireland,Cork,-8.489012,51.923707
305,Ulick,Wilde,uwilde8g@unesco.org,Polygender,Ireland,Kiltamagh,-8.9949917,53.8533151
306,Starlin,Crawford,scrawford8h@wikispaces.com,Female,Ireland,Askeaton,-8.9706844,52.6004448
307,Jessee,Leif,jleif8i@washingtonpost.com,Male,Ireland,Watergrasshill,-8.337871,52.0097259
308,Archibaldo,Stoddard,astoddard8j@newsvine.com,Male,Ireland,Loughrea,-6.3506335,53.2911347
309,Clotilda,Cubbinelli,ccubbinelli8k@geocities.jp,Female,Ireland,Kinsealy-Drinan,-6.1644997,53.4266145
310,Marga,Hannam,mhannam8l@prweb.com,Female,Ireland,Sandymount,-6.2152673,53.3323703
311,Garvey,Braidley,gbraidley8m@kickstarter.com,Non-binary,Ireland,Edgeworthstown,-7.606287,53.6972399
312,Jeth,Mohan,jmohan8n@jugem.jp,Male,Ireland,Dalkey,-6.1072403,53.2780047
313,Amandie,Duprey,aduprey8o@rakuten.co.jp,Female,Ireland,Birr,-7.9139891,53.0949398
314,Jamil,Whawell,jwhawell8p@wikimedia.org,Male,Ireland,Longwood,-6.2892907,53.310122
315,Renee,Keighly,rkeighly8q@twitter.com,Female,Ireland,Rathnew,-6.374155,53.3223974
316,Grove,Gilbee,ggilbee8r@disqus.com,Genderqueer,Ireland,Ballinroad,-7.5717688,52.1045472
317,Hodge,Labrom,hlabrom8s@home.pl,Male,Ireland,Carrigaline,-8.3929404,51.8113447
318,Carmel,Derrick,cderrick8t@sohu.com,Agender,Ireland,Tralee,-7.0833118,52.2413206
319,Milka,Brodway,mbrodway8u@ed.gov,Female,Ireland,Thomastown,-6.7434401,53.2229873
320,Tamiko,Bichard,tbichard8v@163.com,Polygender,Ireland,Kinsealy-Drinan,-6.1644997,53.4266145
321,Reeba,Lineker,rlineker8w@theguardian.com,Female,Ireland,Cloyne,-6.2398782,53.32112
322,Hayyim,Filde,hfilde8x@opera.com,Male,Ireland,Ballybofey,-7.74208,54.70972
323,Doralynne,Ghelarducci,dghelarducci8y@nhs.uk,Agender,Ireland,Rathwire,-7.145971,53.508326
324,Katharyn,Keems,kkeems8z@t.co,Female,Ireland,Lucan,-9.4904891,52.6396679
325,Allyce,Lippiello,alippiello90@about.me,Female,Ireland,Beaumont,-6.2057463,53.3870149
326,Daron,Rippin,drippin91@slideshare.net,Female,Ireland,Cashel,-7.888894,52.516323
327,Fernanda,Garred,fgarred92@mlb.com,Female,Ireland,Rathangan,-6.9898366,53.2265199
328,Vally,Kearley,vkearley93@sphinn.com,Female,Ireland,Listowel,-9.4851741,52.4460804
329,Caldwell,Goldring,cgoldring94@tiny.cc,Male,Ireland,Blessington,-8.5111664,51.8858819
330,Luise,De Domenicis,ldedomenicis95@redcross.org,Female,Ireland,Portumna,-8.2215941,53.0917381
331,Teirtza,Williamson,twilliamson96@scientificamerican.com,Female,Ireland,Kinsealy-Drinan,-6.1644997,53.4266145
332,Phyllys,Goneau,pgoneau97@bloglovin.com,Female,Ireland,Watergrasshill,-8.337871,52.0097259
333,Vic,Divill,vdivill98@gmpg.org,Male,Ireland,Monkstown,-8.9775014,52.8314927
334,Tamas,Valenti,tvalenti99@utexas.edu,Male,Ireland,Carrigaline,-8.3929404,51.8113447
335,Jephthah,McBratney,jmcbratney9a@forbes.com,Male,Ireland,Glasnevin,-6.266734,53.3829319
336,Berkeley,Jantzen,bjantzen9b@bandcamp.com,Male,Ireland,Whitegate,-6.3539424,53.3666338
337,Towny,Spinella,tspinella9c@ustream.tv,Male,Ireland,Donegal,-8.5946591,54.632283
338,Robinet,Anwyl,ranwyl9d@surveymonkey.com,Male,Ireland,Greenhills,-6.336393,53.3122864
339,Roanna,Heinl,rheinl9e@senate.gov,Female,Ireland,Cobh,-8.298942,51.848898
340,Erin,Margetts,emargetts9f@stumbleupon.com,Male,Ireland,Tower,-80.7087609,35.7797381
341,Simone,Wilshaw,swilshaw9g@nifty.com,Male,Ireland,Old Kilcullen,-6.7449927,53.1310185
342,Linette,Trosdall,ltrosdall9h@ucoz.ru,Female,Ireland,Clonskeagh,-6.2387374,53.3141205
343,Ferdinand,Beckwith,fbeckwith9i@squidoo.com,Male,Ireland,Donnybrook,-6.2324705,53.3177535
344,Doralynne,Nickerson,dnickerson9j@list-manage.com,Female,Ireland,Greystones,-6.0704904,53.1286984
345,Romola,Crusham,rcrusham9k@cisco.com,Female,Ireland,Clifden,-10.022186,53.488087
346,Jeddy,Boyer,jboyer9l@seesaa.net,Genderqueer,Ireland,Askeaton,-8.9706844,52.6004448
347,Kirsten,Gallally,kgallally9m@sogou.com,Female,Ireland,Kildare,-6.9140788,53.169971
348,Georgia,Cordsen,gcordsen9n@discovery.com,Female,Ireland,Newmarket on Fergus,-8.8950821,52.7604883
349,Farica,Girardengo,fgirardengo9o@google.ca,Female,Ireland,Clonskeagh,-6.2387374,53.3141205
350,Damita,Wardingley,dwardingley9p@dropbox.com,Female,Ireland,Tralee,-7.0833118,52.2413206
351,Adelind,Breydin,abreydin9q@example.com,Female,Ireland,Boyle,-8.2969737,53.9735591
352,Bernhard,Freddi,bfreddi9r@vk.com,Male,Ireland,Milltown,-7.9027266,53.4148582
353,Carlotta,Goodfellow,cgoodfellow9s@deviantart.com,Female,Ireland,Ballinroad,-7.5717688,52.1045472
354,Justen,Vina,jvina9t@github.com,Male,Ireland,Ballybofey,-7.74208,54.70972
355,Corabelle,Roles,croles9u@ted.com,Female,Ireland,Athlone,-7.9428197,53.4231032
356,Roseline,Crowth,rcrowth9v@usatoday.com,Female,Ireland,Ashford,-6.3828795,53.385304
357,Teodoro,de Castelain,tdecastelain9w@gnu.org,Male,Ireland,Askeaton,-8.9706844,52.6004448
358,Son,Rosetti,srosetti9x@reddit.com,Male,Ireland,Bayside,-9.1097137,53.2582868
359,Basilio,Lukes,blukes9y@gmpg.org,Male,Ireland,Ballymun,-6.264963,53.3897152
360,Cory,Pym,cpym9z@i2i.jp,Female,Ireland,Castlebridge,-6.5853664,53.378253
361,Edward,McCurlye,emccurlyea0@dmoz.org,Male,Ireland,Sutton,-6.1097188,53.3895926
362,Stavros,Pumphrey,spumphreya1@phpbb.com,Male,Ireland,Daingean,-7.1297243,52.2509369
363,Chelsie,Mawne,cmawnea2@simplemachines.org,Non-binary,Ireland,Thomastown,-6.7434401,53.2229873
364,Tudor,Thaine,tthainea3@networkadvertising.org,Male,Ireland,Monkstown,-8.9775014,52.8314927
365,Bentley,Rohlfs,brohlfsa4@baidu.com,Male,Ireland,Kilcullen,-8.5047067,51.8830697
366,Rafaelita,Haker,rhakera5@godaddy.com,Female,Ireland,Carrigaline,-8.3929404,51.8113447
367,Craggy,Ciccone,ccicconea6@mediafire.com,Male,Ireland,Rathnew,-6.374155,53.3223974
368,Giorgio,Ulyatt,gulyatta7@rambler.ru,Male,Ireland,Leixlip,-6.4887534,53.3653866
369,Earl,Kliement,ekliementa8@wufoo.com,Male,Ireland,Dalkey,-6.1072403,53.2780047
370,Roxi,Janek,rjaneka9@google.co.uk,Female,Ireland,Bagenalstown,-6.9692181,52.7009338
371,Norton,Kellet,nkelletaa@list-manage.com,Male,Ireland,Mullagh,-8.4977746,51.8895954
372,Anallese,Coates,acoatesab@ftc.gov,Female,Ireland,Ratoath,-6.4671298,53.5050031
373,Baron,Rayburn,brayburnac@youtu.be,Male,Ireland,Swinford,-8.9480659,53.940892
374,Dorry,Trulocke,dtrulockead@slate.com,Female,Ireland,Dublin,-6.2427004,53.3347733
375,Al,Balazot,abalazotae@moonfruit.com,Male,Ireland,Drumcondra,-8.445614,51.8885086
376,Hyacintha,Cristofano,hcristofanoaf@umn.edu,Agender,Ireland,Portumna,-8.2215941,53.0917381
377,Theresa,Medford,tmedfordag@is.gd,Female,Ireland,Manorhamilton,-8.1722002,54.3051891
378,Paige,Skamell,pskamellah@google.cn,Male,Ireland,Kinsale,-6.251714,53.3169419
379,Jackquelin,Mosdell,jmosdellai@china.com.cn,Female,Ireland,Donegal,-8.5946591,54.632283
380,Sherry,Jest,sjestaj@globo.com,Female,Ireland,Newmarket on Fergus,-8.8950821,52.7604883
381,Lauryn,Biddwell,lbiddwellak@cam.ac.uk,Female,Ireland,Sandyford,-6.3422325,53.719155
382,Frederich,Clift,fcliftal@delicious.com,Male,Ireland,Kingscourt,-6.2755912,53.3500473
383,Konstantin,Spleving,ksplevingam@archive.org,Male,Ireland,Skerries,-6.1349155,53.5834008
384,Jewel,McLeish,jmcleishan@wired.com,Female,Ireland,Donnycarney,-6.218069,53.374266
385,Waly,Flipek,wflipekao@cafepress.com,Female,Ireland,Gorey,-6.308522,52.665267
386,Gabbi,Figgures,gfigguresap@smugmug.com,Female,Ireland,Kingscourt,-6.2755912,53.3500473
387,Alanson,MacEntee,amacenteeaq@squarespace.com,Male,Ireland,Cherryville,-7.1111732,52.2513095
388,Lise,Cranton,lcrantonar@sohu.com,Female,Ireland,Listowel,-9.4851741,52.4460804
389,Talya,Priddle,tpriddleas@typepad.com,Female,Ireland,Claremorris,-8.334953,51.8610022
390,Pietrek,Niesegen,pniesegenat@paginegialle.it,Male,Ireland,Gort,-8.9791425,52.8638391
391,Riobard,Langstone,rlangstoneau@wikimedia.org,Male,Ireland,Castleblayney,-6.64937,54.10269
392,Bevan,Buggs,bbuggsav@hibu.com,Male,Ireland,Sutton,-6.1097188,53.3895926
393,Ferdinande,Treen,ftreenaw@1688.com,Female,Ireland,Listowel,-9.4851741,52.4460804
394,Rik,Stearn,rstearnax@google.com,Male,Ireland,Dublin,-6.2427004,53.3347733
395,Shell,Metzing,smetzingay@chronoengine.com,Female,Ireland,Moycullen,-9.159604,53.302644
396,Temple,Ruffey,truffeyaz@ifeng.com,Male,Ireland,Muff,-7.269174,55.0650892
397,Alphard,Brobyn,abrobynb0@dagondesign.com,Male,Ireland,Cobh,-8.298942,51.848898
398,Chester,Gallimore,cgallimoreb1@umn.edu,Male,Ireland,Kilmacanoge,-6.139018,53.171935
399,Janessa,Perillio,jperilliob2@marketwatch.com,Female,Ireland,Ardee,-8.4784945,51.8815586
400,Bobby,Izkovici,bizkovicib3@mayoclinic.com,Genderfluid,Ireland,Kinnegad,-9.1327273,53.806868
401,Alicia,Naire,anaireb4@mozilla.com,Female,Ireland,Swinford,-8.9480659,53.940892
402,Conrade,Fer,cferb5@drupal.org,Male,Ireland,Dunmanway,-9.1115941,51.7203863
403,Reuven,Loalday,rloaldayb6@blogs.com,Male,Ireland,Ballylinan,-7.0472382,52.9480781
404,Mariel,Hamflett,mhamflettb7@va.gov,Female,Ireland,Youghal,-7.8434254,51.949401
405,Efrem,Allred,eallredb8@netvibes.com,Male,Ireland,Old Kilcullen,-6.7449927,53.1310185
406,Collie,McMeyler,cmcmeylerb9@mapy.cz,Female,Ireland,Longford,-7.8004329,53.7283566
407,Brunhilde,Lacase,blacaseba@ibm.com,Female,Ireland,Castlerea,-8.6346959,53.7423435
408,Esma,Flatman,eflatmanbb@bluehost.com,Female,Ireland,Mullagh,-8.4977746,51.8895954
409,Yasmeen,Kitchinghan,ykitchinghanbc@domainmarket.com,Female,Ireland,Boyle,-8.2969737,53.9735591
410,Bear,Dingivan,bdingivanbd@jiathis.com,Non-binary,Ireland,Castleblayney,-6.64937,54.10269
411,Denny,Ragbourn,dragbournbe@wix.com,Male,Ireland,Ratoath,-6.4671298,53.5050031
412,Giralda,Scotchforth,gscotchforthbf@biblegateway.com,Female,Ireland,Booterstown,-6.1979853,53.3046353
413,Heda,Muschette,hmuschettebg@domainmarket.com,Female,Ireland,Kinlough,-6.1136478,53.2121335
414,Rockwell,Mollett,rmollettbh@redcross.org,Male,Ireland,Carrigaline,-8.3929404,51.8113447
415,Jakie,Chaters,jchatersbi@moonfruit.com,Male,Ireland,Castleknock,-9.0248232,53.2760162
416,Irma,Kernan,ikernanbj@jalbum.net,Female,Ireland,Nenagh,-8.2001004,52.86326
417,Eloisa,MacCook,emaccookbk@ustream.tv,Female,Ireland,Moville,-8.4242597,51.8910459
418,Lucretia,Wynett,lwynettbl@pinterest.com,Female,Ireland,Rathdrum,-6.163027,53.2339841
419,Hiram,Quilliam,hquilliambm@statcounter.com,Male,Ireland,Lusk,-6.1535181,53.5220275
420,Annadiana,Hayton,ahaytonbn@smugmug.com,Female,Ireland,Cherryville,-7.1111732,52.2513095
421,Carolin,Cansdall,ccansdallbo@mashable.com,Agender,Ireland,Macroom,-8.958931,51.904635
422,Gram,Erricker,gerrickerbp@comsenz.com,Male,Ireland,Bearna,-6.2340942,53.2993199
423,Denice,Tarren,dtarrenbq@reuters.com,Female,Ireland,Clones,-7.2314132,54.1794814
424,Cary,Naylor,cnaylorbr@mediafire.com,Male,Ireland,Watergrasshill,-8.337871,52.0097259
425,Dorthea,Voaden,dvoadenbs@issuu.com,Female,Ireland,Moycullen,-9.159604,53.302644
426,Fredrika,Perrigo,fperrigobt@sourceforge.net,Female,Ireland,Castlerea,-8.6346959,53.7423435
427,Almeria,Stembridge,astembridgebu@blogspot.com,Female,Ireland,Whitegate,-6.3539424,53.3666338
428,Val,Buie,vbuiebv@netlog.com,Female,Ireland,Whitegate,-6.3539424,53.3666338
429,Janene,Emlen,jemlenbw@deliciousdays.com,Female,Ireland,Kilcullen,-8.5047067,51.8830697
430,Joe,Throughton,jthroughtonbx@craigslist.org,Male,Ireland,Oranmore,-9.7359765,54.1433253
431,Shelba,Ribey,sribeyby@google.de,Female,Ireland,Dalkey,-6.1072403,53.2780047
432,Cherise,Manton,cmantonbz@xrea.com,Female,Ireland,Loughrea,-6.3506335,53.2911347
433,Belva,Heavyside,bheavysidec0@netvibes.com,Female,Ireland,Edgeworthstown,-7.606287,53.6972399
434,Toddie,Dregan,tdreganc1@icio.us,Male,Ireland,Kilmacanoge,-6.139018,53.171935
435,Zeb,Clelle,zclellec2@tinypic.com,Male,Ireland,Cabinteely,-6.1603828,53.2599034
436,Mannie,Chern,mchernc3@spiegel.de,Male,Ireland,Portumna,-8.2215941,53.0917381
437,Bing,Going,bgoingc4@about.com,Male,Ireland,Raheny,-6.1820563,53.3786861
438,Chev,Hankins,chankinsc5@virginia.edu,Male,Ireland,Tralee,-7.0833118,52.2413206
439,Shawna,Aim,saimc6@plala.or.jp,Female,Ireland,Greystones,-6.0704904,53.1286984
440,Ric,Chimes,rchimesc7@blogspot.com,Male,Ireland,Balally,-6.5899765,52.176031
441,Micheline,Fox,mfoxc8@ted.com,Non-binary,Ireland,Cork,-8.489012,51.923707
442,Eden,Fuzzey,efuzzeyc9@blogtalkradio.com,Female,Ireland,Kinsealy-Drinan,-6.1644997,53.4266145
443,Corey,Desvignes,cdesvignesca@pcworld.com,Male,Ireland,Cherryville,-7.1111732,52.2513095
444,Winne,Haly,whalycb@umich.edu,Female,Ireland,Oranmore,-9.7359765,54.1433253
445,Parnell,Hitzke,phitzkecc@jiathis.com,Male,Ireland,Gort,-8.9791425,52.8638391
446,Bastian,Chirm,bchirmcd@elpais.com,Male,Ireland,Oranmore,-9.7359765,54.1433253
447,Therese,Atlay,tatlayce@behance.net,Female,Ireland,Skerries,-6.1349155,53.5834008
448,Ranique,Hails,rhailscf@creativecommons.org,Female,Ireland,Athlone,-7.9428197,53.4231032
449,Sybil,Rohfsen,srohfsencg@blinklist.com,Female,Ireland,Athy,-6.9858993,53.0018699
450,Gayle,Treharne,gtreharnech@google.fr,Agender,Ireland,Kilmacanoge,-6.139018,53.171935
451,Daisie,Heyward,dheywardci@jigsy.com,Female,Ireland,Belmullet,-10.0320886,54.2223118
452,Bourke,Clayill,bclayillcj@goo.gl,Male,Ireland,Carrigaline,-8.3929404,51.8113447
453,Lottie,Vurley,lvurleyck@1und1.de,Female,Ireland,Arklow,-8.4523258,51.880525
454,Astra,Gross,agrosscl@e-recht24.de,Female,Ireland,Castleblayney,-6.64937,54.10269
455,Giralda,McArdle,gmcardlecm@unblog.fr,Female,Ireland,Watergrasshill,-8.337871,52.0097259
456,Egor,Measham,emeashamcn@accuweather.com,Male,Ireland,Ashbourne,-6.1215213,53.2724538
457,Karoline,Matiebe,kmatiebeco@rakuten.co.jp,Female,Ireland,Athy,-6.9858993,53.0018699
458,Micheil,Yarnall,myarnallcp@addthis.com,Male,Ireland,Charlesland,-6.0690645,53.1257486
459,Yank,Pipes,ypipescq@ft.com,Male,Ireland,Ballinteer,-6.2554371,53.2767301
460,Nicoline,Bebbell,nbebbellcr@springer.com,Female,Ireland,Monasterevin,-7.0625888,53.1387595
461,Hoyt,Chazier,hchaziercs@sciencedaily.com,Male,Ireland,Mullagh,-8.4977746,51.8895954
462,Gratia,Moorton,gmoortonct@skype.com,Female,Ireland,Naas,-6.67045,53.213319
463,Colleen,Moulster,cmoulstercu@exblog.jp,Female,Ireland,Charlesland,-6.0690645,53.1257486
464,Filberto,Prevett,fprevettcv@goodreads.com,Male,Ireland,Sandyford,-6.3422325,53.719155
465,Flo,Aldington,faldingtoncw@feedburner.com,Female,Ireland,Kinsale,-6.251714,53.3169419
466,Lucia,Lydiate,llydiatecx@vinaora.com,Female,Ireland,Bayside,-9.1097137,53.2582868
467,Niel,McRobbie,nmcrobbiecy@wunderground.com,Male,Ireland,Youghal,-7.8434254,51.949401
468,Ketty,Church,kchurchcz@tiny.cc,Female,Ireland,Tullyallen,-6.4241156,53.7369009
469,Irena,Agett,iagettd0@prweb.com,Female,Ireland,Cabinteely,-6.1603828,53.2599034
470,Kelsey,Castagnaro,kcastagnarod1@tinyurl.com,Male,Ireland,Macroom,-8.958931,51.904635
471,Giffard,Bounde,gbounded2@pinterest.com,Agender,Ireland,Greystones,-6.0704904,53.1286984
472,Theodora,Selwyn,tselwynd3@census.gov,Female,Ireland,Annacotty,-8.5369154,52.6681994
473,Elnar,Verrier,everrierd4@npr.org,Male,Ireland,Tullamore,-7.518792,53.284466
474,Rafa,Derrick,rderrickd5@sourceforge.net,Female,Ireland,Ballivor,-6.1191333,53.1915379
475,Roxana,Ell,relld6@nydailynews.com,Female,Ireland,Castlerea,-8.6346959,53.7423435
476,Zerk,McEntegart,zmcentegartd7@economist.com,Male,Ireland,Castleblayney,-6.64937,54.10269
477,Wilek,Gai,wgaid8@google.cn,Male,Ireland,Dún Laoghaire,-6.133718,53.291512
478,Barbara,Heinz,bheinzd9@imageshack.us,Female,Ireland,Clogherhead,-6.2429997,53.7902634
479,Christoffer,O'Heaney,coheaneyda@cmu.edu,Male,Ireland,Skibbereen,-9.268589,51.549106
480,Silvano,Sloley,ssloleydb@columbia.edu,Male,Ireland,Listowel,-9.4851741,52.4460804
481,Analise,Paulon,apaulondc@state.gov,Female,Ireland,Ballyhaunis,-8.7683674,53.7942932
482,Johannes,Crockford,jcrockforddd@disqus.com,Male,Ireland,Moate,-6.1942058,53.3604483
483,Priscella,Bedo,pbedode@gravatar.com,Female,Ireland,Kilkenny,-7.2584,52.655184
484,Morse,Whittock,mwhittockdf@google.nl,Male,Ireland,Bearna,-6.2340942,53.2993199
485,Spense,Gyrgorcewicx,sgyrgorcewicxdg@japanpost.jp,Agender,Ireland,Clifden,-10.022186,53.488087
486,Parrnell,Maestro,pmaestrodh@forbes.com,Male,Ireland,Prosperous,-6.7515223,53.2888321
487,Hendrika,Shirland,hshirlanddi@indiatimes.com,Female,Ireland,Valleymount,-6.3077823,53.3655256
488,Glendon,Clemintoni,gclemintonidj@comsenz.com,Male,Ireland,Portumna,-8.2215941,53.0917381
489,Sancho,Jakubovski,sjakubovskidk@theatlantic.com,Male,Ireland,Edgeworthstown,-7.606287,53.6972399
490,Alejandra,Hayle,ahayledl@mozilla.org,Female,Ireland,Oranmore,-9.7359765,54.1433253
491,Natalie,Ragsdall,nragsdalldm@wsj.com,Female,Ireland,Ballymahon,-7.7655701,53.5650926
492,Carolyn,Bartosch,cbartoschdn@phpbb.com,Female,Ireland,Blarney,-8.8562835,53.510243
493,Malva,Theurer,mtheurerdo@economist.com,Female,Ireland,Ardee,-8.4784945,51.8815586
494,Jenna,Dell Casa,jdellcasadp@irs.gov,Female,Ireland,Killumney,-8.6340751,52.6638144
495,Correna,Bouda,cboudadq@yellowpages.com,Female,Ireland,Sandyford,-6.3422325,53.719155
496,Tatiana,Goodier,tgoodierdr@google.pl,Female,Ireland,Donnybrook,-6.2324705,53.3177535
497,Katti,Robbings,krobbingsds@gizmodo.com,Female,Ireland,Arklow,-8.4523258,51.880525
498,Winnie,Felstead,wfelsteaddt@google.de,Female,Ireland,Castleblayney,-6.64937,54.10269
499,Pier,Gracewood,pgracewooddu@elpais.com,Female,Ireland,Clifden,-10.022186,53.488087
500,Colman,Grigorkin,cgrigorkindv@technorati.com,Male,Ireland,Greystones,-6.0704904,53.1286984
501,Kincaid,Camelli,kcamellidw@va.gov,Male,Ireland,Greenhills,-6.336393,53.3122864
502,Kylie,Yu,kyudx@elpais.com,Bigender,Ireland,Leixlip,-6.4887534,53.3653866
503,Cristy,Dellenbrook,cdellenbrookdy@wsj.com,Genderfluid,Ireland,Stradbally,-8.5054897,52.7107501
504,Claudie,Yanov,cyanovdz@yolasite.com,Female,Ireland,Dungarvan,-6.1822287,53.3788495
505,Barbra,Scotchforth,bscotchforthe0@com.com,Female,Ireland,Greenhills,-6.336393,53.3122864
506,Jacquetta,Yanyshev,jyanysheve1@wiley.com,Female,Ireland,Old Kilcullen,-6.7449927,53.1310185
507,Tricia,Arbuckle,tarbucklee2@soundcloud.com,Genderfluid,Ireland,Swinford,-8.9480659,53.940892
508,Barbey,Le Estut,bleestute3@pbs.org,Female,Ireland,Fairview,-6.4202878,54.0026343
509,Opalina,Seamen,oseamene4@fc2.com,Female,Ireland,Prosperous,-6.7515223,53.2888321
510,Guy,Cathesyed,gcathesyede5@ow.ly,Male,Ireland,Clondalkin,-6.4496384,53.3582341
511,Mal,Sydes,msydese6@shinystat.com,Male,Ireland,Fairview,-6.4202878,54.0026343
512,Araldo,Carlow,acarlowe7@google.com.br,Male,Ireland,Kildare,-6.9140788,53.169971
513,Katlin,Joannidi,kjoannidie8@typepad.com,Genderqueer,Ireland,Tallaght,-6.3660863,53.2874153
514,Olympie,Crookshanks,ocrookshankse9@yelp.com,Female,Ireland,Kildare,-6.9140788,53.169971
515,Ingunna,Hanselmann,ihanselmannea@behance.net,Female,Ireland,Swinford,-8.9480659,53.940892
516,Kassandra,Phair,kphaireb@seesaa.net,Female,Ireland,Rathwire,-7.145971,53.508326
517,Elga,Rubinovitch,erubinovitchec@google.ru,Female,Ireland,Prosperous,-6.7515223,53.2888321
518,Weylin,Quarrell,wquarrelled@comsenz.com,Male,Ireland,Sandyford,-6.3422325,53.719155
519,Andros,Cloutt,aclouttee@google.com,Male,Ireland,Gorey,-6.308522,52.665267
520,Devon,Mugridge,dmugridgeef@illinois.edu,Female,Ireland,Cabinteely,-6.1603828,53.2599034
521,Culver,Ricket,cricketeg@theglobeandmail.com,Male,Ireland,Valleymount,-6.3077823,53.3655256
522,Urbano,McWhorter,umcwhortereh@cmu.edu,Male,Ireland,Cill Airne,-6.2890702,53.3201497
523,Charlotta,Paulson,cpaulsonei@archive.org,Female,Ireland,Ballyjamesduff,-7.086877,53.8363325
524,Sol,Skingley,sskingleyej@yahoo.com,Male,Ireland,Castlerea,-8.6346959,53.7423435
525,Deanne,Reichhardt,dreichhardtek@msu.edu,Genderfluid,Ireland,Portarlington,-7.185387,53.158984
526,Willey,Flawn,wflawnel@exblog.jp,Male,Ireland,Stradbally,-8.5054897,52.7107501
527,Piotr,Avramov,pavramovem@goo.ne.jp,Male,Ireland,Kill,-6.5924609,53.2482376
528,Bren,Polleye,bpolleyeen@umn.edu,Agender,Ireland,Kill,-6.5924609,53.2482376
529,Vivia,Pickhaver,vpickhavereo@ox.ac.uk,Polygender,Ireland,Dunlewy,-6.1157412,53.2774963
530,Reuven,Yosifov,ryosifovep@weather.com,Male,Ireland,Kanturk,-8.9342111,52.182304
531,Gunter,Creenan,gcreenaneq@nationalgeographic.com,Male,Ireland,Dromiskin,-6.4008792,53.9215606
532,Cindee,Stoppe,cstoppeer@walmart.com,Female,Ireland,Tralee,-7.0833118,52.2413206
533,Luce,Cumbers,lcumberses@icio.us,Female,Ireland,Killorglin,-9.7850991,52.1058991
534,Piggy,Liptrod,pliptrodet@nps.gov,Male,Ireland,Ballyhaunis,-8.7683674,53.7942932
535,Gordon,Hardwell,ghardwelleu@sbwire.com,Male,Ireland,Templeogue,-6.3219759,53.2976886
536,Dallon,Frizell,dfrizellev@accuweather.com,Male,Ireland,Tralee,-7.0833118,52.2413206
537,Carrol,Blaiklock,cblaiklockew@amazon.co.uk,Male,Ireland,Dromiskin,-6.4008792,53.9215606
538,Lawton,Mulcahy,lmulcahyex@ft.com,Male,Ireland,Rathwire,-7.145971,53.508326
539,Christoph,Goatcher,cgoatcherey@cnet.com,Male,Ireland,Fermoy,-9.5003786,52.4458588
540,Parke,Torrent,ptorrentez@opensource.org,Male,Ireland,Milltown,-7.9027266,53.4148582
541,Asia,De'Ath,adeathf0@omniture.com,Female,Ireland,Castleknock,-9.0248232,53.2760162
542,Ivar,Nelles,inellesf1@reverbnation.com,Male,Ireland,Bantry,-9.448724,51.680591
543,Adah,Boykett,aboykettf2@columbia.edu,Female,Ireland,Gort,-8.9791425,52.8638391
544,Sammy,Smither,ssmitherf3@comsenz.com,Female,Ireland,Ballymun,-6.264963,53.3897152
545,Fionna,Charrette,fcharrettef4@businesswire.com,Female,Ireland,Castlerea,-8.6346959,53.7423435
546,Yelena,Ruspine,yruspinef5@ebay.co.uk,Female,Ireland,Muff,-7.269174,55.0650892
547,Cati,Illiston,cillistonf6@weebly.com,Female,Ireland,Foxrock,-6.1011147,53.2000455
548,Nikolos,Houseman,nhousemanf7@clickbank.net,Agender,Ireland,Cavan,-7.297914,54.026345
549,Olin,Laughnan,olaughnanf8@infoseek.co.jp,Polygender,Ireland,Clogherhead,-6.2429997,53.7902634
550,Benjamin,Gabits,bgabitsf9@gizmodo.com,Male,Ireland,Skerries,-6.1349155,53.5834008
551,Maryjane,Ferretti,mferrettifa@creativecommons.org,Female,Ireland,Cork,-8.489012,51.923707
552,Bordie,Tollmache,btollmachefb@bbc.co.uk,Male,Ireland,Ballymahon,-7.7655701,53.5650926
553,Leon,Shorthouse,lshorthousefc@imageshack.us,Male,Ireland,Balally,-6.5899765,52.176031
554,Merola,Macro,mmacrofd@ycombinator.com,Female,Ireland,Bagenalstown,-6.9692181,52.7009338
555,Cece,Maddison,cmaddisonfe@goo.gl,Male,Ireland,Kinnegad,-9.1327273,53.806868
556,Kacie,Brusin,kbrusinff@java.com,Female,Ireland,Castleknock,-9.0248232,53.2760162
557,Artair,Culp,aculpfg@netlog.com,Male,Ireland,Sandymount,-6.2152673,53.3323703
558,Guglielmo,Noad,gnoadfh@paypal.com,Male,Ireland,Dunlewy,-6.1157412,53.2774963
559,Arlen,Landes,alandesfi@list-manage.com,Male,Ireland,Dunleer,-8.5176583,51.8863277
560,Flossy,Formilli,fformillifj@chron.com,Female,Ireland,Confey,-6.5028415,53.3806398
561,Katrinka,Blacklock,kblacklockfk@gnu.org,Female,Ireland,Ashford,-6.3828795,53.385304
562,Federica,Halworth,fhalworthfl@sbwire.com,Female,Ireland,Kanturk,-8.9342111,52.182304
563,Kermy,Mc Caughen,kmccaughenfm@msn.com,Male,Ireland,Donnycarney,-6.218069,53.374266
564,Tades,Burkhill,tburkhillfn@eventbrite.com,Male,Ireland,Donabate,-6.1544115,53.4855448
565,Rees,Chastand,rchastandfo@booking.com,Male,Ireland,Valleymount,-6.3077823,53.3655256
566,Octavius,Kuschek,okuschekfp@wikipedia.org,Male,Ireland,Gort,-8.9791425,52.8638391
567,Abdel,Sogg,asoggfq@marketwatch.com,Male,Ireland,Tuam,-8.83565,53.49417
568,Elli,Statefield,estatefieldfr@columbia.edu,Female,Ireland,Loughrea,-6.3506335,53.2911347
569,Moritz,Beceril,mbecerilfs@pen.io,Male,Ireland,Rathwire,-7.145971,53.508326
570,Kin,Kenshole,kkensholeft@pcworld.com,Male,Ireland,Dún Laoghaire,-6.133718,53.291512
571,Adelaida,Rankin,arankinfu@sohu.com,Non-binary,Ireland,Aghada,-8.4627451,54.25645
572,Analise,Sentance,asentancefv@macromedia.com,Female,Ireland,Bayside,-9.1097137,53.2582868
573,Dina,Arter,darterfw@china.com.cn,Agender,Ireland,Ballina,-9.151825,54.11215
574,Judah,Gullivan,jgullivanfx@cnn.com,Male,Ireland,Piltown,-6.3025448,53.6920618
575,Hugues,Burdge,hburdgefy@amazon.co.jp,Male,Ireland,Dunmanway,-9.1115941,51.7203863
576,Evaleen,Lampen,elampenfz@goodreads.com,Female,Ireland,Coolock,-6.1920933,53.3916434
577,Cassi,Braun,cbraung0@dell.com,Bigender,Ireland,Sutton,-6.1097188,53.3895926
578,Sheri,Bickerton,sbickertong1@google.cn,Female,Ireland,Tullamore,-7.518792,53.284466
579,Clevie,Nye,cnyeg2@hao123.com,Male,Ireland,Thomastown,-6.7434401,53.2229873
580,Norina,De la Feld,ndelafeldg3@mapy.cz,Female,Ireland,Ballymun,-6.264963,53.3897152
581,Osbert,Klemenz,oklemenzg4@moonfruit.com,Male,Ireland,Foxrock,-6.1011147,53.2000455
582,Colby,Paolillo,cpaolillog5@ask.com,Male,Ireland,Virginia,-6.2633149,53.377533
583,Albrecht,Aers,aaersg6@epa.gov,Non-binary,Ireland,Ballivor,-6.1191333,53.1915379
584,Etty,Eyckelberg,eeyckelbergg7@icq.com,Female,Ireland,Ballymun,-6.264963,53.3897152
585,Stevana,Schutte,sschutteg8@github.com,Female,Ireland,Killumney,-8.6340751,52.6638144
586,Ernest,Capinetti,ecapinettig9@phoca.cz,Male,Ireland,Dunlewy,-6.1157412,53.2774963
587,Jsandye,Keynes,jkeynesga@state.tx.us,Female,Ireland,Kill,-6.5924609,53.2482376
588,Gianna,Lewin,glewingb@reverbnation.com,Female,Ireland,Crumlin,-6.3048641,53.3284298
589,Percy,Rakestraw,prakestrawgc@elpais.com,Male,Ireland,Ballinroad,-7.5717688,52.1045472
590,Madelyn,Yeulet,myeuletgd@chronoengine.com,Female,Ireland,Eadestown,-6.590926,53.1936864
591,Drud,Sansbury,dsansburyge@youku.com,Male,Ireland,Portumna,-8.2215941,53.0917381
592,Fara,Winterbotham,fwinterbothamgf@washington.edu,Female,Ireland,Killumney,-8.6340751,52.6638144
593,Karoly,Jagoe,kjagoegg@tripadvisor.com,Female,Ireland,Ferbane,-8.4824714,51.8862378
594,Margaretta,Pierton,mpiertongh@shinystat.com,Female,Ireland,Castlerea,-8.6346959,53.7423435
595,Rhett,Klejin,rklejingi@com.com,Male,Ireland,Dungarvan,-6.1822287,53.3788495
596,Carrissa,Billes,cbillesgj@java.com,Female,Ireland,Moate,-6.1942058,53.3604483
597,Crystie,Dyhouse,cdyhousegk@php.net,Female,Ireland,Moate,-6.1942058,53.3604483
598,Waite,Armour,warmourgl@goo.ne.jp,Male,Ireland,Clonskeagh,-6.2387374,53.3141205
599,Joshuah,Morland,jmorlandgm@twitter.com,Male,Ireland,Caherconlish,-8.3545704,52.5593605
600,Merrielle,Blackston,mblackstongn@friendfeed.com,Genderfluid,Ireland,Booterstown,-6.1979853,53.3046353
601,Timotheus,Snazel,tsnazelgo@prlog.org,Bigender,Ireland,Drumcondra,-8.445614,51.8885086
602,Wallis,Hatherall,whatherallgp@tinyurl.com,Male,Ireland,Kilmacanoge,-6.139018,53.171935
603,Syman,Campbell-Dunlop,scampbelldunlopgq@loc.gov,Male,Ireland,Macroom,-8.958931,51.904635
604,Malia,Causbey,mcausbeygr@toplist.cz,Female,Ireland,Bantry,-9.448724,51.680591
605,Sarene,Alfonsini,salfonsinigs@usnews.com,Female,Ireland,Charlesland,-6.0690645,53.1257486
606,Paule,Bartolomeoni,pbartolomeonigt@prweb.com,Female,Ireland,Kill,-6.5924609,53.2482376
607,Almeda,Corneliussen,acorneliussengu@live.com,Female,Ireland,Glasnevin,-6.266734,53.3829319
608,Stanton,Ugolini,sugolinigv@e-recht24.de,Male,Ireland,Rathdrum,-6.163027,53.2339841
609,Trent,Faldo,tfaldogw@prweb.com,Male,Ireland,Ballymun,-6.264963,53.3897152
610,Jolie,Sabbin,jsabbingx@lycos.com,Female,Ireland,Raphoe,-8.2755058,52.2627273
611,Rebbecca,Eliaz,reliazgy@blogspot.com,Female,Ireland,Ballylinan,-7.0472382,52.9480781
612,Robinet,Aylmore,raylmoregz@reverbnation.com,Male,Ireland,Sandymount,-6.2152673,53.3323703
613,Mari,Alexander,malexanderh0@furl.net,Bigender,Ireland,Drumcondra,-8.445614,51.8885086
614,Yvette,Blondelle,yblondelleh1@scientificamerican.com,Female,Ireland,Ballylinan,-7.0472382,52.9480781
615,Frasquito,Misk,fmiskh2@blogs.com,Male,Ireland,Cork,-8.489012,51.923707
616,Arlen,Fairholme,afairholmeh3@yandex.ru,Female,Ireland,Athy,-6.9858993,53.0018699
617,Rriocard,Luckham,rluckhamh4@abc.net.au,Male,Ireland,Gort,-8.9791425,52.8638391
618,Barnett,Salkild,bsalkildh5@jiathis.com,Male,Ireland,Bayside,-9.1097137,53.2582868
619,Eustacia,Causton,ecaustonh6@gnu.org,Genderfluid,Ireland,Kinsealy-Drinan,-6.1644997,53.4266145
620,Brnaby,Mytton,bmyttonh7@bandcamp.com,Male,Ireland,Cabinteely,-6.1603828,53.2599034
621,Amabel,O'Cassidy,aocassidyh8@hp.com,Female,Ireland,Mallow,-8.642661,52.1361219
622,Reinaldo,Lampard,rlampardh9@prnewswire.com,Male,Ireland,Muff,-7.269174,55.0650892
623,Terese,Castillou,tcastillouha@goo.gl,Female,Ireland,Daingean,-7.1297243,52.2509369
624,Ophelia,Kilbee,okilbeehb@aol.com,Female,Ireland,Ballymahon,-7.7655701,53.5650926
625,Sibylla,Roberti,srobertihc@disqus.com,Genderfluid,Ireland,Granard,-7.5011999,53.776647
626,Michal,Cheale,mchealehd@4shared.com,Female,Ireland,Sallins,-6.6633404,53.2492381
627,Margit,Hugk,mhugkhe@ca.gov,Female,Ireland,Arklow,-8.4523258,51.880525
628,Kacey,Videneev,kvideneevhf@cargocollective.com,Female,Ireland,Belmullet,-10.0320886,54.2223118
629,Will,Vaun,wvaunhg@mit.edu,Male,Ireland,Manorhamilton,-8.1722002,54.3051891
630,Didi,O'Carrol,docarrolhh@wikipedia.org,Female,Ireland,Killumney,-8.6340751,52.6638144
631,Ewan,Hacker,ehackerhi@elpais.com,Male,Ireland,Piltown,-6.3025448,53.6920618
632,Fayth,Cantillion,fcantillionhj@irs.gov,Female,Ireland,Greenhills,-6.336393,53.3122864
633,Pepito,Butrimovich,pbutrimovichhk@4shared.com,Male,Ireland,Donabate,-6.1544115,53.4855448
634,Gaelan,Beardsell,gbeardsellhl@java.com,Genderqueer,Ireland,Foxrock,-6.1011147,53.2000455
635,Kaela,Pittham,kpitthamhm@canalblog.com,Female,Ireland,Kinsale,-6.251714,53.3169419
636,Lorraine,Crew,lcrewhn@gizmodo.com,Female,Ireland,Ballybofey,-7.74208,54.70972
637,Valentijn,Hatherleigh,vhatherleighho@arizona.edu,Male,Ireland,Prosperous,-6.7515223,53.2888321
638,Gregoor,Acomb,gacombhp@upenn.edu,Male,Ireland,Ashbourne,-6.1215213,53.2724538
639,Nester,Linturn,nlinturnhq@biblegateway.com,Male,Ireland,Adare,-6.176659,53.4487975
640,Kasey,Gley,kgleyhr@yandex.ru,Female,Ireland,Ballyboden,-6.3049392,53.3021194
641,Leo,Rozanski,lrozanskihs@facebook.com,Male,Ireland,Skibbereen,-9.268589,51.549106
642,Ware,Piotrkowski,wpiotrkowskiht@cdbaby.com,Male,Ireland,Cashel,-7.888894,52.516323
643,Darby,Naptine,dnaptinehu@usatoday.com,Male,Ireland,Cork,-8.489012,51.923707
644,Marleen,Frediani,mfredianihv@netvibes.com,Female,Ireland,Castleknock,-9.0248232,53.2760162
645,Rand,Hyde-Chambers,rhydechambershw@altervista.org,Male,Ireland,Oranmore,-9.7359765,54.1433253
646,Noam,Giovannacc@i,ngiovannaccihx@angelfire.com,Male,Ireland,Bayside,-9.1097137,53.2582868
647,Jermain,Assante,jassantehy@paginegialle.it,Male,Ireland,Booterstown,-6.1979853,53.3046353
648,Wiley,Northway,wnorthwayhz@people.com.cn,Male,Ireland,Tower,-80.7087609,35.7797381
649,Yancy,Seaward,yseawardi0@go.com,Male,Ireland,Dunleer,-8.5176583,51.8863277
650,Nettie,Robbeke,nrobbekei1@ebay.com,Female,Ireland,Killorglin,-9.7850991,52.1058991
651,Hillel,Theuff,htheuffi2@google.ru,Agender,Ireland,Tuam,-8.83565,53.49417
652,Gamaliel,Morritt,gmorritti3@is.gd,Male,Ireland,Bagenalstown,-6.9692181,52.7009338
653,Kerwinn,Pauly,kpaulyi4@addtoany.com,Male,Ireland,Skibbereen,-9.268589,51.549106
654,Wilmar,Adderson,waddersoni5@devhub.com,Male,Ireland,Navan,-6.313755,53.366736
655,Winifred,Rankin,wrankini6@alexa.com,Female,Ireland,Cluain Meala,-6.2611953,53.3881832
656,Harlan,Grosier,hgrosieri7@stumbleupon.com,Male,Ireland,Ferbane,-8.4824714,51.8862378
657,Arlen,Strongman,astrongmani8@prweb.com,Non-binary,Ireland,Mallow,-8.642661,52.1361219
658,Bonny,Fellow,bfellowi9@seesaa.net,Female,Ireland,Clogherhead,-6.2429997,53.7902634
659,Von,Dowears,vdowearsia@berkeley.edu,Male,Ireland,Ashbourne,-6.1215213,53.2724538
660,Whitaker,Paulson,wpaulsonib@ameblo.jp,Male,Ireland,Booterstown,-6.1979853,53.3046353
661,Durant,Gopsell,dgopsellic@mit.edu,Male,Ireland,Donnycarney,-6.218069,53.374266
662,Tedi,Navaro,tnavaroid@omniture.com,Female,Ireland,Bantry,-9.448724,51.680591
663,Brewer,Van der Brug,bvanderbrugie@oakley.com,Male,Ireland,Mullagh,-8.4977746,51.8895954
664,Lissa,Stuttard,lstuttardif@bloomberg.com,Bigender,Ireland,Sandymount,-6.2152673,53.3323703
665,Birdie,Skeates,bskeatesig@yellowpages.com,Female,Ireland,Tuam,-8.83565,53.49417
666,Merci,Brevitt,mbrevittih@omniture.com,Female,Ireland,Cloyne,-6.2398782,53.32112
667,Thurston,Nazareth,tnazarethii@netscape.com,Male,Ireland,Carrigtwohill,-8.259128,51.908209
668,Marleen,Percy,mpercyij@prweb.com,Female,Ireland,Ballybofey,-7.74208,54.70972
669,Lotty,Avramovich,lavramovichik@reddit.com,Female,Ireland,Beaumont,-6.2057463,53.3870149
670,Ruddy,Giller,rgilleril@google.co.uk,Male,Ireland,Aughrim,-6.366762,53.2987724
671,Les,Magrannell,lmagrannellim@newyorker.com,Male,Ireland,Lucan,-9.4904891,52.6396679
672,Rutledge,Rowcastle,rrowcastlein@washingtonpost.com,Male,Ireland,Ferbane,-8.4824714,51.8862378
673,Auberta,Surgeoner,asurgeonerio@biglobe.ne.jp,Female,Ireland,Clonskeagh,-6.2387374,53.3141205
674,Erminie,Dabney,edabneyip@ebay.com,Female,Ireland,Castlerea,-8.6346959,53.7423435
675,Thatcher,Sperrett,tsperrettiq@gizmodo.com,Male,Ireland,Killorglin,-9.7850991,52.1058991
676,Filide,Kepe,fkepeir@mozilla.com,Female,Ireland,Crossmolina,-6.473025,54.0086093
677,Barret,Heinel,bheinelis@sogou.com,Male,Ireland,Killorglin,-9.7850991,52.1058991
678,Fraser,Gumb,fgumbit@java.com,Male,Ireland,Leixlip,-6.4887534,53.3653866
679,Danny,Hinksen,dhinkseniu@washingtonpost.com,Male,Ireland,Dungarvan,-6.1822287,53.3788495
680,Laura,Winsborrow,lwinsborrowiv@tuttocitta.it,Female,Ireland,Thomastown,-6.7434401,53.2229873
681,Leontine,Botte,lbotteiw@hatena.ne.jp,Female,Ireland,Ballybofey,-7.74208,54.70972
682,Gnni,Kleynermans,gkleynermansix@unicef.org,Female,Ireland,Youghal,-7.8434254,51.949401
683,Maren,Marvelley,mmarvelleyiy@skype.com,Female,Ireland,Oughterard,-6.1406578,53.2886387
684,Hobey,Udall,hudalliz@ycombinator.com,Male,Ireland,Skerries,-6.1349155,53.5834008
685,Aubrey,Botfield,abotfieldj0@gravatar.com,Female,Ireland,Castleknock,-9.0248232,53.2760162
686,Sile,Sabatier,ssabatierj1@ihg.com,Female,Ireland,Nenagh,-8.2001004,52.86326
687,Burgess,Layman,blaymanj2@economist.com,Male,Ireland,Ballisodare,-8.5070436,54.2109904
688,Reggie,Blas,rblasj3@patch.com,Female,Ireland,Ratoath,-6.4671298,53.5050031
689,Hendrik,Husbands,hhusbandsj4@soup.io,Male,Ireland,Rathnew,-6.374155,53.3223974
690,Stephanie,Clementel,sclementelj5@over-blog.com,Female,Ireland,Ballyhaunis,-8.7683674,53.7942932
691,Bella,Lovart,blovartj6@jalbum.net,Bigender,Ireland,Piltown,-6.3025448,53.6920618
692,Arly,Gollin,agollinj7@yahoo.co.jp,Female,Ireland,Skerries,-6.1349155,53.5834008
693,Conway,Foldes,cfoldesj8@reference.com,Male,Ireland,Donnycarney,-6.218069,53.374266
694,Rolando,Side,rsidej9@amazon.co.jp,Male,Ireland,Ferbane,-8.4824714,51.8862378
695,Marjie,Vaz,mvazja@booking.com,Female,Ireland,Kinnegad,-9.1327273,53.806868
696,Appolonia,Ensley,aensleyjb@moonfruit.com,Female,Ireland,Cashel,-7.888894,52.516323
697,Ceciley,Harvett,charvettjc@un.org,Female,Ireland,Kildare,-6.9140788,53.169971
698,Julianne,Rizon,jrizonjd@eventbrite.com,Female,Ireland,Killumney,-8.6340751,52.6638144
699,Tabbie,Franzen,tfranzenje@naver.com,Female,Ireland,Ballybofey,-7.74208,54.70972
700,Carlen,Capner,ccapnerjf@go.com,Female,Ireland,Castlepollard,-7.2979911,53.6785169
701,Fan,Poveleye,fpoveleyejg@unblog.fr,Female,Ireland,Thomastown,-6.7434401,53.2229873
702,Olva,Pullar,opullarjh@state.gov,Female,Ireland,Athlone,-7.9428197,53.4231032
703,Celestine,Winear,cwinearji@163.com,Female,Ireland,Foxrock,-6.1011147,53.2000455
704,Maridel,McCrillis,mmccrillisjj@1688.com,Female,Ireland,Sutton,-6.1097188,53.3895926
705,Norene,Dowle,ndowlejk@un.org,Female,Ireland,Newmarket on Fergus,-8.8950821,52.7604883
706,Shawn,Tales,stalesjl@posterous.com,Male,Ireland,Newmarket on Fergus,-8.8950821,52.7604883
707,Dmitri,Semerad,dsemeradjm@twitpic.com,Male,Ireland,Templeogue,-6.3219759,53.2976886
708,Ansel,Twiddle,atwiddlejn@technorati.com,Male,Ireland,Monaghan,-7.0943023,54.2694844
709,Fidole,Devlin,fdevlinjo@etsy.com,Male,Ireland,Trá Mhór,-9.0197835,53.2736466
710,Nora,Rattenbury,nrattenburyjp@google.com,Female,Ireland,Bearna,-6.2340942,53.2993199
711,Moses,Upton,muptonjq@themeforest.net,Male,Ireland,Kinlough,-6.1136478,53.2121335
712,Angelika,Fancourt,afancourtjr@soup.io,Female,Ireland,Castlerea,-8.6346959,53.7423435
713,Annadiana,Annwyl,aannwyljs@google.com.hk,Female,Ireland,Castlebridge,-6.5853664,53.378253
714,Lonnard,Rathborne,lrathbornejt@apple.com,Male,Ireland,Kilkenny,-7.2584,52.655184
715,Alayne,Cowmeadow,acowmeadowju@miitbeian.gov.cn,Female,Ireland,Foxrock,-6.1011147,53.2000455
716,Eugenia,Mattheissen,emattheissenjv@usa.gov,Bigender,Ireland,Skerries,-6.1349155,53.5834008
717,Wells,Hartil,whartiljw@google.de,Male,Ireland,Kinnegad,-9.1327273,53.806868
718,Cullin,Sebring,csebringjx@360.cn,Male,Ireland,Cork,-8.489012,51.923707
719,Luis,Bende,lbendejy@trellian.com,Male,Ireland,Cork,-8.489012,51.923707
720,Vance,Egar,vegarjz@narod.ru,Male,Ireland,Dromiskin,-6.4008792,53.9215606
721,Brittni,Merriday,bmerridayk0@boston.com,Female,Ireland,Prosperous,-6.7515223,53.2888321
722,Davin,Cambell,dcambellk1@yahoo.com,Polygender,Ireland,Caherconlish,-8.3545704,52.5593605
723,Wilhelm,Tilt,wtiltk2@goo.ne.jp,Male,Ireland,Bundoran,-8.2817353,54.4771768
724,Morry,McCloud,mmccloudk3@qq.com,Male,Ireland,Rathwire,-7.145971,53.508326
725,Claudius,Brickstock,cbrickstockk4@cnbc.com,Male,Ireland,Ballyjamesduff,-7.086877,53.8363325
726,Kiah,Giannazzo,kgiannazzok5@soundcloud.com,Female,Ireland,Castleblayney,-6.64937,54.10269
727,Claudette,Asgodby,casgodbyk6@biblegateway.com,Female,Ireland,Monasterevin,-7.0625888,53.1387595
728,Kimbell,Spridgeon,kspridgeonk7@over-blog.com,Male,Ireland,Castlerea,-8.6346959,53.7423435
729,Harris,Franceschino,hfranceschinok8@ftc.gov,Male,Ireland,Ballylinan,-7.0472382,52.9480781
730,Stan,Carncross,scarncrossk9@springer.com,Male,Ireland,Ardee,-8.4784945,51.8815586
731,Raven,Curuclis,rcurucliska@meetup.com,Female,Ireland,Ballinroad,-7.5717688,52.1045472
732,North,Pagitt,npagittkb@joomla.org,Genderfluid,Ireland,Aughrim,-6.366762,53.2987724
733,Kellen,Tipple,ktipplekc@spotify.com,Female,Ireland,Cabinteely,-6.1603828,53.2599034
734,Katalin,Hellcat,khellcatkd@shop-pro.jp,Female,Ireland,Claremorris,-8.334953,51.8610022
735,Walden,Arnecke,warneckeke@t.co,Male,Ireland,Cabinteely,-6.1603828,53.2599034
736,Lind,Prestidge,lprestidgekf@sakura.ne.jp,Non-binary,Ireland,Tullamore,-7.518792,53.284466
737,Reyna,Kunneke,rkunnekekg@gov.uk,Female,Ireland,Dungloe,-6.3695384,53.3734053
738,Riccardo,Conway,rconwaykh@bing.com,Male,Ireland,Cobh,-8.298942,51.848898
739,Jillayne,Extance,jextanceki@discuz.net,Female,Ireland,Milltown,-7.9027266,53.4148582
740,Sheilah,Baglin,sbaglinkj@amazon.de,Female,Ireland,Granard,-7.5011999,53.776647
741,Leena,Rosel,lroselkk@cisco.com,Female,Ireland,Confey,-6.5028415,53.3806398
742,Donnell,Mulchrone,dmulchronekl@tinypic.com,Male,Ireland,Ballylinan,-7.0472382,52.9480781
743,Vaughan,Baraja,vbarajakm@state.tx.us,Male,Ireland,Ashbourne,-6.1215213,53.2724538
744,Gaylord,Hember,ghemberkn@mayoclinic.com,Male,Ireland,Castleblayney,-6.64937,54.10269
745,Cathryn,Tort,ctortko@unc.edu,Female,Ireland,Kiltamagh,-8.9949917,53.8533151
746,Skelly,McGaughay,smcgaughaykp@google.co.jp,Male,Ireland,Tullyallen,-6.4241156,53.7369009
747,Phillie,McCaughey,pmccaugheykq@51.la,Female,Ireland,Balally,-6.5899765,52.176031
748,Dorthy,O'Bruen,dobruenkr@nature.com,Female,Ireland,Foxrock,-6.1011147,53.2000455
749,Bryana,Govier,bgovierks@msu.edu,Female,Ireland,Kinnegad,-9.1327273,53.806868
750,Bentlee,Clausewitz,bclausewitzkt@icio.us,Male,Ireland,Portarlington,-7.185387,53.158984
751,Gabey,Spinas,gspinasku@toplist.cz,Female,Ireland,Killumney,-8.6340751,52.6638144
752,Tedie,Staining,tstainingkv@squidoo.com,Male,Ireland,Dundrum,-6.2508196,53.2866372
753,Ashbey,Deverock,adeverockkw@vinaora.com,Male,Ireland,Athlone,-7.9428197,53.4231032
754,Haydon,Lovering,hloveringkx@youku.com,Male,Ireland,Whitegate,-6.3539424,53.3666338
755,Maxie,Smallacombe,msmallacombeky@pen.io,Male,Ireland,Ballyhaunis,-8.7683674,53.7942932
756,Latia,Joiner,ljoinerkz@odnoklassniki.ru,Female,Ireland,Monaghan,-7.0943023,54.2694844
757,Luisa,Gallelli,lgallellil0@yahoo.com,Female,Ireland,Carrigtwohill,-8.259128,51.908209
758,Dehlia,Giovanizio,dgiovaniziol1@parallels.com,Female,Ireland,Kingscourt,-6.2755912,53.3500473
759,Paulie,Devall,pdevalll2@spiegel.de,Female,Ireland,Blessington,-8.5111664,51.8858819
760,Elihu,Campione,ecampionel3@globo.com,Non-binary,Ireland,Foxrock,-6.1011147,53.2000455
761,Nate,Oscroft,noscroftl4@furl.net,Male,Ireland,Loughrea,-6.3506335,53.2911347
762,Skippie,Handaside,shandasidel5@simplemachines.org,Male,Ireland,Portarlington,-7.185387,53.158984
763,Andrea,Osgar,aosgarl6@51.la,Bigender,Ireland,Monaghan,-7.0943023,54.2694844
764,Osbourn,Kennedy,okennedyl7@webeden.co.uk,Non-binary,Ireland,Castlemartyr,-8.05,51.9166667
765,Shandie,MacNish,smacnishl8@marketwatch.com,Polygender,Ireland,Oranmore,-9.7359765,54.1433253
766,Kirby,Jeram,kjeraml9@utexas.edu,Male,Ireland,Dunmanway,-9.1115941,51.7203863
767,Cicily,Filipczynski,cfilipczynskila@jiathis.com,Agender,Ireland,Tralee,-7.0833118,52.2413206
768,Dolly,Ludlom,dludlomlb@ucoz.com,Female,Ireland,Dún Laoghaire,-6.133718,53.291512
769,Elisa,Leguay,eleguaylc@wikispaces.com,Female,Ireland,Rathdrum,-6.163027,53.2339841
770,Gaylord,Sivill,gsivillld@imgur.com,Male,Ireland,Birr,-7.9139891,53.0949398
771,Torre,Cheke,tchekele@vimeo.com,Male,Ireland,Virginia,-6.2633149,53.377533
772,Persis,Roffey,proffeylf@cdc.gov,Female,Ireland,Killumney,-8.6340751,52.6638144
773,Zeke,Stallybrass,zstallybrasslg@blogs.com,Male,Ireland,Ballymun,-6.264963,53.3897152
774,Teddie,Jobke,tjobkelh@si.edu,Male,Ireland,Athlone,-7.9428197,53.4231032
775,Marja,Castro,mcastroli@macromedia.com,Female,Ireland,Bailieborough,-6.9711886,53.916791
776,Andras,Back,abacklj@sciencedaily.com,Male,Ireland,Listowel,-9.4851741,52.4460804
777,Mohandis,Ladds,mladdslk@digg.com,Genderfluid,Ireland,Dromiskin,-6.4008792,53.9215606
778,Margette,Coleiro,mcoleiroll@newyorker.com,Female,Ireland,Greenhills,-6.336393,53.3122864
779,Carina,Hazlegrove,chazlegrovelm@timesonline.co.uk,Female,Ireland,Gort,-8.9791425,52.8638391
780,Barbara,D'Hooghe,bdhoogheln@mashable.com,Female,Ireland,Nenagh,-8.2001004,52.86326
781,Reuven,Eagles,reagleslo@last.fm,Male,Ireland,Blarney,-8.8562835,53.510243
782,Libbie,McDell,lmcdelllp@dagondesign.com,Female,Ireland,Glasnevin,-6.266734,53.3829319
783,Nina,Wylie,nwylielq@hhs.gov,Female,Ireland,Sandyford,-6.3422325,53.719155
784,Ileana,Runnacles,irunnacleslr@cmu.edu,Female,Ireland,Caherconlish,-8.3545704,52.5593605
785,Angel,Trighton,atrightonls@bbc.co.uk,Female,Ireland,Gort,-8.9791425,52.8638391
786,Kirstyn,Hurren,khurrenlt@dedecms.com,Female,Ireland,Donnycarney,-6.218069,53.374266
787,Des,Hafner,dhafnerlu@ow.ly,Male,Ireland,Cavan,-7.297914,54.026345
788,Bathsheba,Gianiello,bgianiellolv@meetup.com,Female,Ireland,Youghal,-7.8434254,51.949401
789,Randy,Lambdin,rlambdinlw@mashable.com,Male,Ireland,Kinlough,-6.1136478,53.2121335
790,Gail,Keepe,gkeepelx@cpanel.net,Male,Ireland,Lucan,-9.4904891,52.6396679
791,Lucilia,Swatridge,lswatridgely@shop-pro.jp,Female,Ireland,Balally,-6.5899765,52.176031
792,Hurlee,Gregine,hgreginelz@histats.com,Male,Ireland,Booterstown,-6.1979853,53.3046353
793,Izzy,Einchcombe,ieinchcombem0@networkadvertising.org,Male,Ireland,Kinsealy-Drinan,-6.1644997,53.4266145
794,Moise,Berthod,mberthodm1@printfriendly.com,Male,Ireland,Tralee,-7.0833118,52.2413206
795,Ettie,McEwan,emcewanm2@networksolutions.com,Female,Ireland,Donegal,-8.5946591,54.632283
796,Marguerite,Kinworthy,mkinworthym3@miitbeian.gov.cn,Female,Ireland,Castleblayney,-6.64937,54.10269
797,Wylma,Beel,wbeelm4@biblegateway.com,Female,Ireland,Castlebridge,-6.5853664,53.378253
798,Roz,Natwick,rnatwickm5@census.gov,Female,Ireland,Kill,-6.5924609,53.2482376
799,Garry,Tomasutti,gtomasuttim6@china.com.cn,Agender,Ireland,Adare,-6.176659,53.4487975
800,Germana,Beavers,gbeaversm7@biglobe.ne.jp,Female,Ireland,Donabate,-6.1544115,53.4855448
801,Elyssa,Dearlove,edearlovem8@1und1.de,Female,Ireland,Shankill,-6.124065,53.231395
802,Benoite,Heales,bhealesm9@webnode.com,Female,Ireland,Kilmacanoge,-6.139018,53.171935
803,Pierrette,MacCaffrey,pmaccaffreyma@1und1.de,Female,Ireland,Belmullet,-10.0320886,54.2223118
804,Scotti,Hallen,shallenmb@ucoz.ru,Male,Ireland,Ballinroad,-7.5717688,52.1045472
805,Alphonso,Schruyers,aschruyersmc@amazonaws.com,Bigender,Ireland,Ferbane,-8.4824714,51.8862378
806,Wang,Baynard,wbaynardmd@multiply.com,Male,Ireland,Malahide,-6.1479779,53.450694
807,Carolynn,Roseborough,croseboroughme@ibm.com,Female,Ireland,Ballinroad,-7.5717688,52.1045472
808,Allene,Pusey,apuseymf@mac.com,Agender,Ireland,Eadestown,-6.590926,53.1936864
809,Gwendolin,Rockwill,grockwillmg@theglobeandmail.com,Polygender,Ireland,Blessington,-8.5111664,51.8858819
810,Ulises,McKelvie,umckelviemh@github.com,Male,Ireland,Dungarvan,-6.1822287,53.3788495
811,Barbee,Prest,bprestmi@diigo.com,Female,Ireland,Ferbane,-8.4824714,51.8862378
812,Tallulah,Cowx,tcowxmj@macromedia.com,Female,Ireland,Adare,-6.176659,53.4487975
813,Elijah,Shovelin,eshovelinmk@barnesandnoble.com,Male,Ireland,Milltown,-7.9027266,53.4148582
814,Maryl,Marshman,mmarshmanml@csmonitor.com,Female,Ireland,Kinsale,-6.251714,53.3169419
815,Christina,Robson,crobsonmm@t-online.de,Female,Ireland,Moville,-8.4242597,51.8910459
816,Rustie,Tunuy,rtunuymn@ucsd.edu,Male,Ireland,Cill Airne,-6.2890702,53.3201497
817,Ellie,Lilford,elilfordmo@archive.org,Genderqueer,Ireland,Kill,-6.5924609,53.2482376
818,Wat,Starling,wstarlingmp@weebly.com,Male,Ireland,Ballymun,-6.264963,53.3897152
819,Ellswerth,Chivrall,echivrallmq@creativecommons.org,Male,Ireland,Ballyboden,-6.3049392,53.3021194
820,Brady,Adie,badiemr@xrea.com,Male,Ireland,Kanturk,-8.9342111,52.182304
821,Jessamine,Barnhill,jbarnhillms@uol.com.br,Female,Ireland,Askeaton,-8.9706844,52.6004448
822,Justus,Rogister,jrogistermt@stanford.edu,Male,Ireland,Oranmore,-9.7359765,54.1433253
823,Jerry,McNern,jmcnernmu@npr.org,Male,Ireland,Greenhills,-6.336393,53.3122864
824,Phelia,Wisson,pwissonmv@upenn.edu,Female,Ireland,Annacotty,-8.5369154,52.6681994
825,Kitti,Snelman,ksnelmanmw@usatoday.com,Female,Ireland,Sandymount,-6.2152673,53.3323703
826,Dorey,Verrechia,dverrechiamx@chron.com,Polygender,Ireland,Gort,-8.9791425,52.8638391
827,Astra,Hause,ahausemy@ifeng.com,Female,Ireland,Tuam,-8.83565,53.49417
828,Kirsti,Gercke,kgerckemz@sogou.com,Bigender,Ireland,Ashbourne,-6.1215213,53.2724538
829,Jimmie,Leathers,jleathersn0@sphinn.com,Agender,Ireland,Castlebridge,-6.5853664,53.378253
830,Cosimo,Klimaszewski,cklimaszewskin1@cam.ac.uk,Male,Ireland,Sutton,-6.1097188,53.3895926
831,Alysia,Lebrun,alebrunn2@patch.com,Female,Ireland,Dalkey,-6.1072403,53.2780047
832,Laurence,Fleming,lflemingn3@yellowpages.com,Male,Ireland,Macroom,-8.958931,51.904635
833,Reynard,Hughes,rhughesn4@ow.ly,Male,Ireland,Ballymun,-6.264963,53.3897152
834,Blakeley,Havesides,bhavesidesn5@gov.uk,Female,Ireland,Carrigaline,-8.3929404,51.8113447
835,Olivier,Chesser,ochessern6@domainmarket.com,Male,Ireland,Kinsale,-6.251714,53.3169419
836,Louise,Ellens,lellensn7@mayoclinic.com,Female,Ireland,Rathnew,-6.374155,53.3223974
837,Constantia,Colt,ccoltn8@auda.org.au,Female,Ireland,Kinsealy-Drinan,-6.1644997,53.4266145
838,Drew,Gladdin,dgladdinn9@usgs.gov,Male,Ireland,Kilkenny,-7.2584,52.655184
839,Junina,Brittle,jbrittlena@tmall.com,Female,Ireland,Tullamore,-7.518792,53.284466
840,Torey,Stockney,tstockneynb@guardian.co.uk,Female,Ireland,Skerries,-6.1349155,53.5834008
841,Ignace,Ferrario,iferrarionc@blinklist.com,Polygender,Ireland,Monaghan,-7.0943023,54.2694844
842,Gustav,Corrison,gcorrisonnd@va.gov,Male,Ireland,Raphoe,-8.2755058,52.2627273
843,Fionna,Collick,fcollickne@lycos.com,Female,Ireland,Castlebridge,-6.5853664,53.378253
844,Hilario,Duffus,hduffusnf@nationalgeographic.com,Male,Ireland,Cobh,-8.298942,51.848898
845,Justus,Clair,jclairng@harvard.edu,Agender,Ireland,Castlepollard,-7.2979911,53.6785169
846,Kaja,Howard,khowardnh@dion.ne.jp,Female,Ireland,Ballybofey,-7.74208,54.70972
847,Budd,Assandri,bassandrini@umich.edu,Male,Ireland,Portumna,-8.2215941,53.0917381
848,Alameda,Mulran,amulrannj@geocities.com,Genderfluid,Ireland,Ballyjamesduff,-7.086877,53.8363325
849,Care,Lemar,clemarnk@hatena.ne.jp,Male,Ireland,Balally,-6.5899765,52.176031
850,Maximilien,Roddell,mroddellnl@angelfire.com,Male,Ireland,Clonskeagh,-6.2387374,53.3141205
851,Halli,Sidsaff,hsidsaffnm@apple.com,Female,Ireland,Raheny,-6.1820563,53.3786861
852,Thoma,Andreou,tandreounn@github.io,Male,Ireland,Valleymount,-6.3077823,53.3655256
853,Romain,Sulland,rsullandno@aol.com,Male,Ireland,Castlebellingham,-6.391149,53.8996586
854,Nev,Fley,nfleynp@weather.com,Male,Ireland,Dublin,-6.2427004,53.3347733
855,Derick,Born,dbornnq@reverbnation.com,Non-binary,Ireland,Kilcullen,-8.5047067,51.8830697
856,Marget,Lurriman,mlurrimannr@shop-pro.jp,Female,Ireland,Manorhamilton,-8.1722002,54.3051891
857,Stanislas,Wasmer,swasmerns@google.ca,Male,Ireland,Stradbally,-8.5054897,52.7107501
858,Art,O'Donoghue,aodonoghuent@skype.com,Male,Ireland,Ballyhaunis,-8.7683674,53.7942932
859,Teodora,Attreed,tattreednu@earthlink.net,Female,Ireland,Templeogue,-6.3219759,53.2976886
860,Row,Ross,rrossnv@soup.io,Female,Ireland,Moate,-6.1942058,53.3604483
861,Nico,Willshaw,nwillshawnw@hao123.com,Male,Ireland,Rathangan,-6.9898366,53.2265199
862,Rita,D'Ambrogio,rdambrogionx@nyu.edu,Female,Ireland,Beaumont,-6.2057463,53.3870149
863,Bernardine,Brownbill,bbrownbillny@twitpic.com,Female,Ireland,Blarney,-8.8562835,53.510243
864,Dorothy,Haugeh,dhaugehnz@google.co.jp,Female,Ireland,Coolock,-6.1920933,53.3916434
865,Daniel,Mell,dmello0@com.com,Male,Ireland,Tuam,-8.83565,53.49417
866,Clementia,Klas,cklaso1@moonfruit.com,Female,Ireland,Dunmanway,-9.1115941,51.7203863
867,Vi,Clausewitz,vclausewitzo2@harvard.edu,Female,Ireland,Gorey,-6.308522,52.665267
868,Diena,Napoleon,dnapoleono3@theguardian.com,Female,Ireland,Rathwire,-7.145971,53.508326
869,Frederic,Ellsbury,fellsburyo4@gmpg.org,Male,Ireland,Ballyjamesduff,-7.086877,53.8363325
870,Elga,Pietranek,epietraneko5@weather.com,Female,Ireland,Annacotty,-8.5369154,52.6681994
871,Thacher,MacIlhargy,tmacilhargyo6@businesswire.com,Male,Ireland,Carrigtwohill,-8.259128,51.908209
872,Lind,Bunner,lbunnero7@virginia.edu,Male,Ireland,Fairview,-6.4202878,54.0026343
873,Garvey,Kingerby,gkingerbyo8@state.tx.us,Male,Ireland,Ashford,-6.3828795,53.385304
874,Rhodie,Dislee,rdisleeo9@icio.us,Female,Ireland,Foxrock,-6.1011147,53.2000455
875,Burk,Perroni,bperronioa@globo.com,Male,Ireland,Farranacoush,-8.5171384,51.876873
876,Philipa,Passler,ppasslerob@clickbank.net,Female,Ireland,Prosperous,-6.7515223,53.2888321
877,Ron,Coslitt,rcoslittoc@weebly.com,Male,Ireland,Listowel,-9.4851741,52.4460804
878,Florenza,Riddles,friddlesod@simplemachines.org,Female,Ireland,Ballyhaunis,-8.7683674,53.7942932
879,Ada,Pettengell,apettengelloe@google.fr,Female,Ireland,Stradbally,-8.5054897,52.7107501
880,Bondie,Lethbury,blethburyof@google.com,Male,Ireland,Donnycarney,-6.218069,53.374266
881,Mora,Beecroft,mbeecroftog@google.de,Female,Ireland,Ballivor,-6.1191333,53.1915379
882,Sheree,Dionisetto,sdionisettooh@engadget.com,Female,Ireland,Cluain Meala,-6.2611953,53.3881832
883,Aubry,Luipold,aluipoldoi@hugedomains.com,Female,Ireland,Castlerea,-8.6346959,53.7423435
884,Angelico,Ivashov,aivashovoj@nifty.com,Male,Ireland,Booterstown,-6.1979853,53.3046353
885,Cicily,Sell,csellok@last.fm,Polygender,Ireland,Longwood,-6.2892907,53.310122
886,Shauna,Menci,smenciol@people.com.cn,Bigender,Ireland,Sandyford,-6.3422325,53.719155
887,Row,Haddrell,rhaddrellom@cdc.gov,Female,Ireland,Greystones,-6.0704904,53.1286984
888,Markos,Metschke,mmetschkeon@multiply.com,Male,Ireland,Tullyallen,-6.4241156,53.7369009
889,Rosamund,Kalkhoven,rkalkhovenoo@fastcompany.com,Female,Ireland,Ballyboden,-6.3049392,53.3021194
890,Dennet,Piddletown,dpiddletownop@amazonaws.com,Male,Ireland,Ballybofey,-7.74208,54.70972
891,Aaron,Pantin,apantinoq@edublogs.org,Male,Ireland,Donnycarney,-6.218069,53.374266
892,Abby,Uppett,auppettor@tamu.edu,Female,Ireland,Clones,-7.2314132,54.1794814
893,Danny,Mathy,dmathyos@behance.net,Male,Ireland,Edgeworthstown,-7.606287,53.6972399
894,Angela,Statter,astatterot@apache.org,Female,Ireland,Ashbourne,-6.1215213,53.2724538
895,Anabal,de Zamora,adezamoraou@spotify.com,Female,Ireland,Kilmacanoge,-6.139018,53.171935
896,Dmitri,Le Provest,dleprovestov@gravatar.com,Genderqueer,Ireland,Aughrim,-6.366762,53.2987724
897,Curt,Bourke,cbourkeow@apple.com,Male,Ireland,Swords,-6.2071246,53.4562426
898,Carce,Bruneau,cbruneauox@rediff.com,Male,Ireland,Dunleer,-8.5176583,51.8863277
899,Nikita,Nightingale,nnightingaleoy@bigcartel.com,Male,Ireland,Dromiskin,-6.4008792,53.9215606
900,Meggie,Chapelle,mchapelleoz@amazon.com,Female,Ireland,Kinsealy-Drinan,-6.1644997,53.4266145
901,Mycah,Guterson,mgutersonp0@yahoo.com,Male,Ireland,Ballivor,-6.1191333,53.1915379
902,Baron,Rummings,brummingsp1@columbia.edu,Male,Ireland,Ballina,-9.151825,54.11215
903,Klarika,Erskin,kerskinp2@nps.gov,Female,Ireland,Killumney,-8.6340751,52.6638144
904,Aubrey,Wabb,awabbp3@google.nl,Male,Ireland,Tullyallen,-6.4241156,53.7369009
905,Morton,Cham,mchamp4@discuz.net,Male,Ireland,Killumney,-8.6340751,52.6638144
906,Haily,Connichie,hconnichiep5@si.edu,Female,Ireland,Oughterard,-6.1406578,53.2886387
907,Gaspard,Penny,gpennyp6@domainmarket.com,Male,Ireland,Annacotty,-8.5369154,52.6681994
908,Yance,Jendricke,yjendrickep7@cdbaby.com,Male,Ireland,Sutton,-6.1097188,53.3895926
909,Juliann,Dorman,jdormanp8@multiply.com,Female,Ireland,Boyle,-8.2969737,53.9735591
910,Justis,Dillingston,jdillingstonp9@cbslocal.com,Male,Ireland,Ashford,-6.3828795,53.385304
911,Hort,Toffetto,htoffettopa@uol.com.br,Male,Ireland,Cherryville,-7.1111732,52.2513095
912,Annabela,MacTimpany,amactimpanypb@dailymail.co.uk,Female,Ireland,Castlerea,-8.6346959,53.7423435
913,Diane-marie,Caillou,dcailloupc@wikimedia.org,Female,Ireland,Castlerea,-8.6346959,53.7423435
914,Adah,Benns,abennspd@twitter.com,Female,Ireland,Carrigaline,-8.3929404,51.8113447
915,Mureil,Cowton,mcowtonpe@goo.gl,Female,Ireland,Ballyhaunis,-8.7683674,53.7942932
916,Anatole,Yong,ayongpf@icq.com,Male,Ireland,Newmarket on Fergus,-8.8950821,52.7604883
917,Dorthea,Shearmur,dshearmurpg@earthlink.net,Female,Ireland,Dunmanway,-9.1115941,51.7203863
918,Hetti,Tett,htettph@comsenz.com,Female,Ireland,Arklow,-8.4523258,51.880525
919,Hazel,Aked,hakedpi@bbc.co.uk,Non-binary,Ireland,Castlemartyr,-8.05,51.9166667
920,Max,Crohan,mcrohanpj@ustream.tv,Female,Ireland,Dalkey,-6.1072403,53.2780047
921,Grayce,Gouch,ggouchpk@privacy.gov.au,Female,Ireland,Carrigaline,-8.3929404,51.8113447
922,Moises,Nund,mnundpl@photobucket.com,Male,Ireland,Annacotty,-8.5369154,52.6681994
923,Rolf,Soule,rsoulepm@google.ca,Male,Ireland,Eadestown,-6.590926,53.1936864
924,Aurea,Deavall,adeavallpn@java.com,Female,Ireland,Drumcondra,-8.445614,51.8885086
925,Nichols,Timbrell,ntimbrellpo@salon.com,Male,Ireland,Greenhills,-6.336393,53.3122864
926,Rustin,O'Gormally,rogormallypp@fc2.com,Male,Ireland,Youghal,-7.8434254,51.949401
927,Codie,Oxbury,coxburypq@sfgate.com,Male,Ireland,Clifden,-10.022186,53.488087
928,Erinna,Cattroll,ecattrollpr@shinystat.com,Female,Ireland,Confey,-6.5028415,53.3806398
929,Law,Cockhill,lcockhillps@tamu.edu,Male,Ireland,Moville,-8.4242597,51.8910459
930,Shepard,McCoid,smccoidpt@businesswire.com,Male,Ireland,Kilmacanoge,-6.139018,53.171935
931,Allister,Ingreda,aingredapu@mlb.com,Male,Ireland,Ballinroad,-7.5717688,52.1045472
932,Teddie,Tarbin,ttarbinpv@nih.gov,Male,Ireland,Lucan,-9.4904891,52.6396679
933,Tandi,Matthis,tmatthispw@jugem.jp,Bigender,Ireland,Castleknock,-9.0248232,53.2760162
934,Kriste,Newall,knewallpx@last.fm,Female,Ireland,Athy,-6.9858993,53.0018699
935,Jessy,Manson,jmansonpy@hugedomains.com,Female,Ireland,Kinsealy-Drinan,-6.1644997,53.4266145
936,Baxie,Ipsgrave,bipsgravepz@cnbc.com,Male,Ireland,Athy,-6.9858993,53.0018699
937,Maison,Farloe,mfarloeq0@rakuten.co.jp,Male,Ireland,Dunlewy,-6.1157412,53.2774963
938,Zandra,Felix,zfelixq1@clickbank.net,Female,Ireland,Cloyne,-6.2398782,53.32112
939,Aile,Ormshaw,aormshawq2@topsy.com,Female,Ireland,Tallaght,-6.3660863,53.2874153
940,Melodie,Taig,mtaigq3@arstechnica.com,Non-binary,Ireland,Donegal,-8.5946591,54.632283
941,Jameson,Dubbin,jdubbinq4@virginia.edu,Male,Ireland,Gort,-8.9791425,52.8638391
942,Leo,Merrikin,lmerrikinq5@storify.com,Male,Ireland,Moate,-6.1942058,53.3604483
943,Llywellyn,Theodore,ltheodoreq6@biglobe.ne.jp,Male,Ireland,Macroom,-8.958931,51.904635
944,Fraser,Penbarthy,fpenbarthyq7@auda.org.au,Male,Ireland,Portarlington,-7.185387,53.158984
945,Maurine,Andersson,manderssonq8@bbb.org,Female,Ireland,Ballinroad,-7.5717688,52.1045472
946,Nikolas,Atger,natgerq9@wikia.com,Male,Ireland,Daingean,-7.1297243,52.2509369
947,Wilhelmine,Matthessen,wmatthessenqa@tuttocitta.it,Female,Ireland,Charlesland,-6.0690645,53.1257486
948,Gerard,Blazynski,gblazynskiqb@tripadvisor.com,Male,Ireland,Newmarket on Fergus,-8.8950821,52.7604883
949,Mart,Cassy,mcassyqc@latimes.com,Male,Ireland,Ballylinan,-7.0472382,52.9480781
950,Tommy,Balshen,tbalshenqd@facebook.com,Female,Ireland,Tower,-80.7087609,35.7797381
951,Gery,Duham,gduhamqe@meetup.com,Male,Ireland,Daingean,-7.1297243,52.2509369
952,Robbin,Sonnenschein,rsonnenscheinqf@domainmarket.com,Female,Ireland,Kilcullen,-8.5047067,51.8830697
953,Charo,Flageul,cflageulqg@bbc.co.uk,Female,Ireland,Milltown,-7.9027266,53.4148582
954,Kirstyn,Bartolomivis,kbartolomivisqh@amazon.co.jp,Female,Ireland,Ballina,-9.151825,54.11215
955,Matthias,Mathelon,mmathelonqi@ameblo.jp,Male,Ireland,Enniskerry,-8.9821467,52.8498651
956,Darla,Ventum,dventumqj@cdc.gov,Female,Ireland,Confey,-6.5028415,53.3806398
957,Arnaldo,Eayres,aeayresqk@businesswire.com,Male,Ireland,Annacotty,-8.5369154,52.6681994
958,Chad,Goldis,cgoldisql@salon.com,Male,Ireland,Kill,-6.5924609,53.2482376
959,Clementine,Lowndsborough,clowndsboroughqm@dropbox.com,Female,Ireland,Dunlewy,-6.1157412,53.2774963
960,Beck,Trengove,btrengoveqn@hud.gov,Male,Ireland,Oranmore,-9.7359765,54.1433253
961,Hansiain,Sullens,hsullensqo@unc.edu,Non-binary,Ireland,Beaumont,-6.2057463,53.3870149
962,Ryon,Beales,rbealesqp@squarespace.com,Male,Ireland,Dromiskin,-6.4008792,53.9215606
963,Boony,Skottle,bskottleqq@ask.com,Male,Ireland,Ballyjamesduff,-7.086877,53.8363325
964,Robinette,Saiz,rsaizqr@nasa.gov,Female,Ireland,Ballina,-9.151825,54.11215
965,Jeane,Lghan,jlghanqs@samsung.com,Female,Ireland,Dublin,-6.2427004,53.3347733
966,Jock,Bazire,jbazireqt@themeforest.net,Genderfluid,Ireland,Piltown,-6.3025448,53.6920618
967,Mikey,Tommaseo,mtommaseoqu@blogger.com,Genderfluid,Ireland,Castleknock,-9.0248232,53.2760162
968,Hillard,Palfreeman,hpalfreemanqv@engadget.com,Male,Ireland,Old Kilcullen,-6.7449927,53.1310185
969,Evy,Gerault,egeraultqw@macromedia.com,Female,Ireland,Lusk,-6.1535181,53.5220275
970,Amy,Richard,arichardqx@godaddy.com,Female,Ireland,Castleknock,-9.0248232,53.2760162
971,Tommi,Dovinson,tdovinsonqy@blogspot.com,Female,Ireland,Kildare,-6.9140788,53.169971
972,Lissy,Finnigan,lfinniganqz@home.pl,Female,Ireland,Castlebellingham,-6.391149,53.8996586
973,Daile,Larcombe,dlarcomber0@google.com.au,Female,Ireland,Athy,-6.9858993,53.0018699
974,Cosmo,Pane,cpaner1@squidoo.com,Male,Ireland,Greenhills,-6.336393,53.3122864
975,Reinhard,Trout,rtroutr2@usnews.com,Male,Ireland,Tralee,-7.0833118,52.2413206
976,Domingo,Corona,dcoronar3@blogspot.com,Male,Ireland,Nenagh,-8.2001004,52.86326
977,Woodrow,Schofield,wschofieldr4@google.co.uk,Agender,Ireland,Kildare,-6.9140788,53.169971
978,Salaidh,Redwing,sredwingr5@domainmarket.com,Female,Ireland,Mullagh,-8.4977746,51.8895954
979,Francoise,Hould,fhouldr6@house.gov,Female,Ireland,Rathnew,-6.374155,53.3223974
980,Cammy,Abbott,cabbottr7@ifeng.com,Female,Ireland,Cork,-8.489012,51.923707
981,Jelene,Schuricht,jschurichtr8@delicious.com,Female,Ireland,Sandymount,-6.2152673,53.3323703
982,Kaleb,Lakes,klakesr9@twitpic.com,Male,Ireland,Cluain Meala,-6.2611953,53.3881832
983,Amelina,Braga,abragara@booking.com,Female,Ireland,Carrigtwohill,-8.259128,51.908209
984,Meghann,Toothill,mtoothillrb@fotki.com,Genderfluid,Ireland,Killumney,-8.6340751,52.6638144
985,Joseph,Duligal,jduligalrc@ed.gov,Male,Ireland,Longwood,-6.2892907,53.310122
986,Gilda,Bostock,gbostockrd@wufoo.com,Female,Ireland,Tuam,-8.83565,53.49417
987,Eli,Bisterfeld,ebisterfeldre@reverbnation.com,Male,Ireland,Moville,-8.4242597,51.8910459
988,Monty,Pengelly,mpengellyrf@dropbox.com,Male,Ireland,Monkstown,-8.9775014,52.8314927
989,Mirabelle,Binding,mbindingrg@prlog.org,Female,Ireland,Drumcondra,-8.445614,51.8885086
990,Yvon,Polye,ypolyerh@ovh.net,Male,Ireland,Sutton,-6.1097188,53.3895926
991,Deb,Sabate,dsabateri@squarespace.com,Female,Ireland,Castleknock,-9.0248232,53.2760162
992,Mavis,Tucker,mtuckerrj@yellowpages.com,Female,Ireland,Dún Laoghaire,-6.133718,53.291512
993,Hermon,Carmo,hcarmork@msn.com,Male,Ireland,Loughrea,-6.3506335,53.2911347
994,Farr,Maxstead,fmaxsteadrl@webmd.com,Male,Ireland,Granard,-7.5011999,53.776647
995,Pietrek,Perkinson,pperkinsonrm@linkedin.com,Male,Ireland,Gorey,-6.308522,52.665267
996,Benoit,Novotna,bnovotnarn@istockphoto.com,Male,Ireland,Clifden,-10.022186,53.488087
997,Anderea,Culvey,aculveyro@statcounter.com,Female,Ireland,Oughterard,-6.1406578,53.2886387
998,Pepito,Sponton,pspontonrp@hao123.com,Male,Ireland,Caherconlish,-8.3545704,52.5593605
999,Gianina,Pearcy,gpearcyrq@histats.com,Female,Ireland,Kanturk,-8.9342111,52.182304
1000,Traver,McBride,tmcbriderr@wix.com,Male,Ireland,Monkstown,-8.9775014,52.8314927
