id,first_name,last_name,email,gender,country,city,lon,lat
1,Gisele,Whewell,gwhewell0@furl.net,Female,Ireland,Stradbally,-8.5054897,52.7107501
2,Gerri,Jeandel,gjeandel1@a8.net,Male,Ireland,Aghada,-8.4627451,54.25645
3,Myca,Millership,mmillership2@senate.gov,Male,Ireland,Rathangan,-6.9898366,53.2265199
4,Wilbert,Tinn,wtinn3@jigsy.com,Male,Ireland,Midleton,-8.1722173,51.9138694
5,Lian,March,lmarch4@webnode.com,Female,Ireland,Rathwire,-7.145971,53.508326
6,Anna-diane,Berlin,aberlin5@discuz.net,Female,Ireland,Castleblayney,-6.64937,54.10269
7,Rosalind,Lumbly,rlumbly6@barnesandnoble.com,Female,Ireland,Dungloe,-6.3695384,53.3734053
8,Nevin,Travis,ntravis7@miibeian.gov.cn,Male,Ireland,Killumney,-8.6340751,52.6638144
9,Hulda,Farlowe,hfarlowe8@merriam-webster.com,Female,Ireland,Nenagh,-8.2001004,52.86326
10,Caryn,Pearsey,cpearsey9@dropbox.com,Female,Ireland,Castlepollard,-7.2979911,53.6785169
11,Grayce,Stirrup,gstirrupa@pagesperso-orange.fr,Female,Ireland,Killumney,-8.6340751,52.6638144
12,Nickola,Quantrill,nquantrillb@elpais.com,Male,Ireland,Youghal,-7.8434254,51.949401
13,Noami,Vannuccinii,nvannucciniic@tiny.cc,Bigender,Ireland,Claremorris,-8.334953,51.8610022
14,Kayla,Gallear,kgalleard@netlog.com,Polygender,Ireland,Kinlough,-6.1136478,53.2121335
15,Clarine,Cattanach,ccattanache@edublogs.org,Female,Ireland,Old Kilcullen,-6.7449927,53.1310185
16,Susette,Collishaw,scollishawf@usda.gov,Female,Ireland,Tullamore,-7.518792,53.284466
17,Barnabe,Denacamp,bdenacampg@hugedomains.com,Male,Ireland,Youghal,-7.8434254,51.949401
18,Stormi,Rebichon,srebichonh@usda.gov,Female,Ireland,Bundoran,-8.2817353,54.4771768
19,Giralda,Dodshun,gdodshuni@dyndns.org,Female,Ireland,Naas,-6.67045,53.213319
20,Trevor,Kirvell,tkirvellj@ucsd.edu,Male,Ireland,Castlepollard,-7.2979911,53.6785169
21,Shurwood,Cockett,scockettk@etsy.com,Genderfluid,Ireland,Crossmolina,-6.473025,54.0086093
22,Marve,Valentine,mvalentinel@icio.us,Male,Ireland,Ballinroad,-7.5717688,52.1045472
23,Prentiss,Joicey,pjoiceym@walmart.com,Bigender,Ireland,Gorey,-6.308522,52.665267
24,Thain,Gartshore,tgartshoren@google.ru,Male,Ireland,Dunleer,-8.5176583,51.8863277
25,Adena,Lonnon,alonnono@hao123.com,Female,Ireland,Castlemartyr,-8.05,51.9166667
26,Danie,Lochead,dlocheadp@upenn.edu,Male,Ireland,Sutton,-6.1097188,53.3895926
27,Artemis,Strase,astraseq@wikia.com,Male,Ireland,Bearna,-6.2340942,53.2993199
28,Anderson,Hawker,ahawkerr@sciencedaily.com,Male,Ireland,Daingean,-7.1297243,52.2509369
29,Adelice,Sedgefield,asedgefields@youku.com,Female,Ireland,Claremorris,-8.334953,51.8610022
30,Mayne,Pietasch,mpietascht@newyorker.com,Male,Ireland,Ardee,-8.4784945,51.8815586
31,Chrissie,De Haven,cdehavenu@pagesperso-orange.fr,Genderqueer,Ireland,Kildare,-6.9140788,53.169971
32,Romola,Leemans,rleemansv@geocities.com,Female,Ireland,Dunlewy,-6.1157412,53.2774963
33,Darda,Cotter,dcotterw@typepad.com,Female,Ireland,Clonskeagh,-6.2387374,53.3141205
34,Marnia,Matissoff,mmatissoffx@independent.co.uk,Female,Ireland,Clones,-7.2314132,54.1794814
35,Priscella,Leggis,pleggisy@netvibes.com,Female,Ireland,Bayside,-9.1097137,53.2582868
36,Ennis,Bielfeld,ebielfeldz@parallels.com,Male,Ireland,Dalkey,-6.1072403,53.2780047
37,Claresta,Ginsie,cginsie10@4shared.com,Female,Ireland,Manorhamilton,-8.1722002,54.3051891
38,Archambault,Simonett,asimonett11@constantcontact.com,Male,Ireland,Clones,-7.2314132,54.1794814
39,Faun,Wilmott,fwilmott12@cnet.com,Genderfluid,Ireland,Sandyford,-6.3422325,53.719155
40,Dur,Surguine,dsurguine13@netscape.com,Male,Ireland,Piltown,-6.3025448,53.6920618
41,Tom,Pahler,tpahler14@yolasite.com,Genderfluid,Ireland,Moville,-8.4242597,51.8910459
42,Dexter,Daunay,ddaunay15@posterous.com,Male,Ireland,Clondalkin,-6.4496384,53.3582341
43,Blaine,Ugolotti,bugolotti16@spotify.com,Male,Ireland,Dunmanway,-9.1115941,51.7203863
44,Minnnie,Le Breton,mlebreton17@cafepress.com,Female,Ireland,Mullagh,-8.4977746,51.8895954
45,Kinny,Schlag,kschlag18@technorati.com,Polygender,Ireland,Annacotty,-8.5369154,52.6681994
46,Jeannie,Hurdman,jhurdman19@bloglovin.com,Genderqueer,Ireland,Sandyford,-6.3422325,53.719155
47,Corrianne,Comar,ccomar1a@mail.ru,Female,Ireland,Cloyne,-6.2398782,53.32112
48,Stafford,Danet,sdanet1b@4shared.com,Male,Ireland,Castlebridge,-6.5853664,53.378253
49,Alexandrina,Boyall,aboyall1c@friendfeed.com,Female,Ireland,Clonskeagh,-6.2387374,53.3141205
50,Pavla,Mattheeuw,pmattheeuw1d@t.co,Female,Ireland,Swinford,-8.9480659,53.940892
51,Olenolin,Gawler,ogawler1e@sun.com,Male,Ireland,Cherryville,-7.1111732,52.2513095
52,Evania,Billsberry,ebillsberry1f@vimeo.com,Female,Ireland,Watergrasshill,-8.337871,52.0097259
53,Caroljean,Daenen,cdaenen1g@youtube.com,Female,Ireland,Blarney,-8.8562835,53.510243
54,Phil,Daynter,pdaynter1h@addtoany.com,Female,Ireland,Castlebridge,-6.5853664,53.378253
55,Noami,Christophersen,nchristophersen1i@ca.gov,Female,Ireland,Carrigtwohill,-8.259128,51.908209
56,Gran,Josofovitz,gjosofovitz1j@archive.org,Male,Ireland,Drumcondra,-8.445614,51.8885086
57,Marci,Gwyer,mgwyer1k@e-recht24.de,Female,Ireland,Carrigaline,-8.3929404,51.8113447
58,Blondelle,Dyhouse,bdyhouse1l@wufoo.com,Female,Ireland,Kiltamagh,-8.9949917,53.8533151
59,Jeffrey,Gaynsford,jgaynsford1m@cyberchimps.com,Male,Ireland,Lusk,-6.1535181,53.5220275
60,Silvio,Drife,sdrife1n@marriott.com,Male,Ireland,Monaghan,-7.0943023,54.2694844
61,Jud,Zannelli,jzannelli1o@skype.com,Male,Ireland,Cobh,-8.298942,51.848898
62,Edgard,Frake,efrake1p@godaddy.com,Male,Ireland,Malahide,-6.1479779,53.450694
63,Dario,Matuszyk,dmatuszyk1q@netvibes.com,Male,Ireland,Castleknock,-9.0248232,53.2760162
64,Lenora,Perillo,lperillo1r@harvard.edu,Agender,Ireland,Bayside,-9.1097137,53.2582868
65,Tibold,Espinho,tespinho1s@github.com,Male,Ireland,Booterstown,-6.1979853,53.3046353
66,Rhona,Jepensen,rjepensen1t@paginegialle.it,Female,Ireland,Loughrea,-6.3506335,53.2911347
67,Stanfield,Falls,sfalls1u@e-recht24.de,Male,Ireland,Bayside,-9.1097137,53.2582868
68,Kinnie,Draye,kdraye1v@businesswire.com,Male,Ireland,Mallow,-8.642661,52.1361219
69,Dunstan,Couttes,dcouttes1w@arizona.edu,Male,Ireland,Donabate,-6.1544115,53.4855448
70,Stillmann,Fyall,sfyall1x@va.gov,Male,Ireland,Listowel,-9.4851741,52.4460804
71,Sonnie,Dunks,sdunks1y@nytimes.com,Male,Ireland,Ardee,-8.4784945,51.8815586
72,Rosetta,Chesson,rchesson1z@psu.edu,Female,Ireland,Portumna,-8.2215941,53.0917381
73,Faun,Trusse,ftrusse20@cbsnews.com,Female,Ireland,Gorey,-6.308522,52.665267
74,Christy,Aguilar,caguilar21@vk.com,Male,Ireland,Gorey,-6.308522,52.665267
75,Valeria,Tomik,vtomik22@wunderground.com,Female,Ireland,Castleknock,-9.0248232,53.2760162
76,Rosemonde,Falcus,rfalcus23@nih.gov,Female,Ireland,Old Kilcullen,-6.7449927,53.1310185
77,Phoebe,Stirton,pstirton24@cornell.edu,Female,Ireland,Kilkenny,-7.2584,52.655184
78,Lauraine,Beedon,lbeedon25@java.com,Female,Ireland,Castlebridge,-6.5853664,53.378253
79,Willdon,Rudyard,wrudyard26@go.com,Male,Ireland,Tullyallen,-6.4241156,53.7369009
80,Dolph,Canton,dcanton27@yellowpages.com,Male,Ireland,Blarney,-8.8562835,53.510243
81,Brooks,Heggadon,bheggadon28@bandcamp.com,Female,Ireland,Tower,-80.7087609,35.7797381
82,Rennie,Llewhellin,rllewhellin29@eventbrite.com,Female,Ireland,Boyle,-8.2969737,53.9735591
83,Jim,Baudon,jbaudon2a@slideshare.net,Male,Ireland,Kilmacanoge,-6.139018,53.171935
84,Stevena,Maystone,smaystone2b@creativecommons.org,Female,Ireland,Kildare,-6.9140788,53.169971
85,Keeley,Boodle,kboodle2c@netvibes.com,Female,Ireland,Castlepollard,-7.2979911,53.6785169
86,Hetty,Hanalan,hhanalan2d@pen.io,Female,Ireland,Tullyallen,-6.4241156,53.7369009
87,Wynne,Huntingdon,whuntingdon2e@cpanel.net,Female,Ireland,Monasterevin,-7.0625888,53.1387595
88,Winny,Woodes,wwoodes2f@drupal.org,Male,Ireland,Ballymun,-6.264963,53.3897152
89,Humfrey,Jerzak,hjerzak2g@printfriendly.com,Male,Ireland,Ballivor,-6.1191333,53.1915379
90,Robbie,Kemsley,rkemsley2h@t-online.de,Female,Ireland,Shankill,-6.124065,53.231395
91,Chase,Fishly,cfishly2i@narod.ru,Male,Ireland,Leixlip,-6.4887534,53.3653866
92,Madelina,Tiery,mtiery2j@mozilla.org,Female,Ireland,Daingean,-7.1297243,52.2509369
93,Angelo,Sarah,asarah2k@skyrock.com,Male,Ireland,Raphoe,-8.2755058,52.2627273
94,Mateo,Glendenning,mglendenning2l@economist.com,Male,Ireland,Sandymount,-6.2152673,53.3323703
95,Victoir,Charlick,vcharlick2m@technorati.com,Male,Ireland,Newmarket on Fergus,-8.8950821,52.7604883
96,Jane,Dalston,jdalston2n@usgs.gov,Genderfluid,Ireland,Ballyjamesduff,-7.086877,53.8363325
97,Sharai,Everleigh,severleigh2o@eepurl.com,Female,Ireland,Trá Mhór,-9.0197835,53.2736466
98,Oneida,Meiklam,omeiklam2p@webmd.com,Female,Ireland,Castlerea,-8.6346959,53.7423435
99,Angelina,Ecclesall,aecclesall2q@ibm.com,Female,Ireland,Kinnegad,-9.1327273,53.806868
100,Domenico,Atrill,datrill2r@prnewswire.com,Male,Ireland,Farranacoush,-8.5171384,51.876873
101,Osbourn,Deluce,odeluce2s@princeton.edu,Male,Ireland,Ballyboden,-6.3049392,53.3021194
102,Price,D'Antuoni,pdantuoni2t@jimdo.com,Male,Ireland,Cill Airne,-6.2890702,53.3201497
103,Hiram,McKmurrie,hmckmurrie2u@mysql.com,Male,Ireland,Killorglin,-9.7850991,52.1058991
104,Irv,Swancott,iswancott2v@bizjournals.com,Male,Ireland,Donegal,-8.5946591,54.632283
105,Barry,Vereker,bvereker2w@addthis.com,Male,Ireland,Dunlewy,-6.1157412,53.2774963
106,Darline,Bigby,dbigby2x@storify.com,Female,Ireland,Watergrasshill,-8.337871,52.0097259
107,Margery,Lucken,mlucken2y@list-manage.com,Female,Ireland,Athy,-6.9858993,53.0018699
108,Ardeen,McPhate,amcphate2z@acquirethisname.com,Female,Ireland,Ratoath,-6.4671298,53.5050031
109,Shoshanna,Wasiela,swasiela30@123-reg.co.uk,Female,Ireland,Eadestown,-6.590926,53.1936864
110,Charlton,McCurdy,cmccurdy31@google.ru,Male,Ireland,Castlebridge,-6.5853664,53.378253
111,Emelia,Rollins,erollins32@over-blog.com,Non-binary,Ireland,Kingscourt,-6.2755912,53.3500473
112,Dani,Fishbourn,dfishbourn33@deviantart.com,Male,Ireland,Athy,-6.9858993,53.0018699
113,Bowie,Humble,bhumble34@phoca.cz,Genderqueer,Ireland,Daingean,-7.1297243,52.2509369
114,Caren,Birdis,cbirdis35@twitpic.com,Female,Ireland,Kilmacanoge,-6.139018,53.171935
115,Stafford,Partlett,spartlett36@whitehouse.gov,Male,Ireland,Tralee,-7.0833118,52.2413206
116,Robbin,Celloni,rcelloni37@dailymail.co.uk,Female,Ireland,Crumlin,-6.3048641,53.3284298
117,Lori,Haukey,lhaukey38@hc360.com,Bigender,Ireland,Cherryville,-7.1111732,52.2513095
118,Brucie,Plumridge,bplumridge39@technorati.com,Male,Ireland,Tullyallen,-6.4241156,53.7369009
119,Brewer,Snuggs,bsnuggs3a@naver.com,Male,Ireland,Cluain Meala,-6.2611953,53.3881832
120,Chadd,Blowes,cblowes3b@columbia.edu,Male,Ireland,Drumcondra,-8.445614,51.8885086
121,Denna,Tollow,dtollow3c@mlb.com,Female,Ireland,Bailieborough,-6.9711886,53.916791
122,Ewen,Pothecary,epothecary3d@ox.ac.uk,Male,Ireland,Carrigaline,-8.3929404,51.8113447
123,Lothario,Cheer,lcheer3e@1und1.de,Male,Ireland,Crossmolina,-6.473025,54.0086093
124,Addison,Masi,amasi3f@tripadvisor.com,Male,Ireland,Cluain Meala,-6.2611953,53.3881832
125,Aube,Hulett,ahulett3g@wsj.com,Male,Ireland,Midleton,-8.1722173,51.9138694
126,Denyse,Weddell,dweddell3h@delicious.com,Female,Ireland,Dungloe,-6.3695384,53.3734053
127,Malvina,Farmery,mfarmery3i@marketwatch.com,Female,Ireland,Arklow,-8.4523258,51.880525
128,Gasparo,Hebbron,ghebbron3j@clickbank.net,Male,Ireland,Castlepollard,-7.2979911,53.6785169
129,Aubree,Kesterton,akesterton3k@slashdot.org,Female,Ireland,Coolock,-6.1920933,53.3916434
130,Lucienne,Akram,lakram3l@ask.com,Female,Ireland,Templeogue,-6.3219759,53.2976886
131,Emmeline,Casellas,ecasellas3m@reverbnation.com,Female,Ireland,Ballymahon,-7.7655701,53.5650926
132,Lu,Pickrill,lpickrill3n@cocolog-nifty.com,Female,Ireland,Athy,-6.9858993,53.0018699
133,Meir,Pawelczyk,mpawelczyk3o@myspace.com,Male,Ireland,Portarlington,-7.185387,53.158984
134,Nobe,Espie,nespie3p@last.fm,Male,Ireland,Donegal,-8.5946591,54.632283
135,Maddie,Andreaccio,mandreaccio3q@flavors.me,Male,Ireland,Birr,-7.9139891,53.0949398
136,Jamison,Senecaut,jsenecaut3r@cnbc.com,Male,Ireland,Clifden,-10.022186,53.488087
137,Hamlen,Bedinham,hbedinham3s@prlog.org,Male,Ireland,Muff,-7.269174,55.0650892
138,Rickard,Wayt,rwayt3t@amazon.co.jp,Male,Ireland,Milltown,-7.9027266,53.4148582
139,Clive,Shemming,cshemming3u@histats.com,Male,Ireland,Loughrea,-6.3506335,53.2911347
140,Danie,Wogden,dwogden3v@ezinearticles.com,Male,Ireland,Sutton,-6.1097188,53.3895926
141,Rodge,Maddern,rmaddern3w@dailymotion.com,Male,Ireland,Moville,-8.4242597,51.8910459
142,Fraser,Keemer,fkeemer3x@boston.com,Male,Ireland,Ballyjamesduff,-7.086877,53.8363325
143,Lev,Vanichkin,lvanichkin3y@state.gov,Male,Ireland,Midleton,-8.1722173,51.9138694
144,Caresa,Bampkin,cbampkin3z@harvard.edu,Female,Ireland,Rathwire,-7.145971,53.508326
145,Fonsie,Cloonan,fcloonan40@whitehouse.gov,Male,Ireland,Raphoe,-8.2755058,52.2627273
146,Rudolf,Claricoats,rclaricoats41@columbia.edu,Non-binary,Ireland,Lusk,-6.1535181,53.5220275
147,Cloris,Jakoubec,cjakoubec42@deviantart.com,Female,Ireland,Farranacoush,-8.5171384,51.876873
148,Gaile,Titterrell,gtitterrell43@time.com,Male,Ireland,Old Kilcullen,-6.7449927,53.1310185
149,Sutton,Sarver,ssarver44@joomla.org,Male,Ireland,Gweedore,-9.0288689,53.2737147
150,Dita,Hares,dhares45@naver.com,Female,Ireland,Clogherhead,-6.2429997,53.7902634
151,John,Drezzer,jdrezzer46@google.fr,Male,Ireland,Dublin,-6.2427004,53.3347733
152,Eolande,Cymper,ecymper47@sphinn.com,Female,Ireland,Ballivor,-6.1191333,53.1915379
153,Ashby,Kenrick,akenrick48@bandcamp.com,Male,Ireland,Aughrim,-6.366762,53.2987724
154,Leta,Haresign,lharesign49@statcounter.com,Female,Ireland,Moville,-8.4242597,51.8910459
155,Che,McKleod,cmckleod4a@yahoo.com,Polygender,Ireland,Dundrum,-6.2508196,53.2866372
156,Sarah,Gascone,sgascone4b@unicef.org,Female,Ireland,Raheny,-6.1820563,53.3786861
157,Magda,Willoughley,mwilloughley4c@tumblr.com,Genderfluid,Ireland,Adare,-6.176659,53.4487975
158,Karyn,Nayer,knayer4d@whitehouse.gov,Female,Ireland,Monaghan,-7.0943023,54.2694844
159,Trudy,Hark,thark4e@chron.com,Female,Ireland,Ballyjamesduff,-7.086877,53.8363325
160,Ailyn,Kief,akief4f@de.vu,Female,Ireland,Ballinroad,-7.5717688,52.1045472
161,Jefferson,Wyvill,jwyvill4g@who.int,Male,Ireland,Swords,-6.2071246,53.4562426
162,Van,Verbeek,vverbeek4h@tamu.edu,Female,Ireland,Muff,-7.269174,55.0650892
163,Mackenzie,Giacaponi,mgiacaponi4i@scientificamerican.com,Male,Ireland,Arklow,-8.4523258,51.880525
164,Archambault,Guitton,aguitton4j@buzzfeed.com,Male,Ireland,Dunlewy,-6.1157412,53.2774963
165,Bryn,Crambie,bcrambie4k@tiny.cc,Male,Ireland,Farranacoush,-8.5171384,51.876873
166,Jae,Chugg,jchugg4l@blog.com,Male,Ireland,Longwood,-6.2892907,53.310122
167,Ottilie,Simeonov,osimeonov4m@senate.gov,Female,Ireland,Dunleer,-8.5176583,51.8863277
168,Tamqrah,Huggin,thuggin4n@a8.net,Genderfluid,Ireland,Castleblayney,-6.64937,54.10269
169,Georgie,Coton,gcoton4o@friendfeed.com,Female,Ireland,Glasnevin,-6.266734,53.3829319
170,Kahlil,Trusty,ktrusty4p@toplist.cz,Male,Ireland,Valleymount,-6.3077823,53.3655256
171,Ranique,Ziehm,rziehm4q@jiathis.com,Female,Ireland,Kill,-6.5924609,53.2482376
172,Angus,Hoolaghan,ahoolaghan4r@nature.com,Male,Ireland,Cherryville,-7.1111732,52.2513095
173,Ase,McGinnis,amcginnis4s@yahoo.com,Male,Ireland,Valleymount,-6.3077823,53.3655256
174,Arvie,Biaggioli,abiaggioli4t@shop-pro.jp,Male,Ireland,Granard,-7.5011999,53.776647
175,Fairlie,Hatz,fhatz4u@comsenz.com,Male,Ireland,Shankill,-6.124065,53.231395
176,Elwira,Pickerin,epickerin4v@paypal.com,Female,Ireland,Ballisodare,-8.5070436,54.2109904
177,Mufinella,Blitzer,mblitzer4w@istockphoto.com,Non-binary,Ireland,Dungarvan,-6.1822287,53.3788495
178,Tannie,Pipet,tpipet4x@photobucket.com,Male,Ireland,Athy,-6.9858993,53.0018699
179,Vidovic,Soggee,vsoggee4y@storify.com,Male,Ireland,Caherconlish,-8.3545704,52.5593605
180,Fernando,Hargess,fhargess4z@princeton.edu,Male,Ireland,Granard,-7.5011999,53.776647
181,Luther,Simeone,lsimeone50@cam.ac.uk,Male,Ireland,Malahide,-6.1479779,53.450694
182,Killian,Dybald,kdybald51@skyrock.com,Male,Ireland,Skerries,-6.1349155,53.5834008
183,Stephana,Hizir,shizir52@businessweek.com,Female,Ireland,Ballyhaunis,-8.7683674,53.7942932
184,Mozes,Kobpal,mkobpal53@fotki.com,Male,Ireland,Cobh,-8.298942,51.848898
185,Gretal,Carwithim,gcarwithim54@cafepress.com,Female,Ireland,Daingean,-7.1297243,52.2509369
186,Michele,Simonato,msimonato55@sphinn.com,Female,Ireland,Kilmacanoge,-6.139018,53.171935
187,Elane,McKimmie,emckimmie56@w3.org,Female,Ireland,Booterstown,-6.1979853,53.3046353
188,Sibilla,Partleton,spartleton57@washington.edu,Female,Ireland,Kanturk,-8.9342111,52.182304
189,Sibella,Popplewell,spopplewell58@intel.com,Female,Ireland,Lucan,-9.4904891,52.6396679
190,Bendicty,Adaway,badaway59@amazon.com,Genderfluid,Ireland,Dún Laoghaire,-6.133718,53.291512
191,Creighton,Eplate,ceplate5a@reverbnation.com,Male,Ireland,Youghal,-7.8434254,51.949401
192,Seymour,Lindermann,slindermann5b@wordpress.com,Male,Ireland,Oranmore,-9.7359765,54.1433253
193,Way,Mathieu,wmathieu5c@fc2.com,Male,Ireland,Shankill,-6.124065,53.231395
194,Pooh,Rustman,prustman5d@google.cn,Genderqueer,Ireland,Crumlin,-6.3048641,53.3284298
195,Petronille,Tungay,ptungay5e@theglobeandmail.com,Female,Ireland,Watergrasshill,-8.337871,52.0097259
196,Johnathan,Itzakovitz,jitzakovitz5f@etsy.com,Male,Ireland,Watergrasshill,-8.337871,52.0097259
197,Francine,Kinnear,fkinnear5g@cocolog-nifty.com,Female,Ireland,Kilkenny,-7.2584,52.655184
198,Edin,Riseley,eriseley5h@forbes.com,Bigender,Ireland,Bearna,-6.2340942,53.2993199
199,Kellina,Brayson,kbrayson5i@nationalgeographic.com,Female,Ireland,Aughrim,-6.366762,53.2987724
200,Benn,Renouf,brenouf5j@upenn.edu,Polygender,Ireland,Cobh,-8.298942,51.848898
201,Samuel,Gillitt,sgillitt5k@forbes.com,Male,Ireland,Beaumont,-6.2057463,53.3870149
202,Marlo,Sissland,msissland5l@epa.gov,Male,Ireland,Foxrock,-6.1011147,53.2000455
203,Antone,Bollam,abollam5m@reddit.com,Male,Ireland,Nenagh,-8.2001004,52.86326
204,Barn,Flett,bflett5n@1688.com,Male,Ireland,Nenagh,-8.2001004,52.86326
205,Hinda,Boultwood,hboultwood5o@seesaa.net,Female,Ireland,Fermoy,-9.5003786,52.4458588
206,Adelaide,Imlock,aimlock5p@home.pl,Female,Ireland,Boyle,-8.2969737,53.9735591
207,Samson,Thorius,sthorius5q@joomla.org,Male,Ireland,Longwood,-6.2892907,53.310122
208,Giordano,Linnemann,glinnemann5r@cdc.gov,Male,Ireland,Kanturk,-8.9342111,52.182304
209,Beryle,Moine,bmoine5s@nyu.edu,Female,Ireland,Confey,-6.5028415,53.3806398
210,Casandra,Tripean,ctripean5t@msu.edu,Female,Ireland,Tullyallen,-6.4241156,53.7369009
211,Giacobo,Loachhead,gloachhead5u@nymag.com,Genderqueer,Ireland,Swords,-6.2071246,53.4562426
212,Rafa,Pezey,rpezey5v@nytimes.com,Female,Ireland,Skibbereen,-9.268589,51.549106
213,Verine,Odams,vodams5w@gmpg.org,Female,Ireland,Sutton,-6.1097188,53.3895926
214,Bryana,Bernardino,bbernardino5x@flickr.com,Female,Ireland,Loughrea,-6.3506335,53.2911347
215,Travus,Sinclaire,tsinclaire5y@gov.uk,Male,Ireland,Nenagh,-8.2001004,52.86326
216,Bobinette,McVicar,bmcvicar5z@multiply.com,Polygender,Ireland,Charlesland,-6.0690645,53.1257486
217,Gabrila,Duligall,gduligall60@accuweather.com,Non-binary,Ireland,Sallins,-6.6633404,53.2492381
218,Eduardo,Mateescu,emateescu61@feedburner.com,Male,Ireland,Dublin,-6.2427004,53.3347733
219,Gwenneth,Lackie,glackie62@examiner.com,Female,Ireland,Loughrea,-6.3506335,53.2911347
220,Erek,Twinbourne,etwinbourne63@constantcontact.com,Male,Ireland,Tallaght,-6.3660863,53.2874153
221,Benton,Salvatore,bsalvatore64@uiuc.edu,Male,Ireland,Rathangan,-6.9898366,53.2265199
222,Maia,Dady,mdady65@irs.gov,Female,Ireland,Kanturk,-8.9342111,52.182304
223,Minnaminnie,Edlyn,medlyn66@fotki.com,Female,Ireland,Milltown,-7.9027266,53.4148582
224,Arlana,Dargue,adargue67@mac.com,Female,Ireland,Killumney,-8.6340751,52.6638144
225,Garrek,Iuorio,giuorio68@wp.com,Male,Ireland,Ballivor,-6.1191333,53.1915379
226,Lorette,Saipy,lsaipy69@prweb.com,Female,Ireland,Ballymahon,-7.7655701,53.5650926
227,Kattie,Nugent,knugent6a@kickstarter.com,Female,Ireland,Ballymun,-6.264963,53.3897152
228,Leelah,Bernot,lbernot6b@washingtonpost.com,Female,Ireland,Malahide,-6.1479779,53.450694
229,Della,Ballentime,dballentime6c@buzzfeed.com,Female,Ireland,Donnybrook,-6.2324705,53.3177535
230,Marion,Dwire,mdwire6d@dyndns.org,Male,Ireland,Clondalkin,-6.4496384,53.3582341
231,Roanne,Oylett,roylett6e@hugedomains.com,Female,Ireland,Claremorris,-8.334953,51.8610022
232,Agathe,Tweedy,atweedy6f@scientificamerican.com,Female,Ireland,Macroom,-8.958931,51.904635
233,Annabell,Carrington,acarrington6g@amazonaws.com,Female,Ireland,Sandymount,-6.2152673,53.3323703
234,Gale,Hearnden,ghearnden6h@barnesandnoble.com,Female,Ireland,Sutton,-6.1097188,53.3895926
235,Brinn,Rothchild,brothchild6i@hibu.com,Female,Ireland,Whitegate,-6.3539424,53.3666338
236,Joshia,Rembaud,jrembaud6j@goodreads.com,Male,Ireland,Sandyford,-6.3422325,53.719155
237,Rockwell,Clissell,rclissell6k@qq.com,Male,Ireland,Swords,-6.2071246,53.4562426
238,Jenni,Steckings,jsteckings6l@tripod.com,Female,Ireland,Ashbourne,-6.1215213,53.2724538
239,Huntington,Aggas,haggas6m@flavors.me,Male,Ireland,Crumlin,-6.3048641,53.3284298
240,Fidole,Huffa,fhuffa6n@sfgate.com,Male,Ireland,Nenagh,-8.2001004,52.86326
241,Belva,Altofts,baltofts6o@comcast.net,Female,Ireland,Bayside,-9.1097137,53.2582868
242,Eva,Mahady,emahady6p@dmoz.org,Female,Ireland,Monkstown,-8.9775014,52.8314927
243,Gard,Dungate,gdungate6q@vkontakte.ru,Male,Ireland,Templeogue,-6.3219759,53.2976886
244,Isis,Ghilks,ighilks6r@homestead.com,Female,Ireland,Kinnegad,-9.1327273,53.806868
245,Berky,Daens,bdaens6s@quantcast.com,Genderqueer,Ireland,Gort,-8.9791425,52.8638391
246,Estevan,Rettie,erettie6t@is.gd,Genderfluid,Ireland,Granard,-7.5011999,53.776647
247,Jase,Stoeck,jstoeck6u@nydailynews.com,Male,Ireland,Loughrea,-6.3506335,53.2911347
248,Chad,Peacock,cpeacock6v@parallels.com,Male,Ireland,Navan,-6.313755,53.366736
249,Nancee,Eberts,neberts6w@marketwatch.com,Female,Ireland,Carrigtwohill,-8.259128,51.908209
250,Reade,Bambery,rbambery6x@nifty.com,Male,Ireland,Crossmolina,-6.473025,54.0086093
251,Dion,Dunstall,ddunstall6y@theguardian.com,Male,Ireland,Bagenalstown,-6.9692181,52.7009338
252,Camala,Offener,coffener6z@freewebs.com,Female,Ireland,Ballina,-9.151825,54.11215
253,Carolyn,Boshell,cboshell70@ning.com,Female,Ireland,Aghada,-8.4627451,54.25645
254,Tracy,Hauger,thauger71@jiathis.com,Male,Ireland,Tallaght,-6.3660863,53.2874153
255,Victor,Gale,vgale72@weather.com,Male,Ireland,Kinnegad,-9.1327273,53.806868
256,Morgan,Chaudron,mchaudron73@tmall.com,Male,Ireland,Lusk,-6.1535181,53.5220275
257,Zerk,Pope,zpope74@geocities.jp,Male,Ireland,Skerries,-6.1349155,53.5834008
258,Rossy,Pulham,rpulham75@51.la,Male,Ireland,Bayside,-9.1097137,53.2582868
259,Abelard,Lythgoe,alythgoe76@4shared.com,Male,Ireland,Daingean,-7.1297243,52.2509369
260,Bonnie,Bucky,bbucky77@histats.com,Female,Ireland,Thomastown,-6.7434401,53.2229873
261,Danya,Bambrick,dbambrick78@zdnet.com,Male,Ireland,Midleton,-8.1722173,51.9138694
262,Osbourne,Mounsie,omounsie79@bbc.co.uk,Male,Ireland,Gweedore,-9.0288689,53.2737147
263,Benedetto,Threlkeld,bthrelkeld7a@geocities.com,Male,Ireland,Raheny,-6.1820563,53.3786861
264,Julee,Brixham,jbrixham7b@stumbleupon.com,Non-binary,Ireland,Beaumont,-6.2057463,53.3870149
265,Robinson,Stoakes,rstoakes7c@yahoo.com,Male,Ireland,Ballina,-9.151825,54.11215
266,Curtice,Miliffe,cmiliffe7d@histats.com,Male,Ireland,Dunleer,-8.5176583,51.8863277
267,Andra,O'Flaherty,aoflaherty7e@cnbc.com,Female,Ireland,Greenhills,-6.336393,53.3122864
268,Karoly,Abbys,kabbys7f@mediafire.com,Female,Ireland,Kinlough,-6.1136478,53.2121335
269,Sherill,Tinton,stinton7g@forbes.com,Female,Ireland,Birr,-7.9139891,53.0949398
270,Pren,Cyster,pcyster7h@marketwatch.com,Male,Ireland,Blarney,-8.8562835,53.510243
271,Lori,St. Quentin,lstquentin7i@twitpic.com,Female,Ireland,Swinford,-8.9480659,53.940892
272,Sylas,Aiston,saiston7j@github.com,Male,Ireland,Midleton,-8.1722173,51.9138694
273,Wainwright,Belin,wbelin7k@altervista.org,Male,Ireland,Cashel,-7.888894,52.516323
274,Justine,Twelve,jtwelve7l@latimes.com,Female,Ireland,Athy,-6.9858993,53.0018699
275,Kev,Maven,kmaven7m@a8.net,Male,Ireland,Coolock,-6.1920933,53.3916434
276,Jilleen,Pattenden,jpattenden7n@utexas.edu,Female,Ireland,Ferbane,-8.4824714,51.8862378
277,Aloise,Drewry,adrewry7o@ucoz.com,Female,Ireland,Ballinroad,-7.5717688,52.1045472
278,Hayden,Botte,hbotte7p@miibeian.gov.cn,Male,Ireland,Donabate,-6.1544115,53.4855448
279,Peterus,Kingzet,pkingzet7q@nyu.edu,Male,Ireland,Moville,-8.4242597,51.8910459
280,Germain,Kibbee,gkibbee7r@irs.gov,Female,Ireland,Sandyford,-6.3422325,53.719155
281,Lemar,Marrian,lmarrian7s@umn.edu,Genderqueer,Ireland,Dún Laoghaire,-6.133718,53.291512
282,Bale,Stainton,bstainton7t@cornell.edu,Male,Ireland,Donnybrook,-6.2324705,53.3177535
283,Jacquette,Chessel,jchessel7u@wikimedia.org,Female,Ireland,Dunleer,-8.5176583,51.8863277
284,Gaylor,Dellatorre,gdellatorre7v@youtube.com,Male,Ireland,Donegal,-8.5946591,54.632283
285,Gertrude,Meneo,gmeneo7w@nsw.gov.au,Female,Ireland,Prosperous,-6.7515223,53.2888321
286,Alric,Lydiate,alydiate7x@economist.com,Male,Ireland,Tullamore,-7.518792,53.284466
287,Justine,Vaughten,jvaughten7y@umn.edu,Female,Ireland,Crumlin,-6.3048641,53.3284298
288,Diane,Jellett,djellett7z@ebay.com,Female,Ireland,Midleton,-8.1722173,51.9138694
289,Sara,Demsey,sdemsey80@imgur.com,Female,Ireland,Clondalkin,-6.4496384,53.3582341
290,Yul,Togher,ytogher81@de.vu,Male,Ireland,Bearna,-6.2340942,53.2993199
291,Butch,Elderfield,belderfield82@bloglovin.com,Male,Ireland,Rathnew,-6.374155,53.3223974
292,Burnaby,Mardall,bmardall83@e-recht24.de,Genderfluid,Ireland,Bantry,-9.448724,51.680591
293,Eleanora,Broodes,ebroodes84@accuweather.com,Female,Ireland,Sallins,-6.6633404,53.2492381
294,Lin,Syphus,lsyphus85@homestead.com,Male,Ireland,Cill Airne,-6.2890702,53.3201497
295,Balduin,Artist,bartist86@umn.edu,Male,Ireland,Swords,-6.2071246,53.4562426
296,Issie,Corney,icorney87@icio.us,Female,Ireland,Bundoran,-8.2817353,54.4771768
297,Blancha,Franiak,bfraniak88@army.mil,Female,Ireland,Bundoran,-8.2817353,54.4771768
298,Jo,Kitter,jkitter89@usgs.gov,Male,Ireland,Skerries,-6.1349155,53.5834008
299,Diana,Buxcey,dbuxcey8a@yahoo.com,Female,Ireland,Moville,-8.4242597,51.8910459
300,Trumann,Maddy,tmaddy8b@webs.com,Male,Ireland,Carrigaline,-8.3929404,51.8113447
301,Koenraad,Torel,ktorel8c@state.tx.us,Male,Ireland,Gweedore,-9.0288689,53.2737147
302,Normand,Denecamp,ndenecamp8d@hhs.gov,Male,Ireland,Kinsale,-6.251714,53.3169419
303,Aida,Hellikes,ahellikes8e@nyu.edu,Genderqueer,Ireland,Booterstown,-6.1979853,53.3046353
304,Kerby,Gingell,kgingell8f@mtv.com,Agender,Ireland,Old Kilcullen,-6.7449927,53.1310185
305,Travers,Dmitrienko,tdmitrienko8g@w3.org,Male,Ireland,Clifden,-10.022186,53.488087
306,Obie,Bradder,obradder8h@nationalgeographic.com,Male,Ireland,Farranacoush,-8.5171384,51.876873
307,Latrina,Gittus,lgittus8i@arizona.edu,Female,Ireland,Booterstown,-6.1979853,53.3046353
308,Calla,Jerrolt,cjerrolt8j@unc.edu,Female,Ireland,Farranacoush,-8.5171384,51.876873
309,Sheppard,Alishoner,salishoner8k@blogtalkradio.com,Male,Ireland,Ballinroad,-7.5717688,52.1045472
310,Valle,Beacom,vbeacom8l@slashdot.org,Genderqueer,Ireland,Moville,-8.4242597,51.8910459
311,Roderic,Landell,rlandell8m@unc.edu,Male,Ireland,Moate,-6.1942058,53.3604483
312,Cilka,Yurmanovev,cyurmanovev8n@netlog.com,Female,Ireland,Tullyallen,-6.4241156,53.7369009
313,Saudra,Aldersey,saldersey8o@nifty.com,Female,Ireland,Athlone,-7.9428197,53.4231032
314,Andrew,Cunney,acunney8p@adobe.com,Male,Ireland,Tower,-80.7087609,35.7797381
315,Kellina,McUre,kmcure8q@weibo.com,Female,Ireland,Moville,-8.4242597,51.8910459
316,Reinald,Spyvye,rspyvye8r@wordpress.com,Male,Ireland,Lucan,-9.4904891,52.6396679
317,Chiarra,Kusick,ckusick8s@de.vu,Female,Ireland,Donnybrook,-6.2324705,53.3177535
318,Lynnett,Martelet,lmartelet8t@blogger.com,Female,Ireland,Raphoe,-8.2755058,52.2627273
319,Antoni,Gallegos,agallegos8u@360.cn,Male,Ireland,Ballyboden,-6.3049392,53.3021194
320,Thom,Braham,tbraham8v@hatena.ne.jp,Male,Ireland,Lucan,-9.4904891,52.6396679
321,Tedda,Curm,tcurm8w@shareasale.com,Female,Ireland,Carrigaline,-8.3929404,51.8113447
322,Noe,Daltry,ndaltry8x@goo.gl,Male,Ireland,Enniskerry,-8.9821467,52.8498651
323,Shela,Kenna,skenna8y@csmonitor.com,Female,Ireland,Birr,-7.9139891,53.0949398
324,Gearard,Dressell,gdressell8z@about.me,Male,Ireland,Donegal,-8.5946591,54.632283
325,Gareth,Tudgay,gtudgay90@printfriendly.com,Male,Ireland,Kilkenny,-7.2584,52.655184
326,Carol,Doughtery,cdoughtery91@friendfeed.com,Female,Ireland,Bagenalstown,-6.9692181,52.7009338
327,Thor,Gailor,tgailor92@arstechnica.com,Male,Ireland,Ballylinan,-7.0472382,52.9480781
328,Sherrie,Schwant,sschwant93@tamu.edu,Female,Ireland,Crossmolina,-6.473025,54.0086093
329,Igor,Cordery,icordery94@wiley.com,Polygender,Ireland,Swords,-6.2071246,53.4562426
330,Flor,Langstone,flangstone95@latimes.com,Female,Ireland,Dungloe,-6.3695384,53.3734053
331,Cyb,Beards,cbeards96@nih.gov,Female,Ireland,Thomastown,-6.7434401,53.2229873
332,Sebastien,Cogin,scogin97@google.co.uk,Male,Ireland,Whitegate,-6.3539424,53.3666338
333,Glennie,Dicken,gdicken98@baidu.com,Female,Ireland,Cabinteely,-6.1603828,53.2599034
334,Reilly,Aleksidze,raleksidze99@etsy.com,Male,Ireland,Cabinteely,-6.1603828,53.2599034
335,Jocko,Weigh,jweigh9a@usa.gov,Male,Ireland,Blessington,-8.5111664,51.8858819
336,Bryn,Brewin,bbrewin9b@gmpg.org,Male,Ireland,Blarney,-8.8562835,53.510243
337,Guido,Arondel,garondel9c@bloglines.com,Male,Ireland,Piltown,-6.3025448,53.6920618
338,Carey,Le Ball,cleball9d@over-blog.com,Male,Ireland,Dunlewy,-6.1157412,53.2774963
339,Ruth,Pendrich,rpendrich9e@google.com.hk,Female,Ireland,Dungarvan,-6.1822287,53.3788495
340,Lindsey,Cridlin,lcridlin9f@nyu.edu,Male,Ireland,Milltown,-7.9027266,53.4148582
341,Debor,Spittal,dspittal9g@discuz.net,Female,Ireland,Kill,-6.5924609,53.2482376
342,Penelopa,Clowes,pclowes9h@wikispaces.com,Female,Ireland,Gweedore,-9.0288689,53.2737147
343,Winston,Wetherby,wwetherby9i@xing.com,Male,Ireland,Greenhills,-6.336393,53.3122864
344,Danie,Storah,dstorah9j@scribd.com,Male,Ireland,Castlebridge,-6.5853664,53.378253
345,Kate,Dinsey,kdinsey9k@friendfeed.com,Genderfluid,Ireland,Rathwire,-7.145971,53.508326
346,Bess,Gladdis,bgladdis9l@dagondesign.com,Female,Ireland,Tallaght,-6.3660863,53.2874153
347,Berky,MacKimmie,bmackimmie9m@apache.org,Male,Ireland,Charlesland,-6.0690645,53.1257486
348,Glad,Bassford,gbassford9n@mashable.com,Female,Ireland,Belmullet,-10.0320886,54.2223118
349,Legra,Tebbit,ltebbit9o@mapy.cz,Female,Ireland,Blessington,-8.5111664,51.8858819
350,Joly,Chastang,jchastang9p@yellowpages.com,Genderfluid,Ireland,Bundoran,-8.2817353,54.4771768
351,Barbie,Mahaddy,bmahaddy9q@cnbc.com,Female,Ireland,Booterstown,-6.1979853,53.3046353
352,Babbette,Nobles,bnobles9r@edublogs.org,Female,Ireland,Milltown,-7.9027266,53.4148582
353,Chantal,Gallyon,cgallyon9s@newyorker.com,Female,Ireland,Ballymun,-6.264963,53.3897152
354,Cherianne,Ratnege,cratnege9t@clickbank.net,Female,Ireland,Monasterevin,-7.0625888,53.1387595
355,Benedetto,Berrycloth,bberrycloth9u@gizmodo.com,Male,Ireland,Annacotty,-8.5369154,52.6681994
356,Marrilee,Torres,mtorres9v@meetup.com,Female,Ireland,Killorglin,-9.7850991,52.1058991
357,Margarette,Fiddy,mfiddy9w@sun.com,Female,Ireland,Kinlough,-6.1136478,53.2121335
358,Jared,Waterworth,jwaterworth9x@huffingtonpost.com,Male,Ireland,Ratoath,-6.4671298,53.5050031
359,Susi,Jenkyn,sjenkyn9y@vistaprint.com,Female,Ireland,Skibbereen,-9.268589,51.549106
360,Verna,Derdes,vderdes9z@elpais.com,Female,Ireland,Templeogue,-6.3219759,53.2976886
361,Phil,O'Lenane,polenanea0@icq.com,Male,Ireland,Thomastown,-6.7434401,53.2229873
362,Orlando,Fownes,ofownesa1@toplist.cz,Male,Ireland,Dunmanway,-9.1115941,51.7203863
363,Carri,Baudry,cbaudrya2@php.net,Female,Ireland,Templeogue,-6.3219759,53.2976886
364,Shellie,Aggett,saggetta3@discuz.net,Female,Ireland,Booterstown,-6.1979853,53.3046353
365,Susana,Plevey,spleveya4@discuz.net,Female,Ireland,Sallins,-6.6633404,53.2492381
366,Syd,Garritley,sgarritleya5@linkedin.com,Male,Ireland,Cashel,-7.888894,52.516323
367,Garwood,Bern,gberna6@newyorker.com,Male,Ireland,Piltown,-6.3025448,53.6920618
368,Jess,Klassman,jklassmana7@tumblr.com,Agender,Ireland,Tullyallen,-6.4241156,53.7369009
369,Estelle,Pavic,epavica8@salon.com,Female,Ireland,Ballivor,-6.1191333,53.1915379
370,Fanny,Dallimare,fdallimarea9@state.gov,Female,Ireland,Midleton,-8.1722173,51.9138694
371,Ursulina,Chupin,uchupinaa@geocities.jp,Female,Ireland,Cherryville,-7.1111732,52.2513095
372,Millard,Kneesha,mkneeshaab@biglobe.ne.jp,Non-binary,Ireland,Muff,-7.269174,55.0650892
373,Karole,Pemberton,kpembertonac@amazon.com,Female,Ireland,Cashel,-7.888894,52.516323
374,Tito,Seleway,tselewayad@hc360.com,Male,Ireland,Castleknock,-9.0248232,53.2760162
375,Maryjo,Rand,mrandae@people.com.cn,Female,Ireland,Cill Airne,-6.2890702,53.3201497
376,Georgeanna,Shimoni,gshimoniaf@nytimes.com,Female,Ireland,Kinnegad,-9.1327273,53.806868
377,Delora,Pilkinton,dpilkintonag@sourceforge.net,Female,Ireland,Shankill,-6.124065,53.231395
378,Son,Pfeiffer,spfeifferah@businesswire.com,Male,Ireland,Old Kilcullen,-6.7449927,53.1310185
379,Martino,Bail,mbailai@ezinearticles.com,Male,Ireland,Ballivor,-6.1191333,53.1915379
380,Sharona,Dehmel,sdehmelaj@hud.gov,Female,Ireland,Donabate,-6.1544115,53.4855448
381,Kristi,Tabor,ktaborak@google.es,Female,Ireland,Blessington,-8.5111664,51.8858819
382,Hinze,Tullis,htullisal@miibeian.gov.cn,Male,Ireland,Swinford,-8.9480659,53.940892
383,Estella,Masedon,emasedonam@parallels.com,Female,Ireland,Monasterevin,-7.0625888,53.1387595
384,Bibi,Stonelake,bstonelakean@mlb.com,Female,Ireland,Tullamore,-7.518792,53.284466
385,Olivie,MacQueen,omacqueenao@skyrock.com,Female,Ireland,Sallins,-6.6633404,53.2492381
386,Vito,Allom,vallomap@time.com,Male,Ireland,Rathdrum,-6.163027,53.2339841
387,Clare,Hasson,chassonaq@china.com.cn,Female,Ireland,Charlesland,-6.0690645,53.1257486
388,Raina,Geard,rgeardar@dropbox.com,Female,Ireland,Charlesland,-6.0690645,53.1257486
389,Tonia,Trewett,ttrewettas@g.co,Female,Ireland,Mallow,-8.642661,52.1361219
390,Ettie,Kittow,ekittowat@businessweek.com,Female,Ireland,Kilcullen,-8.5047067,51.8830697
391,Charles,Grammer,cgrammerau@behance.net,Male,Ireland,Ashbourne,-6.1215213,53.2724538
392,Zed,Aleshintsev,zaleshintsevav@hexun.com,Male,Ireland,Longwood,-6.2892907,53.310122
393,Juditha,Melmore,jmelmoreaw@mapy.cz,Female,Ireland,Dunmanway,-9.1115941,51.7203863
394,Dun,Millott,dmillottax@aboutads.info,Male,Ireland,Kilcullen,-8.5047067,51.8830697
395,Prinz,Stanmore,pstanmoreay@fotki.com,Non-binary,Ireland,Monaghan,-7.0943023,54.2694844
396,Nike,Gotcliffe,ngotcliffeaz@e-recht24.de,Genderqueer,Ireland,Kinnegad,-9.1327273,53.806868
397,Dorette,Brando,dbrandob0@fotki.com,Female,Ireland,Kilkenny,-7.2584,52.655184
398,Joanie,Orgel,jorgelb1@cbc.ca,Agender,Ireland,Clogherhead,-6.2429997,53.7902634
399,Glyn,Cuxson,gcuxsonb2@wiley.com,Female,Ireland,Clondalkin,-6.4496384,53.3582341
400,Fair,Emor,femorb3@nytimes.com,Male,Ireland,Newmarket on Fergus,-8.8950821,52.7604883
401,Mavis,Mastrantone,mmastrantoneb4@bloglovin.com,Female,Ireland,Ballina,-9.151825,54.11215
402,Jeanne,Crowley,jcrowleyb5@illinois.edu,Female,Ireland,Arklow,-8.4523258,51.880525
403,Mandie,Bernardo,mbernardob6@miibeian.gov.cn,Bigender,Ireland,Ashbourne,-6.1215213,53.2724538
404,See,Pegden,spegdenb7@unicef.org,Male,Ireland,Swinford,-8.9480659,53.940892
405,Brandais,McLewd,bmclewdb8@cdc.gov,Female,Ireland,Caherconlish,-8.3545704,52.5593605
406,Florence,Holehouse,fholehouseb9@vkontakte.ru,Female,Ireland,Old Kilcullen,-6.7449927,53.1310185
407,Novelia,Oliver-Paull,noliverpaullba@seattletimes.com,Female,Ireland,Crumlin,-6.3048641,53.3284298
408,Morris,Alexsandrev,malexsandrevbb@pagesperso-orange.fr,Male,Ireland,Sandymount,-6.2152673,53.3323703
409,Rory,Dingley,rdingleybc@mac.com,Female,Ireland,Milltown,-7.9027266,53.4148582
410,Franciskus,Yeats,fyeatsbd@cmu.edu,Male,Ireland,Athlone,-7.9428197,53.4231032
411,Poul,Posten,ppostenbe@rediff.com,Male,Ireland,Castlebellingham,-6.391149,53.8996586
412,Tresa,Jarrold,tjarroldbf@washingtonpost.com,Female,Ireland,Ardee,-8.4784945,51.8815586
413,Marcelo,Belt,mbeltbg@gravatar.com,Male,Ireland,Oranmore,-9.7359765,54.1433253
414,Alis,Hullot,ahullotbh@census.gov,Female,Ireland,Oranmore,-9.7359765,54.1433253
415,Brittne,O'Hoolahan,bohoolahanbi@360.cn,Female,Ireland,Fermoy,-9.5003786,52.4458588
416,Elysha,Gainfort,egainfortbj@aol.com,Female,Ireland,Cork,-8.489012,51.923707
417,Heath,Wheelband,hwheelbandbk@msu.edu,Female,Ireland,Naas,-6.67045,53.213319
418,Angelle,Denes,adenesbl@ca.gov,Female,Ireland,Cloyne,-6.2398782,53.32112
419,Glen,Clappson,gclappsonbm@yahoo.co.jp,Female,Ireland,Donegal,-8.5946591,54.632283
420,Malva,Eke,mekebn@deliciousdays.com,Female,Ireland,Valleymount,-6.3077823,53.3655256
421,Alie,von Nassau,avonnassaubo@illinois.edu,Female,Ireland,Cashel,-7.888894,52.516323
422,Emmanuel,Rockey,erockeybp@taobao.com,Male,Ireland,Sandymount,-6.2152673,53.3323703
423,Jennee,Syer,jsyerbq@deliciousdays.com,Female,Ireland,Dunmanway,-9.1115941,51.7203863
424,Antoinette,Ladson,aladsonbr@seesaa.net,Female,Ireland,Aghada,-8.4627451,54.25645
425,Retha,Abry,rabrybs@amazon.co.jp,Female,Ireland,Bantry,-9.448724,51.680591
426,Sheree,Scholig,sscholigbt@answers.com,Female,Ireland,Bagenalstown,-6.9692181,52.7009338
427,Arleyne,Rodden,aroddenbu@linkedin.com,Female,Ireland,Blarney,-8.8562835,53.510243
428,Nevil,Birkmyre,nbirkmyrebv@youku.com,Male,Ireland,Kill,-6.5924609,53.2482376
429,Devlin,Monnery,dmonnerybw@columbia.edu,Male,Ireland,Newmarket on Fergus,-8.8950821,52.7604883
430,Rutherford,Georgins,rgeorginsbx@boston.com,Bigender,Ireland,Cloyne,-6.2398782,53.32112
431,Pietro,Kibbey,pkibbeyby@exblog.jp,Male,Ireland,Cobh,-8.298942,51.848898
432,Justen,Emberson,jembersonbz@timesonline.co.uk,Male,Ireland,Clifden,-10.022186,53.488087
433,Borg,Lowdeane,blowdeanec0@ameblo.jp,Polygender,Ireland,Carrigaline,-8.3929404,51.8113447
434,Sarge,Yuryaev,syuryaevc1@apache.org,Male,Ireland,Whitegate,-6.3539424,53.3666338
435,Joann,Torn,jtornc2@merriam-webster.com,Female,Ireland,Killorglin,-9.7850991,52.1058991
436,Nestor,Huxstep,nhuxstepc3@cloudflare.com,Male,Ireland,Dunmanway,-9.1115941,51.7203863
437,Turner,Aleevy,taleevyc4@bizjournals.com,Male,Ireland,Castlerea,-8.6346959,53.7423435
438,Barnaby,Trewin,btrewinc5@typepad.com,Male,Ireland,Kinsale,-6.251714,53.3169419
439,Carline,Bruford,cbrufordc6@wisc.edu,Female,Ireland,Tullyallen,-6.4241156,53.7369009
440,Davita,Illwell,dillwellc7@naver.com,Female,Ireland,Sallins,-6.6633404,53.2492381
441,Engelbert,Shickle,eshicklec8@drupal.org,Male,Ireland,Skibbereen,-9.268589,51.549106
442,Madalyn,Clutram,mclutramc9@bluehost.com,Female,Ireland,Ferbane,-8.4824714,51.8862378
443,Finn,Harnell,fharnellca@naver.com,Male,Ireland,Lucan,-9.4904891,52.6396679
444,Towney,Baty,tbatycb@wired.com,Male,Ireland,Trá Mhór,-9.0197835,53.2736466
445,Abbey,Brechin,abrechincc@guardian.co.uk,Female,Ireland,Ballina,-9.151825,54.11215
446,Beniamino,Ashmole,bashmolecd@marketwatch.com,Male,Ireland,Carrigtwohill,-8.259128,51.908209
447,Margarita,Vogt,mvogtce@dailymail.co.uk,Female,Ireland,Beaumont,-6.2057463,53.3870149
448,Ninnetta,Lepard,nlepardcf@liveinternet.ru,Female,Ireland,Rathdrum,-6.163027,53.2339841
449,Reinhold,Sawle,rsawlecg@i2i.jp,Male,Ireland,Cill Airne,-6.2890702,53.3201497
450,Griz,Margarson,gmargarsonch@biblegateway.com,Male,Ireland,Nenagh,-8.2001004,52.86326
451,Alexia,Reven,arevenci@wp.com,Female,Ireland,Ratoath,-6.4671298,53.5050031
452,Hugues,Twelvetrees,htwelvetreescj@auda.org.au,Male,Ireland,Swinford,-8.9480659,53.940892
453,Kerby,Llopis,kllopisck@moonfruit.com,Male,Ireland,Ballina,-9.151825,54.11215
454,Dick,Cano,dcanocl@digg.com,Male,Ireland,Thomastown,-6.7434401,53.2229873
455,Bartholomew,Trustram,btrustramcm@dmoz.org,Male,Ireland,Fermoy,-9.5003786,52.4458588
456,Darnall,Weild,dweildcn@jalbum.net,Male,Ireland,Ballymun,-6.264963,53.3897152
457,Lily,Rosenwald,lrosenwaldco@bluehost.com,Female,Ireland,Ballybofey,-7.74208,54.70972
458,Timmi,Valero,tvalerocp@example.com,Female,Ireland,Donegal,-8.5946591,54.632283
459,Graig,Cluney,gcluneycq@mlb.com,Male,Ireland,Coolock,-6.1920933,53.3916434
460,Urban,de Nore,udenorecr@blinklist.com,Genderfluid,Ireland,Castleknock,-9.0248232,53.2760162
461,Lethia,Pethrick,lpethrickcs@vimeo.com,Female,Ireland,Youghal,-7.8434254,51.949401
462,Jermain,Leffek,jleffekct@ucsd.edu,Male,Ireland,Ballina,-9.151825,54.11215
463,Efrem,Langcaster,elangcastercu@google.ru,Male,Ireland,Castlepollard,-7.2979911,53.6785169
464,Clayson,Darnody,cdarnodycv@1688.com,Male,Ireland,Cabinteely,-6.1603828,53.2599034
465,Corby,Matts,cmattscw@mlb.com,Male,Ireland,Tralee,-7.0833118,52.2413206
466,Christine,Ehrat,cehratcx@businessinsider.com,Female,Ireland,Cork,-8.489012,51.923707
467,Ashely,Zucker,azuckercy@nih.gov,Female,Ireland,Killorglin,-9.7850991,52.1058991
468,Winfred,McUre,wmcurecz@blogger.com,Male,Ireland,Granard,-7.5011999,53.776647
469,Even,Hazeltine,ehazeltined0@prweb.com,Male,Ireland,Raheny,-6.1820563,53.3786861
470,Reine,Matyja,rmatyjad1@cbsnews.com,Female,Ireland,Edgeworthstown,-7.606287,53.6972399
471,Edgar,Thundercliffe,ethundercliffed2@ask.com,Male,Ireland,Drumcondra,-8.445614,51.8885086
472,Petronilla,Croux,pcrouxd3@360.cn,Female,Ireland,Askeaton,-8.9706844,52.6004448
473,Rozalin,Harris,rharrisd4@wufoo.com,Genderfluid,Ireland,Muff,-7.269174,55.0650892
474,Dorelia,Macknish,dmacknishd5@harvard.edu,Female,Ireland,Greenhills,-6.336393,53.3122864
475,Judie,Stuckley,jstuckleyd6@hibu.com,Female,Ireland,Adare,-6.176659,53.4487975
476,Bartolemo,Garahan,bgarahand7@irs.gov,Polygender,Ireland,Dublin,-6.2427004,53.3347733
477,Perkin,Dunrige,pdunriged8@de.vu,Male,Ireland,Arklow,-8.4523258,51.880525
478,Sascha,Fehners,sfehnersd9@alexa.com,Non-binary,Ireland,Kill,-6.5924609,53.2482376
479,Rickert,Riddles,rriddlesda@ft.com,Genderqueer,Ireland,Moate,-6.1942058,53.3604483
480,Frederico,Timny,ftimnydb@engadget.com,Male,Ireland,Whitegate,-6.3539424,53.3666338
481,Serge,Levesque,slevesquedc@msn.com,Male,Ireland,Dromiskin,-6.4008792,53.9215606
482,Erik,Hudspeth,ehudspethdd@vinaora.com,Male,Ireland,Farranacoush,-8.5171384,51.876873
483,Starr,Gusney,sgusneyde@cdc.gov,Female,Ireland,Macroom,-8.958931,51.904635
484,Serene,Lezemore,slezemoredf@wunderground.com,Female,Ireland,Gorey,-6.308522,52.665267
485,Gery,Husk,ghuskdg@dropbox.com,Non-binary,Ireland,Watergrasshill,-8.337871,52.0097259
486,Violante,Golthorpp,vgolthorppdh@oracle.com,Female,Ireland,Tuam,-8.83565,53.49417
487,Agretha,Oager,aoagerdi@zdnet.com,Female,Ireland,Ballymun,-6.264963,53.3897152
488,Patton,Upex,pupexdj@gravatar.com,Male,Ireland,Portarlington,-7.185387,53.158984
489,Cam,Pasley,cpasleydk@youku.com,Genderfluid,Ireland,Longwood,-6.2892907,53.310122
490,Susi,Shickle,sshickledl@examiner.com,Female,Ireland,Sutton,-6.1097188,53.3895926
491,Rudiger,Liddiard,rliddiarddm@hhs.gov,Male,Ireland,Monasterevin,-7.0625888,53.1387595
492,Stephen,Sendall,ssendalldn@mit.edu,Male,Ireland,Newmarket on Fergus,-8.8950821,52.7604883
493,Kellsie,Avard,kavarddo@gravatar.com,Female,Ireland,Kilkenny,-7.2584,52.655184
494,Lelah,Roffey,lroffeydp@addtoany.com,Non-binary,Ireland,Nenagh,-8.2001004,52.86326
495,Troy,McInulty,tmcinultydq@cloudflare.com,Male,Ireland,Longwood,-6.2892907,53.310122
496,Maegan,Wimpress,mwimpressdr@archive.org,Female,Ireland,Bundoran,-8.2817353,54.4771768
497,Armando,Castanaga,acastanagads@freewebs.com,Male,Ireland,Donegal,-8.5946591,54.632283
498,Harold,Winson,hwinsondt@clickbank.net,Male,Ireland,Foxrock,-6.1011147,53.2000455
499,Peri,Ghent,pghentdu@livejournal.com,Female,Ireland,Crossmolina,-6.473025,54.0086093
500,Gisella,Gallone,ggallonedv@de.vu,Female,Ireland,Drumcondra,-8.445614,51.8885086
501,Judah,Whiff,jwhiffdw@sciencedaily.com,Male,Ireland,Crossmolina,-6.473025,54.0086093
502,Beret,Fassan,bfassandx@cloudflare.com,Female,Ireland,Kildare,-6.9140788,53.169971
503,Selle,Masson,smassondy@google.cn,Female,Ireland,Foxrock,-6.1011147,53.2000455
504,Elka,Myles,emylesdz@yellowbook.com,Female,Ireland,Birr,-7.9139891,53.0949398
505,Imogene,Margrem,imargreme0@apple.com,Female,Ireland,Newmarket on Fergus,-8.8950821,52.7604883
506,Hillie,Cromett,hcromette1@bravesites.com,Male,Ireland,Tullyallen,-6.4241156,53.7369009
507,Turner,Dallaghan,tdallaghane2@seesaa.net,Male,Ireland,Killumney,-8.6340751,52.6638144
508,Robbin,Moresby,rmoresbye3@exblog.jp,Female,Ireland,Mallow,-8.642661,52.1361219
509,Michaela,Bedbury,mbedburye4@infoseek.co.jp,Female,Ireland,Portumna,-8.2215941,53.0917381
510,Cindy,Leads,cleadse5@icq.com,Female,Ireland,Monasterevin,-7.0625888,53.1387595
511,Ingamar,Grover,igrovere6@is.gd,Male,Ireland,Cluain Meala,-6.2611953,53.3881832
512,Andy,Skelding,askeldinge7@netvibes.com,Non-binary,Ireland,Birr,-7.9139891,53.0949398
513,Katrina,Ogger,koggere8@sina.com.cn,Genderfluid,Ireland,Ballylinan,-7.0472382,52.9480781
514,Lorens,Gelder,lgeldere9@eventbrite.com,Male,Ireland,Belmullet,-10.0320886,54.2223118
515,Dyna,Spencer,dspencerea@cornell.edu,Female,Ireland,Coolock,-6.1920933,53.3916434
516,Margaretta,Trippack,mtrippackeb@comcast.net,Female,Ireland,Arklow,-8.4523258,51.880525
517,Electra,Dormon,edormonec@cafepress.com,Non-binary,Ireland,Bundoran,-8.2817353,54.4771768
518,Llewellyn,Burdekin,lburdekined@rediff.com,Male,Ireland,Cashel,-7.888894,52.516323
519,Dougy,Cathrae,dcathraeee@last.fm,Male,Ireland,Gort,-8.9791425,52.8638391
520,Jennee,Cayton,jcaytonef@google.com.hk,Female,Ireland,Athlone,-7.9428197,53.4231032
521,Sharia,Tebbut,stebbuteg@apache.org,Female,Ireland,Rathwire,-7.145971,53.508326
522,Hirsch,Wrotham,hwrothameh@wisc.edu,Male,Ireland,Greystones,-6.0704904,53.1286984
523,Aldin,Moxham,amoxhamei@qq.com,Polygender,Ireland,Dún Laoghaire,-6.133718,53.291512
524,Prisca,Trahear,ptrahearej@mac.com,Polygender,Ireland,Dunleer,-8.5176583,51.8863277
525,Veronike,Ellerker,vellerkerek@fotki.com,Female,Ireland,Cloyne,-6.2398782,53.32112
526,Megan,Balchin,mbalchinel@indiatimes.com,Polygender,Ireland,Dundrum,-6.2508196,53.2866372
527,Isidor,Selliman,isellimanem@usnews.com,Male,Ireland,Bayside,-9.1097137,53.2582868
528,Fielding,Hutcheons,fhutcheonsen@gravatar.com,Male,Ireland,Naas,-6.67045,53.213319
529,Sim,Menary,smenaryeo@wordpress.com,Male,Ireland,Manorhamilton,-8.1722002,54.3051891
530,Korey,Alleyne,kalleyneep@state.gov,Male,Ireland,Fermoy,-9.5003786,52.4458588
531,Katya,Priestley,kpriestleyeq@constantcontact.com,Female,Ireland,Booterstown,-6.1979853,53.3046353
532,Layton,Silman,lsilmaner@soundcloud.com,Genderfluid,Ireland,Crumlin,-6.3048641,53.3284298
533,Ferdinand,Starkey,fstarkeyes@nhs.uk,Male,Ireland,Tralee,-7.0833118,52.2413206
534,Regina,Haversham,rhavershamet@yahoo.co.jp,Female,Ireland,Clonskeagh,-6.2387374,53.3141205
535,Wit,McGowing,wmcgowingeu@google.cn,Male,Ireland,Thomastown,-6.7434401,53.2229873
536,Fons,Luby,flubyev@indiegogo.com,Male,Ireland,Ballyjamesduff,-7.086877,53.8363325
537,Olva,Gherardini,ogherardiniew@posterous.com,Female,Ireland,Aghada,-8.4627451,54.25645
538,Cyb,Fewster,cfewsterex@posterous.com,Female,Ireland,Dunlewy,-6.1157412,53.2774963
539,Spense,Tippings,stippingsey@wikispaces.com,Genderfluid,Ireland,Dunmanway,-9.1115941,51.7203863
540,Aubrie,Gepheart,agepheartez@g.co,Female,Ireland,Crossmolina,-6.473025,54.0086093
541,Hillary,Spur,hspurf0@quantcast.com,Bigender,Ireland,Killorglin,-9.7850991,52.1058991
542,Alphonse,Cosley,acosleyf1@jimdo.com,Male,Ireland,Manorhamilton,-8.1722002,54.3051891
543,Giustino,Oake,goakef2@eepurl.com,Agender,Ireland,Foxrock,-6.1011147,53.2000455
544,Gabi,Stillwell,gstillwellf3@cargocollective.com,Female,Ireland,Granard,-7.5011999,53.776647
545,Philippine,Geill,pgeillf4@blogspot.com,Female,Ireland,Shankill,-6.124065,53.231395
546,Berty,Sone,bsonef5@sohu.com,Male,Ireland,Killorglin,-9.7850991,52.1058991
547,Adolf,Ripley,aripleyf6@mediafire.com,Male,Ireland,Crumlin,-6.3048641,53.3284298
548,Mella,Vaillant,mvaillantf7@usatoday.com,Female,Ireland,Ratoath,-6.4671298,53.5050031
549,Leroi,Jeavons,ljeavonsf8@ovh.net,Male,Ireland,Cherryville,-7.1111732,52.2513095
550,Tod,Spavins,tspavinsf9@hostgator.com,Male,Ireland,Enniskerry,-8.9821467,52.8498651
551,Lory,Eads,leadsfa@eepurl.com,Female,Ireland,Monasterevin,-7.0625888,53.1387595
552,Roselia,Jamrowicz,rjamrowiczfb@ibm.com,Female,Ireland,Mallow,-8.642661,52.1361219
553,Fernandina,Dilrew,fdilrewfc@fc2.com,Female,Ireland,Dundrum,-6.2508196,53.2866372
554,Lew,Luipold,lluipoldfd@skyrock.com,Genderfluid,Ireland,Gweedore,-9.0288689,53.2737147
555,Fleur,Gerrit,fgerritfe@mtv.com,Female,Ireland,Fermoy,-9.5003786,52.4458588
556,Berne,Snoding,bsnodingff@baidu.com,Male,Ireland,Blessington,-8.5111664,51.8858819
557,Guthrey,Dickenson,gdickensonfg@dell.com,Genderqueer,Ireland,Tuam,-8.83565,53.49417
558,Christy,Garfit,cgarfitfh@scientificamerican.com,Female,Ireland,Killorglin,-9.7850991,52.1058991
559,Bastian,Arnett,barnettfi@cnn.com,Male,Ireland,Dundrum,-6.2508196,53.2866372
560,Tommie,Deakins,tdeakinsfj@gmpg.org,Agender,Ireland,Greystones,-6.0704904,53.1286984
561,Maury,Maddock,mmaddockfk@loc.gov,Male,Ireland,Ballinteer,-6.2554371,53.2767301
562,Josselyn,Pigeon,jpigeonfl@nasa.gov,Female,Ireland,Nenagh,-8.2001004,52.86326
563,Batholomew,Elcoate,belcoatefm@wisc.edu,Male,Ireland,Ashford,-6.3828795,53.385304
564,Vernen,Gawthorpe,vgawthorpefn@clickbank.net,Male,Ireland,Confey,-6.5028415,53.3806398
565,Lucila,Diack,ldiackfo@time.com,Female,Ireland,Watergrasshill,-8.337871,52.0097259
566,Corenda,Skudder,cskudderfp@newsvine.com,Female,Ireland,Ashbourne,-6.1215213,53.2724538
567,Hinda,Dunnett,hdunnettfq@illinois.edu,Female,Ireland,Ballinteer,-6.2554371,53.2767301
568,Diena,Banaszkiewicz,dbanaszkiewiczfr@networksolutions.com,Female,Ireland,Greenhills,-6.336393,53.3122864
569,Cortie,Kibel,ckibelfs@imgur.com,Male,Ireland,Belmullet,-10.0320886,54.2223118
570,Talbert,Raden,tradenft@taobao.com,Male,Ireland,Watergrasshill,-8.337871,52.0097259
571,Iolanthe,Vazquez,ivazquezfu@google.com,Female,Ireland,Castlepollard,-7.2979911,53.6785169
572,Hermina,Coney,hconeyfv@ihg.com,Female,Ireland,Tower,-80.7087609,35.7797381
573,Edin,Stroton,estrotonfw@indiegogo.com,Female,Ireland,Donnybrook,-6.2324705,53.3177535
574,Janie,Sherrock,jsherrockfx@meetup.com,Female,Ireland,Shankill,-6.124065,53.231395
575,Arabel,McMurrugh,amcmurrughfy@berkeley.edu,Female,Ireland,Castlepollard,-7.2979911,53.6785169
576,Channa,Benallack,cbenallackfz@tripod.com,Female,Ireland,Bayside,-9.1097137,53.2582868
577,Anne,Cran,acrang0@webmd.com,Female,Ireland,Dunlewy,-6.1157412,53.2774963
578,Editha,Laugharne,elaugharneg1@hhs.gov,Female,Ireland,Glasnevin,-6.266734,53.3829319
579,Sander,Cosens,scosensg2@businesswire.com,Male,Ireland,Naas,-6.67045,53.213319
580,Dante,Ascraft,dascraftg3@craigslist.org,Male,Ireland,Cobh,-8.298942,51.848898
581,Talyah,Beau,tbeaug4@hhs.gov,Female,Ireland,Confey,-6.5028415,53.3806398
582,Tandie,Aitkenhead,taitkenheadg5@sun.com,Female,Ireland,Oughterard,-6.1406578,53.2886387
583,Julianne,Franck,jfranckg6@i2i.jp,Bigender,Ireland,Swinford,-8.9480659,53.940892
584,Matthew,Warder,mwarderg7@ucoz.com,Male,Ireland,Muff,-7.269174,55.0650892
585,Penrod,Zamorano,pzamoranog8@rambler.ru,Male,Ireland,Swinford,-8.9480659,53.940892
586,Roy,Arton,rartong9@creativecommons.org,Male,Ireland,Claremorris,-8.334953,51.8610022
587,Gradeigh,Curtayne,gcurtaynega@wikimedia.org,Male,Ireland,Cluain Meala,-6.2611953,53.3881832
588,Camel,Wittey,cwitteygb@fc2.com,Female,Ireland,Gort,-8.9791425,52.8638391
589,Noble,MacArthur,nmacarthurgc@cisco.com,Male,Ireland,Valleymount,-6.3077823,53.3655256
590,Tera,Evreux,tevreuxgd@unblog.fr,Female,Ireland,Kildare,-6.9140788,53.169971
591,Nilson,Lowes,nlowesge@whitehouse.gov,Male,Ireland,Dunmanway,-9.1115941,51.7203863
592,Robinetta,Luckings,rluckingsgf@themeforest.net,Female,Ireland,Dundrum,-6.2508196,53.2866372
593,Chalmers,Turley,cturleygg@netlog.com,Male,Ireland,Edgeworthstown,-7.606287,53.6972399
594,Granville,Silverstone,gsilverstonegh@fda.gov,Male,Ireland,Killorglin,-9.7850991,52.1058991
595,Saxe,Bichener,sbichenergi@jimdo.com,Male,Ireland,Athlone,-7.9428197,53.4231032
596,Edyth,Sydney,esydneygj@tinypic.com,Female,Ireland,Glasnevin,-6.266734,53.3829319
597,Hansiain,Woodyear,hwoodyeargk@yahoo.co.jp,Male,Ireland,Aughrim,-6.366762,53.2987724
598,Hinda,Castanie,hcastaniegl@smh.com.au,Female,Ireland,Rathwire,-7.145971,53.508326
599,Tally,Maskrey,tmaskreygm@house.gov,Female,Ireland,Greystones,-6.0704904,53.1286984
600,Felicle,Minshull,fminshullgn@sciencedirect.com,Female,Ireland,Carrigaline,-8.3929404,51.8113447
601,Yurik,Devonport,ydevonportgo@msn.com,Male,Ireland,Ballymun,-6.264963,53.3897152
602,Hayward,Warkup,hwarkupgp@dedecms.com,Male,Ireland,Oranmore,-9.7359765,54.1433253
603,Joana,Glasscock,jglasscockgq@networkadvertising.org,Female,Ireland,Cluain Meala,-6.2611953,53.3881832
604,Antonin,Rotter,arottergr@bbb.org,Genderqueer,Ireland,Askeaton,-8.9706844,52.6004448
605,Eileen,Hinksen,ehinksengs@icio.us,Female,Ireland,Kinsale,-6.251714,53.3169419
606,Nathanil,Fetters,nfettersgt@dell.com,Male,Ireland,Youghal,-7.8434254,51.949401
607,Gary,Guthrum,gguthrumgu@devhub.com,Male,Ireland,Watergrasshill,-8.337871,52.0097259
608,Alexandre,Phoenix,aphoenixgv@cafepress.com,Male,Ireland,Donabate,-6.1544115,53.4855448
609,Brion,Goold,bgooldgw@gravatar.com,Male,Ireland,Whitegate,-6.3539424,53.3666338
610,Wash,Chicco,wchiccogx@elpais.com,Male,Ireland,Portumna,-8.2215941,53.0917381
611,Collie,Swinbourne,cswinbournegy@vk.com,Bigender,Ireland,Birr,-7.9139891,53.0949398
612,Nanice,Walter,nwaltergz@constantcontact.com,Female,Ireland,Cobh,-8.298942,51.848898
613,Dulce,Cluatt,dcluatth0@forbes.com,Female,Ireland,Rathangan,-6.9898366,53.2265199
614,Thomasina,Walczak,twalczakh1@wordpress.org,Female,Ireland,Granard,-7.5011999,53.776647
615,Winne,Seaborn,wseabornh2@furl.net,Female,Ireland,Longford,-7.8004329,53.7283566
616,Stavro,Andrioni,sandrionih3@yelp.com,Male,Ireland,Granard,-7.5011999,53.776647
617,Madalena,Maryan,mmaryanh4@angelfire.com,Agender,Ireland,Aughrim,-6.366762,53.2987724
618,Patsy,Ceely,pceelyh5@taobao.com,Male,Ireland,Stradbally,-8.5054897,52.7107501
619,Conrade,Vickerman,cvickermanh6@smugmug.com,Male,Ireland,Athy,-6.9858993,53.0018699
620,Emma,Risby,erisbyh7@fc2.com,Female,Ireland,Adare,-6.176659,53.4487975
621,Yoko,Sivior,ysiviorh8@so-net.ne.jp,Female,Ireland,Malahide,-6.1479779,53.450694
622,Aidan,Morales,amoralesh9@ed.gov,Female,Ireland,Whitegate,-6.3539424,53.3666338
623,Jere,Common,jcommonha@narod.ru,Female,Ireland,Rathangan,-6.9898366,53.2265199
624,Teddy,Doy,tdoyhb@ed.gov,Male,Ireland,Gorey,-6.308522,52.665267
625,Martita,Sansum,msansumhc@ft.com,Female,Ireland,Bearna,-6.2340942,53.2993199
626,Marline,Jenkins,mjenkinshd@unc.edu,Genderqueer,Ireland,Granard,-7.5011999,53.776647
627,Giorgi,Benet,gbenethe@issuu.com,Male,Ireland,Claremorris,-8.334953,51.8610022
628,Freddie,MacCracken,fmaccrackenhf@wordpress.org,Male,Ireland,Carrigtwohill,-8.259128,51.908209
629,Rozalie,Ewenson,rewensonhg@taobao.com,Female,Ireland,Ashbourne,-6.1215213,53.2724538
630,Sidnee,Ruck,sruckhh@tiny.cc,Male,Ireland,Confey,-6.5028415,53.3806398
631,Dov,Stormonth,dstormonthhi@csmonitor.com,Male,Ireland,Claremorris,-8.334953,51.8610022
632,Millicent,Kineton,mkinetonhj@w3.org,Female,Ireland,Castleknock,-9.0248232,53.2760162
633,Cristen,Barkaway,cbarkawayhk@washingtonpost.com,Female,Ireland,Dunlewy,-6.1157412,53.2774963
634,Lyell,Lartice,llarticehl@typepad.com,Male,Ireland,Balally,-6.5899765,52.176031
635,Sam,Kornel,skornelhm@upenn.edu,Male,Ireland,Dromiskin,-6.4008792,53.9215606
636,Cesya,Iffland,cifflandhn@army.mil,Female,Ireland,Oughterard,-6.1406578,53.2886387
637,Diena,McCardle,dmccardleho@joomla.org,Female,Ireland,Bantry,-9.448724,51.680591
638,Bink,Tarquinio,btarquiniohp@privacy.gov.au,Male,Ireland,Kinsealy-Drinan,-6.1644997,53.4266145
639,Inger,Segoe,isegoehq@wisc.edu,Genderfluid,Ireland,Kinnegad,-9.1327273,53.806868
640,Aggi,Sausman,asausmanhr@army.mil,Female,Ireland,Drumcondra,-8.445614,51.8885086
641,Marthena,Sidebottom,msidebottomhs@vistaprint.com,Agender,Ireland,Cashel,-7.888894,52.516323
642,Torre,Burkin,tburkinht@usa.gov,Male,Ireland,Kingscourt,-6.2755912,53.3500473
643,Dinnie,Quinevan,dquinevanhu@marketwatch.com,Female,Ireland,Athlone,-7.9428197,53.4231032
644,Emlyn,Haggata,ehaggatahv@state.tx.us,Female,Ireland,Ashford,-6.3828795,53.385304
645,Hubie,Gallant,hgallanthw@shop-pro.jp,Male,Ireland,Edgeworthstown,-7.606287,53.6972399
646,Rudolf,Godlee,rgodleehx@ftc.gov,Agender,Ireland,Ballina,-9.151825,54.11215
647,Robinet,Marzele,rmarzelehy@howstuffworks.com,Female,Ireland,Kildare,-6.9140788,53.169971
648,Inessa,Fitchen,ifitchenhz@zimbio.com,Female,Ireland,Swinford,-8.9480659,53.940892
649,Larisa,Cloonan,lcloonani0@photobucket.com,Female,Ireland,Mullagh,-8.4977746,51.8895954
650,Jo-ann,Grime,jgrimei1@furl.net,Female,Ireland,Foxrock,-6.1011147,53.2000455
651,Glory,Shorte,gshortei2@cargocollective.com,Female,Ireland,Eadestown,-6.590926,53.1936864
652,Obadiah,Bloodworth,obloodworthi3@yellowbook.com,Male,Ireland,Gweedore,-9.0288689,53.2737147
653,Zulema,Pettifor,zpettifori4@indiegogo.com,Female,Ireland,Milltown,-7.9027266,53.4148582
654,Stefa,Kelsall,skelsalli5@aboutads.info,Female,Ireland,Nenagh,-8.2001004,52.86326
655,Thalia,Pattingson,tpattingsoni6@naver.com,Female,Ireland,Carrigaline,-8.3929404,51.8113447
656,Antoinette,Christal,achristali7@google.fr,Female,Ireland,Sutton,-6.1097188,53.3895926
657,Abba,Stanes,astanesi8@chron.com,Male,Ireland,Ballisodare,-8.5070436,54.2109904
658,Shurlock,Wardhaugh,swardhaughi9@ifeng.com,Male,Ireland,Ballybofey,-7.74208,54.70972
659,Ronny,Younge,ryoungeia@usnews.com,Male,Ireland,Kinsale,-6.251714,53.3169419
660,Norri,Gianelli,ngianelliib@accuweather.com,Non-binary,Ireland,Cloyne,-6.2398782,53.32112
661,Case,Rontsch,crontschic@elpais.com,Male,Ireland,Tuam,-8.83565,53.49417
662,Shauna,Lawson,slawsonid@dedecms.com,Genderfluid,Ireland,Fermoy,-9.5003786,52.4458588
663,Angelique,Buckie,abuckieie@360.cn,Female,Ireland,Caherconlish,-8.3545704,52.5593605
664,Jedd,Dent,jdentif@google.pl,Male,Ireland,Athy,-6.9858993,53.0018699
665,Lee,Rissom,lrissomig@example.com,Male,Ireland,Adare,-6.176659,53.4487975
666,Boony,Fynan,bfynanih@jalbum.net,Male,Ireland,Foxrock,-6.1011147,53.2000455
667,Winthrop,Blakey,wblakeyii@abc.net.au,Male,Ireland,Tullyallen,-6.4241156,53.7369009
668,Sylas,Matysik,smatysikij@aboutads.info,Male,Ireland,Dunleer,-8.5176583,51.8863277
669,Gerald,Leyband,gleybandik@linkedin.com,Male,Ireland,Bayside,-9.1097137,53.2582868
670,Hurlee,Sjollema,hsjollemail@linkedin.com,Male,Ireland,Balally,-6.5899765,52.176031
671,Pet,Gason,pgasonim@ask.com,Female,Ireland,Daingean,-7.1297243,52.2509369
672,Durward,Gorke,dgorkein@geocities.jp,Male,Ireland,Castlerea,-8.6346959,53.7423435
673,Ancell,MacKay,amackayio@japanpost.jp,Male,Ireland,Nenagh,-8.2001004,52.86326
674,Rhys,Eyam,reyamip@salon.com,Male,Ireland,Kingscourt,-6.2755912,53.3500473
675,Oswald,Burhouse,oburhouseiq@patch.com,Male,Ireland,Nenagh,-8.2001004,52.86326
676,Pavlov,Nunes Nabarro,pnunesnabarroir@sogou.com,Male,Ireland,Cherryville,-7.1111732,52.2513095
677,Jasmine,Tenwick,jtenwickis@delicious.com,Female,Ireland,Clogherhead,-6.2429997,53.7902634
678,Baird,Houtbie,bhoutbieit@statcounter.com,Male,Ireland,Gorey,-6.308522,52.665267
679,Aylmar,Praten,aprateniu@hud.gov,Polygender,Ireland,Longwood,-6.2892907,53.310122
680,Morley,MacKeeg,mmackeegiv@networksolutions.com,Genderqueer,Ireland,Dunlewy,-6.1157412,53.2774963
681,Philippe,O'Heaney,poheaneyiw@bloglines.com,Female,Ireland,Cabinteely,-6.1603828,53.2599034
682,Brynne,Reitenbach,breitenbachix@wix.com,Female,Ireland,Ballinroad,-7.5717688,52.1045472
683,Ginevra,Rigeby,grigebyiy@bravesites.com,Genderqueer,Ireland,Monkstown,-8.9775014,52.8314927
684,Kipp,Duesberry,kduesberryiz@paginegialle.it,Polygender,Ireland,Eadestown,-6.590926,53.1936864
685,Ginger,McIlmorie,gmcilmoriej0@dropbox.com,Male,Ireland,Nenagh,-8.2001004,52.86326
686,Rosabella,Springthorpe,rspringthorpej1@cyberchimps.com,Female,Ireland,Clonskeagh,-6.2387374,53.3141205
687,Gan,Cardozo,gcardozoj2@tripadvisor.com,Male,Ireland,Skerries,-6.1349155,53.5834008
688,Clarette,Leeming,cleemingj3@wunderground.com,Female,Ireland,Bailieborough,-6.9711886,53.916791
689,Carter,MacUchadair,cmacuchadairj4@google.ru,Male,Ireland,Arklow,-8.4523258,51.880525
690,Hyacinthia,Cescoti,hcescotij5@themeforest.net,Female,Ireland,Crossmolina,-6.473025,54.0086093
691,Sidnee,Shepherd,sshepherdj6@unesco.org,Male,Ireland,Tuam,-8.83565,53.49417
692,Erin,Horning,ehorningj7@ft.com,Female,Ireland,Belmullet,-10.0320886,54.2223118
693,Shandeigh,Culter,sculterj8@dmoz.org,Female,Ireland,Newmarket on Fergus,-8.8950821,52.7604883
694,Miguelita,Fetteplace,mfetteplacej9@tripod.com,Female,Ireland,Annacotty,-8.5369154,52.6681994
695,Chuck,Yair,cyairja@mediafire.com,Male,Ireland,Clifden,-10.022186,53.488087
696,Brook,Margram,bmargramjb@google.it,Female,Ireland,Kinlough,-6.1136478,53.2121335
697,Caroline,Moorman,cmoormanjc@gnu.org,Female,Ireland,Killorglin,-9.7850991,52.1058991
698,Ebonee,D'Enrico,edenricojd@toplist.cz,Bigender,Ireland,Swinford,-8.9480659,53.940892
699,Orton,Bachs,obachsje@unc.edu,Male,Ireland,Kinsealy-Drinan,-6.1644997,53.4266145
700,Vinson,Flay,vflayjf@umich.edu,Male,Ireland,Naas,-6.67045,53.213319
701,Valdemar,Stotherfield,vstotherfieldjg@netlog.com,Male,Ireland,Kanturk,-8.9342111,52.182304
702,Naomi,Orrock,norrockjh@marketwatch.com,Female,Ireland,Nenagh,-8.2001004,52.86326
703,Kelwin,Croydon,kcroydonji@rakuten.co.jp,Male,Ireland,Lucan,-9.4904891,52.6396679
704,Mead,Stuttman,mstuttmanjj@domainmarket.com,Male,Ireland,Enniskerry,-8.9821467,52.8498651
705,Valeda,Bowmer,vbowmerjk@wired.com,Female,Ireland,Cashel,-7.888894,52.516323
706,Germaine,Fludder,gfludderjl@baidu.com,Male,Ireland,Clifden,-10.022186,53.488087
707,Benedetta,Thridgould,bthridgouldjm@t-online.de,Female,Ireland,Kanturk,-8.9342111,52.182304
708,Gina,Doulden,gdouldenjn@zdnet.com,Female,Ireland,Kanturk,-8.9342111,52.182304
709,Archaimbaud,Mennithorp,amennithorpjo@forbes.com,Male,Ireland,Castlebridge,-6.5853664,53.378253
710,Linet,Fetherston,lfetherstonjp@independent.co.uk,Female,Ireland,Valleymount,-6.3077823,53.3655256
711,Aron,Aggio,aaggiojq@woothemes.com,Male,Ireland,Kill,-6.5924609,53.2482376
712,Thekla,Andrieu,tandrieujr@cpanel.net,Female,Ireland,Sallins,-6.6633404,53.2492381
713,Anders,Bourke,abourkejs@hibu.com,Male,Ireland,Clifden,-10.022186,53.488087
714,Georgianna,Berrie,gberriejt@oaic.gov.au,Female,Ireland,Clones,-7.2314132,54.1794814
715,Sheila-kathryn,Roads,sroadsju@dailymail.co.uk,Female,Ireland,Lusk,-6.1535181,53.5220275
716,Dicky,Fitzsimon,dfitzsimonjv@nymag.com,Male,Ireland,Castlebridge,-6.5853664,53.378253
717,Aland,Shay,ashayjw@uiuc.edu,Male,Ireland,Rathwire,-7.145971,53.508326
718,Owen,Pilkinton,opilkintonjx@cloudflare.com,Male,Ireland,Gweedore,-9.0288689,53.2737147
719,Nerta,Boundy,nboundyjy@msu.edu,Female,Ireland,Ferbane,-8.4824714,51.8862378
720,Gayler,Ginner,gginnerjz@indiegogo.com,Male,Ireland,Dromiskin,-6.4008792,53.9215606
721,Artemis,Brampton,abramptonk0@i2i.jp,Male,Ireland,Lucan,-9.4904891,52.6396679
722,Dredi,Pedwell,dpedwellk1@engadget.com,Female,Ireland,Dunlewy,-6.1157412,53.2774963
723,Latrena,Wyche,lwychek2@ucoz.com,Genderfluid,Ireland,Gweedore,-9.0288689,53.2737147
724,Ruprecht,Borleace,rborleacek3@comcast.net,Male,Ireland,Ballyhaunis,-8.7683674,53.7942932
725,Edith,Allbones,eallbonesk4@webs.com,Female,Ireland,Dún Laoghaire,-6.133718,53.291512
726,Ardys,Kiddie,akiddiek5@businessinsider.com,Female,Ireland,Dún Laoghaire,-6.133718,53.291512
727,Alanna,Flucker,afluckerk6@parallels.com,Female,Ireland,Rathnew,-6.374155,53.3223974
728,Spenser,Heball,sheballk7@naver.com,Male,Ireland,Enniskerry,-8.9821467,52.8498651
729,Jenn,Waby,jwabyk8@archive.org,Female,Ireland,Virginia,-6.2633149,53.377533
730,Shayne,Henderson,shendersonk9@paypal.com,Female,Ireland,Tullyallen,-6.4241156,53.7369009
731,Wilhelmina,Rignall,wrignallka@flavors.me,Female,Ireland,Sutton,-6.1097188,53.3895926
732,Daron,Veldstra,dveldstrakb@bigcartel.com,Female,Ireland,Rathnew,-6.374155,53.3223974
733,Shaw,Brockington,sbrockingtonkc@4shared.com,Male,Ireland,Tallaght,-6.3660863,53.2874153
734,Elie,Godsal,egodsalkd@cocolog-nifty.com,Female,Ireland,Kiltamagh,-8.9949917,53.8533151
735,Jaimie,Iles,jileske@uiuc.edu,Male,Ireland,Monaghan,-7.0943023,54.2694844
736,Noll,Massot,nmassotkf@npr.org,Male,Ireland,Belmullet,-10.0320886,54.2223118
737,Ginnie,Sholl,gshollkg@myspace.com,Female,Ireland,Ashford,-6.3828795,53.385304
738,Darcy,Coggon,dcoggonkh@seesaa.net,Female,Ireland,Cill Airne,-6.2890702,53.3201497
739,Zak,Pomery,zpomeryki@bizjournals.com,Male,Ireland,Donabate,-6.1544115,53.4855448
740,Shir,Wigin,swiginkj@washingtonpost.com,Female,Ireland,Youghal,-7.8434254,51.949401
741,Theodor,Spire,tspirekk@naver.com,Male,Ireland,Tullamore,-7.518792,53.284466
742,Mordecai,Twizell,mtwizellkl@printfriendly.com,Male,Ireland,Portumna,-8.2215941,53.0917381
743,Odie,Escala,oescalakm@tinypic.com,Male,Ireland,Rathwire,-7.145971,53.508326
744,Sterne,Praten,spratenkn@yale.edu,Male,Ireland,Portarlington,-7.185387,53.158984
745,Daune,Entreis,dentreisko@yellowbook.com,Female,Ireland,Blessington,-8.5111664,51.8858819
746,Ellette,Loutheane,eloutheanekp@mashable.com,Female,Ireland,Ballymahon,-7.7655701,53.5650926
747,Rickert,Petroselli,rpetrosellikq@hhs.gov,Male,Ireland,Donegal,-8.5946591,54.632283
748,Shirl,de Almeida,sdealmeidakr@sfgate.com,Female,Ireland,Rathangan,-6.9898366,53.2265199
749,Fern,Ballintime,fballintimeks@cargocollective.com,Female,Ireland,Tullyallen,-6.4241156,53.7369009
750,Kassie,Tabary,ktabarykt@nbcnews.com,Female,Ireland,Old Kilcullen,-6.7449927,53.1310185
751,Basile,Morris,bmorrisku@goodreads.com,Male,Ireland,Kilmacanoge,-6.139018,53.171935
752,Cece,Jacomb,cjacombkv@arstechnica.com,Male,Ireland,Ballyhaunis,-8.7683674,53.7942932
753,Mellie,Nisby,mnisbykw@paginegialle.it,Female,Ireland,Bayside,-9.1097137,53.2582868
754,Rodina,Skellen,rskellenkx@domainmarket.com,Female,Ireland,Castlebellingham,-6.391149,53.8996586
755,Trude,Scrine,tscrineky@shutterfly.com,Female,Ireland,Milltown,-7.9027266,53.4148582
756,Virgie,Risebrow,vrisebrowkz@toplist.cz,Male,Ireland,Bailieborough,-6.9711886,53.916791
757,Arri,Tole,atolel0@shop-pro.jp,Male,Ireland,Cherryville,-7.1111732,52.2513095
758,Tonye,Steenson,tsteensonl1@google.fr,Genderqueer,Ireland,Sandymount,-6.2152673,53.3323703
759,Ty,Della Scala,tdellascalal2@photobucket.com,Male,Ireland,Coolock,-6.1920933,53.3916434
760,Veronica,Corsan,vcorsanl3@ycombinator.com,Female,Ireland,Kanturk,-8.9342111,52.182304
761,Marni,Juster,mjusterl4@netlog.com,Female,Ireland,Nenagh,-8.2001004,52.86326
762,Reinaldo,Peet,rpeetl5@etsy.com,Male,Ireland,Listowel,-9.4851741,52.4460804
763,Dot,Bodleigh,dbodleighl6@zimbio.com,Female,Ireland,Cluain Meala,-6.2611953,53.3881832
764,Philippe,Roughsedge,proughsedgel7@google.it,Genderfluid,Ireland,Rathwire,-7.145971,53.508326
765,Selia,Alliberton,sallibertonl8@boston.com,Female,Ireland,Kinlough,-6.1136478,53.2121335
766,Derron,Geratasch,dgerataschl9@multiply.com,Male,Ireland,Nenagh,-8.2001004,52.86326
767,Axel,Meace,ameacela@phoca.cz,Male,Ireland,Mallow,-8.642661,52.1361219
768,Byron,Tollet,btolletlb@51.la,Male,Ireland,Castlemartyr,-8.05,51.9166667
769,Greta,McSaul,gmcsaullc@mozilla.org,Female,Ireland,Oughterard,-6.1406578,53.2886387
770,Alleyn,Charon,acharonld@npr.org,Male,Ireland,Ballivor,-6.1191333,53.1915379
771,Mortie,Tures,mturesle@drupal.org,Male,Ireland,Old Kilcullen,-6.7449927,53.1310185
772,Ariana,Sinnatt,asinnattlf@oaic.gov.au,Agender,Ireland,Belmullet,-10.0320886,54.2223118
773,Fred,Woodall,fwoodalllg@sogou.com,Female,Ireland,Blessington,-8.5111664,51.8858819
774,Myron,Caile,mcailelh@globo.com,Male,Ireland,Oughterard,-6.1406578,53.2886387
775,Debee,Axton,daxtonli@youtu.be,Female,Ireland,Swords,-6.2071246,53.4562426
776,Willabella,Malden,wmaldenlj@yolasite.com,Female,Ireland,Raphoe,-8.2755058,52.2627273
777,Eugenius,Wych,ewychlk@unicef.org,Male,Ireland,Cobh,-8.298942,51.848898
778,Riannon,Lieb,rliebll@reuters.com,Female,Ireland,Carrigtwohill,-8.259128,51.908209
779,Zane,Waple,zwaplelm@weather.com,Male,Ireland,Tower,-80.7087609,35.7797381
780,Bambi,Otham,bothamln@toplist.cz,Female,Ireland,Bayside,-9.1097137,53.2582868
781,Ramonda,Blight,rblightlo@cbsnews.com,Female,Ireland,Moville,-8.4242597,51.8910459
782,Filbert,Pawle,fpawlelp@geocities.com,Male,Ireland,Lusk,-6.1535181,53.5220275
783,Gage,Blagbrough,gblagbroughlq@ovh.net,Male,Ireland,Kilcullen,-8.5047067,51.8830697
784,Paolina,Tapton,ptaptonlr@bizjournals.com,Female,Ireland,Swords,-6.2071246,53.4562426
785,Patricio,Schaumaker,pschaumakerls@loc.gov,Male,Ireland,Castleblayney,-6.64937,54.10269
786,Delcina,Trousdell,dtrousdelllt@prnewswire.com,Female,Ireland,Leixlip,-6.4887534,53.3653866
787,Rodolfo,MacMaster,rmacmasterlu@goo.ne.jp,Male,Ireland,Youghal,-7.8434254,51.949401
788,Ezri,Truran,etruranlv@tripod.com,Male,Ireland,Dungarvan,-6.1822287,53.3788495
789,Guglielma,Kingswood,gkingswoodlw@ca.gov,Female,Ireland,Ballina,-9.151825,54.11215
790,Susie,Beardsworth,sbeardsworthlx@spotify.com,Female,Ireland,Tower,-80.7087609,35.7797381
791,Saudra,Cooney,scooneyly@vk.com,Female,Ireland,Eadestown,-6.590926,53.1936864
792,Patrick,Kitteringham,pkitteringhamlz@mit.edu,Male,Ireland,Cavan,-7.297914,54.026345
793,Trevor,Doughton,tdoughtonm0@privacy.gov.au,Male,Ireland,Cork,-8.489012,51.923707
794,Othelia,Hurling,ohurlingm1@nature.com,Female,Ireland,Sallins,-6.6633404,53.2492381
795,Prentiss,Kobierzycki,pkobierzyckim2@parallels.com,Male,Ireland,Mallow,-8.642661,52.1361219
796,Crichton,Damiata,cdamiatam3@nsw.gov.au,Male,Ireland,Portumna,-8.2215941,53.0917381
797,Cahra,Iorizzi,ciorizzim4@comsenz.com,Female,Ireland,Ardee,-8.4784945,51.8815586
798,Flemming,Wesker,fweskerm5@ed.gov,Male,Ireland,Aughrim,-6.366762,53.2987724
799,Coleen,Vian,cvianm6@boston.com,Female,Ireland,Ardee,-8.4784945,51.8815586
800,Sari,Virgo,svirgom7@discovery.com,Female,Ireland,Kingscourt,-6.2755912,53.3500473
801,Kimmie,Schaffler,kschafflerm8@domainmarket.com,Female,Ireland,Askeaton,-8.9706844,52.6004448
802,Cris,Sandeland,csandelandm9@wufoo.com,Male,Ireland,Kingscourt,-6.2755912,53.3500473
803,Martita,Sallter,msallterma@geocities.com,Female,Ireland,Ballinteer,-6.2554371,53.2767301
804,Gwenora,Chazier,gchaziermb@miitbeian.gov.cn,Female,Ireland,Annacotty,-8.5369154,52.6681994
805,Beverlee,Reneke,brenekemc@google.it,Female,Ireland,Dungloe,-6.3695384,53.3734053
806,Jeramie,Cains,jcainsmd@dropbox.com,Male,Ireland,Enniskerry,-8.9821467,52.8498651
807,Kitty,Penna,kpenname@springer.com,Female,Ireland,Donnycarney,-6.218069,53.374266
808,Stinky,Uttridge,suttridgemf@princeton.edu,Male,Ireland,Muff,-7.269174,55.0650892
809,Sibyl,Dilgarno,sdilgarnomg@networkadvertising.org,Male,Ireland,Naas,-6.67045,53.213319
810,Heinrick,Jeromson,hjeromsonmh@gnu.org,Male,Ireland,Longwood,-6.2892907,53.310122
811,Lazar,Versey,lverseymi@ca.gov,Male,Ireland,Ballyhaunis,-8.7683674,53.7942932
812,Lula,Goodley,lgoodleymj@statcounter.com,Bigender,Ireland,Caherconlish,-8.3545704,52.5593605
813,Jeremias,Mugridge,jmugridgemk@squidoo.com,Male,Ireland,Clifden,-10.022186,53.488087
814,Teddie,Totaro,ttotaroml@guardian.co.uk,Male,Ireland,Dundrum,-6.2508196,53.2866372
815,Tracey,Bimson,tbimsonmm@cdc.gov,Male,Ireland,Clifden,-10.022186,53.488087
816,Lowell,Stearnes,lstearnesmn@dropbox.com,Agender,Ireland,Ashbourne,-6.1215213,53.2724538
817,Adriana,Kenningham,akenninghammo@alibaba.com,Female,Ireland,Dromiskin,-6.4008792,53.9215606
818,Daffi,Tebbit,dtebbitmp@vistaprint.com,Female,Ireland,Kingscourt,-6.2755912,53.3500473
819,Jobey,Coatsworth,jcoatsworthmq@dion.ne.jp,Female,Ireland,Greystones,-6.0704904,53.1286984
820,Keane,Vakhonin,kvakhoninmr@vinaora.com,Male,Ireland,Moycullen,-9.159604,53.302644
821,Clarinda,Peterken,cpeterkenms@domainmarket.com,Female,Ireland,Portumna,-8.2215941,53.0917381
822,Olwen,Camoletto,ocamolettomt@prlog.org,Female,Ireland,Cavan,-7.297914,54.026345
823,Claudina,Eicheler,ceichelermu@nymag.com,Female,Ireland,Kinnegad,-9.1327273,53.806868
824,Wally,Calltone,wcalltonemv@pcworld.com,Female,Ireland,Kilkenny,-7.2584,52.655184
825,Fidelity,Leel,fleelmw@sogou.com,Female,Ireland,Gweedore,-9.0288689,53.2737147
826,Domenico,Sloley,dsloleymx@boston.com,Male,Ireland,Donabate,-6.1544115,53.4855448
827,Elsi,Curton,ecurtonmy@themeforest.net,Female,Ireland,Kildare,-6.9140788,53.169971
828,Tybalt,Andrat,tandratmz@cbslocal.com,Male,Ireland,Eadestown,-6.590926,53.1936864
829,Napoleon,Poundsford,npoundsfordn0@yandex.ru,Male,Ireland,Rathwire,-7.145971,53.508326
830,Fowler,MacCallam,fmaccallamn1@nba.com,Male,Ireland,Castlebellingham,-6.391149,53.8996586
831,Rriocard,Muehler,rmuehlern2@ycombinator.com,Male,Ireland,Longwood,-6.2892907,53.310122
832,Saleem,Warriner,swarrinern3@economist.com,Male,Ireland,Glasnevin,-6.266734,53.3829319
833,Timothy,Edgerley,tedgerleyn4@soundcloud.com,Male,Ireland,Kilkenny,-7.2584,52.655184
834,Koralle,Bertson,kbertsonn5@mozilla.com,Female,Ireland,Newmarket on Fergus,-8.8950821,52.7604883
835,Julietta,Curlis,jcurlisn6@nps.gov,Female,Ireland,Donabate,-6.1544115,53.4855448
836,Silvester,Beat,sbeatn7@biblegateway.com,Genderqueer,Ireland,Monkstown,-8.9775014,52.8314927
837,Geraldine,Dix,gdixn8@elpais.com,Female,Ireland,Kilcullen,-8.5047067,51.8830697
838,Bord,Elcy,belcyn9@merriam-webster.com,Male,Ireland,Cavan,-7.297914,54.026345
839,Glennie,Hodgon,ghodgonna@redcross.org,Female,Ireland,Tallaght,-6.3660863,53.2874153
840,Stacy,Slaney,sslaneynb@vinaora.com,Female,Ireland,Trá Mhór,-9.0197835,53.2736466
841,Yetty,Greger,ygregernc@indiatimes.com,Female,Ireland,Castlepollard,-7.2979911,53.6785169
842,Boigie,Axby,baxbynd@goo.ne.jp,Agender,Ireland,Portarlington,-7.185387,53.158984
843,Perla,Belch,pbelchne@dyndns.org,Female,Ireland,Kinnegad,-9.1327273,53.806868
844,Sigvard,Verney,sverneynf@oakley.com,Male,Ireland,Ballivor,-6.1191333,53.1915379
845,Marylynne,Kemmons,mkemmonsng@gizmodo.com,Female,Ireland,Monasterevin,-7.0625888,53.1387595
846,Robbin,Castletine,rcastletinenh@samsung.com,Female,Ireland,Oughterard,-6.1406578,53.2886387
847,Nettle,Hardin,nhardinni@answers.com,Female,Ireland,Cloyne,-6.2398782,53.32112
848,Paquito,Brusby,pbrusbynj@europa.eu,Male,Ireland,Kilkenny,-7.2584,52.655184
849,Bealle,Ghiriardelli,bghiriardellink@rediff.com,Male,Ireland,Dún Laoghaire,-6.133718,53.291512
850,Glory,Seyffert,gseyffertnl@guardian.co.uk,Genderqueer,Ireland,Rathdrum,-6.163027,53.2339841
851,Piggy,Rutty,pruttynm@ibm.com,Male,Ireland,Sandyford,-6.3422325,53.719155
852,Roanne,Mapston,rmapstonnn@t.co,Female,Ireland,Watergrasshill,-8.337871,52.0097259
853,Shamus,Longridge,slongridgeno@cdbaby.com,Male,Ireland,Cloyne,-6.2398782,53.32112
854,Konrad,Gleaves,kgleavesnp@odnoklassniki.ru,Male,Ireland,Ballinroad,-7.5717688,52.1045472
855,Rosie,Maddyson,rmaddysonnq@ameblo.jp,Female,Ireland,Claremorris,-8.334953,51.8610022
856,Murry,Farrans,mfarransnr@icq.com,Male,Ireland,Shankill,-6.124065,53.231395
857,Emlynn,Zuann,ezuannns@skyrock.com,Female,Ireland,Castlebellingham,-6.391149,53.8996586
858,Toiboid,Gallacher,tgallachernt@house.gov,Male,Ireland,Midleton,-8.1722173,51.9138694
859,Ursula,Coaker,ucoakernu@wiley.com,Female,Ireland,Killumney,-8.6340751,52.6638144
860,Timoteo,Flight,tflightnv@accuweather.com,Male,Ireland,Cobh,-8.298942,51.848898
861,Pacorro,Stackbridge,pstackbridgenw@lulu.com,Male,Ireland,Shankill,-6.124065,53.231395
862,Isobel,Perceval,ipercevalnx@springer.com,Female,Ireland,Foxrock,-6.1011147,53.2000455
863,Feodor,Olivas,folivasny@google.nl,Bigender,Ireland,Macroom,-8.958931,51.904635
864,Elvin,Skoof,eskoofnz@ihg.com,Male,Ireland,Cobh,-8.298942,51.848898
865,Kenneth,Iddy,kiddyo0@about.com,Male,Ireland,Kinsale,-6.251714,53.3169419
866,Mollee,Whannel,mwhannelo1@edublogs.org,Female,Ireland,Cherryville,-7.1111732,52.2513095
867,Ben,Jammet,bjammeto2@acquirethisname.com,Male,Ireland,Cobh,-8.298942,51.848898
868,Eliza,Adaway,eadawayo3@cocolog-nifty.com,Female,Ireland,Monkstown,-8.9775014,52.8314927
869,Amalee,Franzel,afranzelo4@independent.co.uk,Female,Ireland,Sallins,-6.6633404,53.2492381
870,Ainsley,Scarsbrick,ascarsbricko5@omniture.com,Female,Ireland,Clifden,-10.022186,53.488087
871,Tam,Wrightam,twrightamo6@photobucket.com,Agender,Ireland,Kinsale,-6.251714,53.3169419
872,Siward,Schimon,sschimono7@mail.ru,Male,Ireland,Raheny,-6.1820563,53.3786861
873,Aubry,Green,agreeno8@altervista.org,Female,Ireland,Castlebridge,-6.5853664,53.378253
874,Eba,Grainge,egraingeo9@netvibes.com,Female,Ireland,Piltown,-6.3025448,53.6920618
875,Meg,Marousek,mmarousekoa@usgs.gov,Polygender,Ireland,Portumna,-8.2215941,53.0917381
876,Killy,Sherry,ksherryob@sbwire.com,Male,Ireland,Blessington,-8.5111664,51.8858819
877,Chane,Sidry,csidryoc@paypal.com,Male,Ireland,Gorey,-6.308522,52.665267
878,Anneliese,Mellsop,amellsopod@geocities.com,Female,Ireland,Skerries,-6.1349155,53.5834008
879,Felicity,Drage,fdrageoe@storify.com,Female,Ireland,Crumlin,-6.3048641,53.3284298
880,Garrard,MacGuiness,gmacguinessof@hugedomains.com,Male,Ireland,Ballylinan,-7.0472382,52.9480781
881,Sela,Farrey,sfarreyog@vinaora.com,Female,Ireland,Aghada,-8.4627451,54.25645
882,Tiphany,Kearley,tkearleyoh@purevolume.com,Female,Ireland,Athy,-6.9858993,53.0018699
883,Leonid,Huck,lhuckoi@mayoclinic.com,Male,Ireland,Belmullet,-10.0320886,54.2223118
884,Crosby,Algy,calgyoj@csmonitor.com,Male,Ireland,Stradbally,-8.5054897,52.7107501
885,Noni,Road,nroadok@state.gov,Female,Ireland,Balally,-6.5899765,52.176031
886,Leicester,Foden,lfodenol@ycombinator.com,Male,Ireland,Bearna,-6.2340942,53.2993199
887,Caron,Allison,callisonom@hp.com,Female,Ireland,Balrothery,-6.1884248,53.5879156
888,Elbertina,Ingamells,eingamellson@springer.com,Female,Ireland,Arklow,-8.4523258,51.880525
889,Briana,Cockman,bcockmanoo@dion.ne.jp,Female,Ireland,Virginia,-6.2633149,53.377533
890,Darius,Belcham,dbelchamop@europa.eu,Male,Ireland,Kill,-6.5924609,53.2482376
891,Regan,Minithorpe,rminithorpeoq@disqus.com,Male,Ireland,Rathwire,-7.145971,53.508326
892,Viviana,Wager,vwageror@instagram.com,Female,Ireland,Clonskeagh,-6.2387374,53.3141205
893,Kizzie,Coggin,kcogginos@unesco.org,Female,Ireland,Balally,-6.5899765,52.176031
894,Shannan,Tooker,stookerot@washington.edu,Male,Ireland,Ballymun,-6.264963,53.3897152
895,Margarette,Duckinfield,mduckinfieldou@4shared.com,Female,Ireland,Bagenalstown,-6.9692181,52.7009338
896,Bruce,Comport,bcomportov@indiegogo.com,Male,Ireland,Castlebridge,-6.5853664,53.378253
897,Marven,Cavolini,mcavoliniow@livejournal.com,Male,Ireland,Dunmanway,-9.1115941,51.7203863
898,Dorise,Schimon,dschimonox@devhub.com,Genderqueer,Ireland,Swords,-6.2071246,53.4562426
899,Annemarie,Kenninghan,akenninghanoy@geocities.com,Female,Ireland,Thomastown,-6.7434401,53.2229873
900,Carroll,Tait,ctaitoz@alexa.com,Male,Ireland,Rathnew,-6.374155,53.3223974
901,Miquela,Folbigg,mfolbiggp0@loc.gov,Genderfluid,Ireland,Dalkey,-6.1072403,53.2780047
902,Renado,Casino,rcasinop1@google.com.au,Male,Ireland,Castlemartyr,-8.05,51.9166667
903,Amos,Sunners,asunnersp2@go.com,Male,Ireland,Castlepollard,-7.2979911,53.6785169
904,Dayle,Ebenezer,debenezerp3@craigslist.org,Female,Ireland,Kanturk,-8.9342111,52.182304
905,Erminia,Dunstall,edunstallp4@usnews.com,Female,Ireland,Valleymount,-6.3077823,53.3655256
906,Jefferson,Garvan,jgarvanp5@51.la,Male,Ireland,Lusk,-6.1535181,53.5220275
907,Deny,Alldridge,dalldridgep6@twitpic.com,Female,Ireland,Ardee,-8.4784945,51.8815586
908,Anitra,Lammin,alamminp7@microsoft.com,Female,Ireland,Longwood,-6.2892907,53.310122
909,Demetre,Rosin,drosinp8@hibu.com,Male,Ireland,Cabinteely,-6.1603828,53.2599034
910,Liane,Aime,laimep9@utexas.edu,Female,Ireland,Bearna,-6.2340942,53.2993199
911,Haywood,Frankiss,hfrankisspa@sciencedirect.com,Male,Ireland,Skerries,-6.1349155,53.5834008
912,Dale,Lefeuvre,dlefeuvrepb@1688.com,Male,Ireland,Cluain Meala,-6.2611953,53.3881832
913,Audrey,Pedrielli,apedriellipc@sogou.com,Genderfluid,Ireland,Castlebellingham,-6.391149,53.8996586
914,Noemi,Calcott,ncalcottpd@narod.ru,Female,Ireland,Trá Mhór,-9.0197835,53.2736466
915,Judas,Coddrington,jcoddringtonpe@hexun.com,Male,Ireland,Templeogue,-6.3219759,53.2976886
916,Gonzalo,Kealey,gkealeypf@123-reg.co.uk,Male,Ireland,Virginia,-6.2633149,53.377533
917,Rafaela,Hoggins,rhogginspg@hibu.com,Female,Ireland,Ballyboden,-6.3049392,53.3021194
918,Terry,Whaplington,twhaplingtonph@sciencedaily.com,Male,Ireland,Stradbally,-8.5054897,52.7107501
919,Aubrey,Landa,alandapi@europa.eu,Female,Ireland,Dundrum,-6.2508196,53.2866372
920,Morlee,Hendrix,mhendrixpj@pen.io,Male,Ireland,Valleymount,-6.3077823,53.3655256
921,Lizzie,Bigmore,lbigmorepk@yandex.ru,Female,Ireland,Moate,-6.1942058,53.3604483
922,Mano,Wallbridge,mwallbridgepl@skype.com,Male,Ireland,Manorhamilton,-8.1722002,54.3051891
923,Buiron,Villar,bvillarpm@feedburner.com,Male,Ireland,Dún Laoghaire,-6.133718,53.291512
924,Pavel,Milhench,pmilhenchpn@omniture.com,Male,Ireland,Glasnevin,-6.266734,53.3829319
925,Osmund,Ogg,ooggpo@blogger.com,Male,Ireland,Cobh,-8.298942,51.848898
926,Gal,Maffiotti,gmaffiottipp@tripadvisor.com,Male,Ireland,Eadestown,-6.590926,53.1936864
927,Kerby,Simpole,ksimpolepq@samsung.com,Male,Ireland,Valleymount,-6.3077823,53.3655256
928,Edlin,Patzelt,epatzeltpr@guardian.co.uk,Male,Ireland,Claremorris,-8.334953,51.8610022
929,Brigitte,Skeldinge,bskeldingeps@creativecommons.org,Female,Ireland,Ferbane,-8.4824714,51.8862378
930,Dasya,Minocchi,dminocchipt@china.com.cn,Female,Ireland,Navan,-6.313755,53.366736
931,Sherwynd,Marchent,smarchentpu@ft.com,Male,Ireland,Watergrasshill,-8.337871,52.0097259
932,Grayce,Rosenshine,grosenshinepv@cbc.ca,Female,Ireland,Ballyhaunis,-8.7683674,53.7942932
933,Dynah,Hamby,dhambypw@acquirethisname.com,Female,Ireland,Sandyford,-6.3422325,53.719155
934,Alvan,Sturr,asturrpx@seesaa.net,Male,Ireland,Cashel,-7.888894,52.516323
935,Kinnie,Boggas,kboggaspy@1und1.de,Male,Ireland,Skibbereen,-9.268589,51.549106
936,Salomone,Cowper,scowperpz@google.co.uk,Male,Ireland,Bundoran,-8.2817353,54.4771768
937,Janel,Coskerry,jcoskerryq0@hibu.com,Female,Ireland,Ballymun,-6.264963,53.3897152
938,Rosina,Feirn,rfeirnq1@state.gov,Female,Ireland,Ballinroad,-7.5717688,52.1045472
939,Richart,Barnson,rbarnsonq2@noaa.gov,Male,Ireland,Athy,-6.9858993,53.0018699
940,Leigha,Limbourne,llimbourneq3@theatlantic.com,Female,Ireland,Rathangan,-6.9898366,53.2265199
941,Codie,Mc Menamin,cmcmenaminq4@alexa.com,Female,Ireland,Aghada,-8.4627451,54.25645
942,Francyne,Densham,fdenshamq5@ucsd.edu,Female,Ireland,Glasnevin,-6.266734,53.3829319
943,Sandye,Craster,scrasterq6@wikipedia.org,Female,Ireland,Granard,-7.5011999,53.776647
944,Desirae,Ingledow,dingledowq7@zimbio.com,Female,Ireland,Ballivor,-6.1191333,53.1915379
945,Silvan,Sacks,ssacksq8@shop-pro.jp,Male,Ireland,Sandymount,-6.2152673,53.3323703
946,Jo,Hague,jhagueq9@tmall.com,Female,Ireland,Kingscourt,-6.2755912,53.3500473
947,Clarisse,Millis,cmillisqa@hatena.ne.jp,Female,Ireland,Ballivor,-6.1191333,53.1915379
948,Phaedra,Bleakman,pbleakmanqb@oakley.com,Female,Ireland,Gorey,-6.308522,52.665267
949,Livvie,Gethins,lgethinsqc@yahoo.co.jp,Bigender,Ireland,Aghada,-8.4627451,54.25645
950,Kathleen,Toplis,ktoplisqd@squarespace.com,Female,Ireland,Bundoran,-8.2817353,54.4771768
951,Beverlie,Cuffley,bcuffleyqe@dyndns.org,Female,Ireland,Annacotty,-8.5369154,52.6681994
952,Justino,Govier,jgovierqf@techcrunch.com,Male,Ireland,Midleton,-8.1722173,51.9138694
953,Donnajean,Esilmon,desilmonqg@rakuten.co.jp,Female,Ireland,Dunleer,-8.5176583,51.8863277
954,Antin,Lampke,alampkeqh@rambler.ru,Male,Ireland,Boyle,-8.2969737,53.9735591
955,Durant,Jedrachowicz,djedrachowiczqi@reddit.com,Male,Ireland,Muff,-7.269174,55.0650892
956,Daryl,Tawse,dtawseqj@liveinternet.ru,Female,Ireland,Blessington,-8.5111664,51.8858819
957,Orran,Caldeiro,ocaldeiroqk@nasa.gov,Male,Ireland,Cloyne,-6.2398782,53.32112
958,Man,Strong,mstrongql@wsj.com,Male,Ireland,Cluain Meala,-6.2611953,53.3881832
959,Gunner,Bottelstone,gbottelstoneqm@fastcompany.com,Male,Ireland,Donegal,-8.5946591,54.632283
960,Nick,Samsworth,nsamsworthqn@blogtalkradio.com,Male,Ireland,Moate,-6.1942058,53.3604483
961,Jojo,Purdey,jpurdeyqo@google.co.uk,Female,Ireland,Valleymount,-6.3077823,53.3655256
962,Laird,Craig,lcraigqp@wsj.com,Male,Ireland,Beaumont,-6.2057463,53.3870149
963,Sigmund,Stroud,sstroudqq@omniture.com,Male,Ireland,Moycullen,-9.159604,53.302644
964,Tobie,Hargate,thargateqr@msn.com,Male,Ireland,Ardee,-8.4784945,51.8815586
965,Pammie,Eynon,peynonqs@hibu.com,Female,Ireland,Rathnew,-6.374155,53.3223974
966,Clare,Maggill'Andreis,cmaggillandreisqt@aboutads.info,Female,Ireland,Clondalkin,-6.4496384,53.3582341
967,Barr,Challoner,bchallonerqu@comcast.net,Male,Ireland,Blarney,-8.8562835,53.510243
968,Rosco,Filipychev,rfilipychevqv@shinystat.com,Male,Ireland,Castleknock,-9.0248232,53.2760162
969,Bernardina,Andrini,bandriniqw@google.com.au,Female,Ireland,Kilkenny,-7.2584,52.655184
970,Kandace,Noto,knotoqx@taobao.com,Female,Ireland,Blarney,-8.8562835,53.510243
971,Udall,Theakston,utheakstonqy@irs.gov,Male,Ireland,Gort,-8.9791425,52.8638391
972,Sianna,Heamus,sheamusqz@instagram.com,Female,Ireland,Annacotty,-8.5369154,52.6681994
973,Salem,Parkeson,sparkesonr0@twitpic.com,Male,Ireland,Dún Laoghaire,-6.133718,53.291512
974,Dalenna,Quartly,dquartlyr1@paypal.com,Female,Ireland,Cobh,-8.298942,51.848898
975,Tod,Ickovicz,tickoviczr2@facebook.com,Genderfluid,Ireland,Granard,-7.5011999,53.776647
976,Othello,Spridgeon,ospridgeonr3@ycombinator.com,Male,Ireland,Dublin,-6.2427004,53.3347733
977,Sherm,Cudmore,scudmorer4@salon.com,Male,Ireland,Monasterevin,-7.0625888,53.1387595
978,Budd,Zimmerman,bzimmermanr5@wired.com,Male,Ireland,Kilcullen,-8.5047067,51.8830697
979,Quinn,Mustarde,qmustarder6@alibaba.com,Male,Ireland,Monaghan,-7.0943023,54.2694844
980,Samantha,Scrooby,sscroobyr7@nba.com,Non-binary,Ireland,Ashbourne,-6.1215213,53.2724538
981,Mose,Revington,mrevingtonr8@mapquest.com,Male,Ireland,Youghal,-7.8434254,51.949401
982,Gardner,Nizet,gnizetr9@hp.com,Male,Ireland,Cill Airne,-6.2890702,53.3201497
983,Anni,Jopling,ajoplingra@examiner.com,Female,Ireland,Swords,-6.2071246,53.4562426
984,Arnaldo,Sambells,asambellsrb@webnode.com,Male,Ireland,Newmarket on Fergus,-8.8950821,52.7604883
985,Matthew,Rump,mrumprc@sciencedaily.com,Male,Ireland,Valleymount,-6.3077823,53.3655256
986,Eugen,Izkovici,eizkovicird@chicagotribune.com,Male,Ireland,Longwood,-6.2892907,53.310122
987,Mattias,Domenicone,mdomeniconere@sciencedaily.com,Male,Ireland,Arklow,-8.4523258,51.880525
988,Mellie,Rosenzveig,mrosenzveigrf@sfgate.com,Female,Ireland,Nenagh,-8.2001004,52.86326
989,Rafael,Leatham,rleathamrg@ow.ly,Male,Ireland,Rathnew,-6.374155,53.3223974
990,Chickie,Stook,cstookrh@twitter.com,Male,Ireland,Edgeworthstown,-7.606287,53.6972399
991,Garv,Kencott,gkencottri@utexas.edu,Male,Ireland,Trá Mhór,-9.0197835,53.2736466
992,Mayor,Lowen,mlowenrj@t-online.de,Male,Ireland,Cobh,-8.298942,51.848898
993,Dru,Scrowton,dscrowtonrk@jugem.jp,Female,Ireland,Cavan,-7.297914,54.026345
994,Deck,Lording,dlordingrl@mediafire.com,Male,Ireland,Shankill,-6.124065,53.231395
995,Suzette,Eickhoff,seickhoffrm@mediafire.com,Female,Ireland,Blessington,-8.5111664,51.8858819
996,Cyrill,Bett,cbettrn@eventbrite.com,Male,Ireland,Castlebridge,-6.5853664,53.378253
997,Kristoffer,McUre,kmcurero@xrea.com,Male,Ireland,Kinsale,-6.251714,53.3169419
998,Jimmie,Connock,jconnockrp@qq.com,Male,Ireland,Kilmacanoge,-6.139018,53.171935
999,Marmaduke,Dunsire,mdunsirerq@house.gov,Male,Ireland,Ballivor,-6.1191333,53.1915379
1000,Mela,Laurenceau,mlaurenceaurr@mysql.com,Female,Ireland,Cherryville,-7.1111732,52.2513095
