id,first_name,last_name,email,gender,country,city,lon,lat
1,Daisi,Labrom,dlabrom0@bing.com,Female,Ireland,Cill Airne,-6.2890702,53.3201497
2,Austin,Spurden,aspurden1@yellowbook.com,Male,Ireland,Castleblayney,-6.64937,54.10269
3,Shanta,Tures,stures2@tinyurl.com,Female,Ireland,Bagenalstown,-6.9692181,52.7009338
4,Cecilla,Bealton,cbealton3@deliciousdays.com,Female,Ireland,Tullyallen,-6.4241156,53.7369009
5,Erek,Ugolini,eugolini4@comsenz.com,Male,Ireland,Donnybrook,-6.2324705,53.3177535
6,Verne,Tregona,vtregona5@miitbeian.gov.cn,Male,Ireland,Askeaton,-8.9706844,52.6004448
7,Britteny,Antonsson,bantonsson6@thetimes.co.uk,Female,Ireland,Swords,-6.2071246,53.4562426
8,Andrei,Comerford,acomerford7@statcounter.com,Female,Ireland,Longford,-7.8004329,53.7283566
9,Tammi,Ianelli,tianelli8@vimeo.com,Female,Ireland,Naas,-6.67045,53.213319
10,Eddi,Slavin,eslavin9@vkontakte.ru,Female,Ireland,Clonskeagh,-6.2387374,53.3141205
11,Sharon,Lightoller,slightollera@prlog.org,Female,Ireland,Rathdrum,-6.163027,53.2339841
12,Haleigh,Lynagh,hlynaghb@hugedomains.com,Female,Ireland,Ballymun,-6.264963,53.3897152
13,Milty,Tubb,mtubbc@flickr.com,Genderfluid,Ireland,Kilcullen,-8.5047067,51.8830697
14,Derrik,Flavelle,dflavelled@reverbnation.com,Male,Ireland,Ardee,-8.4784945,51.8815586
15,Damara,Birkenhead,dbirkenheade@thetimes.co.uk,Female,Ireland,Dromiskin,-6.4008792,53.9215606
16,Otha,Ovize,oovizef@ustream.tv,Female,Ireland,Claremorris,-8.334953,51.8610022
17,Bondy,Renshall,brenshallg@toplist.cz,Male,Ireland,Annacotty,-8.5369154,52.6681994
18,Kevon,Tomovic,ktomovich@patch.com,Male,Ireland,Kiltamagh,-8.9949917,53.8533151
19,Loralie,Mealiffe,lmealiffei@amazon.com,Female,Ireland,Castleknock,-9.0248232,53.2760162
20,Hayyim,Jeaves,hjeavesj@dell.com,Male,Ireland,Longwood,-6.2892907,53.310122
21,Alford,Isacsson,aisacssonk@ow.ly,Male,Ireland,Sutton,-6.1097188,53.3895926
22,Cecelia,Tackett,ctackettl@nbcnews.com,Female,Ireland,Booterstown,-6.1979853,53.3046353
23,Perla,Woffinden,pwoffindenm@delicious.com,Female,Ireland,Greystones,-6.0704904,53.1286984
24,Chrisy,Dimmock,cdimmockn@hugedomains.com,Male,Ireland,Clonskeagh,-6.2387374,53.3141205
25,Calv,Hawken,chawkeno@reuters.com,Male,Ireland,Castleblayney,-6.64937,54.10269
26,Pierce,Stallen,pstallenp@cafepress.com,Male,Ireland,Charlesland,-6.0690645,53.1257486
27,Robenia,Pfeffel,rpfeffelq@europa.eu,Agender,Ireland,Coolock,-6.1920933,53.3916434
28,Reyna,Gillebert,rgillebertr@ask.com,Female,Ireland,Ashford,-6.3828795,53.385304
29,Alano,Ors,aorss@msn.com,Male,Ireland,Skibbereen,-9.268589,51.549106
30,Borg,Huggill,bhuggillt@hostgator.com,Male,Ireland,Crossmolina,-6.473025,54.0086093
31,Verina,Hanniger,vhannigeru@plala.or.jp,Female,Ireland,Youghal,-7.8434254,51.949401
32,Germayne,Maccaig,gmaccaigv@4shared.com,Agender,Ireland,Watergrasshill,-8.337871,52.0097259
33,Barrie,Champneys,bchampneysw@hugedomains.com,Bigender,Ireland,Kildare,-6.9140788,53.169971
34,Vivi,Tyrrell,vtyrrellx@livejournal.com,Female,Ireland,Carrigtwohill,-8.259128,51.908209
35,Kellen,Mant,kmanty@furl.net,Female,Ireland,Rathdrum,-6.163027,53.2339841
36,Lavina,Najara,lnajaraz@xrea.com,Female,Ireland,Coolock,-6.1920933,53.3916434
37,Costa,Cradey,ccradey10@indiatimes.com,Male,Ireland,Ballybofey,-7.74208,54.70972
38,Noble,Haking,nhaking11@mit.edu,Male,Ireland,Gort,-8.9791425,52.8638391
39,Maurise,Patroni,mpatroni12@discuz.net,Female,Ireland,Kinsealy-Drinan,-6.1644997,53.4266145
40,Fidole,Shoulders,fshoulders13@seesaa.net,Male,Ireland,Oughterard,-6.1406578,53.2886387
41,Danell,Linkin,dlinkin14@friendfeed.com,Female,Ireland,Tuam,-8.83565,53.49417
42,Ysabel,Winteringham,ywinteringham15@homestead.com,Female,Ireland,Moate,-6.1942058,53.3604483
43,Carol,Bewly,cbewly16@constantcontact.com,Female,Ireland,Annacotty,-8.5369154,52.6681994
44,Ganny,Gyppes,ggyppes17@google.pl,Male,Ireland,Athlone,-7.9428197,53.4231032
45,Dionysus,Carlson,dcarlson18@bbb.org,Male,Ireland,Eadestown,-6.590926,53.1936864
46,Therine,Imms,timms19@illinois.edu,Female,Ireland,Athlone,-7.9428197,53.4231032
47,Marta,Arnall,marnall1a@uiuc.edu,Female,Ireland,Watergrasshill,-8.337871,52.0097259
48,Jany,Pietroni,jpietroni1b@wikispaces.com,Female,Ireland,Cork,-8.489012,51.923707
49,Janna,Aysh,jaysh1c@reddit.com,Female,Ireland,Crumlin,-6.3048641,53.3284298
50,Lloyd,Brewins,lbrewins1d@toplist.cz,Male,Ireland,Sutton,-6.1097188,53.3895926
51,Curr,Lewsy,clewsy1e@gnu.org,Male,Ireland,Donabate,-6.1544115,53.4855448
52,Ingeberg,Duckerin,iduckerin1f@washingtonpost.com,Agender,Ireland,Midleton,-8.1722173,51.9138694
53,Rickard,Gedney,rgedney1g@naver.com,Male,Ireland,Clones,-7.2314132,54.1794814
54,Enrica,Stannis,estannis1h@ocn.ne.jp,Female,Ireland,Dungarvan,-6.1822287,53.3788495
55,Alley,Rosengarten,arosengarten1i@home.pl,Male,Ireland,Balally,-6.5899765,52.176031
56,Filippa,Gorden,fgorden1j@hibu.com,Female,Ireland,Listowel,-9.4851741,52.4460804
57,Hester,Camp,hcamp1k@wisc.edu,Female,Ireland,Greenhills,-6.336393,53.3122864
58,Sybila,Clampe,sclampe1l@adobe.com,Female,Ireland,Dunleer,-8.5176583,51.8863277
59,Ilyse,Woodford,iwoodford1m@shop-pro.jp,Female,Ireland,Muff,-7.269174,55.0650892
60,Daune,Dorbon,ddorbon1n@unesco.org,Female,Ireland,Donegal,-8.5946591,54.632283
61,Keary,Chalder,kchalder1o@seesaa.net,Male,Ireland,Dromiskin,-6.4008792,53.9215606
62,Rodney,Couchman,rcouchman1p@omniture.com,Male,Ireland,Templeogue,-6.3219759,53.2976886
63,Stephie,Woodwind,swoodwind1q@cdbaby.com,Female,Ireland,Prosperous,-6.7515223,53.2888321
64,Chantal,Sunter,csunter1r@ifeng.com,Female,Ireland,Ferbane,-8.4824714,51.8862378
65,Larine,Devil,ldevil1s@indiatimes.com,Female,Ireland,Donnybrook,-6.2324705,53.3177535
66,Doralynne,Colaco,dcolaco1t@sfgate.com,Female,Ireland,Castlemartyr,-8.05,51.9166667
67,Arvie,Ilieve,ailieve1u@google.com.hk,Male,Ireland,Cork,-8.489012,51.923707
68,Brade,Shrimplin,bshrimplin1v@blog.com,Male,Ireland,Shankill,-6.124065,53.231395
69,Hattie,Hynard,hhynard1w@digg.com,Female,Ireland,Arklow,-8.4523258,51.880525
70,Chrisy,Pomfrett,cpomfrett1x@nasa.gov,Male,Ireland,Ratoath,-6.4671298,53.5050031
71,Antone,Mance,amance1y@webeden.co.uk,Male,Ireland,Sandymount,-6.2152673,53.3323703
72,Murvyn,Downing,mdowning1z@amazon.com,Male,Ireland,Clondalkin,-6.4496384,53.3582341
73,Whitman,Aslett,waslett20@narod.ru,Male,Ireland,Cobh,-8.298942,51.848898
74,Alane,Oki,aoki21@taobao.com,Female,Ireland,Bayside,-9.1097137,53.2582868
75,Johny,Prenty,jprenty22@list-manage.com,Male,Ireland,Tullyallen,-6.4241156,53.7369009
76,Georgeta,Cant,gcant23@bigcartel.com,Female,Ireland,Aughrim,-6.366762,53.2987724
77,Kearney,Shaves,kshaves24@1und1.de,Male,Ireland,Oughterard,-6.1406578,53.2886387
78,Ogdan,Durnford,odurnford25@elegantthemes.com,Male,Ireland,Milltown,-7.9027266,53.4148582
79,Shay,Easthope,seasthope26@weather.com,Bigender,Ireland,Monasterevin,-7.0625888,53.1387595
80,Simmonds,Cordes,scordes27@github.com,Male,Ireland,Muff,-7.269174,55.0650892
81,Silvanus,Warkup,swarkup28@behance.net,Male,Ireland,Watergrasshill,-8.337871,52.0097259
82,Arlina,Moncey,amoncey29@princeton.edu,Female,Ireland,Gorey,-6.308522,52.665267
83,Connie,Ivory,civory2a@list-manage.com,Male,Ireland,Moville,-8.4242597,51.8910459
84,Sissy,Leason,sleason2b@webs.com,Female,Ireland,Clonskeagh,-6.2387374,53.3141205
85,Allsun,Metzke,ametzke2c@youtu.be,Female,Ireland,Tallaght,-6.3660863,53.2874153
86,Derick,McCahill,dmccahill2d@dedecms.com,Male,Ireland,Kilcullen,-8.5047067,51.8830697
87,Hermie,Sarjent,hsarjent2e@yahoo.com,Male,Ireland,Kingscourt,-6.2755912,53.3500473
88,Davin,Hicklingbottom,dhicklingbottom2f@a8.net,Male,Ireland,Manorhamilton,-8.1722002,54.3051891
89,Joete,Andreasen,jandreasen2g@theguardian.com,Non-binary,Ireland,Cobh,-8.298942,51.848898
90,Bax,Lightbody,blightbody2h@skyrock.com,Male,Ireland,Drumcondra,-8.445614,51.8885086
91,Lou,Kullmann,lkullmann2i@clickbank.net,Male,Ireland,Greystones,-6.0704904,53.1286984
92,Harvey,Greggs,hgreggs2j@gravatar.com,Polygender,Ireland,Clondalkin,-6.4496384,53.3582341
93,Kellby,Tripet,ktripet2k@nature.com,Male,Ireland,Ballinteer,-6.2554371,53.2767301
94,Kimberli,Rohloff,krohloff2l@hugedomains.com,Female,Ireland,Clondalkin,-6.4496384,53.3582341
95,Channa,Willgress,cwillgress2m@miibeian.gov.cn,Female,Ireland,Cashel,-7.888894,52.516323
96,Geoffrey,Yegorev,gyegorev2n@ow.ly,Male,Ireland,Caherconlish,-8.3545704,52.5593605
97,Loree,Grishkov,lgrishkov2o@canalblog.com,Female,Ireland,Ballina,-9.151825,54.11215
98,Rustie,Rayner,rrayner2p@hao123.com,Male,Ireland,Kill,-6.5924609,53.2482376
99,Brose,Krout,bkrout2q@businesswire.com,Male,Ireland,Killumney,-8.6340751,52.6638144
100,Gipsy,Lyngsted,glyngsted2r@pcworld.com,Female,Ireland,Whitegate,-6.3539424,53.3666338
101,Ryann,Allcott,rallcott2s@businesswire.com,Female,Ireland,Boyle,-8.2969737,53.9735591
102,Mead,Hards,mhards2t@delicious.com,Female,Ireland,Foxrock,-6.1011147,53.2000455
103,Ulysses,De Simone,udesimone2u@state.gov,Male,Ireland,Ballyboden,-6.3049392,53.3021194
104,Ninon,Griston,ngriston2v@mozilla.com,Polygender,Ireland,Raheny,-6.1820563,53.3786861
105,Davon,Volante,dvolante2w@etsy.com,Male,Ireland,Naas,-6.67045,53.213319
106,Purcell,Domoni,pdomoni2x@people.com.cn,Male,Ireland,Ballybofey,-7.74208,54.70972
107,Giacobo,Paolino,gpaolino2y@bloglovin.com,Male,Ireland,Charlesland,-6.0690645,53.1257486
108,Jody,Puttnam,jputtnam2z@si.edu,Female,Ireland,Balally,-6.5899765,52.176031
109,Brianna,Magson,bmagson30@cafepress.com,Female,Ireland,Tallaght,-6.3660863,53.2874153
110,Ian,Verry,iverry31@example.com,Male,Ireland,Castlerea,-8.6346959,53.7423435
111,Edwin,Rumming,erumming32@prlog.org,Male,Ireland,Ballyhaunis,-8.7683674,53.7942932
112,Lisabeth,Ketton,lketton33@ifeng.com,Female,Ireland,Gort,-8.9791425,52.8638391
113,Coraline,McKune,cmckune34@nationalgeographic.com,Female,Ireland,Crumlin,-6.3048641,53.3284298
114,Kahaleel,Willingale,kwillingale35@google.com.br,Male,Ireland,Askeaton,-8.9706844,52.6004448
115,Dennis,Blackie,dblackie36@example.com,Male,Ireland,Donegal,-8.5946591,54.632283
116,Fiona,Coe,fcoe37@github.com,Female,Ireland,Dublin,-6.2427004,53.3347733
117,Ev,McKenney,emckenney38@ox.ac.uk,Male,Ireland,Kill,-6.5924609,53.2482376
118,Bartholemy,Arkle,barkle39@4shared.com,Male,Ireland,Clondalkin,-6.4496384,53.3582341
119,Vito,Cardozo,vcardozo3a@si.edu,Male,Ireland,Donnycarney,-6.218069,53.374266
120,Xena,Parley,xparley3b@prweb.com,Female,Ireland,Dún Laoghaire,-6.133718,53.291512
121,Bill,Wilds,bwilds3c@symantec.com,Female,Ireland,Loughrea,-6.3506335,53.2911347
122,Wake,Wragge,wwragge3d@cornell.edu,Male,Ireland,Belmullet,-10.0320886,54.2223118
123,Libbey,Batistelli,lbatistelli3e@cdbaby.com,Female,Ireland,Nenagh,-8.2001004,52.86326
124,Sibylla,Tarbath,starbath3f@moonfruit.com,Female,Ireland,Watergrasshill,-8.337871,52.0097259
125,Veronika,Mobley,vmobley3g@newyorker.com,Female,Ireland,Newmarket on Fergus,-8.8950821,52.7604883
126,Salome,Frisby,sfrisby3h@disqus.com,Female,Ireland,Castleblayney,-6.64937,54.10269
127,Theo,Synke,tsynke3i@unblog.fr,Female,Ireland,Aghada,-8.4627451,54.25645
128,Axel,Armitt,aarmitt3j@sciencedirect.com,Male,Ireland,Dunmanway,-9.1115941,51.7203863
129,Uriel,Courteney,ucourteney3k@ycombinator.com,Male,Ireland,Skerries,-6.1349155,53.5834008
130,Shelia,Mooney,smooney3l@indiegogo.com,Female,Ireland,Kiltamagh,-8.9949917,53.8533151
131,Markus,Tollit,mtollit3m@army.mil,Male,Ireland,Navan,-6.313755,53.366736
132,Gottfried,Gouinlock,ggouinlock3n@bizjournals.com,Male,Ireland,Virginia,-6.2633149,53.377533
133,Dael,Ridewood,dridewood3o@tamu.edu,Female,Ireland,Clondalkin,-6.4496384,53.3582341
134,Amil,Birts,abirts3p@dailymotion.com,Female,Ireland,Granard,-7.5011999,53.776647
135,Halimeda,Scadding,hscadding3q@si.edu,Female,Ireland,Tullamore,-7.518792,53.284466
136,Bellanca,MacManus,bmacmanus3r@cisco.com,Genderfluid,Ireland,Crossmolina,-6.473025,54.0086093
137,Jolene,Arnason,jarnason3s@webs.com,Female,Ireland,Rathnew,-6.374155,53.3223974
138,Jacenta,Grahlmans,jgrahlmans3t@hatena.ne.jp,Female,Ireland,Eadestown,-6.590926,53.1936864
139,Jeramey,Flucker,jflucker3u@linkedin.com,Male,Ireland,Thomastown,-6.7434401,53.2229873
140,Andrey,Westmerland,awestmerland3v@guardian.co.uk,Male,Ireland,Carrigtwohill,-8.259128,51.908209
141,Zelda,Iskov,ziskov3w@miibeian.gov.cn,Female,Ireland,Ashbourne,-6.1215213,53.2724538
142,Wandie,Bettam,wbettam3x@engadget.com,Female,Ireland,Navan,-6.313755,53.366736
143,Akim,Sommer,asommer3y@cafepress.com,Male,Ireland,Moycullen,-9.159604,53.302644
144,Serge,Thackwray,sthackwray3z@amazon.co.jp,Male,Ireland,Muff,-7.269174,55.0650892
145,Celle,Attwater,cattwater40@prweb.com,Female,Ireland,Kildare,-6.9140788,53.169971
146,Caitlin,Vere,cvere41@tinyurl.com,Female,Ireland,Kill,-6.5924609,53.2482376
147,Andrej,Tegeller,ategeller42@addtoany.com,Male,Ireland,Dunmanway,-9.1115941,51.7203863
148,Mikel,Peppard,mpeppard43@google.com.au,Male,Ireland,Cashel,-7.888894,52.516323
149,Matthus,Lanktree,mlanktree44@ihg.com,Male,Ireland,Fairview,-6.4202878,54.0026343
150,Brooks,Cheley,bcheley45@hud.gov,Agender,Ireland,Swords,-6.2071246,53.4562426
151,Silvie,Killiam,skilliam46@barnesandnoble.com,Female,Ireland,Dunlewy,-6.1157412,53.2774963
152,Harlene,Tennet,htennet47@ca.gov,Female,Ireland,Castlepollard,-7.2979911,53.6785169
153,Donnajean,McParland,dmcparland48@yolasite.com,Female,Ireland,Granard,-7.5011999,53.776647
154,Darius,O'Kane,dokane49@auda.org.au,Male,Ireland,Navan,-6.313755,53.366736
155,Marius,Vannacci,mvannacci4a@networkadvertising.org,Male,Ireland,Portumna,-8.2215941,53.0917381
156,Terrence,Schleswig-Holstein,tschleswigholstein4b@163.com,Male,Ireland,Adare,-6.176659,53.4487975
157,Ulrica,Gumary,ugumary4c@fc2.com,Female,Ireland,Piltown,-6.3025448,53.6920618
158,Candide,Stot,cstot4d@plala.or.jp,Female,Ireland,Rathwire,-7.145971,53.508326
159,Abby,Stapylton,astapylton4e@webmd.com,Genderqueer,Ireland,Clifden,-10.022186,53.488087
160,Remy,Mattei,rmattei4f@eepurl.com,Female,Ireland,Dunlewy,-6.1157412,53.2774963
161,Ricardo,Liveley,rliveley4g@com.com,Male,Ireland,Longwood,-6.2892907,53.310122
162,Wylie,Alphonso,walphonso4h@twitter.com,Male,Ireland,Athy,-6.9858993,53.0018699
163,Ottilie,Gecke,ogecke4i@jigsy.com,Bigender,Ireland,Valleymount,-6.3077823,53.3655256
164,Mia,Ratchford,mratchford4j@ocn.ne.jp,Genderfluid,Ireland,Longwood,-6.2892907,53.310122
165,Bar,O'Heaney,boheaney4k@miitbeian.gov.cn,Agender,Ireland,Moate,-6.1942058,53.3604483
166,Morgen,Mirams,mmirams4l@sfgate.com,Female,Ireland,Dunmanway,-9.1115941,51.7203863
167,Marguerite,Verrell,mverrell4m@ow.ly,Female,Ireland,Dunmanway,-9.1115941,51.7203863
168,Casper,Mirfin,cmirfin4n@hostgator.com,Male,Ireland,Shankill,-6.124065,53.231395
169,Richmond,Vittle,rvittle4o@miitbeian.gov.cn,Male,Ireland,Ratoath,-6.4671298,53.5050031
170,Goddard,Longman,glongman4p@ezinearticles.com,Genderfluid,Ireland,Listowel,-9.4851741,52.4460804
171,Etheline,Torresi,etorresi4q@chron.com,Female,Ireland,Cloyne,-6.2398782,53.32112
172,Jay,Brumfitt,jbrumfitt4r@mit.edu,Non-binary,Ireland,Granard,-7.5011999,53.776647
173,Ginelle,Dolligon,gdolligon4s@hibu.com,Female,Ireland,Kinlough,-6.1136478,53.2121335
174,Urbain,McBean,umcbean4t@blogger.com,Agender,Ireland,Dunleer,-8.5176583,51.8863277
175,Sam,Parres,sparres4u@usa.gov,Female,Ireland,Thomastown,-6.7434401,53.2229873
176,Inglebert,Ducket,iducket4v@taobao.com,Genderqueer,Ireland,Fermoy,-9.5003786,52.4458588
177,Jorry,Ruggieri,jruggieri4w@prnewswire.com,Female,Ireland,Ballinroad,-7.5717688,52.1045472
178,Denice,Fergyson,dfergyson4x@dmoz.org,Female,Ireland,Bailieborough,-6.9711886,53.916791
179,Parnell,Zavattieri,pzavattieri4y@webmd.com,Male,Ireland,Watergrasshill,-8.337871,52.0097259
180,Price,Monnery,pmonnery4z@exblog.jp,Male,Ireland,Confey,-6.5028415,53.3806398
181,Antonina,Pettengell,apettengell50@stumbleupon.com,Female,Ireland,Dún Laoghaire,-6.133718,53.291512
182,Waly,Eakeley,weakeley51@tmall.com,Female,Ireland,Whitegate,-6.3539424,53.3666338
183,Maryann,Marquiss,mmarquiss52@answers.com,Female,Ireland,Kill,-6.5924609,53.2482376
184,Dimitry,Dybell,ddybell53@mozilla.org,Male,Ireland,Swords,-6.2071246,53.4562426
185,Bev,Keelan,bkeelan54@elegantthemes.com,Female,Ireland,Askeaton,-8.9706844,52.6004448
186,Reta,Springall,rspringall55@salon.com,Female,Ireland,Ballyjamesduff,-7.086877,53.8363325
187,Drusilla,Adamec,dadamec56@nyu.edu,Female,Ireland,Cabinteely,-6.1603828,53.2599034
188,Eugenio,Pesselt,epesselt57@booking.com,Agender,Ireland,Ashford,-6.3828795,53.385304
189,Andris,Jessett,ajessett58@alibaba.com,Male,Ireland,Monaghan,-7.0943023,54.2694844
190,Angelita,Staner,astaner59@is.gd,Female,Ireland,Athlone,-7.9428197,53.4231032
191,Stepha,Duplan,sduplan5a@sourceforge.net,Female,Ireland,Rathdrum,-6.163027,53.2339841
192,Anna-diana,Bugge,abugge5b@ihg.com,Female,Ireland,Booterstown,-6.1979853,53.3046353
193,Paton,Thurner,pthurner5c@google.com,Male,Ireland,Raphoe,-8.2755058,52.2627273
194,Jamie,Janowski,jjanowski5d@histats.com,Male,Ireland,Greenhills,-6.336393,53.3122864
195,Jordanna,Royall,jroyall5e@quantcast.com,Female,Ireland,Cluain Meala,-6.2611953,53.3881832
196,Vivian,Dumbrill,vdumbrill5f@dyndns.org,Female,Ireland,Bundoran,-8.2817353,54.4771768
197,Lisette,Radborne,lradborne5g@reference.com,Genderfluid,Ireland,Greystones,-6.0704904,53.1286984
198,Cirstoforo,Booker,cbooker5h@usgs.gov,Male,Ireland,Greystones,-6.0704904,53.1286984
199,Alfie,Grundey,agrundey5i@example.com,Male,Ireland,Gorey,-6.308522,52.665267
200,Wilfred,Tremellier,wtremellier5j@technorati.com,Male,Ireland,Greenhills,-6.336393,53.3122864
201,Robenia,Fantini,rfantini5k@marriott.com,Female,Ireland,Raheny,-6.1820563,53.3786861
202,Stafani,Stuart,sstuart5l@booking.com,Female,Ireland,Mallow,-8.642661,52.1361219
203,Thurston,Writtle,twrittle5m@senate.gov,Male,Ireland,Dunleer,-8.5176583,51.8863277
204,Goldia,Bonass,gbonass5n@ibm.com,Female,Ireland,Ballivor,-6.1191333,53.1915379
205,Linnet,McCroary,lmccroary5o@vimeo.com,Female,Ireland,Ballyjamesduff,-7.086877,53.8363325
206,Dawna,Stearn,dstearn5p@canalblog.com,Female,Ireland,Belmullet,-10.0320886,54.2223118
207,Nikolas,Shearme,nshearme5q@howstuffworks.com,Male,Ireland,Nenagh,-8.2001004,52.86326
208,Karl,Le Fevre,klefevre5r@miibeian.gov.cn,Male,Ireland,Tullyallen,-6.4241156,53.7369009
209,Murdoch,Matthewes,mmatthewes5s@google.co.jp,Male,Ireland,Virginia,-6.2633149,53.377533
210,Drugi,Berrisford,dberrisford5t@comsenz.com,Male,Ireland,Ratoath,-6.4671298,53.5050031
211,Lil,Melia,lmelia5u@aol.com,Female,Ireland,Ratoath,-6.4671298,53.5050031
212,Fifi,Senecaux,fsenecaux5v@rediff.com,Female,Ireland,Bailieborough,-6.9711886,53.916791
213,Eugenius,Kilbane,ekilbane5w@businessinsider.com,Male,Ireland,Trá Mhór,-9.0197835,53.2736466
214,Cordy,McCroary,cmccroary5x@ucla.edu,Bigender,Ireland,Nenagh,-8.2001004,52.86326
215,Valera,Wybron,vwybron5y@soup.io,Female,Ireland,Ratoath,-6.4671298,53.5050031
216,Jimmie,Stubbley,jstubbley5z@weather.com,Male,Ireland,Sutton,-6.1097188,53.3895926
217,Malva,Skill,mskill60@fda.gov,Agender,Ireland,Dungloe,-6.3695384,53.3734053
218,Binnie,Batrick,bbatrick61@naver.com,Female,Ireland,Ratoath,-6.4671298,53.5050031
219,Frazier,Hufton,fhufton62@tripadvisor.com,Male,Ireland,Prosperous,-6.7515223,53.2888321
220,Andrei,Semark,asemark63@clickbank.net,Female,Ireland,Fairview,-6.4202878,54.0026343
221,Nev,Shiel,nshiel64@smugmug.com,Male,Ireland,Monaghan,-7.0943023,54.2694844
222,Andros,Halvosen,ahalvosen65@yellowpages.com,Male,Ireland,Mallow,-8.642661,52.1361219
223,Gregoor,Cartmill,gcartmill66@mit.edu,Male,Ireland,Granard,-7.5011999,53.776647
224,Dolf,Mildmott,dmildmott67@cargocollective.com,Male,Ireland,Prosperous,-6.7515223,53.2888321
225,Cherin,Haton,chaton68@ftc.gov,Female,Ireland,Tullamore,-7.518792,53.284466
226,Tamera,Ogden,togden69@state.tx.us,Female,Ireland,Arklow,-8.4523258,51.880525
227,Moss,Roskam,mroskam6a@github.com,Male,Ireland,Kinnegad,-9.1327273,53.806868
228,Olivier,Blowfelde,oblowfelde6b@nydailynews.com,Male,Ireland,Birr,-7.9139891,53.0949398
229,Shana,Raphael,sraphael6c@unc.edu,Female,Ireland,Clogherhead,-6.2429997,53.7902634
230,Edi,Pottinger,epottinger6d@mozilla.org,Female,Ireland,Trá Mhór,-9.0197835,53.2736466
231,Bernard,Piddocke,bpiddocke6e@bigcartel.com,Male,Ireland,Skerries,-6.1349155,53.5834008
232,Ekaterina,Newtown,enewtown6f@loc.gov,Female,Ireland,Shankill,-6.124065,53.231395
233,Hubey,Scotson,hscotson6g@nature.com,Male,Ireland,Watergrasshill,-8.337871,52.0097259
234,Garrek,Willmer,gwillmer6h@fema.gov,Male,Ireland,Raphoe,-8.2755058,52.2627273
235,Bogart,Hallan,bhallan6i@miibeian.gov.cn,Male,Ireland,Cabinteely,-6.1603828,53.2599034
236,Jacob,Jorn,jjorn6j@github.io,Male,Ireland,Youghal,-7.8434254,51.949401
237,Charleen,Goman,cgoman6k@time.com,Female,Ireland,Arklow,-8.4523258,51.880525
238,Carley,McCroary,cmccroary6l@scientificamerican.com,Female,Ireland,Tuam,-8.83565,53.49417
239,Dottie,Sibille,dsibille6m@dot.gov,Female,Ireland,Cloyne,-6.2398782,53.32112
240,Erik,Puleston,epuleston6n@privacy.gov.au,Male,Ireland,Manorhamilton,-8.1722002,54.3051891
241,Alain,Idle,aidle6o@prlog.org,Male,Ireland,Lucan,-9.4904891,52.6396679
242,Joby,Thom,jthom6p@google.ru,Female,Ireland,Thomastown,-6.7434401,53.2229873
243,Andras,Connerly,aconnerly6q@diigo.com,Male,Ireland,Gweedore,-9.0288689,53.2737147
244,Ax,Yanele,ayanele6r@hao123.com,Male,Ireland,Carrigaline,-8.3929404,51.8113447
245,Tallia,Cotta,tcotta6s@techcrunch.com,Bigender,Ireland,Cobh,-8.298942,51.848898
246,Raphaela,Celli,rcelli6t@slashdot.org,Female,Ireland,Daingean,-7.1297243,52.2509369
247,Jay,Gatlin,jgatlin6u@hhs.gov,Male,Ireland,Monkstown,-8.9775014,52.8314927
248,Deerdre,Leaburn,dleaburn6v@paginegialle.it,Non-binary,Ireland,Rathangan,-6.9898366,53.2265199
249,Antons,Fowells,afowells6w@usa.gov,Male,Ireland,Swords,-6.2071246,53.4562426
250,Bili,Simon,bsimon6x@nifty.com,Non-binary,Ireland,Moate,-6.1942058,53.3604483
251,Prentice,Crannis,pcrannis6y@tripod.com,Male,Ireland,Balrothery,-6.1884248,53.5879156
252,Tomasine,Weatherill,tweatherill6z@omniture.com,Female,Ireland,Malahide,-6.1479779,53.450694
253,Darya,Hawford,dhawford70@state.gov,Female,Ireland,Tallaght,-6.3660863,53.2874153
254,Waylin,Teml,wteml71@irs.gov,Male,Ireland,Askeaton,-8.9706844,52.6004448
255,Jacky,Freda,jfreda72@typepad.com,Male,Ireland,Cabinteely,-6.1603828,53.2599034
256,Lynn,Boolsen,lboolsen73@creativecommons.org,Female,Ireland,Cill Airne,-6.2890702,53.3201497
257,Eartha,Hedde,ehedde74@nymag.com,Female,Ireland,Youghal,-7.8434254,51.949401
258,Benton,Makinson,bmakinson75@telegraph.co.uk,Male,Ireland,Dublin,-6.2427004,53.3347733
259,Alberto,Rupke,arupke76@hao123.com,Male,Ireland,Castlebridge,-6.5853664,53.378253
260,Corty,Roz,croz77@independent.co.uk,Male,Ireland,Athlone,-7.9428197,53.4231032
261,Teodorico,Leathe,tleathe78@furl.net,Male,Ireland,Manorhamilton,-8.1722002,54.3051891
262,Claretta,Domokos,cdomokos79@va.gov,Female,Ireland,Foxrock,-6.1011147,53.2000455
263,Sheff,Jillitt,sjillitt7a@eepurl.com,Male,Ireland,Monaghan,-7.0943023,54.2694844
264,Julina,Bentzen,jbentzen7b@dion.ne.jp,Female,Ireland,Castlebridge,-6.5853664,53.378253
265,Forrester,Quantrill,fquantrill7c@4shared.com,Male,Ireland,Birr,-7.9139891,53.0949398
266,Nata,Goford,ngoford7d@scientificamerican.com,Female,Ireland,Dungarvan,-6.1822287,53.3788495
267,Marga,Meers,mmeers7e@latimes.com,Female,Ireland,Cloyne,-6.2398782,53.32112
268,Madelle,Weaben,mweaben7f@nifty.com,Female,Ireland,Whitegate,-6.3539424,53.3666338
269,Shel,Borlease,sborlease7g@ftc.gov,Female,Ireland,Donabate,-6.1544115,53.4855448
270,Bordie,Parsell,bparsell7h@yandex.ru,Male,Ireland,Ballyjamesduff,-7.086877,53.8363325
271,Lorinda,Gudger,lgudger7i@unesco.org,Genderfluid,Ireland,Skerries,-6.1349155,53.5834008
272,Kevin,Pusey,kpusey7j@walmart.com,Male,Ireland,Old Kilcullen,-6.7449927,53.1310185
273,Adiana,Glandon,aglandon7k@umn.edu,Female,Ireland,Carrigtwohill,-8.259128,51.908209
274,Lani,McIlhone,lmcilhone7l@harvard.edu,Female,Ireland,Cork,-8.489012,51.923707
275,Marion,Fulks,mfulks7m@csmonitor.com,Male,Ireland,Balrothery,-6.1884248,53.5879156
276,Gallagher,Dann,gdann7n@skype.com,Male,Ireland,Nenagh,-8.2001004,52.86326
277,Vernen,Colvill,vcolvill7o@oakley.com,Male,Ireland,Kill,-6.5924609,53.2482376
278,Tomkin,Digges,tdigges7p@mlb.com,Male,Ireland,Farranacoush,-8.5171384,51.876873
279,Land,Brownill,lbrownill7q@usda.gov,Male,Ireland,Dublin,-6.2427004,53.3347733
280,Scottie,Middlemist,smiddlemist7r@cisco.com,Male,Ireland,Bearna,-6.2340942,53.2993199
281,Eward,Bows,ebows7s@about.com,Male,Ireland,Boyle,-8.2969737,53.9735591
282,Wildon,Nolda,wnolda7t@trellian.com,Male,Ireland,Cabinteely,-6.1603828,53.2599034
283,Alvie,Robbert,arobbert7u@abc.net.au,Agender,Ireland,Kilmacanoge,-6.139018,53.171935
284,Leupold,Mackrell,lmackrell7v@disqus.com,Male,Ireland,Mallow,-8.642661,52.1361219
285,Matt,Breston,mbreston7w@linkedin.com,Male,Ireland,Lucan,-9.4904891,52.6396679
286,Rebbecca,Buie,rbuie7x@auda.org.au,Female,Ireland,Askeaton,-8.9706844,52.6004448
287,Gearard,Lanfranchi,glanfranchi7y@google.de,Male,Ireland,Ashford,-6.3828795,53.385304
288,Hulda,Buzin,hbuzin7z@vinaora.com,Polygender,Ireland,Portarlington,-7.185387,53.158984
289,Pauly,Jeune,pjeune80@com.com,Female,Ireland,Gorey,-6.308522,52.665267
290,Godart,Yoakley,gyoakley81@clickbank.net,Male,Ireland,Gweedore,-9.0288689,53.2737147
291,Conny,Riddell,criddell82@sphinn.com,Male,Ireland,Farranacoush,-8.5171384,51.876873
292,Andras,Lainton,alainton83@freewebs.com,Male,Ireland,Bundoran,-8.2817353,54.4771768
293,Dannye,McHarry,dmcharry84@nih.gov,Female,Ireland,Carrigtwohill,-8.259128,51.908209
294,Calhoun,Pownall,cpownall85@hostgator.com,Male,Ireland,Tullamore,-7.518792,53.284466
295,Cordie,Learned,clearned86@w3.org,Male,Ireland,Kingscourt,-6.2755912,53.3500473
296,Fernando,Falck,ffalck87@engadget.com,Male,Ireland,Nenagh,-8.2001004,52.86326
297,Elizabet,Linsay,elinsay88@gravatar.com,Female,Ireland,Kinsealy-Drinan,-6.1644997,53.4266145
298,Audi,Prickett,aprickett89@mayoclinic.com,Female,Ireland,Rathwire,-7.145971,53.508326
299,Eduino,Flaune,eflaune8a@umich.edu,Male,Ireland,Cloyne,-6.2398782,53.32112
300,Vida,Linke,vlinke8b@samsung.com,Female,Ireland,Castleknock,-9.0248232,53.2760162
301,Fara,Wintringham,fwintringham8c@ehow.com,Female,Ireland,Ballybofey,-7.74208,54.70972
302,Abdel,Conaghy,aconaghy8d@sfgate.com,Male,Ireland,Ballymun,-6.264963,53.3897152
303,Charmaine,Lympenie,clympenie8e@telegraph.co.uk,Female,Ireland,Donnycarney,-6.218069,53.374266
304,Robbyn,O'Dougherty,rodougherty8f@oracle.com,Female,Ireland,Trá Mhór,-9.0197835,53.2736466
305,Wilbert,L'Hommeau,wlhommeau8g@wikispaces.com,Male,Ireland,Coolock,-6.1920933,53.3916434
306,Jilly,Simonetti,jsimonetti8h@ox.ac.uk,Female,Ireland,Donegal,-8.5946591,54.632283
307,Armand,Whitaker,awhitaker8i@google.nl,Male,Ireland,Ardee,-8.4784945,51.8815586
308,Georgette,Dahlberg,gdahlberg8j@cnbc.com,Genderqueer,Ireland,Longford,-7.8004329,53.7283566
309,Francesca,Morriarty,fmorriarty8k@oaic.gov.au,Female,Ireland,Leixlip,-6.4887534,53.3653866
310,Eli,Golson,egolson8l@desdev.cn,Bigender,Ireland,Ballyboden,-6.3049392,53.3021194
311,Paulo,Eisenberg,peisenberg8m@who.int,Male,Ireland,Clifden,-10.022186,53.488087
312,Lonnie,Simister,lsimister8n@amazonaws.com,Male,Ireland,Kiltamagh,-8.9949917,53.8533151
313,Peyter,Delete,pdelete8o@baidu.com,Male,Ireland,Ballyboden,-6.3049392,53.3021194
314,Randolf,Marqyes,rmarqyes8p@addthis.com,Male,Ireland,Thomastown,-6.7434401,53.2229873
315,Cordelia,De Giorgio,cdegiorgio8q@hhs.gov,Female,Ireland,Naas,-6.67045,53.213319
316,Noel,Kinchin,nkinchin8r@imdb.com,Female,Ireland,Tuam,-8.83565,53.49417
317,Garrik,Warcop,gwarcop8s@army.mil,Male,Ireland,Listowel,-9.4851741,52.4460804
318,Arlene,Ladson,aladson8t@mysql.com,Female,Ireland,Macroom,-8.958931,51.904635
319,Irina,Swanborough,iswanborough8u@cdbaby.com,Female,Ireland,Valleymount,-6.3077823,53.3655256
320,Carey,Crosseland,ccrosseland8v@i2i.jp,Male,Ireland,Rathwire,-7.145971,53.508326
321,Tabbi,Borghese,tborghese8w@fc2.com,Female,Ireland,Crumlin,-6.3048641,53.3284298
322,Marleen,Elstub,melstub8x@yellowpages.com,Female,Ireland,Dalkey,-6.1072403,53.2780047
323,Viva,Sorton,vsorton8y@soundcloud.com,Female,Ireland,Ballylinan,-7.0472382,52.9480781
324,Corty,Corstan,ccorstan8z@mlb.com,Male,Ireland,Drumcondra,-8.445614,51.8885086
325,Jeana,Emanson,jemanson90@theatlantic.com,Female,Ireland,Leixlip,-6.4887534,53.3653866
326,Verene,Newbold,vnewbold91@weibo.com,Female,Ireland,Arklow,-8.4523258,51.880525
327,Devin,Oakley,doakley92@sourceforge.net,Female,Ireland,Confey,-6.5028415,53.3806398
328,Con,Braz,cbraz93@icio.us,Female,Ireland,Raphoe,-8.2755058,52.2627273
329,Malachi,Spikings,mspikings94@europa.eu,Male,Ireland,Granard,-7.5011999,53.776647
330,Antonino,Amies,aamies95@examiner.com,Male,Ireland,Greenhills,-6.336393,53.3122864
331,Sara,Borthwick,sborthwick96@blinklist.com,Female,Ireland,Ratoath,-6.4671298,53.5050031
332,Heather,Endean,hendean97@ucla.edu,Female,Ireland,Ardee,-8.4784945,51.8815586
333,Denice,Toffler,dtoffler98@shutterfly.com,Female,Ireland,Dunleer,-8.5176583,51.8863277
334,Field,Danforth,fdanforth99@sakura.ne.jp,Male,Ireland,Clones,-7.2314132,54.1794814
335,Alexi,Quarrington,aquarrington9a@ning.com,Female,Ireland,Edgeworthstown,-7.606287,53.6972399
336,Sileas,Dohmann,sdohmann9b@techcrunch.com,Female,Ireland,Adare,-6.176659,53.4487975
337,Fred,Bell,fbell9c@vimeo.com,Male,Ireland,Portumna,-8.2215941,53.0917381
338,Riva,Guilliland,rguilliland9d@psu.edu,Female,Ireland,Drumcondra,-8.445614,51.8885086
339,Shayna,Keough,skeough9e@gnu.org,Female,Ireland,Claremorris,-8.334953,51.8610022
340,Kaiser,Bichard,kbichard9f@shop-pro.jp,Male,Ireland,Caherconlish,-8.3545704,52.5593605
341,Hortense,Cerro,hcerro9g@fda.gov,Female,Ireland,Gweedore,-9.0288689,53.2737147
342,Cass,Murray,cmurray9h@dedecms.com,Female,Ireland,Athlone,-7.9428197,53.4231032
343,Travers,Scrine,tscrine9i@dion.ne.jp,Male,Ireland,Carrigaline,-8.3929404,51.8113447
344,Inez,Elacoate,ielacoate9j@odnoklassniki.ru,Female,Ireland,Bagenalstown,-6.9692181,52.7009338
345,Dallon,Montel,dmontel9k@bloglovin.com,Male,Ireland,Donegal,-8.5946591,54.632283
346,Chucho,Philipeaux,cphilipeaux9l@flavors.me,Male,Ireland,Charlesland,-6.0690645,53.1257486
347,Sam,Alabone,salabone9m@skype.com,Female,Ireland,Kinnegad,-9.1327273,53.806868
348,Aurie,Surcomb,asurcomb9n@ox.ac.uk,Female,Ireland,Ardee,-8.4784945,51.8815586
349,Gabriela,Simond,gsimond9o@ebay.com,Female,Ireland,Portumna,-8.2215941,53.0917381
350,Roda,Mayte,rmayte9p@yandex.ru,Female,Ireland,Skibbereen,-9.268589,51.549106
351,Kari,Margrie,kmargrie9q@msu.edu,Female,Ireland,Malahide,-6.1479779,53.450694
352,Livvyy,Munnery,lmunnery9r@ustream.tv,Female,Ireland,Sallins,-6.6633404,53.2492381
353,Sheff,Grgic,sgrgic9s@discuz.net,Male,Ireland,Moate,-6.1942058,53.3604483
354,Mitch,Magog,mmagog9t@sun.com,Male,Ireland,Killumney,-8.6340751,52.6638144
355,Barney,Thripp,bthripp9u@plala.or.jp,Male,Ireland,Bayside,-9.1097137,53.2582868
356,Celle,Barkess,cbarkess9v@deliciousdays.com,Female,Ireland,Glasnevin,-6.266734,53.3829319
357,Alano,Ziemke,aziemke9w@pen.io,Male,Ireland,Fairview,-6.4202878,54.0026343
358,Dov,Burnhill,dburnhill9x@list-manage.com,Male,Ireland,Macroom,-8.958931,51.904635
359,Karlyn,Simek,ksimek9y@sohu.com,Female,Ireland,Moate,-6.1942058,53.3604483
360,Miller,Panons,mpanons9z@csmonitor.com,Male,Ireland,Kinnegad,-9.1327273,53.806868
361,Brinn,Possek,bposseka0@qq.com,Female,Ireland,Portumna,-8.2215941,53.0917381
362,Clemens,Speeks,cspeeksa1@wired.com,Male,Ireland,Sutton,-6.1097188,53.3895926
363,Shayne,Giffkins,sgiffkinsa2@acquirethisname.com,Male,Ireland,Dundrum,-6.2508196,53.2866372
364,Courtney,McGannon,cmcgannona3@newyorker.com,Female,Ireland,Kiltamagh,-8.9949917,53.8533151
365,Corrinne,Branchet,cbrancheta4@blog.com,Agender,Ireland,Enniskerry,-8.9821467,52.8498651
366,Kayley,MacAless,kmacalessa5@huffingtonpost.com,Female,Ireland,Tralee,-7.0833118,52.2413206
367,Alexei,Gribbin,agribbina6@ucoz.com,Male,Ireland,Daingean,-7.1297243,52.2509369
368,Maggie,Gransden,mgransdena7@statcounter.com,Female,Ireland,Kinsealy-Drinan,-6.1644997,53.4266145
369,Giffie,Eykelhof,geykelhofa8@ehow.com,Male,Ireland,Midleton,-8.1722173,51.9138694
370,Biron,Regi,bregia9@huffingtonpost.com,Male,Ireland,Ballymahon,-7.7655701,53.5650926
371,Jessamyn,O'Garmen,jogarmenaa@bloglines.com,Genderqueer,Ireland,Crossmolina,-6.473025,54.0086093
372,Cody,Collingridge,ccollingridgeab@opera.com,Male,Ireland,Skibbereen,-9.268589,51.549106
373,Joletta,Tyrwhitt,jtyrwhittac@oaic.gov.au,Female,Ireland,Cork,-8.489012,51.923707
374,Abram,Mateos,amateosad@ovh.net,Male,Ireland,Kinsealy-Drinan,-6.1644997,53.4266145
375,Mackenzie,McNeillie,mmcneillieae@oaic.gov.au,Male,Ireland,Cill Airne,-6.2890702,53.3201497
376,Krystle,McCaughren,kmccaughrenaf@irs.gov,Female,Ireland,Midleton,-8.1722173,51.9138694
377,Ellie,Brucker,ebruckerag@indiegogo.com,Female,Ireland,Dún Laoghaire,-6.133718,53.291512
378,Gerta,De Laspee,gdelaspeeah@webs.com,Female,Ireland,Killorglin,-9.7850991,52.1058991
379,Howard,Dielhenn,hdielhennai@usgs.gov,Male,Ireland,Bantry,-9.448724,51.680591
380,Luca,Marrows,lmarrowsaj@hatena.ne.jp,Male,Ireland,Dalkey,-6.1072403,53.2780047
381,Meryl,Haslegrave,mhaslegraveak@oracle.com,Female,Ireland,Glasnevin,-6.266734,53.3829319
382,Clem,Stratz,cstratzal@addtoany.com,Male,Ireland,Fairview,-6.4202878,54.0026343
383,Hardy,Euesden,heuesdenam@w3.org,Male,Ireland,Ballivor,-6.1191333,53.1915379
384,Hy,Crohan,hcrohanan@intel.com,Male,Ireland,Kinsale,-6.251714,53.3169419
385,Charles,Skechley,cskechleyao@bigcartel.com,Male,Ireland,Raheny,-6.1820563,53.3786861
386,Aland,Weymouth,aweymouthap@google.com.br,Male,Ireland,Kildare,-6.9140788,53.169971
387,Mordecai,Connue,mconnueaq@imdb.com,Male,Ireland,Old Kilcullen,-6.7449927,53.1310185
388,Hendrick,Warmington,hwarmingtonar@stumbleupon.com,Male,Ireland,Aughrim,-6.366762,53.2987724
389,Arturo,Le Grand,alegrandas@1und1.de,Male,Ireland,Ballymahon,-7.7655701,53.5650926
390,Ellie,O'Dyvoie,eodyvoieat@howstuffworks.com,Female,Ireland,Loughrea,-6.3506335,53.2911347
391,Whitman,Scurrey,wscurreyau@furl.net,Male,Ireland,Coolock,-6.1920933,53.3916434
392,Stacie,Anfrey,sanfreyav@vistaprint.com,Female,Ireland,Ferbane,-8.4824714,51.8862378
393,Farley,Chown,fchownaw@spotify.com,Male,Ireland,Ashbourne,-6.1215213,53.2724538
394,Arron,Sheehan,asheehanax@storify.com,Male,Ireland,Dundrum,-6.2508196,53.2866372
395,Ashlen,Labadini,alabadiniay@studiopress.com,Bigender,Ireland,Dungloe,-6.3695384,53.3734053
396,Stepha,Lemmen,slemmenaz@cloudflare.com,Female,Ireland,Skibbereen,-9.268589,51.549106
397,Lanie,Corish,lcorishb0@goo.gl,Female,Ireland,Malahide,-6.1479779,53.450694
398,Lynna,Martygin,lmartyginb1@yahoo.com,Polygender,Ireland,Moate,-6.1942058,53.3604483
399,Berty,Forestel,bforestelb2@so-net.ne.jp,Male,Ireland,Ballina,-9.151825,54.11215
400,Adriano,Fareweather,afareweatherb3@nifty.com,Male,Ireland,Kill,-6.5924609,53.2482376
401,Donnie,Bradman,dbradmanb4@google.de,Male,Ireland,Midleton,-8.1722173,51.9138694
402,Rhetta,Henken,rhenkenb5@lulu.com,Female,Ireland,Beaumont,-6.2057463,53.3870149
403,Sella,McKerley,smckerleyb6@fc2.com,Female,Ireland,Glasnevin,-6.266734,53.3829319
404,Mercedes,Daglish,mdaglishb7@sbwire.com,Female,Ireland,Cabinteely,-6.1603828,53.2599034
405,Elysia,Geoghegan,egeogheganb8@youtu.be,Female,Ireland,Castleknock,-9.0248232,53.2760162
406,Bellina,Castane,bcastaneb9@wix.com,Female,Ireland,Sallins,-6.6633404,53.2492381
407,Alvira,Ledrun,aledrunba@friendfeed.com,Female,Ireland,Bantry,-9.448724,51.680591
408,Kassi,Howsley,khowsleybb@qq.com,Female,Ireland,Nenagh,-8.2001004,52.86326
409,Peggi,Bayley,pbayleybc@chron.com,Female,Ireland,Dunleer,-8.5176583,51.8863277
410,Mord,Ankers,mankersbd@spiegel.de,Male,Ireland,Bundoran,-8.2817353,54.4771768
411,Timothea,Hugo,thugobe@gravatar.com,Female,Ireland,Arklow,-8.4523258,51.880525
412,Dew,Meeson,dmeesonbf@tmall.com,Male,Ireland,Clifden,-10.022186,53.488087
413,Julie,Vasey,jvaseybg@goo.ne.jp,Male,Ireland,Blarney,-8.8562835,53.510243
414,Constantine,Stanex,cstanexbh@nytimes.com,Female,Ireland,Askeaton,-8.9706844,52.6004448
415,Bendix,Merryman,bmerrymanbi@sfgate.com,Male,Ireland,Dún Laoghaire,-6.133718,53.291512
416,Timothy,Romeuf,tromeufbj@fc2.com,Male,Ireland,Granard,-7.5011999,53.776647
417,Linnea,McGurk,lmcgurkbk@salon.com,Female,Ireland,Dromiskin,-6.4008792,53.9215606
418,Pammy,Syers,psyersbl@admin.ch,Female,Ireland,Glasnevin,-6.266734,53.3829319
419,Jaimie,Goudy,jgoudybm@desdev.cn,Male,Ireland,Blessington,-8.5111664,51.8858819
420,Royal,Abercromby,rabercrombybn@fda.gov,Male,Ireland,Enniskerry,-8.9821467,52.8498651
421,Lexy,Permain,lpermainbo@hibu.com,Female,Ireland,Donnybrook,-6.2324705,53.3177535
422,Micaela,Kinglesyd,mkinglesydbp@tmall.com,Female,Ireland,Portarlington,-7.185387,53.158984
423,Sheba,Maseyk,smaseykbq@lulu.com,Female,Ireland,Sallins,-6.6633404,53.2492381
424,Enoch,Stollenwerck,estollenwerckbr@amazonaws.com,Male,Ireland,Sallins,-6.6633404,53.2492381
425,Ky,Chislett,kchislettbs@netvibes.com,Male,Ireland,Ashford,-6.3828795,53.385304
426,Lissa,Scardafield,lscardafieldbt@hugedomains.com,Female,Ireland,Thomastown,-6.7434401,53.2229873
427,Cristie,Mealand,cmealandbu@cam.ac.uk,Female,Ireland,Ballybofey,-7.74208,54.70972
428,Nikolia,Mocquer,nmocquerbv@biblegateway.com,Female,Ireland,Thomastown,-6.7434401,53.2229873
429,Irvin,Lockner,ilocknerbw@livejournal.com,Male,Ireland,Raheny,-6.1820563,53.3786861
430,Samaria,Lambdin,slambdinbx@yellowpages.com,Genderfluid,Ireland,Rathnew,-6.374155,53.3223974
431,Lynsey,Weedon,lweedonby@apple.com,Female,Ireland,Castleblayney,-6.64937,54.10269
432,Koenraad,Valiant,kvaliantbz@scientificamerican.com,Male,Ireland,Birr,-7.9139891,53.0949398
433,Gayle,Dacres,gdacresc0@gravatar.com,Female,Ireland,Beaumont,-6.2057463,53.3870149
434,Car,Gosse,cgossec1@jugem.jp,Male,Ireland,Fermoy,-9.5003786,52.4458588
435,Dalli,Dalyiel,ddalyielc2@friendfeed.com,Male,Ireland,Boyle,-8.2969737,53.9735591
436,Marco,Boldison,mboldisonc3@theglobeandmail.com,Male,Ireland,Tullyallen,-6.4241156,53.7369009
437,Sigmund,MacAnelley,smacanelleyc4@tamu.edu,Non-binary,Ireland,Milltown,-7.9027266,53.4148582
438,Case,Flower,cflowerc5@usa.gov,Male,Ireland,Balrothery,-6.1884248,53.5879156
439,Tonye,Deery,tdeeryc6@boston.com,Female,Ireland,Granard,-7.5011999,53.776647
440,Danell,Goffe,dgoffec7@google.com.au,Female,Ireland,Gort,-8.9791425,52.8638391
441,Bern,Burbidge,bburbidgec8@intel.com,Male,Ireland,Sandymount,-6.2152673,53.3323703
442,Rebekkah,Johanssen,rjohanssenc9@chicagotribune.com,Female,Ireland,Castlepollard,-7.2979911,53.6785169
443,Elston,Jantot,ejantotca@squidoo.com,Male,Ireland,Valleymount,-6.3077823,53.3655256
444,Seward,Lambin,slambincb@hugedomains.com,Male,Ireland,Ashbourne,-6.1215213,53.2724538
445,Valentino,Kilbride,vkilbridecc@technorati.com,Male,Ireland,Daingean,-7.1297243,52.2509369
446,Larine,Claworth,lclaworthcd@tinyurl.com,Female,Ireland,Carrigtwohill,-8.259128,51.908209
447,Else,Mulheron,emulheronce@cafepress.com,Female,Ireland,Clones,-7.2314132,54.1794814
448,Boniface,Winskill,bwinskillcf@squarespace.com,Male,Ireland,Edgeworthstown,-7.606287,53.6972399
449,Cindelyn,Moine,cmoinecg@fotki.com,Female,Ireland,Ballisodare,-8.5070436,54.2109904
450,Sigfrid,Masselin,smasselinch@apache.org,Male,Ireland,Cashel,-7.888894,52.516323
451,Jeannine,Largen,jlargenci@angelfire.com,Polygender,Ireland,Whitegate,-6.3539424,53.3666338
452,Olivie,Andreas,oandreascj@opera.com,Female,Ireland,Castlebridge,-6.5853664,53.378253
453,Griff,Dewdney,gdewdneyck@bing.com,Male,Ireland,Dunlewy,-6.1157412,53.2774963
454,Mohandis,Scohier,mscohiercl@scribd.com,Male,Ireland,Cabinteely,-6.1603828,53.2599034
455,Artemas,Avon,aavoncm@slate.com,Male,Ireland,Tallaght,-6.3660863,53.2874153
456,Minetta,Mayhew,mmayhewcn@sogou.com,Female,Ireland,Clifden,-10.022186,53.488087
457,Byron,Guitt,bguittco@usda.gov,Male,Ireland,Swords,-6.2071246,53.4562426
458,Tobi,McCrum,tmccrumcp@gmpg.org,Female,Ireland,Ballyjamesduff,-7.086877,53.8363325
459,Kimmy,Slipper,kslippercq@umn.edu,Female,Ireland,Foxrock,-6.1011147,53.2000455
460,Shelby,Demare,sdemarecr@unc.edu,Female,Ireland,Birr,-7.9139891,53.0949398
461,Sib,Tapley,stapleycs@g.co,Female,Ireland,Watergrasshill,-8.337871,52.0097259
462,Cooper,Butland,cbutlandct@a8.net,Male,Ireland,Kilmacanoge,-6.139018,53.171935
463,Hadley,Escot,hescotcu@tumblr.com,Male,Ireland,Kingscourt,-6.2755912,53.3500473
464,Kathleen,Jambrozek,kjambrozekcv@bizjournals.com,Female,Ireland,Cork,-8.489012,51.923707
465,Gradeigh,Glendenning,gglendenningcw@prweb.com,Male,Ireland,Skibbereen,-9.268589,51.549106
466,Early,Rupprecht,erupprechtcx@vkontakte.ru,Agender,Ireland,Kilkenny,-7.2584,52.655184
467,Flossi,Laye,flayecy@feedburner.com,Female,Ireland,Ferbane,-8.4824714,51.8862378
468,Mischa,Champagne,mchampagnecz@cyberchimps.com,Male,Ireland,Donabate,-6.1544115,53.4855448
469,Hieronymus,Kidds,hkiddsd0@ibm.com,Male,Ireland,Ballisodare,-8.5070436,54.2109904
470,Lion,Pelosi,lpelosid1@ezinearticles.com,Male,Ireland,Tuam,-8.83565,53.49417
471,Bobbie,Salmons,bsalmonsd2@reuters.com,Female,Ireland,Castlebridge,-6.5853664,53.378253
472,Selena,Adacot,sadacotd3@jigsy.com,Female,Ireland,Tuam,-8.83565,53.49417
473,Trip,Blanpein,tblanpeind4@about.com,Male,Ireland,Monkstown,-8.9775014,52.8314927
474,Roderigo,Marnes,rmarnesd5@chronoengine.com,Male,Ireland,Annacotty,-8.5369154,52.6681994
475,Connor,Brosh,cbroshd6@photobucket.com,Male,Ireland,Cherryville,-7.1111732,52.2513095
476,Haskell,Scarff,hscarffd7@omniture.com,Male,Ireland,Donegal,-8.5946591,54.632283
477,Adey,Heine,aheined8@spiegel.de,Female,Ireland,Askeaton,-8.9706844,52.6004448
478,Bink,Spight,bspightd9@soundcloud.com,Polygender,Ireland,Loughrea,-6.3506335,53.2911347
479,Jessi,Juliano,jjulianoda@adobe.com,Female,Ireland,Athy,-6.9858993,53.0018699
480,Elroy,Allcroft,eallcroftdb@webnode.com,Male,Ireland,Clones,-7.2314132,54.1794814
481,Ninon,Boxen,nboxendc@google.ru,Female,Ireland,Bagenalstown,-6.9692181,52.7009338
482,Alana,Caro,acarodd@sakura.ne.jp,Female,Ireland,Moville,-8.4242597,51.8910459
483,Wandie,Garaghan,wgaraghande@wiley.com,Female,Ireland,Dalkey,-6.1072403,53.2780047
484,Ardenia,Humbee,ahumbeedf@tripod.com,Female,Ireland,Fairview,-6.4202878,54.0026343
485,Caldwell,Stocker,cstockerdg@vimeo.com,Male,Ireland,Kill,-6.5924609,53.2482376
486,Nahum,Prando,nprandodh@rambler.ru,Male,Ireland,Tralee,-7.0833118,52.2413206
487,Jeniffer,Giblett,jgiblettdi@mozilla.com,Female,Ireland,Kilmacanoge,-6.139018,53.171935
488,Harmonie,Ringham,hringhamdj@indiatimes.com,Female,Ireland,Monasterevin,-7.0625888,53.1387595
489,Cristi,O'Hoey,cohoeydk@statcounter.com,Female,Ireland,Cloyne,-6.2398782,53.32112
490,Sybilla,Demeza,sdemezadl@irs.gov,Female,Ireland,Macroom,-8.958931,51.904635
491,Connor,Bushill,cbushilldm@pbs.org,Male,Ireland,Balally,-6.5899765,52.176031
492,Tadeas,Yeskov,tyeskovdn@lulu.com,Male,Ireland,Carrigtwohill,-8.259128,51.908209
493,Reynard,O'Cleary,roclearydo@prweb.com,Male,Ireland,Athy,-6.9858993,53.0018699
494,Noelani,Stiebler,nstieblerdp@linkedin.com,Female,Ireland,Piltown,-6.3025448,53.6920618
495,Zerk,Brandle,zbrandledq@epa.gov,Male,Ireland,Prosperous,-6.7515223,53.2888321
496,Dannie,Poone,dpoonedr@ucoz.com,Female,Ireland,Milltown,-7.9027266,53.4148582
497,Jarrid,Myrtle,jmyrtleds@china.com.cn,Male,Ireland,Tower,-80.7087609,35.7797381
498,Fitzgerald,Carsberg,fcarsbergdt@chicagotribune.com,Male,Ireland,Kilkenny,-7.2584,52.655184
499,Ted,Kelsall,tkelsalldu@hatena.ne.jp,Female,Ireland,Enniskerry,-8.9821467,52.8498651
500,John,Dowson,jdowsondv@a8.net,Male,Ireland,Moville,-8.4242597,51.8910459
501,Edna,Gutans,egutansdw@cloudflare.com,Polygender,Ireland,Castlepollard,-7.2979911,53.6785169
502,Sophia,Boarder,sboarderdx@cdbaby.com,Female,Ireland,Ballymahon,-7.7655701,53.5650926
503,Norbie,Kupker,nkupkerdy@youku.com,Male,Ireland,Kill,-6.5924609,53.2482376
504,Milissent,Banishevitz,mbanishevitzdz@ustream.tv,Female,Ireland,Arklow,-8.4523258,51.880525
505,Trudy,Beaty,tbeatye0@google.pl,Female,Ireland,Piltown,-6.3025448,53.6920618
506,Cynthia,Hinchcliffe,chinchcliffee1@oakley.com,Female,Ireland,Thomastown,-6.7434401,53.2229873
507,Merla,Stather,mstathere2@hp.com,Female,Ireland,Old Kilcullen,-6.7449927,53.1310185
508,Dolli,De Meis,ddemeise3@indiatimes.com,Female,Ireland,Dungloe,-6.3695384,53.3734053
509,Tiffany,Onraet,tonraete4@census.gov,Female,Ireland,Rathdrum,-6.163027,53.2339841
510,Sybila,Troucher,strouchere5@baidu.com,Female,Ireland,Cherryville,-7.1111732,52.2513095
511,Mahalia,Wharfe,mwharfee6@jugem.jp,Female,Ireland,Leixlip,-6.4887534,53.3653866
512,Vince,Assaf,vassafe7@java.com,Genderfluid,Ireland,Eadestown,-6.590926,53.1936864
513,Franciska,Ketch,fketche8@google.co.jp,Female,Ireland,Balrothery,-6.1884248,53.5879156
514,Gabi,Mountcastle,gmountcastlee9@skype.com,Female,Ireland,Sutton,-6.1097188,53.3895926
515,Phillipe,Janku,pjankuea@mail.ru,Polygender,Ireland,Caherconlish,-8.3545704,52.5593605
516,Nicolette,Bradbrook,nbradbrookeb@hud.gov,Female,Ireland,Bearna,-6.2340942,53.2993199
517,Retha,Huyhton,rhuyhtonec@angelfire.com,Female,Ireland,Portumna,-8.2215941,53.0917381
518,Madlin,Halliwell,mhalliwelled@dailymail.co.uk,Female,Ireland,Rathangan,-6.9898366,53.2265199
519,Harley,Hulle,hhulleee@ca.gov,Female,Ireland,Leixlip,-6.4887534,53.3653866
520,Chase,D'Adamo,cdadamoef@ucsd.edu,Male,Ireland,Askeaton,-8.9706844,52.6004448
521,Stephani,Peaurt,speaurteg@altervista.org,Female,Ireland,Ballylinan,-7.0472382,52.9480781
522,Kacy,MacEveley,kmaceveleyeh@sciencedirect.com,Female,Ireland,Oranmore,-9.7359765,54.1433253
523,Leese,Hurles,lhurlesei@over-blog.com,Female,Ireland,Raphoe,-8.2755058,52.2627273
524,Morrie,McGeachy,mmcgeachyej@cbc.ca,Male,Ireland,Monasterevin,-7.0625888,53.1387595
525,Lura,Boobier,lboobierek@alibaba.com,Female,Ireland,Bayside,-9.1097137,53.2582868
526,Jamaal,Rosbrough,jrosbroughel@samsung.com,Agender,Ireland,Donegal,-8.5946591,54.632283
527,Antoine,Worsham,aworshamem@miitbeian.gov.cn,Bigender,Ireland,Beaumont,-6.2057463,53.3870149
528,Enid,Tweedell,etweedellen@nifty.com,Female,Ireland,Tuam,-8.83565,53.49417
529,Laure,Oboy,loboyeo@miibeian.gov.cn,Female,Ireland,Greystones,-6.0704904,53.1286984
530,Gratia,Pryke,gprykeep@wordpress.com,Female,Ireland,Castlebellingham,-6.391149,53.8996586
531,Dorey,Abrahmer,dabrahmereq@biglobe.ne.jp,Male,Ireland,Rathdrum,-6.163027,53.2339841
532,Cher,Ladson,cladsoner@google.nl,Agender,Ireland,Dungloe,-6.3695384,53.3734053
533,Ruperta,McCleary,rmcclearyes@army.mil,Genderfluid,Ireland,Bantry,-9.448724,51.680591
534,Chev,Gresswell,cgresswellet@ted.com,Male,Ireland,Portarlington,-7.185387,53.158984
535,Alvis,Ceney,aceneyeu@dailymail.co.uk,Male,Ireland,Ballybofey,-7.74208,54.70972
536,Bordy,Lushey,blusheyev@comcast.net,Male,Ireland,Foxrock,-6.1011147,53.2000455
537,Nomi,Climance,nclimanceew@noaa.gov,Female,Ireland,Kinsealy-Drinan,-6.1644997,53.4266145
538,Towney,Ridgley,tridgleyex@odnoklassniki.ru,Male,Ireland,Oranmore,-9.7359765,54.1433253
539,Cesya,Fenney,cfenneyey@hugedomains.com,Female,Ireland,Caherconlish,-8.3545704,52.5593605
540,Noll,Yurin,nyurinez@newsvine.com,Male,Ireland,Ballyboden,-6.3049392,53.3021194
541,Sarena,Spaight,sspaightf0@webeden.co.uk,Female,Ireland,Bayside,-9.1097137,53.2582868
542,Jacintha,Benford,jbenfordf1@sogou.com,Female,Ireland,Lusk,-6.1535181,53.5220275
543,Maryjo,Thomtson,mthomtsonf2@si.edu,Female,Ireland,Sallins,-6.6633404,53.2492381
544,Virgie,Treppas,vtreppasf3@godaddy.com,Male,Ireland,Greystones,-6.0704904,53.1286984
545,Daisy,Swayton,dswaytonf4@soundcloud.com,Female,Ireland,Skerries,-6.1349155,53.5834008
546,Hartley,Fawson,hfawsonf5@globo.com,Male,Ireland,Lucan,-9.4904891,52.6396679
547,Petey,Garrettson,pgarrettsonf6@ifeng.com,Non-binary,Ireland,Gweedore,-9.0288689,53.2737147
548,Pedro,Passie,ppassief7@wordpress.org,Male,Ireland,Greenhills,-6.336393,53.3122864
549,Ursuline,Bodesson,ubodessonf8@phoca.cz,Female,Ireland,Claremorris,-8.334953,51.8610022
550,Reeta,Nesfield,rnesfieldf9@purevolume.com,Female,Ireland,Portumna,-8.2215941,53.0917381
551,Carmel,Denney,cdenneyfa@usda.gov,Female,Ireland,Midleton,-8.1722173,51.9138694
552,Angelle,Najara,anajarafb@squarespace.com,Female,Ireland,Glasnevin,-6.266734,53.3829319
553,Dominik,Faustian,dfaustianfc@rambler.ru,Male,Ireland,Cloyne,-6.2398782,53.32112
554,Cookie,Barwell,cbarwellfd@people.com.cn,Female,Ireland,Ballymahon,-7.7655701,53.5650926
555,Maud,Labrow,mlabrowfe@amazon.de,Genderqueer,Ireland,Ardee,-8.4784945,51.8815586
556,Ileane,Girodon,igirodonff@state.gov,Female,Ireland,Ballinteer,-6.2554371,53.2767301
557,Natty,Brockbank,nbrockbankfg@toplist.cz,Female,Ireland,Loughrea,-6.3506335,53.2911347
558,Twila,Kemwall,tkemwallfh@archive.org,Female,Ireland,Castlebellingham,-6.391149,53.8996586
559,Rocky,Luckhurst,rluckhurstfi@zimbio.com,Genderqueer,Ireland,Clonskeagh,-6.2387374,53.3141205
560,Sileas,Vondracek,svondracekfj@i2i.jp,Female,Ireland,Stradbally,-8.5054897,52.7107501
561,Zane,Barcroft,zbarcroftfk@umn.edu,Male,Ireland,Ballymahon,-7.7655701,53.5650926
562,Dorita,Ronald,dronaldfl@over-blog.com,Female,Ireland,Cobh,-8.298942,51.848898
563,Petr,Ropert,propertfm@wikipedia.org,Male,Ireland,Raheny,-6.1820563,53.3786861
564,Harriett,Rapkins,hrapkinsfn@ucsd.edu,Female,Ireland,Whitegate,-6.3539424,53.3666338
565,Hayyim,Noyes,hnoyesfo@plala.or.jp,Male,Ireland,Muff,-7.269174,55.0650892
566,Clarine,Locke,clockefp@nba.com,Female,Ireland,Coolock,-6.1920933,53.3916434
567,Rafaellle,Quin,rquinfq@icq.com,Male,Ireland,Blarney,-8.8562835,53.510243
568,Robinett,Tetther,rtettherfr@google.it,Female,Ireland,Ballisodare,-8.5070436,54.2109904
569,Brod,Cockings,bcockingsfs@house.gov,Male,Ireland,Eadestown,-6.590926,53.1936864
570,Jed,Suthworth,jsuthworthft@oakley.com,Male,Ireland,Annacotty,-8.5369154,52.6681994
571,Jeff,Saice,jsaicefu@who.int,Male,Ireland,Sandyford,-6.3422325,53.719155
572,Davy,Coppo,dcoppofv@nhs.uk,Male,Ireland,Rathdrum,-6.163027,53.2339841
573,Eldon,Sherville,eshervillefw@discovery.com,Male,Ireland,Rathdrum,-6.163027,53.2339841
574,Hanni,Echallier,hechallierfx@over-blog.com,Female,Ireland,Clogherhead,-6.2429997,53.7902634
575,Laverne,de Najera,ldenajerafy@moonfruit.com,Female,Ireland,Clifden,-10.022186,53.488087
576,Lucius,Rhys,lrhysfz@un.org,Male,Ireland,Ratoath,-6.4671298,53.5050031
577,Trueman,Levicount,tlevicountg0@123-reg.co.uk,Male,Ireland,Swinford,-8.9480659,53.940892
578,Abigale,Stanislaw,astanislawg1@ovh.net,Female,Ireland,Sutton,-6.1097188,53.3895926
579,Alphard,Carnell,acarnellg2@unesco.org,Male,Ireland,Cork,-8.489012,51.923707
580,Ashlin,Zotto,azottog3@accuweather.com,Male,Ireland,Leixlip,-6.4887534,53.3653866
581,Tobie,Brewerton,tbrewertong4@webmd.com,Male,Ireland,Skibbereen,-9.268589,51.549106
582,Christi,Ornils,cornilsg5@businessweek.com,Female,Ireland,Eadestown,-6.590926,53.1936864
583,Alf,Thewles,athewlesg6@google.de,Male,Ireland,Clondalkin,-6.4496384,53.3582341
584,Artemas,Corbally,acorballyg7@army.mil,Male,Ireland,Tallaght,-6.3660863,53.2874153
585,Rubetta,Allington,rallingtong8@wunderground.com,Female,Ireland,Claremorris,-8.334953,51.8610022
586,Malachi,Ousby,mousbyg9@wp.com,Male,Ireland,Lusk,-6.1535181,53.5220275
587,Wolfgang,Frye,wfryega@chronoengine.com,Male,Ireland,Longwood,-6.2892907,53.310122
588,Milton,Breslau,mbreslaugb@hexun.com,Male,Ireland,Rathnew,-6.374155,53.3223974
589,Karon,Jago,kjagogc@latimes.com,Bigender,Ireland,Portumna,-8.2215941,53.0917381
590,Britni,Lamps,blampsgd@google.it,Female,Ireland,Shankill,-6.124065,53.231395
591,Ryann,Oldroyde,roldroydege@timesonline.co.uk,Agender,Ireland,Granard,-7.5011999,53.776647
592,Orbadiah,Costell,ocostellgf@vistaprint.com,Male,Ireland,Kinlough,-6.1136478,53.2121335
593,Louis,Kenworthy,lkenworthygg@plala.or.jp,Male,Ireland,Kilmacanoge,-6.139018,53.171935
594,Griffie,Bratton,gbrattongh@usatoday.com,Male,Ireland,Killorglin,-9.7850991,52.1058991
595,Ealasaid,Augur,eaugurgi@theguardian.com,Polygender,Ireland,Claremorris,-8.334953,51.8610022
596,Fletcher,Warder,fwardergj@dion.ne.jp,Male,Ireland,Oranmore,-9.7359765,54.1433253
597,Betsey,Challen,bchallengk@huffingtonpost.com,Genderfluid,Ireland,Cill Airne,-6.2890702,53.3201497
598,Danny,Palister,dpalistergl@google.ru,Male,Ireland,Dundrum,-6.2508196,53.2866372
599,Nettie,Romi,nromigm@utexas.edu,Genderqueer,Ireland,Swords,-6.2071246,53.4562426
600,Flossi,Wadmore,fwadmoregn@canalblog.com,Female,Ireland,Castlemartyr,-8.05,51.9166667
601,Leonanie,Noorwood,lnoorwoodgo@google.fr,Female,Ireland,Donegal,-8.5946591,54.632283
602,Kerrill,Winchurch,kwinchurchgp@army.mil,Female,Ireland,Old Kilcullen,-6.7449927,53.1310185
603,Tallie,Roderigo,troderigogq@xrea.com,Female,Ireland,Portarlington,-7.185387,53.158984
604,Yvonne,Grouen,ygrouengr@sina.com.cn,Female,Ireland,Fermoy,-9.5003786,52.4458588
605,Ninon,Messiter,nmessitergs@amazon.co.uk,Female,Ireland,Oranmore,-9.7359765,54.1433253
606,Markus,Caswall,mcaswallgt@pbs.org,Male,Ireland,Bearna,-6.2340942,53.2993199
607,Skippy,Espinazo,sespinazogu@examiner.com,Male,Ireland,Cork,-8.489012,51.923707
608,Etti,Yateman,eyatemangv@hatena.ne.jp,Female,Ireland,Portarlington,-7.185387,53.158984
609,Ali,North,anorthgw@cnn.com,Male,Ireland,Donabate,-6.1544115,53.4855448
610,Pippo,Drust,pdrustgx@sphinn.com,Male,Ireland,Ballina,-9.151825,54.11215
611,Alford,Martello,amartellogy@ca.gov,Male,Ireland,Old Kilcullen,-6.7449927,53.1310185
612,Elmira,Kingman,ekingmangz@nifty.com,Female,Ireland,Ballymahon,-7.7655701,53.5650926
613,Ysabel,Crank,ycrankh0@google.com.hk,Female,Ireland,Ferbane,-8.4824714,51.8862378
614,Budd,Yate,byateh1@addtoany.com,Male,Ireland,Manorhamilton,-8.1722002,54.3051891
615,Amerigo,Pizzey,apizzeyh2@sitemeter.com,Male,Ireland,Gweedore,-9.0288689,53.2737147
616,Tomasina,Petrak,tpetrakh3@sciencedaily.com,Female,Ireland,Kildare,-6.9140788,53.169971
617,Priscilla,Bousler,pbouslerh4@guardian.co.uk,Female,Ireland,Gort,-8.9791425,52.8638391
618,Mariann,Yurchishin,myurchishinh5@geocities.com,Female,Ireland,Macroom,-8.958931,51.904635
619,Brennan,Simecek,bsimecekh6@wp.com,Agender,Ireland,Cherryville,-7.1111732,52.2513095
620,Mendel,McGucken,mmcguckenh7@umn.edu,Male,Ireland,Coolock,-6.1920933,53.3916434
621,Christen,Crookston,ccrookstonh8@goo.ne.jp,Female,Ireland,Drumcondra,-8.445614,51.8885086
622,Hurlee,Fanthome,hfanthomeh9@theglobeandmail.com,Male,Ireland,Daingean,-7.1297243,52.2509369
623,Rycca,Spinola,rspinolaha@wisc.edu,Female,Ireland,Donegal,-8.5946591,54.632283
624,Sigfrid,Jambrozek,sjambrozekhb@paginegialle.it,Male,Ireland,Monaghan,-7.0943023,54.2694844
625,Moe,Bodega,mbodegahc@quantcast.com,Male,Ireland,Charlesland,-6.0690645,53.1257486
626,Aimil,Hillatt,ahillatthd@un.org,Female,Ireland,Swinford,-8.9480659,53.940892
627,Lincoln,Faunch,lfaunchhe@marriott.com,Male,Ireland,Dunleer,-8.5176583,51.8863277
628,Jemmy,Tallet,jtallethf@sogou.com,Genderfluid,Ireland,Castlerea,-8.6346959,53.7423435
629,Cliff,Emney,cemneyhg@reverbnation.com,Male,Ireland,Kilkenny,-7.2584,52.655184
630,Barthel,Domb,bdombhh@census.gov,Agender,Ireland,Tralee,-7.0833118,52.2413206
631,Sharity,Emerton,semertonhi@sogou.com,Genderfluid,Ireland,Ballyjamesduff,-7.086877,53.8363325
632,Vanny,Codeman,vcodemanhj@opera.com,Female,Ireland,Castlebridge,-6.5853664,53.378253
633,Rosemonde,Tortice,rtorticehk@posterous.com,Female,Ireland,Ballybofey,-7.74208,54.70972
634,Elias,Mickleborough,emickleboroughhl@mit.edu,Male,Ireland,Belmullet,-10.0320886,54.2223118
635,Donalt,Asbury,dasburyhm@jiathis.com,Male,Ireland,Portarlington,-7.185387,53.158984
636,Selina,Earle,searlehn@clickbank.net,Female,Ireland,Donegal,-8.5946591,54.632283
637,Jareb,Gatfield,jgatfieldho@ftc.gov,Male,Ireland,Athy,-6.9858993,53.0018699
638,Humfrey,Myerscough,hmyerscoughhp@telegraph.co.uk,Male,Ireland,Annacotty,-8.5369154,52.6681994
639,Brig,Pordall,bpordallhq@nhs.uk,Male,Ireland,Granard,-7.5011999,53.776647
640,Claus,Cheson,cchesonhr@aboutads.info,Male,Ireland,Listowel,-9.4851741,52.4460804
641,Oran,Dobell,odobellhs@webs.com,Male,Ireland,Fairview,-6.4202878,54.0026343
642,Orland,Cowans,ocowansht@engadget.com,Male,Ireland,Youghal,-7.8434254,51.949401
643,Gabriella,Osipov,gosipovhu@mediafire.com,Female,Ireland,Kill,-6.5924609,53.2482376
644,Christiane,Tynewell,ctynewellhv@mediafire.com,Female,Ireland,Oranmore,-9.7359765,54.1433253
645,Taddeusz,Palliser,tpalliserhw@sitemeter.com,Male,Ireland,Ballymun,-6.264963,53.3897152
646,Sela,Blenkensop,sblenkensophx@rakuten.co.jp,Female,Ireland,Castlemartyr,-8.05,51.9166667
647,Fawnia,Baxter,fbaxterhy@blogspot.com,Female,Ireland,Coolock,-6.1920933,53.3916434
648,Sully,Jahnel,sjahnelhz@lycos.com,Bigender,Ireland,Cherryville,-7.1111732,52.2513095
649,Xever,Fordy,xfordyi0@nifty.com,Male,Ireland,Castlemartyr,-8.05,51.9166667
650,Marlon,Stocky,mstockyi1@usnews.com,Male,Ireland,Annacotty,-8.5369154,52.6681994
651,Butch,Pittel,bpitteli2@blogtalkradio.com,Male,Ireland,Donabate,-6.1544115,53.4855448
652,Tish,Vaney,tvaneyi3@odnoklassniki.ru,Female,Ireland,Clondalkin,-6.4496384,53.3582341
653,Olag,Spyvye,ospyvyei4@bluehost.com,Male,Ireland,Rathwire,-7.145971,53.508326
654,Angelika,Kirvell,akirvelli5@tmall.com,Female,Ireland,Cloyne,-6.2398782,53.32112
655,Ginny,D'Ambrosio,gdambrosioi6@google.ru,Female,Ireland,Ferbane,-8.4824714,51.8862378
656,Ginnie,Gaytor,ggaytori7@hubpages.com,Female,Ireland,Cherryville,-7.1111732,52.2513095
657,Levin,Vero,lveroi8@flavors.me,Male,Ireland,Ferbane,-8.4824714,51.8862378
658,Fonz,Abel,fabeli9@chicagotribune.com,Male,Ireland,Castleknock,-9.0248232,53.2760162
659,Wilfrid,Todarello,wtodarelloia@senate.gov,Agender,Ireland,Dungarvan,-6.1822287,53.3788495
660,Durward,Jeffes,djeffesib@cbslocal.com,Male,Ireland,Bayside,-9.1097137,53.2582868
661,Horacio,Cranmere,hcranmereic@cnn.com,Male,Ireland,Ballyhaunis,-8.7683674,53.7942932
662,Junie,Nelane,jnelaneid@vistaprint.com,Female,Ireland,Mullagh,-8.4977746,51.8895954
663,Anestassia,Fauning,afauningie@hao123.com,Female,Ireland,Old Kilcullen,-6.7449927,53.1310185
664,Katinka,Batty,kbattyif@furl.net,Female,Ireland,Kinsealy-Drinan,-6.1644997,53.4266145
665,Uri,Shovel,ushovelig@pcworld.com,Male,Ireland,Skerries,-6.1349155,53.5834008
666,Emanuel,Hofner,ehofnerih@dedecms.com,Genderfluid,Ireland,Dromiskin,-6.4008792,53.9215606
667,Filippo,Basson,fbassonii@blogspot.com,Male,Ireland,Tallaght,-6.3660863,53.2874153
668,Judie,Foli,jfoliij@sitemeter.com,Female,Ireland,Malahide,-6.1479779,53.450694
669,Damiano,O'Donoghue,dodonoghueik@alibaba.com,Male,Ireland,Prosperous,-6.7515223,53.2888321
670,Sebastien,Suddell,ssuddellil@skype.com,Male,Ireland,Bayside,-9.1097137,53.2582868
671,Sheree,Causnett,scausnettim@t.co,Female,Ireland,Sandyford,-6.3422325,53.719155
672,Julie,Ley,jleyin@nyu.edu,Female,Ireland,Macroom,-8.958931,51.904635
673,Kirby,Kleen,kkleenio@sphinn.com,Male,Ireland,Annacotty,-8.5369154,52.6681994
674,Ingeborg,Mairs,imairsip@netlog.com,Female,Ireland,Carrigtwohill,-8.259128,51.908209
675,Elijah,Goundry,egoundryiq@springer.com,Male,Ireland,Kilmacanoge,-6.139018,53.171935
676,Brandise,Jedraszczyk,bjedraszczykir@marriott.com,Female,Ireland,Crossmolina,-6.473025,54.0086093
677,Ludvig,Manion,lmanionis@dropbox.com,Male,Ireland,Kilcullen,-8.5047067,51.8830697
678,Thalia,Zanicchelli,tzanicchelliit@ask.com,Female,Ireland,Dundrum,-6.2508196,53.2866372
679,Amelia,Morbey,amorbeyiu@360.cn,Female,Ireland,Castlemartyr,-8.05,51.9166667
680,Myrwyn,Barkworth,mbarkworthiv@technorati.com,Male,Ireland,Skibbereen,-9.268589,51.549106
681,Janith,Stubbins,jstubbinsiw@cbc.ca,Female,Ireland,Greenhills,-6.336393,53.3122864
682,Iormina,O' Mulderrig,iomulderrigix@dailymail.co.uk,Female,Ireland,Valleymount,-6.3077823,53.3655256
683,Joelle,Skip,jskipiy@shutterfly.com,Female,Ireland,Mullagh,-8.4977746,51.8895954
684,Marya,Warbys,mwarbysiz@mashable.com,Female,Ireland,Bayside,-9.1097137,53.2582868
685,Eloisa,Denty,edentyj0@purevolume.com,Female,Ireland,Daingean,-7.1297243,52.2509369
686,Wolf,Runciman,wruncimanj1@berkeley.edu,Male,Ireland,Ashford,-6.3828795,53.385304
687,Amery,Clayill,aclayillj2@ask.com,Genderqueer,Ireland,Ashford,-6.3828795,53.385304
688,Melloney,Wims,mwimsj3@hhs.gov,Female,Ireland,Charlesland,-6.0690645,53.1257486
689,Tobi,Zelley,tzelleyj4@amazonaws.com,Female,Ireland,Midleton,-8.1722173,51.9138694
690,Bevon,Pentycost,bpentycostj5@loc.gov,Male,Ireland,Tullamore,-7.518792,53.284466
691,Katherine,Loude,kloudej6@free.fr,Female,Ireland,Loughrea,-6.3506335,53.2911347
692,Cymbre,Edinboro,cedinboroj7@com.com,Genderqueer,Ireland,Clifden,-10.022186,53.488087
693,Jess,Verrechia,jverrechiaj8@answers.com,Female,Ireland,Raphoe,-8.2755058,52.2627273
694,Brandea,Twinberrow,btwinberrowj9@stumbleupon.com,Female,Ireland,Virginia,-6.2633149,53.377533
695,Dalila,Jacobbe,djacobbeja@marketwatch.com,Female,Ireland,Ballymun,-6.264963,53.3897152
696,Arabel,Burrell,aburrelljb@slate.com,Female,Ireland,Donegal,-8.5946591,54.632283
697,Germaine,Arghent,garghentjc@pcworld.com,Polygender,Ireland,Belmullet,-10.0320886,54.2223118
698,Hilary,Anthiftle,hanthiftlejd@prweb.com,Male,Ireland,Gweedore,-9.0288689,53.2737147
699,Agnesse,Alldre,aalldreje@liveinternet.ru,Female,Ireland,Dún Laoghaire,-6.133718,53.291512
700,Katey,Kegan,kkeganjf@umich.edu,Female,Ireland,Sutton,-6.1097188,53.3895926
701,Krystalle,Ferneley,kferneleyjg@slideshare.net,Female,Ireland,Daingean,-7.1297243,52.2509369
702,Gary,Masters,gmastersjh@dailymotion.com,Male,Ireland,Nenagh,-8.2001004,52.86326
703,Elke,Houlton,ehoultonji@techcrunch.com,Female,Ireland,Fermoy,-9.5003786,52.4458588
704,Bancroft,Spriggin,bsprigginjj@uol.com.br,Agender,Ireland,Askeaton,-8.9706844,52.6004448
705,Dahlia,Vowell,dvowelljk@oakley.com,Female,Ireland,Muff,-7.269174,55.0650892
706,Yoko,Blacklock,yblacklockjl@mozilla.com,Female,Ireland,Mallow,-8.642661,52.1361219
707,Orville,Faint,ofaintjm@surveymonkey.com,Male,Ireland,Castlerea,-8.6346959,53.7423435
708,Sydney,Baldry,sbaldryjn@diigo.com,Male,Ireland,Tallaght,-6.3660863,53.2874153
709,Killie,Jirak,kjirakjo@wikipedia.org,Male,Ireland,Aughrim,-6.366762,53.2987724
710,Tuckie,Melloi,tmelloijp@gravatar.com,Male,Ireland,Mallow,-8.642661,52.1361219
711,Nicolas,Plevin,nplevinjq@redcross.org,Male,Ireland,Dunleer,-8.5176583,51.8863277
712,Zack,English,zenglishjr@instagram.com,Male,Ireland,Carrigaline,-8.3929404,51.8113447
713,Seamus,Oldall,soldalljs@example.com,Male,Ireland,Sandymount,-6.2152673,53.3323703
714,John,Marryatt,jmarryattjt@dailymail.co.uk,Male,Ireland,Donnycarney,-6.218069,53.374266
715,Jacquelin,Bartolijn,jbartolijnju@istockphoto.com,Female,Ireland,Rathangan,-6.9898366,53.2265199
716,Bryna,Hillett,bhillettjv@cam.ac.uk,Female,Ireland,Adare,-6.176659,53.4487975
717,Lucie,Defew,ldefewjw@google.com.hk,Female,Ireland,Longwood,-6.2892907,53.310122
718,Kaja,Ricardou,kricardoujx@icq.com,Female,Ireland,Ballylinan,-7.0472382,52.9480781
719,Fowler,Lander,flanderjy@tmall.com,Male,Ireland,Trá Mhór,-9.0197835,53.2736466
720,Averil,Goulstone,agoulstonejz@123-reg.co.uk,Bigender,Ireland,Rathangan,-6.9898366,53.2265199
721,Micheal,Giannini,mgianninik0@dot.gov,Male,Ireland,Manorhamilton,-8.1722002,54.3051891
722,Marlee,Basnall,mbasnallk1@indiegogo.com,Female,Ireland,Blessington,-8.5111664,51.8858819
723,Cesare,Shankland,cshanklandk2@house.gov,Male,Ireland,Bantry,-9.448724,51.680591
724,Eduino,Pryn,eprynk3@yolasite.com,Male,Ireland,Athy,-6.9858993,53.0018699
725,Obadiah,Breukelman,obreukelmank4@alibaba.com,Male,Ireland,Cloyne,-6.2398782,53.32112
726,Eamon,Kiezler,ekiezlerk5@google.com,Male,Ireland,Stradbally,-8.5054897,52.7107501
727,Callida,Reese,creesek6@virginia.edu,Genderqueer,Ireland,Crossmolina,-6.473025,54.0086093
728,Drusi,Juliff,djuliffk7@geocities.jp,Non-binary,Ireland,Monaghan,-7.0943023,54.2694844
729,Araldo,Adame,aadamek8@ebay.com,Male,Ireland,Sandyford,-6.3422325,53.719155
730,Meggi,Twelvetrees,mtwelvetreesk9@51.la,Non-binary,Ireland,Killorglin,-9.7850991,52.1058991
731,Claude,Ianiello,cianielloka@fda.gov,Female,Ireland,Ballymun,-6.264963,53.3897152
732,Jeramey,Huntar,jhuntarkb@dropbox.com,Male,Ireland,Fermoy,-9.5003786,52.4458588
733,Florian,Giorgione,fgiorgionekc@i2i.jp,Male,Ireland,Sallins,-6.6633404,53.2492381
734,Katherine,Bach,kbachkd@google.com.br,Female,Ireland,Clogherhead,-6.2429997,53.7902634
735,Regan,Stirrup,rstirrupke@ted.com,Female,Ireland,Skerries,-6.1349155,53.5834008
736,Niven,Bisco,nbiscokf@reuters.com,Male,Ireland,Cill Airne,-6.2890702,53.3201497
737,Rheba,Gladdin,rgladdinkg@paginegialle.it,Female,Ireland,Ballyhaunis,-8.7683674,53.7942932
738,Kennett,Roggero,kroggerokh@bigcartel.com,Male,Ireland,Cluain Meala,-6.2611953,53.3881832
739,Kerri,Liepins,kliepinski@360.cn,Genderfluid,Ireland,Donabate,-6.1544115,53.4855448
740,Gallagher,Gladwell,ggladwellkj@ebay.com,Male,Ireland,Moycullen,-9.159604,53.302644
741,Doralyn,Chaikovski,dchaikovskikk@surveymonkey.com,Female,Ireland,Trá Mhór,-9.0197835,53.2736466
742,Germain,Di Nisco,gdiniscokl@php.net,Male,Ireland,Dún Laoghaire,-6.133718,53.291512
743,Ariana,McHugh,amchughkm@cafepress.com,Female,Ireland,Blessington,-8.5111664,51.8858819
744,Blair,Stanway,bstanwaykn@census.gov,Male,Ireland,Caherconlish,-8.3545704,52.5593605
745,Charmian,Costy,ccostyko@prlog.org,Female,Ireland,Cabinteely,-6.1603828,53.2599034
746,Agnola,Rickford,arickfordkp@moonfruit.com,Female,Ireland,Donegal,-8.5946591,54.632283
747,Torr,Caldicot,tcaldicotkq@admin.ch,Male,Ireland,Donnycarney,-6.218069,53.374266
748,Kelley,Mafham,kmafhamkr@weibo.com,Male,Ireland,Piltown,-6.3025448,53.6920618
749,Nollie,Brettor,nbrettorks@360.cn,Male,Ireland,Moate,-6.1942058,53.3604483
750,Evangelia,Pascall,epascallkt@home.pl,Female,Ireland,Glasnevin,-6.266734,53.3829319
751,Aryn,Stockill,astockillku@ehow.com,Female,Ireland,Edgeworthstown,-7.606287,53.6972399
752,Drusilla,O'Bradane,dobradanekv@comsenz.com,Female,Ireland,Glasnevin,-6.266734,53.3829319
753,Anders,Bagley,abagleykw@usnews.com,Male,Ireland,Dungarvan,-6.1822287,53.3788495
754,Martguerita,Barends,mbarendskx@amazon.de,Female,Ireland,Ballybofey,-7.74208,54.70972
755,Donelle,Ploughwright,dploughwrightky@sphinn.com,Female,Ireland,Glasnevin,-6.266734,53.3829319
756,Stephanus,Lebrun,slebrunkz@cafepress.com,Male,Ireland,Glasnevin,-6.266734,53.3829319
757,Rickard,Bambridge,rbambridgel0@hud.gov,Male,Ireland,Kilmacanoge,-6.139018,53.171935
758,Germana,Leason,gleasonl1@prnewswire.com,Female,Ireland,Castlepollard,-7.2979911,53.6785169
759,Lemuel,Drakard,ldrakardl2@state.tx.us,Male,Ireland,Ashbourne,-6.1215213,53.2724538
760,Eugenia,Birtles,ebirtlesl3@tripadvisor.com,Female,Ireland,Gorey,-6.308522,52.665267
761,Kendal,Jenicke,kjenickel4@theglobeandmail.com,Male,Ireland,Carrigaline,-8.3929404,51.8113447
762,James,D'Agostini,jdagostinil5@fotki.com,Male,Ireland,Sandyford,-6.3422325,53.719155
763,Barbra,Thorn,bthornl6@harvard.edu,Female,Ireland,Clogherhead,-6.2429997,53.7902634
764,Vidovik,Oak,voakl7@cbsnews.com,Male,Ireland,Foxrock,-6.1011147,53.2000455
765,Janet,Gregorio,jgregoriol8@ted.com,Female,Ireland,Foxrock,-6.1011147,53.2000455
766,Bourke,Duthy,bduthyl9@reference.com,Male,Ireland,Sallins,-6.6633404,53.2492381
767,Jock,Malsher,jmalsherla@globo.com,Male,Ireland,Raheny,-6.1820563,53.3786861
768,Penelopa,MacIver,pmaciverlb@godaddy.com,Female,Ireland,Portumna,-8.2215941,53.0917381
769,King,Bownas,kbownaslc@howstuffworks.com,Male,Ireland,Midleton,-8.1722173,51.9138694
770,Shayne,Gurney,sgurneyld@jalbum.net,Female,Ireland,Donnycarney,-6.218069,53.374266
771,Yolanthe,Elcox,yelcoxle@yellowpages.com,Female,Ireland,Kinsealy-Drinan,-6.1644997,53.4266145
772,Hallsy,Chapman,hchapmanlf@miibeian.gov.cn,Male,Ireland,Bayside,-9.1097137,53.2582868
773,Pennie,Jamison,pjamisonlg@moonfruit.com,Male,Ireland,Donnycarney,-6.218069,53.374266
774,Antonino,Hise,ahiselh@alibaba.com,Male,Ireland,Bayside,-9.1097137,53.2582868
775,Eleanor,Dineges,edinegesli@tripadvisor.com,Female,Ireland,Oughterard,-6.1406578,53.2886387
776,Nance,Furley,nfurleylj@dedecms.com,Female,Ireland,Leixlip,-6.4887534,53.3653866
777,Christos,MacKay,cmackaylk@ca.gov,Male,Ireland,Longford,-7.8004329,53.7283566
778,Flemming,Hathway,fhathwayll@house.gov,Male,Ireland,Booterstown,-6.1979853,53.3046353
779,Lesley,Skilton,lskiltonlm@webnode.com,Male,Ireland,Blessington,-8.5111664,51.8858819
780,Korella,Rasp,kraspln@sphinn.com,Bigender,Ireland,Castlerea,-8.6346959,53.7423435
781,Bartholomeus,Vyvyan,bvyvyanlo@icio.us,Male,Ireland,Claremorris,-8.334953,51.8610022
782,Dulcine,Crickmer,dcrickmerlp@slate.com,Female,Ireland,Donegal,-8.5946591,54.632283
783,Lisette,Jantot,ljantotlq@sbwire.com,Female,Ireland,Rathwire,-7.145971,53.508326
784,Case,Billingham,cbillinghamlr@amazon.com,Male,Ireland,Clonskeagh,-6.2387374,53.3141205
785,Reena,McMichan,rmcmichanls@cbslocal.com,Female,Ireland,Daingean,-7.1297243,52.2509369
786,Shea,Ayer,sayerlt@t.co,Male,Ireland,Milltown,-7.9027266,53.4148582
787,Fayre,Gercken,fgerckenlu@google.ca,Female,Ireland,Piltown,-6.3025448,53.6920618
788,Terrence,Titcomb,ttitcomblv@digg.com,Male,Ireland,Tullyallen,-6.4241156,53.7369009
789,Bordie,Caygill,bcaygilllw@quantcast.com,Male,Ireland,Ballymun,-6.264963,53.3897152
790,Adham,Corker,acorkerlx@tinypic.com,Male,Ireland,Annacotty,-8.5369154,52.6681994
791,Burnaby,Fortescue,bfortescuely@weather.com,Male,Ireland,Listowel,-9.4851741,52.4460804
792,Lawton,Le Breton De La Vieuville,llebretondelavieuvillelz@desdev.cn,Male,Ireland,Monkstown,-8.9775014,52.8314927
793,Read,Prester,rpresterm0@ning.com,Non-binary,Ireland,Tallaght,-6.3660863,53.2874153
794,Alix,Lottrington,alottringtonm1@newyorker.com,Female,Ireland,Daingean,-7.1297243,52.2509369
795,Margery,Danielsohn,mdanielsohnm2@istockphoto.com,Female,Ireland,Rathnew,-6.374155,53.3223974
796,Wittie,Marshman,wmarshmanm3@purevolume.com,Male,Ireland,Naas,-6.67045,53.213319
797,Lil,Benham,lbenhamm4@prlog.org,Non-binary,Ireland,Monkstown,-8.9775014,52.8314927
798,Lazarus,Haack,lhaackm5@csmonitor.com,Male,Ireland,Bantry,-9.448724,51.680591
799,Mariquilla,Alessandretti,malessandrettim6@google.ru,Female,Ireland,Castleknock,-9.0248232,53.2760162
800,Rutger,Barbisch,rbarbischm7@bluehost.com,Male,Ireland,Belmullet,-10.0320886,54.2223118
801,Tandie,Fetherston,tfetherstonm8@hao123.com,Female,Ireland,Kiltamagh,-8.9949917,53.8533151
802,Johan,Fitzackerley,jfitzackerleym9@sina.com.cn,Male,Ireland,Bantry,-9.448724,51.680591
803,Meredith,Skelington,mskelingtonma@nsw.gov.au,Agender,Ireland,Annacotty,-8.5369154,52.6681994
804,Vivyanne,Bickerton,vbickertonmb@zimbio.com,Bigender,Ireland,Bagenalstown,-6.9692181,52.7009338
805,Isadore,Darrigone,idarrigonemc@w3.org,Male,Ireland,Dalkey,-6.1072403,53.2780047
806,Elianore,Eskrigg,eeskriggmd@naver.com,Genderfluid,Ireland,Bagenalstown,-6.9692181,52.7009338
807,Lotti,Coveny,lcovenyme@intel.com,Female,Ireland,Kinlough,-6.1136478,53.2121335
808,Maribelle,Hixley,mhixleymf@newsvine.com,Female,Ireland,Gorey,-6.308522,52.665267
809,Caryl,Berkeley,cberkeleymg@businessinsider.com,Agender,Ireland,Manorhamilton,-8.1722002,54.3051891
810,Allianora,Middlemass,amiddlemassmh@squidoo.com,Female,Ireland,Booterstown,-6.1979853,53.3046353
811,Glynis,Jakoubec,gjakoubecmi@moonfruit.com,Female,Ireland,Donabate,-6.1544115,53.4855448
812,Hildagard,Waldrum,hwaldrummj@cmu.edu,Female,Ireland,Lusk,-6.1535181,53.5220275
813,Ike,Clogg,icloggmk@deliciousdays.com,Male,Ireland,Birr,-7.9139891,53.0949398
814,Olly,Tulip,otulipml@ted.com,Male,Ireland,Ballisodare,-8.5070436,54.2109904
815,Kenton,Pie,kpiemm@wired.com,Male,Ireland,Arklow,-8.4523258,51.880525
816,Arni,Bompas,abompasmn@microsoft.com,Male,Ireland,Killorglin,-9.7850991,52.1058991
817,Marget,Reolfi,mreolfimo@pinterest.com,Female,Ireland,Crossmolina,-6.473025,54.0086093
818,Toni,Belle,tbellemp@nba.com,Female,Ireland,Clogherhead,-6.2429997,53.7902634
819,Karl,Nash,knashmq@cam.ac.uk,Male,Ireland,Killumney,-8.6340751,52.6638144
820,Sinclare,Scotney,sscotneymr@discovery.com,Male,Ireland,Castlerea,-8.6346959,53.7423435
821,Johnny,Oris,jorisms@hatena.ne.jp,Male,Ireland,Stradbally,-8.5054897,52.7107501
822,Horatia,Sleeny,hsleenymt@sphinn.com,Female,Ireland,Portarlington,-7.185387,53.158984
823,Adora,Jaine,ajainemu@tinyurl.com,Female,Ireland,Portarlington,-7.185387,53.158984
824,Maryann,Katzmann,mkatzmannmv@networksolutions.com,Female,Ireland,Ballinroad,-7.5717688,52.1045472
825,Aylmer,McCrow,amccrowmw@va.gov,Male,Ireland,Swinford,-8.9480659,53.940892
826,Kellen,Grundle,kgrundlemx@google.com.br,Female,Ireland,Cobh,-8.298942,51.848898
827,Valli,Eggins,vegginsmy@sina.com.cn,Female,Ireland,Skerries,-6.1349155,53.5834008
828,Amii,Morrowe,amorrowemz@earthlink.net,Female,Ireland,Drumcondra,-8.445614,51.8885086
829,Mendie,Daveren,mdaverenn0@1und1.de,Male,Ireland,Bagenalstown,-6.9692181,52.7009338
830,Birgit,Firsby,bfirsbyn1@ucoz.com,Female,Ireland,Donegal,-8.5946591,54.632283
831,Lyssa,Hardison,lhardisonn2@wunderground.com,Female,Ireland,Donegal,-8.5946591,54.632283
832,Lesley,Surcombe,lsurcomben3@exblog.jp,Female,Ireland,Raheny,-6.1820563,53.3786861
833,Rahel,Dargie,rdargien4@odnoklassniki.ru,Female,Ireland,Tullyallen,-6.4241156,53.7369009
834,Karita,Blucher,kbluchern5@icio.us,Female,Ireland,Navan,-6.313755,53.366736
835,Montague,Abotson,mabotsonn6@walmart.com,Male,Ireland,Rathangan,-6.9898366,53.2265199
836,Pandora,Lorenzetto,plorenzetton7@google.com,Female,Ireland,Valleymount,-6.3077823,53.3655256
837,Sansone,Mullins,smullinsn8@phpbb.com,Male,Ireland,Clondalkin,-6.4496384,53.3582341
838,Carroll,Glasscoo,cglasscoon9@blogs.com,Female,Ireland,Tralee,-7.0833118,52.2413206
839,Nalani,McAlindon,nmcalindonna@mail.ru,Female,Ireland,Ratoath,-6.4671298,53.5050031
840,Marlie,Hakey,mhakeynb@boston.com,Female,Ireland,Ballylinan,-7.0472382,52.9480781
841,Dirk,Libri,dlibrinc@xrea.com,Male,Ireland,Muff,-7.269174,55.0650892
842,Kathye,Castrillo,kcastrillond@rediff.com,Female,Ireland,Kinlough,-6.1136478,53.2121335
843,Randa,Bergstrand,rbergstrandne@mtv.com,Female,Ireland,Confey,-6.5028415,53.3806398
844,Ramon,Raiman,rraimannf@dagondesign.com,Male,Ireland,Donegal,-8.5946591,54.632283
845,Zabrina,Feaviour,zfeaviourng@reverbnation.com,Female,Ireland,Prosperous,-6.7515223,53.2888321
846,Jammal,Eynaud,jeynaudnh@ft.com,Male,Ireland,Ballisodare,-8.5070436,54.2109904
847,Bradney,Mateescu,bmateescuni@amazon.com,Male,Ireland,Dunmanway,-9.1115941,51.7203863
848,Skipton,Worsom,sworsomnj@hao123.com,Male,Ireland,Ballybofey,-7.74208,54.70972
849,Brocky,McConnulty,bmcconnultynk@last.fm,Male,Ireland,Ratoath,-6.4671298,53.5050031
850,Harriet,Kolakovic,hkolakovicnl@bbb.org,Female,Ireland,Kanturk,-8.9342111,52.182304
851,Ricardo,Cliffe,rcliffenm@indiatimes.com,Male,Ireland,Crumlin,-6.3048641,53.3284298
852,Darren,Bampford,dbampfordnn@wisc.edu,Male,Ireland,Carrigtwohill,-8.259128,51.908209
853,Marysa,Calderwood,mcalderwoodno@g.co,Female,Ireland,Sutton,-6.1097188,53.3895926
854,Lucio,Smale,lsmalenp@gov.uk,Male,Ireland,Enniskerry,-8.9821467,52.8498651
855,Jackie,Bastide,jbastidenq@miibeian.gov.cn,Genderqueer,Ireland,Swinford,-8.9480659,53.940892
856,Denyse,Bentson,dbentsonnr@themeforest.net,Female,Ireland,Lusk,-6.1535181,53.5220275
857,Barnaby,Ianiello,bianiellons@msn.com,Male,Ireland,Macroom,-8.958931,51.904635
858,Georgie,Munt,gmuntnt@skyrock.com,Male,Ireland,Foxrock,-6.1011147,53.2000455
859,Rebeca,Nucator,rnucatornu@xrea.com,Female,Ireland,Tullyallen,-6.4241156,53.7369009
860,Ebba,Bellocht,ebellochtnv@t.co,Agender,Ireland,Cashel,-7.888894,52.516323
861,Derward,Radloff,dradloffnw@phpbb.com,Male,Ireland,Athy,-6.9858993,53.0018699
862,Eddy,Murrigan,emurrigannx@multiply.com,Male,Ireland,Ballina,-9.151825,54.11215
863,Nathan,Storck,nstorckny@ed.gov,Non-binary,Ireland,Cavan,-7.297914,54.026345
864,Cesya,Wessing,cwessingnz@cmu.edu,Female,Ireland,Valleymount,-6.3077823,53.3655256
865,Fidelity,Sharpley,fsharpleyo0@imageshack.us,Female,Ireland,Ballinteer,-6.2554371,53.2767301
866,Tibold,Beckson,tbecksono1@yelp.com,Male,Ireland,Athlone,-7.9428197,53.4231032
867,Reagan,Pennone,rpennoneo2@etsy.com,Male,Ireland,Ballyhaunis,-8.7683674,53.7942932
868,Paulie,Hazzard,phazzardo3@storify.com,Female,Ireland,Carrigtwohill,-8.259128,51.908209
869,Matthias,Dursley,mdursleyo4@surveymonkey.com,Male,Ireland,Nenagh,-8.2001004,52.86326
870,Elwin,Males,emaleso5@cnn.com,Male,Ireland,Beaumont,-6.2057463,53.3870149
871,Barbabra,Matuszyk,bmatuszyko6@gravatar.com,Female,Ireland,Piltown,-6.3025448,53.6920618
872,Loydie,O' Byrne,lobyrneo7@about.me,Genderfluid,Ireland,Arklow,-8.4523258,51.880525
873,Paolo,Pellatt,ppellatto8@github.io,Genderfluid,Ireland,Ferbane,-8.4824714,51.8862378
874,Linell,Kollas,lkollaso9@uiuc.edu,Female,Ireland,Tralee,-7.0833118,52.2413206
875,Sherie,Jopson,sjopsonoa@bloomberg.com,Female,Ireland,Clifden,-10.022186,53.488087
876,Bernice,Jeaneau,bjeaneauob@networksolutions.com,Female,Ireland,Ballina,-9.151825,54.11215
877,Neddie,Sheen,nsheenoc@plala.or.jp,Male,Ireland,Portumna,-8.2215941,53.0917381
878,Cristi,MacAnellye,cmacanellyeod@sogou.com,Female,Ireland,Virginia,-6.2633149,53.377533
879,Ceciley,Savory,csavoryoe@engadget.com,Female,Ireland,Piltown,-6.3025448,53.6920618
880,Deb,Balazs,dbalazsof@noaa.gov,Female,Ireland,Ballymahon,-7.7655701,53.5650926
881,Wadsworth,Crocker,wcrockerog@4shared.com,Male,Ireland,Oranmore,-9.7359765,54.1433253
882,Bink,Cullinan,bcullinanoh@creativecommons.org,Male,Ireland,Whitegate,-6.3539424,53.3666338
883,Allen,Meach,ameachoi@npr.org,Male,Ireland,Sallins,-6.6633404,53.2492381
884,Hewie,Theis,htheisoj@cornell.edu,Male,Ireland,Swords,-6.2071246,53.4562426
885,Jolyn,Dampier,jdampierok@4shared.com,Female,Ireland,Booterstown,-6.1979853,53.3046353
886,Brenda,Christaeas,bchristaeasol@wikimedia.org,Female,Ireland,Ratoath,-6.4671298,53.5050031
887,Tirrell,Rubica,trubicaom@army.mil,Polygender,Ireland,Foxrock,-6.1011147,53.2000455
888,Korella,Dumberell,kdumberellon@hugedomains.com,Female,Ireland,Cashel,-7.888894,52.516323
889,Sibelle,Aers,saersoo@businessinsider.com,Female,Ireland,Coolock,-6.1920933,53.3916434
890,Vladimir,Hickinbottom,vhickinbottomop@cam.ac.uk,Male,Ireland,Donnycarney,-6.218069,53.374266
891,Suzi,De Vaar,sdevaaroq@vinaora.com,Female,Ireland,Tuam,-8.83565,53.49417
892,Linet,Skeemor,lskeemoror@hatena.ne.jp,Female,Ireland,Clondalkin,-6.4496384,53.3582341
893,Mahmud,Milward,mmilwardos@army.mil,Male,Ireland,Dublin,-6.2427004,53.3347733
894,Laurence,Cullabine,lcullabineot@angelfire.com,Male,Ireland,Fermoy,-9.5003786,52.4458588
895,Rex,Comer,rcomerou@sitemeter.com,Male,Ireland,Kilkenny,-7.2584,52.655184
896,Angie,Hymer,ahymerov@purevolume.com,Female,Ireland,Dublin,-6.2427004,53.3347733
897,Meade,Woodburne,mwoodburneow@bing.com,Male,Ireland,Oughterard,-6.1406578,53.2886387
898,Kori,Cockrem,kcockremox@indiatimes.com,Female,Ireland,Crumlin,-6.3048641,53.3284298
899,Karalee,Allnatt,kallnattoy@slideshare.net,Female,Ireland,Sutton,-6.1097188,53.3895926
900,Cordelie,Wardale,cwardaleoz@pinterest.com,Female,Ireland,Moate,-6.1942058,53.3604483
901,Torey,Hanselmann,thanselmannp0@storify.com,Male,Ireland,Kanturk,-8.9342111,52.182304
902,Aaren,Inglesfield,ainglesfieldp1@java.com,Female,Ireland,Ballyhaunis,-8.7683674,53.7942932
903,Arlina,Charlet,acharletp2@flickr.com,Female,Ireland,Fairview,-6.4202878,54.0026343
904,Marigold,Lantaph,mlantaphp3@php.net,Female,Ireland,Donabate,-6.1544115,53.4855448
905,Nina,Moneypenny,nmoneypennyp4@cdc.gov,Female,Ireland,Leixlip,-6.4887534,53.3653866
906,Debera,Jedrachowicz,djedrachowiczp5@purevolume.com,Female,Ireland,Muff,-7.269174,55.0650892
907,Allene,Cookes,acookesp6@indiatimes.com,Female,Ireland,Tuam,-8.83565,53.49417
908,Aldis,Bramah,abramahp7@nbcnews.com,Male,Ireland,Kanturk,-8.9342111,52.182304
909,Katey,Beaves,kbeavesp8@newyorker.com,Female,Ireland,Claremorris,-8.334953,51.8610022
910,Neel,Thornewill,nthornewillp9@booking.com,Male,Ireland,Rathwire,-7.145971,53.508326
911,Paddie,Orviss,porvisspa@sphinn.com,Male,Ireland,Ratoath,-6.4671298,53.5050031
912,Aleda,Guinness,aguinnesspb@chicagotribune.com,Bigender,Ireland,Thomastown,-6.7434401,53.2229873
913,Shea,Senett,ssenettpc@hexun.com,Male,Ireland,Edgeworthstown,-7.606287,53.6972399
914,Aidan,Wilsone,awilsonepd@rambler.ru,Female,Ireland,Killumney,-8.6340751,52.6638144
915,Rafferty,Chrstine,rchrstinepe@dmoz.org,Male,Ireland,Daingean,-7.1297243,52.2509369
916,Gris,Ellsbury,gellsburypf@joomla.org,Male,Ireland,Carrigaline,-8.3929404,51.8113447
917,Margret,Hassan,mhassanpg@zimbio.com,Female,Ireland,Aughrim,-6.366762,53.2987724
918,Jordon,Rebichon,jrebichonph@t.co,Polygender,Ireland,Piltown,-6.3025448,53.6920618
919,Evelin,Starmont,estarmontpi@linkedin.com,Male,Ireland,Skibbereen,-9.268589,51.549106
920,Corette,Reiling,creilingpj@squidoo.com,Female,Ireland,Tower,-80.7087609,35.7797381
921,Mariya,Learmonth,mlearmonthpk@latimes.com,Female,Ireland,Loughrea,-6.3506335,53.2911347
922,Marrissa,Kabsch,mkabschpl@reference.com,Female,Ireland,Castlepollard,-7.2979911,53.6785169
923,Crissie,Shropshire,cshropshirepm@gov.uk,Agender,Ireland,Dromiskin,-6.4008792,53.9215606
924,Myra,MacCaffery,mmaccafferypn@shutterfly.com,Female,Ireland,Cluain Meala,-6.2611953,53.3881832
925,Jerrold,Popple,jpopplepo@friendfeed.com,Male,Ireland,Ratoath,-6.4671298,53.5050031
926,Corella,Shannahan,cshannahanpp@timesonline.co.uk,Female,Ireland,Blarney,-8.8562835,53.510243
927,Etti,Patis,epatispq@oaic.gov.au,Female,Ireland,Annacotty,-8.5369154,52.6681994
928,Raphaela,Parlatt,rparlattpr@skyrock.com,Female,Ireland,Carrigaline,-8.3929404,51.8113447
929,Sollie,Braddon,sbraddonps@ted.com,Male,Ireland,Monaghan,-7.0943023,54.2694844
930,Giavani,Benoey,gbenoeypt@woothemes.com,Male,Ireland,Loughrea,-6.3506335,53.2911347
931,Netta,Curlis,ncurlispu@opera.com,Female,Ireland,Moycullen,-9.159604,53.302644
932,Graeme,Boone,gboonepv@angelfire.com,Genderqueer,Ireland,Glasnevin,-6.266734,53.3829319
933,Cam,Greening,cgreeningpw@slashdot.org,Female,Ireland,Adare,-6.176659,53.4487975
934,Jordon,Snoddon,jsnoddonpx@google.co.jp,Male,Ireland,Donnycarney,-6.218069,53.374266
935,Igor,Alldridge,ialldridgepy@whitehouse.gov,Male,Ireland,Skibbereen,-9.268589,51.549106
936,Stanfield,Loton,slotonpz@hao123.com,Male,Ireland,Belmullet,-10.0320886,54.2223118
937,Waverley,Baudasso,wbaudassoq0@techcrunch.com,Male,Ireland,Castleblayney,-6.64937,54.10269
938,Jackie,Rivers,jriversq1@freewebs.com,Male,Ireland,Naas,-6.67045,53.213319
939,Baldwin,Fitt,bfittq2@joomla.org,Male,Ireland,Askeaton,-8.9706844,52.6004448
940,Reinhard,Fermoy,rfermoyq3@bloglines.com,Male,Ireland,Kill,-6.5924609,53.2482376
941,Giffer,Greest,ggreestq4@odnoklassniki.ru,Polygender,Ireland,Ballybofey,-7.74208,54.70972
942,Orland,Cristoferi,ocristoferiq5@icio.us,Male,Ireland,Crumlin,-6.3048641,53.3284298
943,Edin,Burehill,eburehillq6@godaddy.com,Female,Ireland,Dalkey,-6.1072403,53.2780047
944,Tirrell,Mortlock,tmortlockq7@google.it,Male,Ireland,Valleymount,-6.3077823,53.3655256
945,Guy,Farlow,gfarlowq8@netvibes.com,Male,Ireland,Portumna,-8.2215941,53.0917381
946,Jeri,Schofield,jschofieldq9@mozilla.org,Female,Ireland,Valleymount,-6.3077823,53.3655256
947,Bronny,Athelstan,bathelstanqa@webeden.co.uk,Male,Ireland,Prosperous,-6.7515223,53.2888321
948,Roxane,Crawley,rcrawleyqb@imageshack.us,Female,Ireland,Dunlewy,-6.1157412,53.2774963
949,Brad,Ashplant,bashplantqc@wufoo.com,Male,Ireland,Portumna,-8.2215941,53.0917381
950,Janeva,Jullian,jjullianqd@netvibes.com,Female,Ireland,Bayside,-9.1097137,53.2582868
951,Dona,Drennan,ddrennanqe@archive.org,Female,Ireland,Sallins,-6.6633404,53.2492381
952,Dniren,Setterington,dsetteringtonqf@vinaora.com,Female,Ireland,Crossmolina,-6.473025,54.0086093
953,Crichton,Duffitt,cduffittqg@instagram.com,Male,Ireland,Monkstown,-8.9775014,52.8314927
954,Alasdair,Linfitt,alinfittqh@amazon.co.jp,Agender,Ireland,Muff,-7.269174,55.0650892
955,Townsend,Pavlishchev,tpavlishchevqi@uiuc.edu,Male,Ireland,Loughrea,-6.3506335,53.2911347
956,Javier,Kuscha,jkuschaqj@4shared.com,Male,Ireland,Navan,-6.313755,53.366736
957,Danice,Allso,dallsoqk@bloomberg.com,Female,Ireland,Clogherhead,-6.2429997,53.7902634
958,Shellie,Conyer,sconyerql@jiathis.com,Female,Ireland,Donabate,-6.1544115,53.4855448
959,Byrann,O'Hagirtie,bohagirtieqm@naver.com,Male,Ireland,Donnybrook,-6.2324705,53.3177535
960,Elenore,Haggleton,ehaggletonqn@deliciousdays.com,Female,Ireland,Clones,-7.2314132,54.1794814
961,Auberta,Bramsen,abramsenqo@qq.com,Female,Ireland,Manorhamilton,-8.1722002,54.3051891
962,Dani,Moline,dmolineqp@hud.gov,Male,Ireland,Beaumont,-6.2057463,53.3870149
963,Randal,Dadson,rdadsonqq@wisc.edu,Male,Ireland,Moate,-6.1942058,53.3604483
964,Juan,Shergold,jshergoldqr@walmart.com,Male,Ireland,Longford,-7.8004329,53.7283566
965,Lorene,Rydzynski,lrydzynskiqs@typepad.com,Female,Ireland,Portumna,-8.2215941,53.0917381
966,Lynnea,Rippen,lrippenqt@google.es,Agender,Ireland,Beaumont,-6.2057463,53.3870149
967,Chet,Painswick,cpainswickqu@cbsnews.com,Male,Ireland,Mullagh,-8.4977746,51.8895954
968,Josie,Daye,jdayeqv@storify.com,Non-binary,Ireland,Glasnevin,-6.266734,53.3829319
969,Leandra,Casserley,lcasserleyqw@bluehost.com,Genderqueer,Ireland,Fairview,-6.4202878,54.0026343
970,Arden,Barrow,abarrowqx@nydailynews.com,Female,Ireland,Donnycarney,-6.218069,53.374266
971,Ilse,Ravel,iravelqy@walmart.com,Female,Ireland,Ratoath,-6.4671298,53.5050031
972,Ronnie,Regler,rreglerqz@addtoany.com,Male,Ireland,Cobh,-8.298942,51.848898
973,Udell,Rasper,urasperr0@yale.edu,Male,Ireland,Swords,-6.2071246,53.4562426
974,Xenia,Perfect,xperfectr1@sun.com,Female,Ireland,Tullyallen,-6.4241156,53.7369009
975,Marcy,Bottinelli,mbottinellir2@tinypic.com,Agender,Ireland,Rathangan,-6.9898366,53.2265199
976,Avery,Tripp,atrippr3@google.it,Agender,Ireland,Navan,-6.313755,53.366736
977,Ardith,Ghidetti,aghidettir4@newyorker.com,Female,Ireland,Castlerea,-8.6346959,53.7423435
978,Levi,Jerwood,ljerwoodr5@last.fm,Male,Ireland,Sandymount,-6.2152673,53.3323703
979,Annmarie,Jahncke,ajahncker6@clickbank.net,Female,Ireland,Crossmolina,-6.473025,54.0086093
980,Ginger,Fitzsymons,gfitzsymonsr7@merriam-webster.com,Female,Ireland,Ballinroad,-7.5717688,52.1045472
981,Saundra,Margrie,smargrier8@umich.edu,Male,Ireland,Swords,-6.2071246,53.4562426
982,Erina,Pedroni,epedronir9@ifeng.com,Female,Ireland,Leixlip,-6.4887534,53.3653866
983,Hal,Jalland,hjallandra@ted.com,Male,Ireland,Rathangan,-6.9898366,53.2265199
984,Cassi,Bostock,cbostockrb@tripod.com,Female,Ireland,Longwood,-6.2892907,53.310122
985,Scot,Girth,sgirthrc@mac.com,Male,Ireland,Milltown,-7.9027266,53.4148582
986,Avrom,Whitfeld,awhitfeldrd@bluehost.com,Male,Ireland,Sutton,-6.1097188,53.3895926
987,Maribeth,Duchesne,mduchesnere@about.com,Female,Ireland,Ballybofey,-7.74208,54.70972
988,Vincenz,Burditt,vburdittrf@npr.org,Male,Ireland,Rathnew,-6.374155,53.3223974
989,Jarib,Evill,jevillrg@samsung.com,Male,Ireland,Kill,-6.5924609,53.2482376
990,Chlo,Josefson,cjosefsonrh@arstechnica.com,Genderfluid,Ireland,Rathdrum,-6.163027,53.2339841
991,Moises,Riddle,mriddleri@vistaprint.com,Male,Ireland,Ferbane,-8.4824714,51.8862378
992,Ethelred,Erratt,eerrattrj@studiopress.com,Male,Ireland,Farranacoush,-8.5171384,51.876873
993,Minetta,Timbs,mtimbsrk@chron.com,Female,Ireland,Oughterard,-6.1406578,53.2886387
994,Hymie,Braban,hbrabanrl@alibaba.com,Male,Ireland,Tullamore,-7.518792,53.284466
995,Katerine,Pahler,kpahlerrm@deviantart.com,Genderfluid,Ireland,Donnybrook,-6.2324705,53.3177535
996,Buckie,Tankard,btankardrn@fotki.com,Male,Ireland,Askeaton,-8.9706844,52.6004448
997,Kitty,Richardeau,krichardeauro@arstechnica.com,Female,Ireland,Manorhamilton,-8.1722002,54.3051891
998,Abdel,Heffy,aheffyrp@indiatimes.com,Male,Ireland,Donegal,-8.5946591,54.632283
999,Dinny,Stoad,dstoadrq@dot.gov,Female,Ireland,Castleblayney,-6.64937,54.10269
1000,Shaine,Bleasdille,sbleasdillerr@ted.com,Male,Ireland,Moville,-8.4242597,51.8910459
