id,first_name,last_name,email,gender,country,lon,lat
1,Stefania,Straw,sstraw0@army.mil,Female,Ireland,-8.2755058,52.2627273
2,Ezekiel,Snel,esnel1@guardian.co.uk,Male,Ireland,-6.4671298,53.5050031
3,Merrili,Banfill,mbanfill2@thetimes.co.uk,Female,Ireland,-8.5054897,52.7107501
4,Wallache,Cowthard,wcowthard3@weebly.com,Male,Ireland,-8.5054897,52.7107501
5,Paulina,Railton,prailton4@paginegialle.it,Female,Ireland,-6.6633404,53.2492381
6,Jaime,MacCahey,jmaccahey5@cpanel.net,Male,Ireland,-8.6346959,53.7423435
7,Conant,MacLaughlin,cmaclaughlin6@biblegateway.com,Male,Ireland,-8.9706844,52.6004448
8,Salli,Ager,sager7@gizmodo.com,Female,Ireland,-6.308522,52.665267
9,Gregg,Boynes,gboynes8@mozilla.com,Male,Ireland,-7.269174,55.0650892
10,Lisha,Nisot,lnisot9@live.com,Female,Ireland,-6.2611953,53.3881832
11,Chicky,Ashwin,cashwina@cmu.edu,Male,Ireland,-6.2633149,53.377533
12,Pearce,Zannolli,pzannollib@hugedomains.com,Male,Ireland,-7.0625888,53.1387595
13,Cash,McGill,cmcgillc@time.com,Agender,Ireland,-8.298942,51.848898
14,Igor,Breitler,ibreitlerd@elpais.com,Male,Ireland,-9.0248232,53.2760162
15,Matty,Keelin,mkeeline@sciencedaily.com,Male,Ireland,-6.251714,53.3169419
16,Torrin,Tillard,ttillardf@ucoz.ru,Male,Ireland,-7.0833118,52.2413206
17,Juana,Flemming,jflemmingg@hp.com,Female,Ireland,-6.139018,53.171935
18,Elladine,Griffoen,egriffoenh@howstuffworks.com,Female,Ireland,-6.139018,53.171935
19,Bryant,Edmans,bedmansi@istockphoto.com,Male,Ireland,-7.185387,53.158984
20,Heath,Ireland,hirelandj@google.pl,Male,Ireland,-9.0248232,53.2760162
21,Carlo,Leith-Harvey,cleithharveyk@craigslist.org,Genderfluid,Ireland,-6.1820563,53.3786861
22,Frans,McGaugan,fmcgauganl@discuz.net,Male,Ireland,-9.7850991,52.1058991
23,Kariotta,Callan,kcallanm@usatoday.com,Female,Ireland,-7.0833118,52.2413206
24,Batholomew,Itzhaki,bitzhakin@theatlantic.com,Male,Ireland,-6.5924609,53.2482376
25,Katusha,Stanhope,kstanhopeo@nydailynews.com,Female,Ireland,-8.2969737,53.9735591
26,Audra,Romera,aromerap@indiegogo.com,Female,Ireland,-7.5717688,52.1045472
27,Farand,Bernholt,fbernholtq@nih.gov,Female,Ireland,-9.1327273,53.806868
28,Llewellyn,Beckson,lbecksonr@moonfruit.com,Male,Ireland,-6.7434401,53.2229873
29,Sula,Jarrel,sjarrels@apache.org,Female,Ireland,-7.086877,53.8363325
30,Jewell,Laban,jlabant@narod.ru,Female,Ireland,-8.4523258,51.880525
31,Aryn,Hexter,ahexteru@list-manage.com,Female,Ireland,-6.3025448,53.6920618
32,Tabbitha,Bunting,tbuntingv@icq.com,Female,Ireland,-8.958931,51.904635
33,Barnard,Hanks,bhanksw@quantcast.com,Male,Ireland,-9.5003786,52.4458588
34,Andris,Velte,aveltex@creativecommons.org,Male,Ireland,-6.1544115,53.4855448
35,Warden,Barthelme,wbarthelmey@edublogs.org,Male,Ireland,-6.391149,53.8996586
36,Caspar,Barnsley,cbarnsleyz@paginegialle.it,Male,Ireland,-7.888894,52.516323
37,Kirsten,Dowd,kdowd10@marketwatch.com,Female,Ireland,-8.5171384,51.876873
38,Amble,Roubert,aroubert11@youku.com,Male,Ireland,-6.133718,53.291512
39,Jermaine,Bewsy,jbewsy12@loc.gov,Female,Ireland,-10.022186,53.488087
40,Jon,Jacobson,jjacobson13@narod.ru,Male,Ireland,-6.2755912,53.3500473
41,Lurette,Schwander,lschwander14@hexun.com,Female,Ireland,-9.151825,54.11215
42,Henderson,Roeby,hroeby15@ezinearticles.com,Male,Ireland,-8.2817353,54.4771768
43,Mace,Scneider,mscneider16@accuweather.com,Male,Ireland,-6.1215213,53.2724538
44,Elijah,MacKee,emackee17@so-net.ne.jp,Male,Ireland,-8.5946591,54.632283
45,Florentia,Urridge,furridge18@utexas.edu,Female,Ireland,-6.1479779,53.450694
46,Adlai,Feely,afeely19@indiatimes.com,Male,Ireland,-8.9342111,52.182304
47,Mohammed,Sellick,msellick1a@disqus.com,Male,Ireland,-7.606287,53.6972399
48,Elroy,Fordham,efordham1b@google.cn,Genderqueer,Ireland,-6.9858993,53.0018699
49,Ario,Dureden,adureden1c@google.co.jp,Male,Ireland,-6.1884248,53.5879156
50,Noell,Bessent,nbessent1d@blinklist.com,Female,Ireland,-6.2554371,53.2767301
51,Aurore,Saturley,asaturley1e@freewebs.com,Female,Ireland,-8.6340751,52.6638144
52,Bondy,Poker,bpoker1f@ustream.tv,Male,Ireland,-6.7515223,53.2888321
53,Mylo,Goldster,mgoldster1g@360.cn,Male,Ireland,-6.2755912,53.3500473
54,Ravid,Aish,raish1h@google.ru,Male,Ireland,-7.2979911,53.6785169
55,Zaccaria,Iacomo,ziacomo1i@purevolume.com,Male,Ireland,-6.1349155,53.5834008
56,Alexia,Mabb,amabb1j@wikispaces.com,Female,Ireland,-9.448724,51.680591
57,Doralynn,Carluccio,dcarluccio1k@ehow.com,Female,Ireland,-8.9775014,52.8314927
58,Rebe,Di Nisco,rdinisco1l@moonfruit.com,Female,Ireland,-6.251714,53.3169419
59,Andonis,Madrell,amadrell1m@technorati.com,Male,Ireland,-6.1479779,53.450694
60,Hubie,Wharlton,hwharlton1n@flickr.com,Male,Ireland,-9.448724,51.680591
61,Bernadine,Arblaster,barblaster1o@unesco.org,Female,Ireland,-8.5176583,51.8863277
62,Alejandrina,Wardhough,awardhough1p@diigo.com,Genderqueer,Ireland,-7.2314132,54.1794814
63,Bard,Whitham,bwhitham1q@ucsd.edu,Male,Ireland,-6.1920933,53.3916434
64,Warner,Giacobelli,wgiacobelli1r@qq.com,Male,Ireland,-9.1327273,53.806868
65,Correy,Sloat,csloat1s@tinyurl.com,Male,Ireland,-6.2554371,53.2767301
66,Eveline,Breydin,ebreydin1t@ox.ac.uk,Agender,Ireland,-6.218069,53.374266
67,Ninon,Simeons,nsimeons1u@mapy.cz,Female,Ireland,-8.4627451,54.25645
68,Brigg,Lake,blake1v@com.com,Male,Ireland,-6.2633149,53.377533
69,Cecil,Dyers,cdyers1w@weibo.com,Male,Ireland,-6.218069,53.374266
70,Marnie,Leicester,mleicester1x@un.org,Female,Ireland,-6.3539424,53.3666338
71,Manolo,Muxworthy,mmuxworthy1y@theglobeandmail.com,Male,Ireland,-6.2340942,53.2993199
72,Emanuel,Seniour,eseniour1z@techcrunch.com,Male,Ireland,-6.7449927,53.1310185
73,Hyacinthia,Ritch,hritch20@japanpost.jp,Female,Ireland,-6.124065,53.231395
74,Melisa,Geroldi,mgeroldi21@purevolume.com,Female,Ireland,-6.3422325,53.719155
75,Gussi,Shipley,gshipley22@arstechnica.com,Female,Ireland,-8.2817353,54.4771768
76,Keenan,Hulance,khulance23@etsy.com,Male,Ireland,-7.888894,52.516323
77,Ranique,Neal,rneal24@shareasale.com,Female,Ireland,-6.4008792,53.9215606
78,Alverta,McGurk,amcgurk25@indiatimes.com,Female,Ireland,-8.5171384,51.876873
79,Darcy,Doughill,ddoughill26@storify.com,Male,Ireland,-8.642661,52.1361219
80,Hunter,Bagnall,hbagnall27@nbcnews.com,Male,Ireland,-8.9480659,53.940892
81,Stoddard,Ert,sert28@gravatar.com,Female,Ireland,-7.2314132,54.1794814
82,Manolo,Duly,mduly29@gravatar.com,Male,Ireland,-8.7683674,53.7942932
83,Elnore,Babalola,ebabalola2a@java.com,Female,Ireland,-8.6346959,53.7423435
84,Helaina,Elves,helves2b@freewebs.com,Female,Ireland,-6.9692181,52.7009338
85,Belinda,Forster,bforster2c@theatlantic.com,Agender,Ireland,-10.0320886,54.2223118
86,Nona,Trythall,ntrythall2d@miibeian.gov.cn,Female,Ireland,-8.958931,51.904635
87,Kelwin,Yakob,kyakob2e@yahoo.com,Male,Ireland,-6.139018,53.171935
88,Tine,Morphew,tmorphew2f@goodreads.com,Female,Ireland,-8.2001004,52.86326
89,Franchot,Kuschek,fkuschek2g@google.fr,Male,Ireland,-80.7087609,35.7797381
90,Yehudit,Billington,ybillington2h@reuters.com,Bigender,Ireland,-9.1097137,53.2582868
91,Kinny,Balmann,kbalmann2i@issuu.com,Male,Ireland,-6.590926,53.1936864
92,Aldous,Beadles,abeadles2j@state.tx.us,Male,Ireland,-6.1535181,53.5220275
93,Smith,Magovern,smagovern2k@indiegogo.com,Male,Ireland,-6.1920933,53.3916434
94,Christophe,Ficken,cficken2l@adobe.com,Male,Ireland,-9.448724,51.680591
95,Prinz,Emmens,pemmens2m@time.com,Polygender,Ireland,-6.5924609,53.2482376
96,Elyssa,Bowerman,ebowerman2n@sourceforge.net,Female,Ireland,-6.1215213,53.2724538
97,Alanah,Ledner,aledner2o@php.net,Female,Ireland,-6.1191333,53.1915379
98,Clarke,Abrahamsohn,cabrahamsohn2p@1und1.de,Male,Ireland,-6.9140788,53.169971
99,Melisandra,Leaming,mleaming2q@theguardian.com,Female,Ireland,-6.67045,53.213319
100,Cathlene,Frostick,cfrostick2r@1688.com,Female,Ireland,-8.9775014,52.8314927
101,Yettie,Persitt,ypersitt2s@fda.gov,Female,Ireland,-8.5369154,52.6681994
102,Kalinda,Gillam,kgillam2t@goodreads.com,Agender,Ireland,-6.7515223,53.2888321
103,Randa,Vaskov,rvaskov2u@macromedia.com,Female,Ireland,-6.3422325,53.719155
104,Tera,Yu,tyu2v@sitemeter.com,Female,Ireland,-9.1115941,51.7203863
105,Odelinda,Writer,owriter2w@yellowpages.com,Female,Ireland,-9.0197835,53.2736466
106,Roseanne,Leele,rleele2x@webnode.com,Female,Ireland,-7.8434254,51.949401
107,Yetty,Lande,ylande2y@twitter.com,Female,Ireland,-6.9692181,52.7009338
108,Any,Meanwell,ameanwell2z@nasa.gov,Male,Ireland,-6.3025448,53.6920618
109,Thorndike,Rushmere,trushmere30@telegraph.co.uk,Male,Ireland,-9.5003786,52.4458588
110,Jelene,Bilbery,jbilbery31@omniture.com,Female,Ireland,-8.3545704,52.5593605
111,Albie,Brussels,abrussels32@ebay.co.uk,Male,Ireland,-8.2817353,54.4771768
112,Saraann,Hufton,shufton33@squarespace.com,Female,Ireland,-8.4523258,51.880525
113,Helena,Langmuir,hlangmuir34@webmd.com,Female,Ireland,-8.2817353,54.4771768
114,Gaylord,Biglin,gbiglin35@comcast.net,Genderqueer,Ireland,-6.1920933,53.3916434
115,Toiboid,Jakes,tjakes36@redcross.org,Male,Ireland,-8.337871,52.0097259
116,Carolee,Cape,ccape37@surveymonkey.com,Female,Ireland,-9.0288689,53.2737147
117,Genna,Nund,gnund38@51.la,Female,Ireland,-6.163027,53.2339841
118,Erastus,Treby,etreby39@edublogs.org,Male,Ireland,-6.67045,53.213319
119,Toddie,Outerbridge,touterbridge3a@google.com.br,Male,Ireland,-6.1011147,53.2000455
120,Inga,Nelm,inelm3b@mit.edu,Female,Ireland,-6.1072403,53.2780047
121,Scarface,Beldham,sbeldham3c@wikimedia.org,Male,Ireland,-6.1215213,53.2724538
122,Aubrie,Ewdale,aewdale3d@a8.net,Female,Ireland,-6.133718,53.291512
123,Alair,Ducroe,aducroe3e@intel.com,Male,Ireland,-6.4496384,53.3582341
124,Naoma,Pumfrey,npumfrey3f@amazon.com,Female,Ireland,-7.0472382,52.9480781
125,Wes,Havelin,whavelin3g@xing.com,Male,Ireland,-6.3077823,53.3655256
126,Jarret,Christofor,jchristofor3h@umich.edu,Male,Ireland,-6.3025448,53.6920618
127,Lucienne,Brigman,lbrigman3i@yandex.ru,Female,Ireland,-6.4671298,53.5050031
128,Kelwin,Swinney,kswinney3j@163.com,Male,Ireland,-80.7087609,35.7797381
129,Marcelle,Leuchars,mleuchars3k@home.pl,Female,Ireland,-8.9821467,52.8498651
130,Erminie,Vasilyevski,evasilyevski3l@nasa.gov,Female,Ireland,-8.3545704,52.5593605
131,Rickert,Rowly,rrowly3m@moonfruit.com,Male,Ireland,-8.5171384,51.876873
132,Bobina,Willshear,bwillshear3n@noaa.gov,Female,Ireland,-6.1822287,53.3788495
133,Leandra,Keniwell,lkeniwell3o@dot.gov,Female,Ireland,-6.1157412,53.2774963
134,Em,Phillput,ephillput3p@ox.ac.uk,Male,Ireland,-8.334953,51.8610022
135,Gina,Henriksson,ghenriksson3q@delicious.com,Female,Ireland,-7.9428197,53.4231032
136,Carlota,Crutch,ccrutch3r@prnewswire.com,Female,Ireland,-6.3828795,53.385304
137,Aleen,Rowantree,arowantree3s@senate.gov,Female,Ireland,-8.259128,51.908209
138,Haleigh,Pheasey,hpheasey3t@theatlantic.com,Male,Ireland,-6.3049392,53.3021194
139,Claybourne,Isted,cisted3u@upenn.edu,Male,Ireland,-6.9898366,53.2265199
140,Will,Soame,wsoame3v@weibo.com,Male,Ireland,-8.5070436,54.2109904
141,Bucky,Bertelsen,bbertelsen3w@forbes.com,Male,Ireland,-6.139018,53.171935
142,Karen,Philippon,kphilippon3x@webs.com,Female,Ireland,-6.2427004,53.3347733
143,Lew,Westfalen,lwestfalen3y@digg.com,Male,Ireland,-8.298942,51.848898
144,Aliza,Pates,apates3z@dedecms.com,Female,Ireland,-6.1349155,53.5834008
145,Wyatt,Saxton,wsaxton40@gov.uk,Male,Ireland,-9.4851741,52.4460804
146,Ky,Segges,ksegges41@photobucket.com,Male,Ireland,-7.5011999,53.776647
147,Fionna,Ebbles,febbles42@ebay.com,Female,Ireland,-6.163027,53.2339841
148,Ebenezer,Micheau,emicheau43@livejournal.com,Polygender,Ireland,-8.5946591,54.632283
149,Verine,Melling,vmelling44@whitehouse.gov,Female,Ireland,-7.1111732,52.2513095
150,Datha,Wharfe,dwharfe45@ycombinator.com,Female,Ireland,-7.0833118,52.2413206
151,Vanni,Brigg,vbrigg46@yelp.com,Non-binary,Ireland,-6.5028415,53.3806398
152,Maddy,Turfrey,mturfrey47@chron.com,Male,Ireland,-6.163027,53.2339841
153,Nell,Skeat,nskeat48@dot.gov,Female,Ireland,-8.4784945,51.8815586
154,Beret,Beardsall,bbeardsall49@redcross.org,Female,Ireland,-6.336393,53.3122864
155,Ursulina,Bolland,ubolland4a@mozilla.com,Female,Ireland,-7.9139891,53.0949398
156,Gladys,Colvie,gcolvie4b@biblegateway.com,Genderfluid,Ireland,-9.7850991,52.1058991
157,Tod,O'Lynn,tolynn4c@hubpages.com,Male,Ireland,-6.163027,53.2339841
158,Bunni,Eckley,beckley4d@nymag.com,Female,Ireland,-6.4008792,53.9215606
159,Kendre,Brayley,kbrayley4e@youtu.be,Female,Ireland,-8.3545704,52.5593605
160,Evaleen,Maxfield,emaxfield4f@alibaba.com,Female,Ireland,-6.1884248,53.5879156
161,Angus,Dowdall,adowdall4g@amazonaws.com,Male,Ireland,-6.9898366,53.2265199
162,Pebrook,Danick,pdanick4h@t.co,Male,Ireland,-7.185387,53.158984
163,Ardeen,Christin,achristin4i@army.mil,Genderfluid,Ireland,-8.337871,52.0097259
164,Marisa,Stopher,mstopher4j@pagesperso-orange.fr,Bigender,Ireland,-6.5853664,53.378253
165,Nicolea,Whapham,nwhapham4k@shinystat.com,Female,Ireland,-9.7850991,52.1058991
166,Verna,Shear,vshear4l@phpbb.com,Female,Ireland,-8.4784945,51.8815586
167,Sigismund,Silverman,ssilverman4m@youtube.com,Male,Ireland,-6.336393,53.3122864
168,Woodrow,Juanes,wjuanes4n@shareasale.com,Male,Ireland,-8.1722002,54.3051891
169,Stafford,Riccelli,sriccelli4o@vk.com,Male,Ireland,-8.298942,51.848898
170,Rahel,Kerry,rkerry4p@mashable.com,Female,Ireland,-8.1722173,51.9138694
171,Lezlie,Moscone,lmoscone4q@mozilla.org,Female,Ireland,-6.5028415,53.3806398
172,Stacie,Panons,spanons4r@sciencedirect.com,Female,Ireland,-6.2152673,53.3323703
173,Alyssa,Cottle,acottle4s@china.com.cn,Female,Ireland,-7.0833118,52.2413206
174,Kitti,Deadman,kdeadman4t@hc360.com,Female,Ireland,-6.366762,53.2987724
175,Guenna,Ickovic,gickovic4u@1und1.de,Female,Ireland,-9.4904891,52.6396679
176,Cosimo,Willford,cwillford4v@craigslist.org,Male,Ireland,-9.151825,54.11215
177,Roddy,Bennie,rbennie4w@bbc.co.uk,Male,Ireland,-8.5946591,54.632283
178,Ruthi,Pigford,rpigford4x@is.gd,Genderfluid,Ireland,-6.7449927,53.1310185
179,Laurence,Egar,legar4y@bloglovin.com,Male,Ireland,-6.2633149,53.377533
180,Selia,Carnson,scarnson4z@mapy.cz,Female,Ireland,-6.2340942,53.2993199
181,Bing,Patroni,bpatroni50@nationalgeographic.com,Male,Ireland,-6.391149,53.8996586
182,Phil,Sharvill,psharvill51@washingtonpost.com,Male,Ireland,-7.74208,54.70972
183,Forest,Yakebovich,fyakebovich52@wsj.com,Male,Ireland,-6.2324705,53.3177535
184,Philip,Dun,pdun53@mlb.com,Male,Ireland,-6.3695384,53.3734053
185,Oralla,Offill,ooffill54@ed.gov,Female,Ireland,-8.337871,52.0097259
186,Cad,Goretti,cgoretti55@prweb.com,Male,Ireland,-8.7683674,53.7942932
187,Phaidra,Devin,pdevin56@163.com,Female,Ireland,-9.7850991,52.1058991
188,Garik,Taber,gtaber57@cloudflare.com,Male,Ireland,-8.1722002,54.3051891
189,Rustie,Moret,rmoret58@wired.com,Male,Ireland,-8.9949917,53.8533151
190,Cchaddie,Akister,cakister59@uiuc.edu,Male,Ireland,-6.1215213,53.2724538
191,Regine,Nutt,rnutt5a@bluehost.com,Female,Ireland,-8.5176583,51.8863277
192,Ingram,Dudmesh,idudmesh5b@newsvine.com,Male,Ireland,-9.0288689,53.2737147
193,Garold,Henaughan,ghenaughan5c@foxnews.com,Male,Ireland,-8.4977746,51.8895954
194,Garry,Gullam,ggullam5d@about.me,Male,Ireland,-8.4784945,51.8815586
195,Kirby,Wookey,kwookey5e@addtoany.com,Male,Ireland,-9.159604,53.302644
196,Brynna,Crallan,bcrallan5f@goodreads.com,Female,Ireland,-6.1011147,53.2000455
197,Ardeen,Lambdean,alambdean5g@addtoany.com,Agender,Ireland,-6.3422325,53.719155
198,Nev,Lafrentz,nlafrentz5h@domainmarket.com,Male,Ireland,-6.163027,53.2339841
199,Karoly,Hulburd,khulburd5i@patch.com,Male,Ireland,-7.297914,54.026345
200,Giovanni,Cahani,gcahani5j@mapy.cz,Male,Ireland,-7.7655701,53.5650926
201,Maggie,Livesay,mlivesay5k@istockphoto.com,Female,Ireland,-6.264963,53.3897152
202,Bobine,Drayson,bdrayson5l@zimbio.com,Female,Ireland,-8.83565,53.49417
203,Osbert,Lumly,olumly5m@biglobe.ne.jp,Genderqueer,Ireland,-8.5369154,52.6681994
204,Nonah,Gollin,ngollin5n@github.com,Female,Ireland,-7.2584,52.655184
205,Aldis,Paur,apaur5o@tripadvisor.com,Male,Ireland,-6.374155,53.3223974
206,Davy,Bortolotti,dbortolotti5p@ustream.tv,Male,Ireland,-8.6340751,52.6638144
207,Amos,St Quenin,astquenin5q@nationalgeographic.com,Male,Ireland,-7.9027266,53.4148582
208,Yuma,Davenell,ydavenell5r@google.it,Male,Ireland,-6.9692181,52.7009338
209,Hill,Orrow,horrow5s@skype.com,Male,Ireland,-6.1942058,53.3604483
210,Marve,Scrane,mscrane5t@ocn.ne.jp,Male,Ireland,-8.5054897,52.7107501
211,Alejoa,Patley,apatley5u@unicef.org,Male,Ireland,-7.74208,54.70972
212,Traci,Tassell,ttassell5v@de.vu,Female,Ireland,-7.5011999,53.776647
213,Ingelbert,Duran,iduran5w@google.it,Male,Ireland,-6.9140788,53.169971
214,Yves,Glasspoole,yglasspoole5x@dot.gov,Male,Ireland,-6.0704904,53.1286984
215,Fredia,Hayzer,fhayzer5y@illinois.edu,Female,Ireland,-6.1822287,53.3788495
216,Alaster,Hulme,ahulme5z@wisc.edu,Male,Ireland,-8.298942,51.848898
217,Esmeralda,Fernley,efernley60@wisc.edu,Genderqueer,Ireland,-8.445614,51.8885086
218,Rycca,Burney,rburney61@multiply.com,Female,Ireland,-6.366762,53.2987724
219,Gabriel,Redmore,gredmore62@alexa.com,Male,Ireland,-6.3506335,53.2911347
220,Daffi,Farriar,dfarriar63@last.fm,Polygender,Ireland,-9.0288689,53.2737147
221,Juanita,Mickan,jmickan64@delicious.com,Female,Ireland,-9.4851741,52.4460804
222,Gaye,Beyer,gbeyer65@yahoo.co.jp,Female,Ireland,-6.3660863,53.2874153
223,Perrine,Jacombs,pjacombs66@360.cn,Agender,Ireland,-6.264963,53.3897152
224,Zarah,Danbury,zdanbury67@diigo.com,Polygender,Ireland,-6.1479779,53.450694
225,Peyton,McElvine,pmcelvine68@cloudflare.com,Male,Ireland,-8.489012,51.923707
226,Catina,Mariette,cmariette69@bravesites.com,Female,Ireland,-6.1136478,53.2121335
227,Lothario,Zarfai,lzarfai6a@paginegialle.it,Male,Ireland,-8.2755058,52.2627273
228,Son,Killby,skillby6b@va.gov,Non-binary,Ireland,-6.3660863,53.2874153
229,Shandra,Caberas,scaberas6c@va.gov,Female,Ireland,-9.4851741,52.4460804
230,Aubrey,Swainsbury,aswainsbury6d@merriam-webster.com,Bigender,Ireland,-7.9027266,53.4148582
231,Donall,Goadbie,dgoadbie6e@multiply.com,Male,Ireland,-6.1942058,53.3604483
232,Rey,Megany,rmegany6f@smugmug.com,Female,Ireland,-6.64937,54.10269
233,Chandra,Raylton,craylton6g@elpais.com,Female,Ireland,-10.0320886,54.2223118
234,Giralda,Springthorp,gspringthorp6h@indiegogo.com,Female,Ireland,-7.2314132,54.1794814
235,Hunfredo,O' Donohue,hodonohue6i@webnode.com,Male,Ireland,-9.0197835,53.2736466
236,Winthrop,Pickaver,wpickaver6j@vinaora.com,Male,Ireland,-6.1884248,53.5879156
237,Eddy,Sheards,esheards6k@tuttocitta.it,Male,Ireland,-6.1479779,53.450694
238,Calv,Windle,cwindle6l@xing.com,Genderqueer,Ireland,-6.1535181,53.5220275
239,Briny,Rabley,brabley6m@toplist.cz,Female,Ireland,-9.1115941,51.7203863
240,Shawnee,Fandrey,sfandrey6n@ovh.net,Polygender,Ireland,-6.2340942,53.2993199
241,Casey,Cushe,ccushe6o@google.fr,Male,Ireland,-6.590926,53.1936864
242,Huntley,Pressman,hpressman6p@twitter.com,Male,Ireland,-8.8562835,53.510243
243,Georgie,Sawers,gsawers6q@blogspot.com,Male,Ireland,-9.1097137,53.2582868
244,Jobie,Eilhermann,jeilhermann6r@bluehost.com,Female,Ireland,-8.4784945,51.8815586
245,Ava,Bosley,abosley6s@nasa.gov,Female,Ireland,-8.5171384,51.876873
246,Anica,Sieur,asieur6t@pen.io,Bigender,Ireland,-8.337871,52.0097259
247,Meyer,Santostefano.,msantostefano6u@vk.com,Male,Ireland,-6.251714,53.3169419
248,Sigfrid,Portingale,sportingale6v@com.com,Male,Ireland,-8.9821467,52.8498651
249,Sophey,Corwin,scorwin6w@comsenz.com,Female,Ireland,-6.1644997,53.4266145
250,Lauren,Rope,lrope6x@deliciousdays.com,Female,Ireland,-10.022186,53.488087
251,Dareen,Tiplady,dtiplady6y@nytimes.com,Female,Ireland,-6.5028415,53.3806398
252,Kimberlyn,Hellyer,khellyer6z@rediff.com,Female,Ireland,-6.4202878,54.0026343
253,Effie,Carus,ecarus70@usnews.com,Female,Ireland,-6.2633149,53.377533
254,Clayborne,Nyssen,cnyssen71@baidu.com,Male,Ireland,-8.958931,51.904635
255,Eugenius,D'Aeth,edaeth72@blogger.com,Male,Ireland,-6.1535181,53.5220275
256,Harley,Hatherleigh,hhatherleigh73@edublogs.org,Female,Ireland,-6.4241156,53.7369009
257,Caleb,Dobbie,cdobbie74@artisteer.com,Male,Ireland,-8.5171384,51.876873
258,Elbertina,Torpie,etorpie75@statcounter.com,Female,Ireland,-8.8562835,53.510243
259,Jasmine,Winterton,jwinterton76@huffingtonpost.com,Female,Ireland,-8.5369154,52.6681994
260,Rich,Tremlett,rtremlett77@soundcloud.com,Male,Ireland,-9.0248232,53.2760162
261,Ardenia,Treharne,atreharne78@livejournal.com,Genderfluid,Ireland,-6.2398782,53.32112
262,Hildagard,Gowthorpe,hgowthorpe79@yale.edu,Female,Ireland,-6.9898366,53.2265199
263,Chloe,Girhard,cgirhard7a@home.pl,Female,Ireland,-9.1327273,53.806868
264,Avigdor,Baccas,abaccas7b@e-recht24.de,Male,Ireland,-9.0197835,53.2736466
265,Yankee,Genders,ygenders7c@who.int,Male,Ireland,-6.2427004,53.3347733
266,Del,Warlton,dwarlton7d@google.es,Male,Ireland,-7.145971,53.508326
267,Mendie,January,mjanuary7e@mysql.com,Agender,Ireland,-6.1157412,53.2774963
268,Gina,Wakely,gwakely7f@wufoo.com,Female,Ireland,-6.2554371,53.2767301
269,Burt,Noore,bnoore7g@twitter.com,Male,Ireland,-6.67045,53.213319
270,Ambrose,Chittenden,achittenden7h@photobucket.com,Male,Ireland,-8.4523258,51.880525
271,Chandler,Colledge,ccolledge7i@weibo.com,Male,Ireland,-7.9428197,53.4231032
272,Barbabra,Greener,bgreener7j@wufoo.com,Female,Ireland,-6.2892907,53.310122
273,Arvy,Berrycloth,aberrycloth7k@qq.com,Male,Ireland,-7.297914,54.026345
274,Price,Jobbings,pjobbings7l@netvibes.com,Male,Ireland,-8.8950821,52.7604883
275,Genevieve,Poncet,gponcet7m@mapy.cz,Female,Ireland,-8.5070436,54.2109904
276,Barney,Giannassi,bgiannassi7n@mashable.com,Male,Ireland,-6.4202878,54.0026343
277,Mariel,Quinnelly,mquinnelly7o@harvard.edu,Female,Ireland,-8.4977746,51.8895954
278,Jessy,Aslet,jaslet7p@creativecommons.org,Female,Ireland,-8.5369154,52.6681994
279,Evelyn,Bellamy,ebellamy7q@discuz.net,Male,Ireland,-6.1349155,53.5834008
280,Garv,Twine,gtwine7r@chron.com,Male,Ireland,-6.5899765,52.176031
281,Crissie,Devenish,cdevenish7s@ucoz.com,Female,Ireland,-9.1115941,51.7203863
282,Sonni,Gonin,sgonin7t@godaddy.com,Female,Ireland,-7.297914,54.026345
283,Emmaline,Reicherz,ereicherz7u@twitter.com,Female,Ireland,-8.259128,51.908209
284,Liesa,Westmancoat,lwestmancoat7v@topsy.com,Female,Ireland,-6.2324705,53.3177535
285,Tally,Sumsion,tsumsion7w@mozilla.org,Male,Ireland,-6.0690645,53.1257486
286,Anna-maria,Gadeaux,agadeaux7x@eventbrite.com,Female,Ireland,-8.7683674,53.7942932
287,Glyn,Bowes,gbowes7y@deviantart.com,Female,Ireland,-6.251714,53.3169419
288,Emmerich,Glasebrook,eglasebrook7z@home.pl,Male,Ireland,-8.2215941,53.0917381
289,Dennison,Klaessen,dklaessen80@odnoklassniki.ru,Male,Ireland,-6.133718,53.291512
290,Papagena,Mennithorp,pmennithorp81@sfgate.com,Female,Ireland,-6.4887534,53.3653866
291,Saxon,Dalman,sdalman82@bigcartel.com,Male,Ireland,-6.9711886,53.916791
292,Burg,Mailes,bmailes83@house.gov,Male,Ireland,-6.64937,54.10269
293,Ferris,Imeson,fimeson84@blog.com,Male,Ireland,-6.176659,53.4487975
294,Ronalda,Runchman,rrunchman85@bigcartel.com,Female,Ireland,-7.9027266,53.4148582
295,Halsy,Salmons,hsalmons86@clickbank.net,Male,Ireland,-80.7087609,35.7797381
296,Netty,Muzzlewhite,nmuzzlewhite87@tiny.cc,Female,Ireland,-6.391149,53.8996586
297,Yancey,Peddar,ypeddar88@altervista.org,Male,Ireland,-7.5717688,52.1045472
298,Mora,Vassano,mvassano89@alexa.com,Female,Ireland,-6.1979853,53.3046353
299,Gweneth,Linscott,glinscott8a@alexa.com,Female,Ireland,-7.2314132,54.1794814
300,Dolley,Burtonwood,dburtonwood8b@accuweather.com,Female,Ireland,-6.9898366,53.2265199
301,Raffarty,Saltern,rsaltern8c@etsy.com,Male,Ireland,-7.9027266,53.4148582
302,Adriana,Dranfield,adranfield8d@rambler.ru,Female,Ireland,-6.0690645,53.1257486
303,Philippa,Santore,psantore8e@sciencedirect.com,Female,Ireland,-8.4523258,51.880525
304,Felipa,Laydel,flaydel8f@dedecms.com,Female,Ireland,-6.313755,53.366736
305,Warner,Pallin,wpallin8g@4shared.com,Male,Ireland,-80.7087609,35.7797381
306,Nannie,Bilbee,nbilbee8h@unc.edu,Female,Ireland,-6.3506335,53.2911347
307,Lorna,Scholcroft,lscholcroft8i@usda.gov,Female,Ireland,-8.9480659,53.940892
308,Hadlee,Edmondson,hedmondson8j@webeden.co.uk,Male,Ireland,-6.9711886,53.916791
309,Killie,Ginity,kginity8k@deliciousdays.com,Male,Ireland,-6.1942058,53.3604483
310,Ciel,Stigell,cstigell8l@yahoo.co.jp,Female,Ireland,-10.022186,53.488087
311,Nate,Bigrigg,nbigrigg8m@twitter.com,Genderfluid,Ireland,-6.6633404,53.2492381
312,Moe,Farrens,mfarrens8n@whitehouse.gov,Male,Ireland,-6.366762,53.2987724
313,Garvin,Ledes,gledes8o@ox.ac.uk,Male,Ireland,-8.5171384,51.876873
314,Zed,Kinder,zkinder8p@naver.com,Male,Ireland,-8.83565,53.49417
315,Luise,Perrin,lperrin8q@google.nl,Female,Ireland,-8.298942,51.848898
316,Kurtis,Stiegars,kstiegars8r@techcrunch.com,Male,Ireland,-6.2340942,53.2993199
317,Conway,Polendine,cpolendine8s@usnews.com,Male,Ireland,-8.445614,51.8885086
318,Cecilia,Flancinbaum,cflancinbaum8t@china.com.cn,Genderqueer,Ireland,-8.4242597,51.8910459
319,Zebulen,Franzen,zfranzen8u@sphinn.com,Male,Ireland,-8.9706844,52.6004448
320,Bertha,Ogers,bogers8v@state.tx.us,Female,Ireland,-6.1157412,53.2774963
321,Alfons,Winfield,awinfield8w@globo.com,Male,Ireland,-7.086877,53.8363325
322,Kenton,Gilbard,kgilbard8x@privacy.gov.au,Male,Ireland,-8.9949917,53.8533151
323,Melly,Jillard,mjillard8y@dailymotion.com,Female,Ireland,-9.1097137,53.2582868
324,Jennette,Yanele,jyanele8z@51.la,Female,Ireland,-6.3422325,53.719155
325,Esme,Droogan,edroogan90@twitter.com,Female,Ireland,-8.8950821,52.7604883
326,Wallache,Tytcomb,wtytcomb91@eepurl.com,Male,Ireland,-8.9342111,52.182304
327,Antoine,Ahrens,aahrens92@bloglines.com,Male,Ireland,-6.2429997,53.7902634
328,Koressa,Rosenkrantz,krosenkrantz93@ustream.tv,Female,Ireland,-7.0625888,53.1387595
329,Rab,Buckner,rbuckner94@freewebs.com,Male,Ireland,-8.489012,51.923707
330,Dianne,Oene,doene95@apple.com,Genderqueer,Ireland,-8.5111664,51.8858819
331,Ludovico,D'Adda,ldadda96@chron.com,Male,Ireland,-6.1136478,53.2121335
332,Corilla,Tennewell,ctennewell97@pcworld.com,Female,Ireland,-9.0248232,53.2760162
333,Merrill,Towers,mtowers98@blog.com,Non-binary,Ireland,-7.606287,53.6972399
334,Elane,Pembry,epembry99@plala.or.jp,Female,Ireland,-6.1979853,53.3046353
335,Salomone,Styant,sstyant9a@dyndns.org,Bigender,Ireland,-8.2755058,52.2627273
336,Irvine,Kilalea,ikilalea9b@tripod.com,Male,Ireland,-6.139018,53.171935
337,Gale,Easbie,geasbie9c@exblog.jp,Female,Ireland,-9.151825,54.11215
338,Wallie,Ganderton,wganderton9d@senate.gov,Male,Ireland,-6.64937,54.10269
339,Clarence,Merrell,cmerrell9e@si.edu,Male,Ireland,-8.3929404,51.8113447
340,Eadmund,Procter,eprocter9f@posterous.com,Male,Ireland,-6.1942058,53.3604483
341,Delly,Roll,droll9g@usgs.gov,Non-binary,Ireland,-6.4202878,54.0026343
342,Tedd,Sendley,tsendley9h@bluehost.com,Male,Ireland,-9.4851741,52.4460804
343,Sanson,Titcombe,stitcombe9i@slate.com,Male,Ireland,-7.888894,52.516323
344,Layton,Grinnikov,lgrinnikov9j@facebook.com,Male,Ireland,-9.4851741,52.4460804
345,Dur,Hollingby,dhollingby9k@soup.io,Male,Ireland,-6.2071246,53.4562426
346,Lyndel,McGirr,lmcgirr9l@census.gov,Female,Ireland,-6.9140788,53.169971
347,Trenna,Aloshikin,taloshikin9m@de.vu,Female,Ireland,-8.259128,51.908209
348,Lorin,Tavinor,ltavinor9n@dmoz.org,Male,Ireland,-6.1920933,53.3916434
349,Mirilla,Joannic,mjoannic9o@unesco.org,Female,Ireland,-10.022186,53.488087
350,Daryl,Cavilla,dcavilla9p@nasa.gov,Female,Ireland,-6.176659,53.4487975
351,Ame,Benns,abenns9q@google.com.hk,Non-binary,Ireland,-6.3695384,53.3734053
352,Miltie,Tongue,mtongue9r@pen.io,Male,Ireland,-6.4241156,53.7369009
353,Ann,Joyson,ajoyson9s@jigsy.com,Female,Ireland,-10.022186,53.488087
354,Howard,Rowat,hrowat9t@zimbio.com,Male,Ireland,-6.2611953,53.3881832
355,Felizio,Waddam,fwaddam9u@google.es,Male,Ireland,-6.2387374,53.3141205
356,Pauline,Mum,pmum9v@marketwatch.com,Female,Ireland,-6.374155,53.3223974
357,Emily,Rubee,erubee9w@yahoo.co.jp,Female,Ireland,-6.5899765,52.176031
358,Fabien,Glennon,fglennon9x@myspace.com,Male,Ireland,-9.268589,51.549106
359,Zorana,Brandassi,zbrandassi9y@apache.org,Female,Ireland,-8.05,51.9166667
360,Bernard,Clack,bclack9z@webmd.com,Male,Ireland,-6.9692181,52.7009338
361,Mendie,Bromet,mbrometa0@digg.com,Male,Ireland,-8.337871,52.0097259
362,Vikky,Gunby,vgunbya1@sina.com.cn,Female,Ireland,-8.1722002,54.3051891
363,Nedi,Lerway,nlerwaya2@themeforest.net,Female,Ireland,-9.4904891,52.6396679
364,Demetrius,Dring,ddringa3@github.com,Bigender,Ireland,-8.2215941,53.0917381
365,Poppy,O' Meara,pomearaa4@behance.net,Female,Ireland,-6.4008792,53.9215606
366,Mellisa,Arson,marsona5@businesswire.com,Female,Ireland,-9.0197835,53.2736466
367,Jodie,Mattock,jmattocka6@wired.com,Male,Ireland,-9.1115941,51.7203863
368,Reggie,Allender,rallendera7@dedecms.com,Female,Ireland,-6.1072403,53.2780047
369,Abigael,Pratton,aprattona8@chronoengine.com,Female,Ireland,-6.3695384,53.3734053
370,Nonah,Scott,nscotta9@ebay.com,Female,Ireland,-8.5176583,51.8863277
371,Evie,Lago,elagoaa@prlog.org,Female,Ireland,-6.2892907,53.310122
372,Pascal,Arger,pargerab@hud.gov,Male,Ireland,-6.1157412,53.2774963
373,Sherlock,Sumers,ssumersac@nytimes.com,Male,Ireland,-6.2340942,53.2993199
374,Brew,Benbough,bbenboughad@google.com.br,Male,Ireland,-6.1884248,53.5879156
375,Kaitlin,Asty,kastyae@deviantart.com,Female,Ireland,-6.1603828,53.2599034
376,Angelica,Harroll,aharrollaf@wikispaces.com,Female,Ireland,-8.9791425,52.8638391
377,Neil,Sandells,nsandellsag@ft.com,Male,Ireland,-6.2611953,53.3881832
378,Bevvy,Barthot,bbarthotah@alibaba.com,Genderfluid,Ireland,-9.0248232,53.2760162
379,Hedwig,Thomson,hthomsonai@stanford.edu,Female,Ireland,-8.445614,51.8885086
380,Rina,Valentine,rvalentineaj@usatoday.com,Female,Ireland,-7.9027266,53.4148582
381,Salli,Trolley,strolleyak@nbcnews.com,Female,Ireland,-7.888894,52.516323
382,Imogen,Norster,inorsteral@sitemeter.com,Female,Ireland,-8.5171384,51.876873
383,Neda,Verduin,nverduinam@constantcontact.com,Female,Ireland,-8.9821467,52.8498651
384,Raoul,Harrild,rharrildan@cnbc.com,Male,Ireland,-6.1942058,53.3604483
385,Alessandro,Borres,aborresao@dropbox.com,Male,Ireland,-6.1011147,53.2000455
386,Terrill,Crix,tcrixap@hugedomains.com,Male,Ireland,-6.1157412,53.2774963
387,Perla,Caulder,pcaulderaq@umich.edu,Female,Ireland,-6.374155,53.3223974
388,Maegan,Djorvic,mdjorvicar@cargocollective.com,Female,Ireland,-6.4241156,53.7369009
389,Johnny,Alldread,jalldreadas@google.cn,Male,Ireland,-8.9480659,53.940892
390,Antin,Barnsley,abarnsleyat@wsj.com,Male,Ireland,-7.8004329,53.7283566
391,Roxy,Curee,rcureeau@google.co.jp,Female,Ireland,-8.489012,51.923707
392,Aveline,Medwell,amedwellav@rediff.com,Female,Ireland,-7.2314132,54.1794814
393,Rand,Birdwhistell,rbirdwhistellaw@bbb.org,Male,Ireland,-6.3506335,53.2911347
394,Johnath,Samper,jsamperax@wikimedia.org,Female,Ireland,-8.259128,51.908209
395,Crystal,MacGill,cmacgillay@sciencedirect.com,Female,Ireland,-7.9027266,53.4148582
396,Phaedra,Dirand,pdirandaz@archive.org,Female,Ireland,-6.2387374,53.3141205
397,Trumann,Arblaster,tarblasterb0@businesswire.com,Male,Ireland,-6.2398782,53.32112
398,Gilbert,Lyptratt,glyptrattb1@vimeo.com,Male,Ireland,-6.133718,53.291512
399,Bartel,Fley,bfleyb2@ustream.tv,Male,Ireland,-6.1157412,53.2774963
400,Rosaline,Benedettini,rbenedettinib3@mapquest.com,Female,Ireland,-6.1942058,53.3604483
401,Ronni,Sholem,rsholemb4@desdev.cn,Female,Ireland,-7.2584,52.655184
402,Sophronia,L'Amie,slamieb5@vkontakte.ru,Female,Ireland,-8.5111664,51.8858819
403,Maure,Lambricht,mlambrichtb6@ucla.edu,Female,Ireland,-6.1942058,53.3604483
404,Shelby,Genike,sgenikeb7@symantec.com,Male,Ireland,-6.3828795,53.385304
405,Gerrard,Venmore,gvenmoreb8@samsung.com,Male,Ireland,-8.4824714,51.8862378
406,Annadiana,Omond,aomondb9@google.com.br,Female,Ireland,-8.3929404,51.8113447
407,Emmet,Poad,epoadba@ihg.com,Male,Ireland,-7.185387,53.158984
408,Lauryn,Iveagh,liveaghbb@guardian.co.uk,Polygender,Ireland,-8.7683674,53.7942932
409,Evvy,Goodere,egooderebc@yellowpages.com,Female,Ireland,-6.5853664,53.378253
410,Lonnie,Suddick,lsuddickbd@hhs.gov,Male,Ireland,-6.3077823,53.3655256
411,Maire,Bichard,mbichardbe@squidoo.com,Female,Ireland,-8.1722173,51.9138694
412,Yvonne,Tatterton,ytattertonbf@barnesandnoble.com,Female,Ireland,-8.9775014,52.8314927
413,Meridel,Gerretsen,mgerretsenbg@w3.org,Female,Ireland,-6.3025448,53.6920618
414,Justino,Houtby,jhoutbybh@sciencedirect.com,Male,Ireland,-6.2633149,53.377533
415,Wittie,Keirl,wkeirlbi@cocolog-nifty.com,Male,Ireland,-6.9140788,53.169971
416,Audrey,Hulburd,ahulburdbj@ox.ac.uk,Female,Ireland,-7.0943023,54.2694844
417,Garnet,Domke,gdomkebk@xing.com,Female,Ireland,-8.3929404,51.8113447
418,Hymie,Ropars,hroparsbl@fotki.com,Male,Ireland,-6.9711886,53.916791
419,Felice,Norquoy,fnorquoybm@livejournal.com,Female,Ireland,-8.2215941,53.0917381
420,Haven,Copyn,hcopynbn@histats.com,Male,Ireland,-6.3695384,53.3734053
421,Hagan,Brattan,hbrattanbo@tmall.com,Male,Ireland,-9.448724,51.680591
422,Lorianna,Novotna,lnovotnabp@yandex.ru,Female,Ireland,-6.1822287,53.3788495
423,Gardner,Lowensohn,glowensohnbq@who.int,Male,Ireland,-6.2324705,53.3177535
424,Tades,Barthrup,tbarthrupbr@photobucket.com,Male,Ireland,-6.4202878,54.0026343
425,Cass,Slinn,cslinnbs@tinyurl.com,Male,Ireland,-6.308522,52.665267
426,Alric,Jakubczyk,ajakubczykbt@skyrock.com,Male,Ireland,-6.1942058,53.3604483
427,Truda,Rieger,triegerbu@usa.gov,Female,Ireland,-6.4241156,53.7369009
428,Dionne,Peagram,dpeagrambv@hud.gov,Female,Ireland,-8.5369154,52.6681994
429,Silvester,Cuff,scuffbw@webnode.com,Male,Ireland,-9.4904891,52.6396679
430,Gerald,Highman,ghighmanbx@bizjournals.com,Male,Ireland,-6.1644997,53.4266145
431,Codie,Bullick,cbullickby@digg.com,Male,Ireland,-6.1215213,53.2724538
432,Seline,Ginnaly,sginnalybz@princeton.edu,Female,Ireland,-7.888894,52.516323
433,Eberhard,Sutlieff,esutlieffc0@bbb.org,Male,Ireland,-8.9821467,52.8498651
434,Britte,Kringe,bkringec1@nasa.gov,Bigender,Ireland,-7.2979911,53.6785169
435,Felicity,Swann,fswannc2@princeton.edu,Female,Ireland,-10.0320886,54.2223118
436,Yorgos,Luesley,yluesleyc3@youtu.be,Genderqueer,Ireland,-7.2979911,53.6785169
437,Laurianne,Youll,lyoullc4@nasa.gov,Female,Ireland,-8.5946591,54.632283
438,Chev,Clayworth,cclayworthc5@vkontakte.ru,Male,Ireland,-8.2215941,53.0917381
439,Birdie,Pragnall,bpragnallc6@simplemachines.org,Female,Ireland,-8.9342111,52.182304
440,Rog,Turl,rturlc7@alexa.com,Male,Ireland,-6.124065,53.231395
441,Cayla,Raffin,craffinc8@nyu.edu,Female,Ireland,-6.2057463,53.3870149
442,Ogden,Maudsley,omaudsleyc9@bloomberg.com,Male,Ireland,-8.9791425,52.8638391
443,Tabitha,Sturdy,tsturdyca@goodreads.com,Non-binary,Ireland,-8.6340751,52.6638144
444,Gayla,Saul,gsaulcb@feedburner.com,Female,Ireland,-6.7434401,53.2229873
445,Wendie,Wafer,wwafercc@dailymotion.com,Female,Ireland,-6.366762,53.2987724
446,Alix,Gobeau,agobeaucd@omniture.com,Male,Ireland,-6.2508196,53.2866372
447,Krissy,Jude,kjudece@amazon.com,Female,Ireland,-6.3660863,53.2874153
448,Susanna,Ewbanks,sewbankscf@blogger.com,Female,Ireland,-6.2611953,53.3881832
449,Skelly,Scurrey,sscurreycg@yelp.com,Male,Ireland,-6.2508196,53.2866372
450,Alasteir,Merrell,amerrellch@slideshare.net,Male,Ireland,-7.5717688,52.1045472
451,Chloris,Allatt,callattci@microsoft.com,Female,Ireland,-6.1544115,53.4855448
452,Merralee,Sneezum,msneezumcj@huffingtonpost.com,Female,Ireland,-6.2152673,53.3323703
453,Zeke,Dalliwater,zdalliwaterck@e-recht24.de,Male,Ireland,-6.1157412,53.2774963
454,Jennette,Miguet,jmiguetcl@deviantart.com,Female,Ireland,-6.2340942,53.2993199
455,Audrey,Neagle,aneaglecm@de.vu,Female,Ireland,-6.1942058,53.3604483
456,Juliane,Hamberstone,jhamberstonecn@shutterfly.com,Female,Ireland,-9.7850991,52.1058991
457,Luella,Collinette,lcollinetteco@xinhuanet.com,Female,Ireland,-7.74208,54.70972
458,Raymond,Gisby,rgisbycp@eventbrite.com,Male,Ireland,-9.448724,51.680591
459,Jemmy,Faircloth,jfairclothcq@163.com,Female,Ireland,-8.1722173,51.9138694
460,Myrtia,Vegas,mvegascr@friendfeed.com,Female,Ireland,-8.9480659,53.940892
461,Adrien,Treadway,atreadwaycs@jalbum.net,Male,Ireland,-9.0248232,53.2760162
462,Henrik,Flower,hflowerct@studiopress.com,Male,Ireland,-6.1979853,53.3046353
463,Symon,Dellar,sdellarcu@webnode.com,Male,Ireland,-6.7449927,53.1310185
464,Clarissa,Perree,cperreecv@house.gov,Female,Ireland,-6.0704904,53.1286984
465,Karalynn,Billborough,kbillboroughcw@elpais.com,Bigender,Ireland,-8.9775014,52.8314927
466,Maurise,Hannabus,mhannabuscx@cbsnews.com,Female,Ireland,-8.298942,51.848898
467,Simona,Strafen,sstrafency@washingtonpost.com,Female,Ireland,-6.2755912,53.3500473
468,Bellanca,Stenners,bstennerscz@canalblog.com,Female,Ireland,-6.251714,53.3169419
469,Nickola,Sate,nsated0@vk.com,Male,Ireland,-8.5176583,51.8863277
470,Hewe,Ullett,hullettd1@about.com,Male,Ireland,-6.64937,54.10269
471,Nanci,Lampke,nlampked2@imgur.com,Genderfluid,Ireland,-6.3077823,53.3655256
472,Biron,Sillwood,bsillwoodd3@jalbum.net,Male,Ireland,-9.1327273,53.806868
473,Hurlee,Jewkes,hjewkesd4@cnbc.com,Male,Ireland,-9.1327273,53.806868
474,Percy,Beeken,pbeekend5@meetup.com,Non-binary,Ireland,-6.2398782,53.32112
475,Felisha,Clapp,fclappd6@yellowbook.com,Female,Ireland,-9.7850991,52.1058991
476,Georges,A'field,gafieldd7@xing.com,Male,Ireland,-6.308522,52.665267
477,Ralph,Bartalini,rbartalinid8@newsvine.com,Genderfluid,Ireland,-8.334953,51.8610022
478,Carver,Cordsen,ccordsend9@ask.com,Male,Ireland,-7.888894,52.516323
479,Towney,Fone,tfoneda@ow.ly,Male,Ireland,-8.2215941,53.0917381
480,Pearla,Hardes,phardesdb@biblegateway.com,Female,Ireland,-6.3422325,53.719155
481,Napoleon,Shenfisch,nshenfischdc@ox.ac.uk,Male,Ireland,-6.3539424,53.3666338
482,Irvin,Brew,ibrewdd@addtoany.com,Male,Ireland,-6.2398782,53.32112
483,Laurel,Flower,lflowerde@usa.gov,Female,Ireland,-6.2152673,53.3323703
484,Berthe,Rowth,browthdf@va.gov,Female,Ireland,-6.4671298,53.5050031
485,Jacquenetta,Bundey,jbundeydg@freewebs.com,Female,Ireland,-9.1115941,51.7203863
486,Wang,Hardware,whardwaredh@joomla.org,Male,Ireland,-6.9711886,53.916791
487,Lela,Duberry,lduberrydi@oracle.com,Female,Ireland,-6.1406578,53.2886387
488,Ferguson,Skillern,fskillerndj@dot.gov,Male,Ireland,-6.3506335,53.2911347
489,Amalea,Gundry,agundrydk@acquirethisname.com,Female,Ireland,-8.5369154,52.6681994
490,Beniamino,Rumens,brumensdl@usda.gov,Male,Ireland,-7.74208,54.70972
491,Tadeas,Davydochkin,tdavydochkindm@twitter.com,Male,Ireland,-9.4904891,52.6396679
492,Mahmud,Imason,mimasondn@npr.org,Male,Ireland,-8.2001004,52.86326
493,Katha,Conlon,kconlondo@bloomberg.com,Female,Ireland,-8.9342111,52.182304
494,Lyell,Bouller,lboullerdp@slate.com,Male,Ireland,-6.1072403,53.2780047
495,Mendy,Hayen,mhayendq@businessweek.com,Male,Ireland,-8.8950821,52.7604883
496,Gardy,Bolam,gbolamdr@e-recht24.de,Male,Ireland,-6.308522,52.665267
497,Collette,Standfield,cstandfieldds@mail.ru,Female,Ireland,-8.5176583,51.8863277
498,Alic,Mercer,amercerdt@plala.or.jp,Male,Ireland,-8.9480659,53.940892
499,Gillie,Stuck,gstuckdu@hugedomains.com,Female,Ireland,-8.337871,52.0097259
500,Tova,Derrington,tderringtondv@wikia.com,Female,Ireland,-6.2508196,53.2866372
501,Fenelia,Growcott,fgrowcottdw@engadget.com,Female,Ireland,-8.05,51.9166667
502,Evaleen,McDavid,emcdaviddx@delicious.com,Female,Ireland,-6.6633404,53.2492381
503,Koral,Baudin,kbaudindy@lycos.com,Female,Ireland,-6.374155,53.3223974
504,Titus,Leeder,tleederdz@tuttocitta.it,Male,Ireland,-7.7655701,53.5650926
505,Bessie,Antoniou,bantonioue0@stanford.edu,Female,Ireland,-6.5924609,53.2482376
506,Gail,Bosquet,gbosquete1@nhs.uk,Agender,Ireland,-8.8562835,53.510243
507,Darnell,Parley,dparleye2@upenn.edu,Male,Ireland,-6.2057463,53.3870149
508,Emyle,Dionsetti,edionsettie3@wufoo.com,Female,Ireland,-8.9791425,52.8638391
509,Gawain,Slocom,gslocome4@addtoany.com,Bigender,Ireland,-7.0833118,52.2413206
510,Thorstein,Cayet,tcayete5@arizona.edu,Male,Ireland,-6.176659,53.4487975
511,Sissie,Steade,ssteadee6@cnn.com,Female,Ireland,-6.374155,53.3223974
512,Leeann,Waugh,lwaughe7@dailymotion.com,Female,Ireland,-9.159604,53.302644
513,Hermie,Sussans,hsussanse8@csmonitor.com,Male,Ireland,-6.1479779,53.450694
514,Darbie,Woller,dwollere9@vistaprint.com,Female,Ireland,-7.5011999,53.776647
515,Stefanie,Dunnaway,sdunnawayea@upenn.edu,Bigender,Ireland,-9.159604,53.302644
516,Alejandrina,Napolitano,anapolitanoeb@shinystat.com,Agender,Ireland,-6.1215213,53.2724538
517,Goober,Matz,gmatzec@tinyurl.com,Male,Ireland,-6.1011147,53.2000455
518,Zebulon,Creber,zcrebered@free.fr,Male,Ireland,-9.268589,51.549106
519,Madalena,Eates,meatesee@etsy.com,Genderfluid,Ireland,-8.259128,51.908209
520,Kaylil,Thexton,kthextonef@abc.net.au,Female,Ireland,-6.3539424,53.3666338
521,Dannie,Langhorn,dlanghorneg@lycos.com,Female,Ireland,-6.313755,53.366736
522,Padraig,Fulle,pfulleeh@moonfruit.com,Male,Ireland,-6.1097188,53.3895926
523,Amitie,Coaten,acoatenei@is.gd,Female,Ireland,-6.176659,53.4487975
524,Grantley,Tregien,gtregienej@illinois.edu,Male,Ireland,-8.5171384,51.876873
525,Olenolin,Martinson,omartinsonek@cyberchimps.com,Male,Ireland,-9.1097137,53.2582868
526,Elmore,Thwaites,ethwaitesel@java.com,Male,Ireland,-8.4627451,54.25645
527,Helena,Burnapp,hburnappem@guardian.co.uk,Non-binary,Ireland,-6.3049392,53.3021194
528,Marga,Inkster,minksteren@weibo.com,Female,Ireland,-6.2429997,53.7902634
529,Marion,Gallehawk,mgallehawkeo@scribd.com,Female,Ireland,-7.0625888,53.1387595
530,Obediah,Oakenfall,ooakenfallep@weather.com,Male,Ireland,-7.1297243,52.2509369
531,Kort,Koppke,kkoppkeeq@cam.ac.uk,Male,Ireland,-6.336393,53.3122864
532,Denny,Itzkovich,ditzkovicher@lulu.com,Female,Ireland,-6.5028415,53.3806398
533,Auguste,Benediktovich,abenediktoviches@amazonaws.com,Female,Ireland,-6.163027,53.2339841
534,Elfie,Boynton,eboyntonet@github.io,Agender,Ireland,-9.1115941,51.7203863
535,Sibylla,Battelle,sbattelleeu@goo.gl,Female,Ireland,-7.145971,53.508326
536,Yorgos,Wickey,ywickeyev@reverbnation.com,Genderqueer,Ireland,-6.374155,53.3223974
537,Sarena,Shearston,sshearstonew@usda.gov,Female,Ireland,-6.3219759,53.2976886
538,Jefferey,Zannotelli,jzannotelliex@g.co,Male,Ireland,-8.9791425,52.8638391
539,Maison,Guillerman,mguillermaney@msn.com,Male,Ireland,-6.473025,54.0086093
540,Frants,Diggles,fdigglesez@miitbeian.gov.cn,Male,Ireland,-10.022186,53.488087
541,Alica,Frift,afriftf0@123-reg.co.uk,Female,Ireland,-6.264963,53.3897152
542,Bartel,Martill,bmartillf1@gmpg.org,Non-binary,Ireland,-6.2398782,53.32112
543,Mill,MacMychem,mmacmychemf2@joomla.org,Male,Ireland,-8.4977746,51.8895954
544,Davida,McIlwreath,dmcilwreathf3@networksolutions.com,Female,Ireland,-6.9692181,52.7009338
545,Jase,Antonin,jantoninf4@blogspot.com,Male,Ireland,-8.337871,52.0097259
546,Carmine,Wheeldon,cwheeldonf5@clickbank.net,Female,Ireland,-6.3048641,53.3284298
547,Terese,Harwell,tharwellf6@acquirethisname.com,Female,Ireland,-9.0248232,53.2760162
548,Weston,Gosden,wgosdenf7@army.mil,Male,Ireland,-6.1544115,53.4855448
549,Avivah,Gruczka,agruczkaf8@imageshack.us,Female,Ireland,-8.9342111,52.182304
550,Fanchette,Smartman,fsmartmanf9@imdb.com,Female,Ireland,-6.1644997,53.4266145
551,Jaymie,Crothers,jcrothersfa@imageshack.us,Male,Ireland,-8.337871,52.0097259
552,Nerti,Peascod,npeascodfb@howstuffworks.com,Genderqueer,Ireland,-6.5899765,52.176031
553,Irwinn,Slator,islatorfc@twitter.com,Male,Ireland,-6.2398782,53.32112
554,Herb,Bubbings,hbubbingsfd@cafepress.com,Male,Ireland,-7.1297243,52.2509369
555,Ferdinanda,Freeburn,ffreeburnfe@nsw.gov.au,Female,Ireland,-6.2387374,53.3141205
556,Dawn,Whysall,dwhysallff@taobao.com,Female,Ireland,-6.2427004,53.3347733
557,Shandie,Syme,ssymefg@hatena.ne.jp,Female,Ireland,-6.2554371,53.2767301
558,Pansie,Balma,pbalmafh@senate.gov,Female,Ireland,-6.133718,53.291512
559,Leslie,Bront,lbrontfi@weather.com,Agender,Ireland,-6.2398782,53.32112
560,Gallagher,Aggett,gaggettfj@bigcartel.com,Male,Ireland,-7.0625888,53.1387595
561,Burl,Coiley,bcoileyfk@mac.com,Male,Ireland,-6.473025,54.0086093
562,Jannelle,Pinkett,jpinkettfl@edublogs.org,Female,Ireland,-8.4627451,54.25645
563,Tomkin,Brixey,tbrixeyfm@cornell.edu,Male,Ireland,-6.9858993,53.0018699
564,Joshuah,Kinnoch,jkinnochfn@epa.gov,Male,Ireland,-7.9139891,53.0949398
565,Katharina,Fiddiman,kfiddimanfo@domainmarket.com,Female,Ireland,-8.4784945,51.8815586
566,Ernestine,Doy,edoyfp@dropbox.com,Non-binary,Ireland,-6.5899765,52.176031
567,Maritsa,Barnewille,mbarnewillefq@vistaprint.com,Female,Ireland,-6.3660863,53.2874153
568,Daryle,Buckell,dbuckellfr@fotki.com,Male,Ireland,-6.139018,53.171935
569,Odilia,Flude,ofludefs@ycombinator.com,Female,Ireland,-6.1191333,53.1915379
570,Jude,Mannock,jmannockft@ft.com,Male,Ireland,-6.2429997,53.7902634
571,Levy,Heineken,lheinekenfu@cisco.com,Male,Ireland,-6.9140788,53.169971
572,Fowler,Tume,ftumefv@360.cn,Male,Ireland,-6.2071246,53.4562426
573,Nedi,Dinneen,ndinneenfw@hugedomains.com,Female,Ireland,-7.2314132,54.1794814
574,Hallie,Showt,hshowtfx@mediafire.com,Female,Ireland,-7.888894,52.516323
575,Petey,Blamire,pblamirefy@google.pl,Male,Ireland,-6.1157412,53.2774963
576,Linea,Joe,ljoefz@deviantart.com,Genderqueer,Ireland,-6.1644997,53.4266145
577,Lavinia,Gyngyll,lgyngyllg0@cafepress.com,Female,Ireland,-8.9791425,52.8638391
578,Lisetta,Conley,lconleyg1@cmu.edu,Female,Ireland,-6.3049392,53.3021194
579,Vera,Karlicek,vkarlicekg2@creativecommons.org,Female,Ireland,-8.958931,51.904635
580,Enriqueta,Whild,ewhildg3@usnews.com,Female,Ireland,-6.7515223,53.2888321
581,Rourke,Rash,rrashg4@icio.us,Male,Ireland,-6.1011147,53.2000455
582,Eleonore,Husby,ehusbyg5@dot.gov,Non-binary,Ireland,-9.4904891,52.6396679
583,Manolo,Henker,mhenkerg6@indiegogo.com,Male,Ireland,-8.4824714,51.8862378
584,Dacey,Rathjen,drathjeng7@wikispaces.com,Female,Ireland,-6.2324705,53.3177535
585,Saloma,MacGinlay,smacginlayg8@kickstarter.com,Female,Ireland,-6.3539424,53.3666338
586,Addy,Najara,anajarag9@privacy.gov.au,Male,Ireland,-8.1722173,51.9138694
587,Patricio,Collick,pcollickga@hhs.gov,Male,Ireland,-8.1722002,54.3051891
588,Hunt,Paff,hpaffgb@xrea.com,Male,Ireland,-7.0943023,54.2694844
589,Nickolai,Evamy,nevamygc@newsvine.com,Polygender,Ireland,-6.366762,53.2987724
590,Alyson,Dzenisenka,adzenisenkagd@hhs.gov,Female,Ireland,-6.2429997,53.7902634
591,Gustaf,Januszkiewicz,gjanuszkiewiczge@stumbleupon.com,Male,Ireland,-8.4627451,54.25645
592,Kathlin,Marklow,kmarklowgf@pcworld.com,Female,Ireland,-6.0704904,53.1286984
593,Bianka,MacCartney,bmaccartneygg@trellian.com,Female,Ireland,-6.266734,53.3829319
594,Candi,Patten,cpattengh@wikia.com,Female,Ireland,-8.3929404,51.8113447
595,Matt,Edden,meddengi@wp.com,Male,Ireland,-6.0704904,53.1286984
596,Elton,Naish,enaishgj@stanford.edu,Male,Ireland,-6.2057463,53.3870149
597,Fielding,Farington,ffaringtongk@nba.com,Agender,Ireland,-6.1136478,53.2121335
598,Shermy,Danett,sdanettgl@rakuten.co.jp,Male,Ireland,-8.259128,51.908209
599,Gray,Hards,ghardsgm@foxnews.com,Female,Ireland,-9.268589,51.549106
600,Paige,Catton,pcattongn@list-manage.com,Female,Ireland,-7.0833118,52.2413206
601,Guthrey,Redfearn,gredfearngo@google.ru,Male,Ireland,-6.9711886,53.916791
602,Nevin,D'Ambrosio,ndambrosiogp@discuz.net,Male,Ireland,-7.185387,53.158984
603,Remus,Trotter,rtrottergq@youku.com,Male,Ireland,-6.1479779,53.450694
604,Ashlee,Sperry,asperrygr@youku.com,Female,Ireland,-7.7655701,53.5650926
605,Janean,Giovanardi,jgiovanardigs@upenn.edu,Female,Ireland,-8.445614,51.8885086
606,Addie,Eddolls,aeddollsgt@state.tx.us,Female,Ireland,-6.313755,53.366736
607,Janeva,Janek,jjanekgu@google.co.uk,Female,Ireland,-6.2755912,53.3500473
608,Margo,MacParland,mmacparlandgv@parallels.com,Female,Ireland,-6.1942058,53.3604483
609,Ranee,Abella,rabellagw@businessweek.com,Female,Ireland,-8.5047067,51.8830697
610,Franny,Greenhowe,fgreenhowegx@reddit.com,Male,Ireland,-6.67045,53.213319
611,Kiele,Sprague,kspraguegy@chron.com,Female,Ireland,-6.5028415,53.3806398
612,Wolfgang,Tuma,wtumagz@photobucket.com,Male,Ireland,-6.9858993,53.0018699
613,Kris,Toombes,ktoombesh0@google.de,Male,Ireland,-9.0248232,53.2760162
614,Kerwin,Vasyagin,kvasyaginh1@google.fr,Male,Ireland,-8.3929404,51.8113447
615,Jere,Pochet,jpocheth2@ihg.com,Female,Ireland,-6.3660863,53.2874153
616,Atlante,Scholfield,ascholfieldh3@shareasale.com,Female,Ireland,-6.3695384,53.3734053
617,Broddie,Abrami,babramih4@howstuffworks.com,Male,Ireland,-6.0704904,53.1286984
618,Berkeley,Huburn,bhuburnh5@e-recht24.de,Male,Ireland,-8.83565,53.49417
619,Krissy,Ferrini,kferrinih6@telegraph.co.uk,Female,Ireland,-6.0704904,53.1286984
620,Brigid,Trouncer,btrouncerh7@yahoo.co.jp,Female,Ireland,-7.7655701,53.5650926
621,Eldridge,Doman,edomanh8@dropbox.com,Male,Ireland,-8.4784945,51.8815586
622,Eben,Sibson,esibsonh9@paypal.com,Male,Ireland,-9.448724,51.680591
623,Eduardo,Deerr,edeerrha@engadget.com,Male,Ireland,-6.139018,53.171935
624,Suzann,Pennuzzi,spennuzzihb@cnbc.com,Female,Ireland,-6.163027,53.2339841
625,Clary,Fairholm,cfairholmhc@samsung.com,Female,Ireland,-6.67045,53.213319
626,Crosby,Sandilands,csandilandshd@europa.eu,Male,Ireland,-6.1979853,53.3046353
627,Orelie,Sulley,osulleyhe@mashable.com,Female,Ireland,-8.4242597,51.8910459
628,Ciro,Bringloe,cbringloehf@comcast.net,Male,Ireland,-8.9480659,53.940892
629,Laughton,FitzAlan,lfitzalanhg@oakley.com,Male,Ireland,-6.9692181,52.7009338
630,Miltie,Cordner,mcordnerhh@bbc.co.uk,Male,Ireland,-6.1191333,53.1915379
631,Ezechiel,Brandham,ebrandhamhi@quantcast.com,Male,Ireland,-8.2817353,54.4771768
632,Row,Hawkes,rhawkeshj@1688.com,Female,Ireland,-6.163027,53.2339841
633,Berkly,Petti,bpettihk@redcross.org,Male,Ireland,-6.473025,54.0086093
634,Letisha,Risborough,lrisboroughhl@printfriendly.com,Female,Ireland,-6.4241156,53.7369009
635,Clarette,Begent,cbegenthm@forbes.com,Female,Ireland,-6.374155,53.3223974
636,Odette,Jone,ojonehn@wunderground.com,Female,Ireland,-8.4627451,54.25645
637,Mirilla,Davage,mdavageho@blogger.com,Female,Ireland,-8.9949917,53.8533151
638,Amber,Solly,asollyhp@yahoo.com,Female,Ireland,-6.1215213,53.2724538
639,Leonid,Hotton,lhottonhq@de.vu,Male,Ireland,-6.2554371,53.2767301
640,Muriel,Motte,mmottehr@unblog.fr,Female,Ireland,-6.391149,53.8996586
641,Kitti,Kitteringham,kkitteringhamhs@utexas.edu,Female,Ireland,-7.2314132,54.1794814
642,Jdavie,Ordish,jordishht@nationalgeographic.com,Male,Ireland,-8.4523258,51.880525
643,Patricia,Christoforou,pchristoforouhu@dell.com,Female,Ireland,-8.5369154,52.6681994
644,Lothaire,Josey,ljoseyhv@walmart.com,Male,Ireland,-6.1191333,53.1915379
645,Arni,Caseborne,acasebornehw@ucsd.edu,Male,Ireland,-6.3048641,53.3284298
646,Duffy,Treby,dtrebyhx@amazonaws.com,Male,Ireland,-8.3929404,51.8113447
647,Valli,Cantrill,vcantrillhy@squidoo.com,Genderqueer,Ireland,-8.9775014,52.8314927
648,Weidar,Meriot,wmeriothz@so-net.ne.jp,Male,Ireland,-8.83565,53.49417
649,Jorry,Snead,jsneadi0@reference.com,Female,Ireland,-9.1115941,51.7203863
650,Grethel,Helm,ghelmi1@jigsy.com,Female,Ireland,-8.445614,51.8885086
651,Isac,Dorn,idorni2@mtv.com,Male,Ireland,-6.366762,53.2987724
652,Corny,Frift,cfrifti3@pen.io,Male,Ireland,-6.3828795,53.385304
653,Philippe,Silverthorne,psilverthornei4@canalblog.com,Female,Ireland,-8.334953,51.8610022
654,Milo,Donaldson,mdonaldsoni5@multiply.com,Polygender,Ireland,-6.2429997,53.7902634
655,Alford,Dorbon,adorboni6@bbc.co.uk,Male,Ireland,-6.9858993,53.0018699
656,Niven,Bortoli,nbortolii7@ustream.tv,Male,Ireland,-6.133718,53.291512
657,Ted,Spruce,tsprucei8@booking.com,Female,Ireland,-6.7449927,53.1310185
658,Deeyn,Bourgourd,dbourgourdi9@amazon.com,Female,Ireland,-7.74208,54.70972
659,Thorvald,Fearnill,tfearnillia@php.net,Male,Ireland,-6.2508196,53.2866372
660,Ara,Whorf,awhorfib@youku.com,Female,Ireland,-6.366762,53.2987724
661,Cthrine,Darlasson,cdarlassonic@php.net,Female,Ireland,-6.9898366,53.2265199
662,Almira,Lamyman,alamymanid@meetup.com,Female,Ireland,-6.1479779,53.450694
663,Gottfried,O'Quin,goquinie@theatlantic.com,Male,Ireland,-6.3219759,53.2976886
664,Terrie,Paolone,tpaoloneif@narod.ru,Female,Ireland,-8.5111664,51.8858819
665,Zulema,Pimley,zpimleyig@patch.com,Non-binary,Ireland,-9.1097137,53.2582868
666,Sonya,Murley,smurleyih@smh.com.au,Genderfluid,Ireland,-7.9139891,53.0949398
667,Patrizius,Hassin,phassinii@nifty.com,Male,Ireland,-6.1942058,53.3604483
668,Eziechiele,Dearle,edearleij@lulu.com,Male,Ireland,-6.1822287,53.3788495
669,Archie,Caldwall,acaldwallik@cam.ac.uk,Genderqueer,Ireland,-6.4008792,53.9215606
670,Doy,Lyver,dlyveril@webs.com,Male,Ireland,-6.0690645,53.1257486
671,Laryssa,Aleshkov,laleshkovim@unc.edu,Female,Ireland,-6.3422325,53.719155
672,Jarrad,Antoniat,jantoniatin@rambler.ru,Male,Ireland,-6.336393,53.3122864
673,Marje,O'Duilleain,moduilleainio@infoseek.co.jp,Female,Ireland,-8.2969737,53.9735591
674,Magdalena,McLanaghan,mmclanaghanip@geocities.com,Polygender,Ireland,-9.159604,53.302644
675,Norbert,Androletti,nandrolettiiq@hubpages.com,Male,Ireland,-9.7850991,52.1058991
676,Maximilianus,Dyche,mdycheir@youku.com,Male,Ireland,-6.9140788,53.169971
677,Jordan,Beddie,jbeddieis@slideshare.net,Female,Ireland,-7.0833118,52.2413206
678,Jocelyn,Credland,jcredlandit@hao123.com,Female,Ireland,-6.4241156,53.7369009
679,Virginia,Jolland,vjollandiu@diigo.com,Female,Ireland,-6.4887534,53.3653866
680,Hyacinth,MacPake,hmacpakeiv@vimeo.com,Female,Ireland,-6.1820563,53.3786861
681,Helenelizabeth,Cajkler,hcajkleriw@multiply.com,Genderqueer,Ireland,-8.5369154,52.6681994
682,Byram,Gamet,bgametix@un.org,Bigender,Ireland,-7.9428197,53.4231032
683,Jephthah,Fullagar,jfullagariy@sitemeter.com,Male,Ireland,-8.5070436,54.2109904
684,Becky,Dyble,bdybleiz@blog.com,Female,Ireland,-8.5946591,54.632283
685,Rab,Minihan,rminihanj0@wp.com,Male,Ireland,-6.266734,53.3829319
686,Gabriell,MacFarlane,gmacfarlanej1@tripadvisor.com,Female,Ireland,-8.5111664,51.8858819
687,Town,Simoni,tsimonij2@washington.edu,Male,Ireland,-6.2508196,53.2866372
688,Dominique,Geely,dgeelyj3@furl.net,Male,Ireland,-7.518792,53.284466
689,Carlene,Arthey,cartheyj4@w3.org,Female,Ireland,-6.391149,53.8996586
690,Padraig,Myhill,pmyhillj5@toplist.cz,Male,Ireland,-9.0248232,53.2760162
691,Tyne,Challen,tchallenj6@ibm.com,Genderqueer,Ireland,-7.518792,53.284466
692,Byran,St Leger,bstlegerj7@bing.com,Male,Ireland,-6.9140788,53.169971
693,Myriam,Nuttall,mnuttallj8@1688.com,Female,Ireland,-7.7655701,53.5650926
694,Andriette,Dyka,adykaj9@va.gov,Female,Ireland,-6.3048641,53.3284298
695,L;urette,Kauble,lkaubleja@discovery.com,Female,Ireland,-6.133718,53.291512
696,Constantin,Hurle,churlejb@rambler.ru,Male,Ireland,-6.1820563,53.3786861
697,Claudelle,Zaple,czaplejc@angelfire.com,Female,Ireland,-6.3539424,53.3666338
698,Cris,Bardnam,cbardnamjd@tumblr.com,Female,Ireland,-6.1191333,53.1915379
699,Cissiee,Fenge,cfengeje@bloomberg.com,Female,Ireland,-8.3929404,51.8113447
700,Gabbie,Semens,gsemensjf@cnbc.com,Male,Ireland,-7.9139891,53.0949398
701,Jonathan,Langston,jlangstonjg@seesaa.net,Male,Ireland,-6.2152673,53.3323703
702,Jehu,Shitliff,jshitliffjh@census.gov,Male,Ireland,-8.5369154,52.6681994
703,Terencio,Linscott,tlinscottji@google.ca,Male,Ireland,-8.6340751,52.6638144
704,Roselia,McAsgill,rmcasgilljj@berkeley.edu,Female,Ireland,-7.0472382,52.9480781
705,Amandy,Labat,alabatjk@cbsnews.com,Female,Ireland,-8.3929404,51.8113447
706,Ernestine,Blackaller,eblackallerjl@imageshack.us,Genderqueer,Ireland,-6.9898366,53.2265199
707,Erich,Forcade,eforcadejm@hatena.ne.jp,Male,Ireland,-8.5111664,51.8858819
708,Gwenny,Blonfield,gblonfieldjn@fastcompany.com,Bigender,Ireland,-7.2979911,53.6785169
709,Fina,Fahey,ffaheyjo@1688.com,Female,Ireland,-6.3219759,53.2976886
710,Any,Brimmell,abrimmelljp@bing.com,Male,Ireland,-8.05,51.9166667
711,Delilah,Brumbie,dbrumbiejq@webmd.com,Female,Ireland,-6.1535181,53.5220275
712,Job,McEntee,jmcenteejr@google.es,Polygender,Ireland,-6.2611953,53.3881832
713,Carlos,Cohani,ccohanijs@last.fm,Male,Ireland,-8.5070436,54.2109904
714,Dorris,Smitton,dsmittonjt@eepurl.com,Female,Ireland,-6.5924609,53.2482376
715,Maggie,Bodsworth,mbodsworthju@discuz.net,Polygender,Ireland,-6.133718,53.291512
716,Carina,Huygen,chuygenjv@fastcompany.com,Female,Ireland,-6.64937,54.10269
717,Roxie,Facchini,rfacchinijw@utexas.edu,Genderfluid,Ireland,-6.1822287,53.3788495
718,Jessamyn,Deering,jdeeringjx@dyndns.org,Female,Ireland,-8.5171384,51.876873
719,Aleen,Kubacki,akubackijy@yahoo.com,Female,Ireland,-8.4523258,51.880525
720,Gianina,Tolfrey,gtolfreyjz@list-manage.com,Female,Ireland,-8.9342111,52.182304
721,Thibaud,Statton,tstattonk0@epa.gov,Male,Ireland,-9.7359765,54.1433253
722,Hildegarde,Pughsley,hpughsleyk1@usda.gov,Female,Ireland,-6.3539424,53.3666338
723,Kane,Penhalurick,kpenhalurickk2@163.com,Male,Ireland,-6.2071246,53.4562426
724,Ramsey,Marxsen,rmarxsenk3@about.com,Male,Ireland,-8.5171384,51.876873
725,Sam,Pirrie,spirriek4@bandcamp.com,Female,Ireland,-8.6340751,52.6638144
726,Giraud,Adcock,gadcockk5@joomla.org,Male,Ireland,-6.9858993,53.0018699
727,Edin,Gouldstraw,egouldstrawk6@statcounter.com,Female,Ireland,-8.9775014,52.8314927
728,Grata,Balm,gbalmk7@cnn.com,Female,Ireland,-6.2429997,53.7902634
729,Jackquelin,Satterly,jsatterlyk8@360.cn,Female,Ireland,-6.4241156,53.7369009
730,Almeda,Mahmood,amahmoodk9@simplemachines.org,Female,Ireland,-6.366762,53.2987724
731,Claresta,Skellern,cskellernka@sogou.com,Female,Ireland,-6.7434401,53.2229873
732,Carlin,Pinwill,cpinwillkb@shareasale.com,Female,Ireland,-6.590926,53.1936864
733,Coralie,Carrabot,ccarrabotkc@webs.com,Female,Ireland,-9.159604,53.302644
734,Alvan,Gary,agarykd@cbsnews.com,Male,Ireland,-8.9791425,52.8638391
735,Catrina,Santer,csanterke@twitter.com,Female,Ireland,-6.2340942,53.2993199
736,Duffie,Younghusband,dyounghusbandkf@opensource.org,Male,Ireland,-9.5003786,52.4458588
737,Dunstan,Sumsion,dsumsionkg@typepad.com,Male,Ireland,-6.473025,54.0086093
738,Bryant,Paolone,bpaolonekh@multiply.com,Male,Ireland,-6.1644997,53.4266145
739,Bill,Stennings,bstenningski@hp.com,Female,Ireland,-6.176659,53.4487975
740,Hermie,Videan,hvideankj@goo.ne.jp,Male,Ireland,-6.4887534,53.3653866
741,Wash,Droogan,wdroogankk@hao123.com,Agender,Ireland,-9.1097137,53.2582868
742,Xavier,Thome,xthomekl@goo.ne.jp,Male,Ireland,-10.0320886,54.2223118
743,Carlee,Edmondson,cedmondsonkm@bloglines.com,Female,Ireland,-6.0704904,53.1286984
744,Valentin,Musto,vmustokn@ucla.edu,Male,Ireland,-8.298942,51.848898
745,Arlinda,Chilles,achillesko@wikispaces.com,Female,Ireland,-6.6633404,53.2492381
746,Hewet,Tunnadine,htunnadinekp@illinois.edu,Male,Ireland,-6.7434401,53.2229873
747,Jule,Gloy,jgloykq@digg.com,Genderqueer,Ireland,-7.0472382,52.9480781
748,Chandra,Roxbee,croxbeekr@desdev.cn,Female,Ireland,-7.0943023,54.2694844
749,Colman,Clever,ccleverks@infoseek.co.jp,Polygender,Ireland,-9.1115941,51.7203863
750,Dacey,Maycey,dmayceykt@t.co,Female,Ireland,-6.124065,53.231395
751,Dee dee,Derrington,dderringtonku@engadget.com,Bigender,Ireland,-6.4008792,53.9215606
752,Avivah,Graffham,agraffhamkv@qq.com,Female,Ireland,-6.1884248,53.5879156
753,Bertrand,Speerman,bspeermankw@over-blog.com,Bigender,Ireland,-6.5924609,53.2482376
754,Maryanne,Kleewein,mkleeweinkx@spotify.com,Genderqueer,Ireland,-8.8562835,53.510243
755,Claudetta,Rintoul,crintoulky@go.com,Female,Ireland,-6.1191333,53.1915379
756,Verne,Gourlie,vgourliekz@harvard.edu,Male,Ireland,-6.3049392,53.3021194
757,Van,Dennitts,vdennittsl0@stumbleupon.com,Bigender,Ireland,-7.2979911,53.6785169
758,Muffin,Blannin,mblanninl1@sciencedaily.com,Female,Ireland,-6.391149,53.8996586
759,Lynnelle,McCaughran,lmccaughranl2@twitter.com,Female,Ireland,-6.590926,53.1936864
760,Harriette,Fewtrell,hfewtrelll3@apple.com,Female,Ireland,-6.9858993,53.0018699
761,Ulrika,Culshaw,uculshawl4@upenn.edu,Female,Ireland,-7.8004329,53.7283566
762,Gonzales,Beardow,gbeardowl5@sina.com.cn,Male,Ireland,-6.3025448,53.6920618
763,Lief,Figurski,lfigurskil6@blogtalkradio.com,Male,Ireland,-6.133718,53.291512
764,Rodina,Engley,rengleyl7@last.fm,Female,Ireland,-6.2398782,53.32112
765,L;urette,Desquesnes,ldesquesnesl8@admin.ch,Polygender,Ireland,-6.4671298,53.5050031
766,Dunn,Rikel,drikell9@bloglines.com,Male,Ireland,-8.642661,52.1361219
767,Edee,Laverack,elaverackla@purevolume.com,Female,Ireland,-6.163027,53.2339841
768,Erinn,Bottomley,ebottomleylb@mapy.cz,Female,Ireland,-8.2001004,52.86326
769,Alikee,Camies,acamieslc@liveinternet.ru,Female,Ireland,-6.9898366,53.2265199
770,Cacilia,Ravenhill,cravenhillld@ucsd.edu,Female,Ireland,-9.0248232,53.2760162
771,Claudette,O'Fihily,cofihilyle@icio.us,Female,Ireland,-6.4202878,54.0026343
772,Michele,Bilfoot,mbilfootlf@webmd.com,Male,Ireland,-6.2890702,53.3201497
773,Maryrose,Weldrick,mweldricklg@themeforest.net,Female,Ireland,-8.05,51.9166667
774,Maxy,Jutson,mjutsonlh@odnoklassniki.ru,Male,Ireland,-7.185387,53.158984
775,Udale,Gabbitus,ugabbitusli@nsw.gov.au,Male,Ireland,-8.445614,51.8885086
776,Nollie,Bart,nbartlj@china.com.cn,Male,Ireland,-6.1920933,53.3916434
777,Gisela,Niset,gnisetlk@freewebs.com,Female,Ireland,-6.7434401,53.2229873
778,Timmy,Minard,tminardll@fc2.com,Male,Ireland,-8.1722002,54.3051891
779,Katherina,Rosbrough,krosbroughlm@imgur.com,Female,Ireland,-7.269174,55.0650892
780,Alexandrina,Acton,aactonln@prnewswire.com,Female,Ireland,-6.313755,53.366736
781,Julian,Botte,jbottelo@altervista.org,Male,Ireland,-6.2398782,53.32112
782,Aland,Bamlet,abamletlp@youtu.be,Male,Ireland,-8.5070436,54.2109904
783,Son,Dummett,sdummettlq@tmall.com,Male,Ireland,-6.3422325,53.719155
784,Robert,Marrian,rmarrianlr@census.gov,Male,Ireland,-6.1215213,53.2724538
785,Lilyan,O'Malley,lomalleyls@github.com,Female,Ireland,-6.313755,53.366736
786,Gayelord,Idenden,gidendenlt@newsvine.com,Male,Ireland,-6.2508196,53.2866372
787,Fabe,Febry,ffebrylu@gov.uk,Male,Ireland,-6.133718,53.291512
788,Oralie,Dilks,odilkslv@blogs.com,Female,Ireland,-8.642661,52.1361219
789,Nathanial,Franzewitch,nfranzewitchlw@ucla.edu,Male,Ireland,-6.3077823,53.3655256
790,Ofilia,Freen,ofreenlx@ning.com,Female,Ireland,-8.9342111,52.182304
791,Angel,McCloughlin,amccloughlinly@123-reg.co.uk,Female,Ireland,-6.67045,53.213319
792,Valentijn,Burditt,vburdittlz@state.gov,Male,Ireland,-7.086877,53.8363325
793,Ulrick,Kleinfeld,ukleinfeldm0@yandex.ru,Male,Ireland,-6.9692181,52.7009338
794,Kliment,Bortolutti,kbortoluttim1@home.pl,Male,Ireland,-6.7449927,53.1310185
795,Drucill,Danilovich,ddanilovichm2@tiny.cc,Genderqueer,Ireland,-7.7655701,53.5650926
796,Gloria,Glossop,gglossopm3@discuz.net,Female,Ireland,-8.4242597,51.8910459
797,Bartholomew,Bullimore,bbullimorem4@domainmarket.com,Male,Ireland,-8.8562835,53.510243
798,Inger,Goggins,igogginsm5@topsy.com,Male,Ireland,-7.9139891,53.0949398
799,Katine,Moen,kmoenm6@yahoo.com,Non-binary,Ireland,-6.2057463,53.3870149
800,Ninon,Nannini,nnanninim7@webmd.com,Non-binary,Ireland,-7.0472382,52.9480781
801,Georges,Stenner,gstennerm8@seesaa.net,Male,Ireland,-8.4824714,51.8862378
802,Rodolfo,Fippe,rfippem9@plala.or.jp,Male,Ireland,-8.642661,52.1361219
803,Fannie,Carver,fcarverma@latimes.com,Female,Ireland,-6.1884248,53.5879156
804,Conrade,Nelius,cneliusmb@weebly.com,Male,Ireland,-6.2429997,53.7902634
805,Jesse,Edworthie,jedworthiemc@technorati.com,Female,Ireland,-6.7434401,53.2229873
806,Vale,Ashburne,vashburnemd@cnn.com,Male,Ireland,-7.086877,53.8363325
807,Carlos,Paolozzi,cpaolozzime@mozilla.org,Male,Ireland,-9.268589,51.549106
808,Elvin,Jeffcoat,ejeffcoatmf@toplist.cz,Male,Ireland,-6.4496384,53.3582341
809,Armando,Fripp,afrippmg@fema.gov,Male,Ireland,-9.1097137,53.2582868
810,Valle,Gethin,vgethinmh@amazon.co.jp,Male,Ireland,-6.1215213,53.2724538
811,Jania,Bakeup,jbakeupmi@ehow.com,Bigender,Ireland,-8.5171384,51.876873
812,Katey,Crank,kcrankmj@mlb.com,Female,Ireland,-7.9428197,53.4231032
813,Ruy,Neeve,rneevemk@networksolutions.com,Non-binary,Ireland,-8.4824714,51.8862378
814,Cort,Firmager,cfirmagerml@jigsy.com,Male,Ireland,-9.4904891,52.6396679
815,Lin,Mechem,lmechemmm@mac.com,Male,Ireland,-8.5171384,51.876873
816,Alic,Boothe,aboothemn@ox.ac.uk,Genderfluid,Ireland,-7.2979911,53.6785169
817,Kendall,Poxson,kpoxsonmo@devhub.com,Male,Ireland,-6.7434401,53.2229873
818,Alessandro,McGillacoell,amcgillacoellmp@taobao.com,Male,Ireland,-6.9140788,53.169971
819,Roscoe,Neaverson,rneaversonmq@digg.com,Male,Ireland,-7.9027266,53.4148582
820,Rodolph,Kelland,rkellandmr@ucoz.ru,Male,Ireland,-6.313755,53.366736
821,Rosana,Palek,rpalekms@msn.com,Female,Ireland,-7.086877,53.8363325
822,Randa,Layhe,rlayhemt@wikia.com,Female,Ireland,-8.958931,51.904635
823,Rowan,Kissell,rkissellmu@issuu.com,Male,Ireland,-6.1406578,53.2886387
824,Jenelle,McLemon,jmclemonmv@bloglovin.com,Female,Ireland,-6.1920933,53.3916434
825,Meggy,Haddick,mhaddickmw@dyndns.org,Female,Ireland,-8.7683674,53.7942932
826,Marvin,McKinlay,mmckinlaymx@mysql.com,Male,Ireland,-7.297914,54.026345
827,Thorpe,Lawless,tlawlessmy@pinterest.com,Male,Ireland,-8.5946591,54.632283
828,Armand,Grunwall,agrunwallmz@dedecms.com,Male,Ireland,-7.9428197,53.4231032
829,Dagmar,Bonnor,dbonnorn0@rediff.com,Non-binary,Ireland,-6.1011147,53.2000455
830,Ruddie,Tippett,rtippettn1@tiny.cc,Male,Ireland,-6.1072403,53.2780047
831,Rosina,Purdom,rpurdomn2@dmoz.org,Female,Ireland,-6.1136478,53.2121335
832,Naoma,Behneke,nbehneken3@hao123.com,Female,Ireland,-6.473025,54.0086093
833,Marilin,Jiru,mjirun4@cisco.com,Female,Ireland,-8.4627451,54.25645
834,Maressa,Sword,mswordn5@nbcnews.com,Female,Ireland,-6.251714,53.3169419
835,Lorry,Scoffins,lscoffinsn6@bluehost.com,Male,Ireland,-6.7515223,53.2888321
836,Pen,Vaughan,pvaughann7@live.com,Male,Ireland,-6.3025448,53.6920618
837,Charles,Dorward,cdorwardn8@bbc.co.uk,Male,Ireland,-6.1884248,53.5879156
838,Vasili,Thirlaway,vthirlawayn9@wordpress.org,Male,Ireland,-6.1215213,53.2724538
839,Brennen,Pardy,bpardyna@clickbank.net,Male,Ireland,-8.489012,51.923707
840,Lyndy,Karim,lkarimnb@sbwire.com,Female,Ireland,-6.176659,53.4487975
841,Bridgette,Slarke,bslarkenc@usda.gov,Female,Ireland,-7.0472382,52.9480781
842,Alister,Le Grand,alegrandnd@goo.ne.jp,Male,Ireland,-8.9706844,52.6004448
843,Sibelle,Tookey,stookeyne@oracle.com,Female,Ireland,-6.2340942,53.2993199
844,Roseanna,Chazotte,rchazottenf@theglobeandmail.com,Female,Ireland,-6.1097188,53.3895926
845,Abrahan,Birbeck,abirbeckng@google.pl,Male,Ireland,-7.2584,52.655184
846,Margo,Rahlof,mrahlofnh@amazon.co.jp,Female,Ireland,-80.7087609,35.7797381
847,Jocelyn,Risman,jrismanni@umich.edu,Female,Ireland,-8.2755058,52.2627273
848,Hetti,Meedendorpe,hmeedendorpenj@prweb.com,Female,Ireland,-6.2892907,53.310122
849,Gawen,Piscopo,gpiscoponk@behance.net,Male,Ireland,-7.2314132,54.1794814
850,Wileen,Cockrill,wcockrillnl@wufoo.com,Female,Ireland,-9.5003786,52.4458588
851,Lexy,Berrie,lberrienm@prweb.com,Bigender,Ireland,-9.0288689,53.2737147
852,Elizabeth,Rickard,erickardnn@mozilla.com,Female,Ireland,-9.4851741,52.4460804
853,Hercule,Philippart,hphilippartno@japanpost.jp,Male,Ireland,-7.5011999,53.776647
854,Penrod,Nesfield,pnesfieldnp@who.int,Male,Ireland,-8.2755058,52.2627273
855,Cyndie,Hyndley,chyndleynq@scientificamerican.com,Female,Ireland,-6.374155,53.3223974
856,Pyotr,Helder,pheldernr@princeton.edu,Male,Ireland,-8.5176583,51.8863277
857,Ulrikaumeko,Locksley,ulocksleyns@goo.ne.jp,Genderqueer,Ireland,-6.139018,53.171935
858,Christal,Waddilove,cwaddilovent@earthlink.net,Female,Ireland,-6.218069,53.374266
859,Hakim,Hunn,hhunnnu@miibeian.gov.cn,Male,Ireland,-8.5070436,54.2109904
860,Morgan,Rabbage,mrabbagenv@spiegel.de,Male,Ireland,-6.133718,53.291512
861,Dalenna,Hassey,dhasseynw@last.fm,Female,Ireland,-6.1820563,53.3786861
862,Conant,Snazel,csnazelnx@skype.com,Male,Ireland,-9.7359765,54.1433253
863,Mile,Blazewicz,mblazewiczny@samsung.com,Male,Ireland,-6.2071246,53.4562426
864,Wash,Bliben,wblibennz@youku.com,Male,Ireland,-6.2387374,53.3141205
865,Anya,Peizer,apeizero0@yolasite.com,Female,Ireland,-6.2890702,53.3201497
866,Brad,Moggie,bmoggieo1@nytimes.com,Male,Ireland,-6.590926,53.1936864
867,Husain,Nock,hnocko2@hibu.com,Male,Ireland,-8.5054897,52.7107501
868,Gerladina,Marshman,gmarshmano3@networksolutions.com,Female,Ireland,-9.0248232,53.2760162
869,Leonanie,Prebble,lprebbleo4@oakley.com,Female,Ireland,-7.8434254,51.949401
870,Trudy,Brownjohn,tbrownjohno5@free.fr,Female,Ireland,-7.086877,53.8363325
871,Nels,Chapelle,nchapelleo6@blogger.com,Male,Ireland,-8.9480659,53.940892
872,Carlye,Janout,cjanouto7@fc2.com,Female,Ireland,-7.086877,53.8363325
873,Sutton,Odby,sodbyo8@wufoo.com,Male,Ireland,-6.0690645,53.1257486
874,Jedidiah,Mayfield,jmayfieldo9@theatlantic.com,Male,Ireland,-7.9027266,53.4148582
875,Pace,Houlden,phouldenoa@eepurl.com,Agender,Ireland,-6.1406578,53.2886387
876,Luz,Cossey,lcosseyob@mashable.com,Female,Ireland,-7.9027266,53.4148582
877,Ernesta,Shaxby,eshaxbyoc@fastcompany.com,Female,Ireland,-6.2633149,53.377533
878,Adelle,Lissaman,alissamanod@ted.com,Female,Ireland,-8.4627451,54.25645
879,Jeremiah,Ogus,jogusoe@ameblo.jp,Male,Ireland,-6.9858993,53.0018699
880,Niccolo,Eschelle,neschelleof@addtoany.com,Male,Ireland,-7.1297243,52.2509369
881,Drew,Rylett,drylettog@washingtonpost.com,Polygender,Ireland,-6.0690645,53.1257486
882,Grove,Tibbs,gtibbsoh@hubpages.com,Male,Ireland,-7.185387,53.158984
883,Briant,Plover,bploveroi@netvibes.com,Male,Ireland,-7.5011999,53.776647
884,Grover,Canelas,gcanelasoj@plala.or.jp,Male,Ireland,-8.337871,52.0097259
885,Trenna,Rohlfs,trohlfsok@google.ru,Female,Ireland,-6.374155,53.3223974
886,Lou,Fenemore,lfenemoreol@umn.edu,Polygender,Ireland,-8.7683674,53.7942932
887,Curran,Brogan,cbroganom@typepad.com,Male,Ireland,-6.473025,54.0086093
888,Desirae,Gilchrest,dgilchreston@china.com.cn,Female,Ireland,-6.3660863,53.2874153
889,Janaya,Rhys,jrhysoo@cafepress.com,Female,Ireland,-9.5003786,52.4458588
890,Shep,Frankham,sfrankhamop@weather.com,Male,Ireland,-8.5070436,54.2109904
891,Marcile,Loch,mlochoq@elpais.com,Female,Ireland,-6.133718,53.291512
892,Karel,Cowlin,kcowlinor@plala.or.jp,Male,Ireland,-6.1822287,53.3788495
893,Lincoln,Brecknock,lbrecknockos@imageshack.us,Genderfluid,Ireland,-6.2755912,53.3500473
894,Ives,Davitt,idavittot@weather.com,Male,Ireland,-6.5924609,53.2482376
895,Dulce,Elleton,delletonou@bandcamp.com,Female,Ireland,-8.05,51.9166667
896,Giusto,Casier,gcasierov@vimeo.com,Male,Ireland,-9.4851741,52.4460804
897,Kippar,Musso,kmussoow@google.it,Male,Ireland,-6.1349155,53.5834008
898,Edik,Margrie,emargrieox@skyrock.com,Male,Ireland,-6.590926,53.1936864
899,Dedie,Bainton,dbaintonoy@home.pl,Female,Ireland,-6.163027,53.2339841
900,Ulrikaumeko,Illesley,uillesleyoz@ca.gov,Female,Ireland,-9.7359765,54.1433253
901,Inglebert,Salzberg,isalzbergp0@jigsy.com,Male,Ireland,-9.0197835,53.2736466
902,Meredithe,Pooke,mpookep1@alexa.com,Female,Ireland,-8.05,51.9166667
903,Prissie,Letts,plettsp2@cafepress.com,Female,Ireland,-8.9791425,52.8638391
904,Tracy,Godier,tgodierp3@dagondesign.com,Male,Ireland,-7.74208,54.70972
905,Otes,Ludman,oludmanp4@ox.ac.uk,Male,Ireland,-6.3219759,53.2976886
906,Alonso,De Brett,adebrettp5@reuters.com,Male,Ireland,-6.1884248,53.5879156
907,Kory,Loughren,kloughrenp6@squidoo.com,Male,Ireland,-8.9775014,52.8314927
908,Aurelea,Aldington,aaldingtonp7@symantec.com,Female,Ireland,-8.9791425,52.8638391
909,Ajay,Pothbury,apothburyp8@cam.ac.uk,Polygender,Ireland,-6.9692181,52.7009338
910,Doy,Muggleston,dmugglestonp9@tiny.cc,Male,Ireland,-6.1406578,53.2886387
911,Elly,Cogar,ecogarpa@princeton.edu,Female,Ireland,-8.5111664,51.8858819
912,Lanny,Rodmell,lrodmellpb@uol.com.br,Agender,Ireland,-6.3219759,53.2976886
913,Linus,Izkoveski,lizkoveskipc@mashable.com,Bigender,Ireland,-7.0625888,53.1387595
914,Alaster,Laphorn,alaphornpd@domainmarket.com,Male,Ireland,-6.1884248,53.5879156
915,Ewell,Orhtmann,eorhtmannpe@blog.com,Male,Ireland,-6.5899765,52.176031
916,Cyrill,Reddlesden,creddlesdenpf@yale.edu,Male,Ireland,-6.1884248,53.5879156
917,Bordy,O'Sharry,bosharrypg@hud.gov,Male,Ireland,-8.83565,53.49417
918,Rubia,Puleque,rpulequeph@yellowbook.com,Female,Ireland,-8.8950821,52.7604883
919,Hallsy,Nowak,hnowakpi@lulu.com,Male,Ireland,-6.5899765,52.176031
920,Moses,Hutfield,mhutfieldpj@simplemachines.org,Male,Ireland,-8.2969737,53.9735591
921,Carlota,Dubois,cduboispk@feedburner.com,Genderqueer,Ireland,-6.2340942,53.2993199
922,Melosa,Apple,mapplepl@ibm.com,Genderfluid,Ireland,-7.8004329,53.7283566
923,Cele,Farland,cfarlandpm@umn.edu,Female,Ireland,-8.5946591,54.632283
924,Alessandro,Rayman,araymanpn@ucoz.com,Male,Ireland,-6.1644997,53.4266145
925,Rosemary,Jeannequin,rjeannequinpo@ucla.edu,Female,Ireland,-9.5003786,52.4458588
926,Janey,Juanes,jjuanespp@tiny.cc,Female,Ireland,-6.163027,53.2339841
927,Drugi,Danilovitch,ddanilovitchpq@taobao.com,Male,Ireland,-6.3048641,53.3284298
928,Daven,Juliff,djuliffpr@lycos.com,Male,Ireland,-6.5853664,53.378253
929,Veronica,Sandiford,vsandifordps@xrea.com,Female,Ireland,-6.9858993,53.0018699
930,Gonzalo,Shacklady,gshackladypt@jalbum.net,Male,Ireland,-7.9027266,53.4148582
931,Deborah,Colliver,dcolliverpu@usgs.gov,Female,Ireland,-6.3539424,53.3666338
932,Bea,Rauprich,brauprichpv@reverbnation.com,Bigender,Ireland,-6.1822287,53.3788495
933,Evin,Descroix,edescroixpw@jiathis.com,Male,Ireland,-7.2314132,54.1794814
934,Cristionna,Taysbil,ctaysbilpx@state.gov,Female,Ireland,-8.5054897,52.7107501
935,Stefano,Belliss,sbellisspy@dmoz.org,Male,Ireland,-6.1884248,53.5879156
936,Franky,Euels,feuelspz@springer.com,Genderfluid,Ireland,-10.0320886,54.2223118
937,Rosemonde,Blount,rblountq0@example.com,Female,Ireland,-6.473025,54.0086093
938,Benton,Saket,bsaketq1@dmoz.org,Male,Ireland,-8.298942,51.848898
939,Wilone,Fagg,wfaggq2@google.it,Female,Ireland,-6.9858993,53.0018699
940,Dallas,Knowlson,dknowlsonq3@de.vu,Male,Ireland,-9.268589,51.549106
941,Katerina,Pryer,kpryerq4@netscape.com,Female,Ireland,-6.473025,54.0086093
942,Abbi,Clerke,aclerkeq5@infoseek.co.jp,Female,Ireland,-8.2969737,53.9735591
943,Sissie,Gainor,sgainorq6@bing.com,Female,Ireland,-8.3545704,52.5593605
944,Jane,Huccaby,jhuccabyq7@omniture.com,Female,Ireland,-8.489012,51.923707
945,Bartlet,Frewer,bfrewerq8@newsvine.com,Male,Ireland,-7.9139891,53.0949398
946,Zulema,Estable,zestableq9@printfriendly.com,Female,Ireland,-6.218069,53.374266
947,Claudie,Cooke,ccookeqa@barnesandnoble.com,Female,Ireland,-8.5369154,52.6681994
948,Carlita,Bristoe,cbristoeqb@pcworld.com,Female,Ireland,-9.268589,51.549106
949,Bordie,Oehm,boehmqc@walmart.com,Male,Ireland,-6.2755912,53.3500473
950,Jorgan,Angelini,jangeliniqd@phpbb.com,Male,Ireland,-8.4977746,51.8895954
951,Haze,Schoroder,hschoroderqe@independent.co.uk,Male,Ireland,-9.5003786,52.4458588
952,Joel,Glacken,jglackenqf@soup.io,Male,Ireland,-6.4241156,53.7369009
953,Andree,Hovee,ahoveeqg@npr.org,Female,Ireland,-6.2340942,53.2993199
954,Leighton,Quilkin,lquilkinqh@mlb.com,Male,Ireland,-6.7515223,53.2888321
955,Kylie,Spivey,kspiveyqi@psu.edu,Male,Ireland,-6.4671298,53.5050031
956,Ev,Pyer,epyerqj@fotki.com,Male,Ireland,-9.151825,54.11215
957,Gonzalo,Mouget,gmougetqk@yelp.com,Polygender,Ireland,-6.176659,53.4487975
958,Nehemiah,Roggieri,nroggieriql@twitter.com,Male,Ireland,-8.8562835,53.510243
959,Luise,Farahar,lfaraharqm@wikimedia.org,Female,Ireland,-6.176659,53.4487975
960,Valry,Jachimak,vjachimakqn@google.es,Female,Ireland,-6.2890702,53.3201497
961,Lin,Tuddall,ltuddallqo@unicef.org,Male,Ireland,-6.7515223,53.2888321
962,Michaella,Tremonte,mtremonteqp@bbb.org,Female,Ireland,-6.1072403,53.2780047
963,Amalie,Sherrard,asherrardqq@msn.com,Female,Ireland,-7.888894,52.516323
964,Neils,Adolthine,nadolthineqr@theatlantic.com,Male,Ireland,-6.1191333,53.1915379
965,Robers,Tremeer,rtremeerqs@freewebs.com,Male,Ireland,-8.334953,51.8610022
966,Raynell,Whale,rwhaleqt@creativecommons.org,Female,Ireland,-10.0320886,54.2223118
967,Skell,Galle,sgallequ@furl.net,Male,Ireland,-8.489012,51.923707
968,Joann,Cay,jcayqv@tamu.edu,Female,Ireland,-6.2554371,53.2767301
969,Gratiana,Twelvetrees,gtwelvetreesqw@slideshare.net,Female,Ireland,-7.74208,54.70972
970,Prinz,Boig,pboigqx@google.co.uk,Male,Ireland,-7.0833118,52.2413206
971,Bondon,Mulloch,bmullochqy@digg.com,Male,Ireland,-6.251714,53.3169419
972,Malvin,Fattorini,mfattoriniqz@hud.gov,Polygender,Ireland,-6.3660863,53.2874153
973,Rafferty,Helmke,rhelmker0@exblog.jp,Male,Ireland,-6.1979853,53.3046353
974,Karoline,Gideon,kgideonr1@washington.edu,Female,Ireland,-6.1349155,53.5834008
975,Tades,Barbrick,tbarbrickr2@ft.com,Male,Ireland,-8.337871,52.0097259
976,Dominique,Britcher,dbritcherr3@omniture.com,Bigender,Ireland,-7.2314132,54.1794814
977,Lorenzo,Kose,lkoser4@yandex.ru,Male,Ireland,-7.1297243,52.2509369
978,Elene,Loughman,eloughmanr5@digg.com,Female,Ireland,-6.9858993,53.0018699
979,Roxana,Paule,rpauler6@gizmodo.com,Female,Ireland,-6.218069,53.374266
980,Corbett,Eley,celeyr7@aboutads.info,Male,Ireland,-8.5171384,51.876873
981,Aharon,Whittlesey,awhittleseyr8@ehow.com,Male,Ireland,-6.1479779,53.450694
982,Jake,Geist,jgeistr9@bbc.co.uk,Male,Ireland,-6.5899765,52.176031
983,Rossie,Bedbrough,rbedbroughra@intel.com,Male,Ireland,-6.2611953,53.3881832
984,Nappie,Esslemont,nesslemontrb@topsy.com,Male,Ireland,-6.3828795,53.385304
985,Rossie,Masding,rmasdingrc@biblegateway.com,Male,Ireland,-8.1722173,51.9138694
986,Trever,Attkins,tattkinsrd@scientificamerican.com,Male,Ireland,-9.0288689,53.2737147
987,Kelsey,Giffaut,kgiffautre@angelfire.com,Female,Ireland,-6.133718,53.291512
988,Florence,Trathan,ftrathanrf@printfriendly.com,Female,Ireland,-6.313755,53.366736
989,Yorgo,Bretland,ybretlandrg@addtoany.com,Male,Ireland,-8.642661,52.1361219
990,Niccolo,Sweetman,nsweetmanrh@flavors.me,Genderfluid,Ireland,-8.1722002,54.3051891
991,Casey,Bringloe,cbringloeri@nps.gov,Female,Ireland,-9.4904891,52.6396679
992,Burg,Imlin,bimlinrj@sogou.com,Male,Ireland,-6.4202878,54.0026343
993,Vincenty,Anersen,vanersenrk@google.ca,Male,Ireland,-6.1349155,53.5834008
994,Cherida,Ackroyd,cackroydrl@illinois.edu,Female,Ireland,-6.9898366,53.2265199
995,Maiga,Loads,mloadsrm@earthlink.net,Non-binary,Ireland,-7.518792,53.284466
996,Lin,Slatcher,lslatcherrn@sourceforge.net,Female,Ireland,-6.5899765,52.176031
997,Coriss,Hamblin,chamblinro@shareasale.com,Female,Ireland,-6.1097188,53.3895926
998,Nikkie,Gymlett,ngymlettrp@auda.org.au,Female,Ireland,-6.9858993,53.0018699
999,Nathaniel,Ferryman,nferrymanrq@spotify.com,Male,Ireland,-6.3049392,53.3021194
1000,Pippo,Walak,pwalakrr@alexa.com,Male,Ireland,-6.1136478,53.2121335
